{"pb_bnew_train_9_4": {"num_of_epochs": 20, "learning_rate": 0.0005, "training_ds_fpath": "_train_9_4", "first_token_val_accuracy": [0.3127785921096802, 0.45616641640663147, 0.48514115810394287, 0.4450222849845886, 0.4866270422935486, 0.4858841001987457, 0.49479940533638, 0.48959881067276, 0.5, 0.4858841001987457, 0.48216938972473145, 0.49257057905197144, 0.49479940533638, 0.49405646324157715, 0.49257057905197144, 0.49257057905197144, 0.49257057905197144, 0.4933135211467743, 0.49554234743118286, 0.49554234743118286], "all_token_val_accuracy": [0.25854381918907166, 0.45616641640663147, 0.48514115810394287, 0.4450222849845886, 0.4866270422935486, 0.4858841001987457, 0.49479940533638, 0.48959881067276, 0.5, 0.4858841001987457, 0.48216938972473145, 0.49257057905197144, 0.49479940533638, 0.49405646324157715, 0.49257057905197144, 0.49257057905197144, 0.49257057905197144, 0.4933135211467743, 0.49554234743118286, 0.49554234743118286]}}