{"pb_bnew_train_0_8": {"num_of_epochs": 30, "learning_rate": 0.0005, "training_ds_fpath": "_train_0_8", "first_token_val_accuracy": [0.38112926483154297, 0.4985141158103943, 0.49554234743118286, 0.5609212517738342, 0.5371471047401428, 0.5869241952896118, 0.5928677320480347, 0.5832095146179199, 0.5928677320480347, 0.598068356513977, 0.5958395004272461, 0.5965824723243713, 0.5943536162376404, 0.5958395004272461, 0.6002971529960632, 0.6010401248931885, 0.6002971529960632, 0.5973253846168518, 0.6032689213752747, 0.6040118932723999, 0.6032689213752747, 0.5988112688064575, 0.5973253846168518, 0.5958395004272461, 0.5958395004272461, 0.591381847858429, 0.5891530513763428, 0.5950965881347656, 0.5965824723243713, 0.5950965881347656], "all_token_val_accuracy": [0.38112926483154297, 0.4985141158103943, 0.49554234743118286, 0.5609212517738342, 0.5371471047401428, 0.5869241952896118, 0.5928677320480347, 0.5832095146179199, 0.5928677320480347, 0.598068356513977, 0.5958395004272461, 0.5965824723243713, 0.5943536162376404, 0.5958395004272461, 0.6002971529960632, 0.6010401248931885, 0.6002971529960632, 0.5973253846168518, 0.6032689213752747, 0.6040118932723999, 0.6032689213752747, 0.5988112688064575, 0.5973253846168518, 0.5958395004272461, 0.5958395004272461, 0.591381847858429, 0.5891530513763428, 0.5950965881347656, 0.5965824723243713, 0.5950965881347656]}}