{"pb_bnew_train_7_16": {"num_of_epochs": 40, "learning_rate": 0.0001, "training_ds_fpath": "_train_7_16", "first_token_val_accuracy": [0.19390787184238434, 0.375928670167923, 0.45988112688064575, 0.48885586857795715, 0.49479940533638, 0.47845467925071716, 0.5037146806716919, 0.49405646324157715, 0.49479940533638, 0.5141158699989319, 0.51040118932724, 0.5282317996025085, 0.5245170593261719, 0.5222882628440857, 0.5260029435157776, 0.5319464802742004, 0.5401188731193542, 0.5564635992050171, 0.5720653533935547, 0.5683506727218628, 0.5713224411010742, 0.5780088901519775, 0.5742942094802856, 0.5891530513763428, 0.5772659778594971, 0.6040118932723999, 0.5988112688064575, 0.5839524269104004, 0.598068356513977, 0.6136701107025146, 0.6136701107025146, 0.6144130825996399, 0.6144130825996399, 0.6099554300308228, 0.6255571842193604, 0.6054977774620056, 0.6062406897544861, 0.6114413142204285, 0.6025260090827942, 0.6054977774620056], "all_token_val_accuracy": [0.1552748829126358, 0.375928670167923, 0.45988112688064575, 0.48885586857795715, 0.49479940533638, 0.47845467925071716, 0.5037146806716919, 0.49405646324157715, 0.49479940533638, 0.5141158699989319, 0.51040118932724, 0.5282317996025085, 0.5245170593261719, 0.5222882628440857, 0.5260029435157776, 0.5319464802742004, 0.5401188731193542, 0.5564635992050171, 0.5720653533935547, 0.5683506727218628, 0.5713224411010742, 0.5780088901519775, 0.5742942094802856, 0.5891530513763428, 0.5772659778594971, 0.6040118932723999, 0.5988112688064575, 0.5839524269104004, 0.598068356513977, 0.6136701107025146, 0.6136701107025146, 0.6144130825996399, 0.6144130825996399, 0.6099554300308228, 0.6255571842193604, 0.6054977774620056, 0.6062406897544861, 0.6114413142204285, 0.6025260090827942, 0.6054977774620056]}}