{"pb_bnew_train_8_4": {"num_of_epochs": 20, "learning_rate": 0.0005, "training_ds_fpath": "_train_8_4", "first_token_val_accuracy": [0.33358097076416016, 0.48068350553512573, 0.49554234743118286, 0.46879643201828003, 0.4739970266819, 0.4970282316207886, 0.49777117371559143, 0.4866270422935486, 0.4910846948623657, 0.49554234743118286, 0.5014858841896057, 0.49479940533638, 0.5007429122924805, 0.49405646324157715, 0.5, 0.4985141158103943, 0.4962852895259857, 0.4933135211467743, 0.4933135211467743, 0.49479940533638], "all_token_val_accuracy": [0.30980682373046875, 0.48068350553512573, 0.49554234743118286, 0.46879643201828003, 0.4739970266819, 0.4970282316207886, 0.49777117371559143, 0.4866270422935486, 0.4910846948623657, 0.49554234743118286, 0.5014858841896057, 0.49479940533638, 0.5007429122924805, 0.49405646324157715, 0.5, 0.4985141158103943, 0.4962852895259857, 0.4933135211467743, 0.4933135211467743, 0.49479940533638]}}