{"pb_bnew_train_5_8": {"num_of_epochs": 30, "learning_rate": 0.0005, "training_ds_fpath": "_train_5_8", "first_token_val_accuracy": [0.39004456996917725, 0.5193164944648743, 0.48959881067276, 0.5453194379806519, 0.5438335537910461, 0.5460624098777771, 0.5364041328430176, 0.518573522567749, 0.5364041328430176, 0.5401188731193542, 0.5430906414985657, 0.5438335537910461, 0.5482912063598633, 0.5482912063598633, 0.5482912063598633, 0.5482912063598633, 0.5475482940673828, 0.5453194379806519, 0.5460624098777771, 0.5460624098777771, 0.5475482940673828, 0.5475482940673828, 0.5475482940673828, 0.5482912063598633, 0.5482912063598633, 0.5482912063598633, 0.5490341782569885, 0.5490341782569885, 0.5475482940673828, 0.5482912063598633], "all_token_val_accuracy": [0.39004456996917725, 0.5193164944648743, 0.48959881067276, 0.5453194379806519, 0.5438335537910461, 0.5460624098777771, 0.5364041328430176, 0.518573522567749, 0.5364041328430176, 0.5401188731193542, 0.5430906414985657, 0.5438335537910461, 0.5482912063598633, 0.5482912063598633, 0.5482912063598633, 0.5482912063598633, 0.5475482940673828, 0.5453194379806519, 0.5460624098777771, 0.5460624098777771, 0.5475482940673828, 0.5475482940673828, 0.5475482940673828, 0.5482912063598633, 0.5482912063598633, 0.5482912063598633, 0.5490341782569885, 0.5490341782569885, 0.5475482940673828, 0.5482912063598633]}}