{"pb_bnew_train_9_16": {"num_of_epochs": 40, "learning_rate": 0.0001, "training_ds_fpath": "_train_9_16", "first_token_val_accuracy": [0.21248142421245575, 0.3803863227367401, 0.4643387794494629, 0.49405646324157715, 0.4866270422935486, 0.4814264476299286, 0.4881129264831543, 0.4933135211467743, 0.5178306102752686, 0.5230311751365662, 0.5237741470336914, 0.5111441016197205, 0.5260029435157776, 0.5356612205505371, 0.560178279876709, 0.5356612205505371, 0.5512629747390747, 0.570579469203949, 0.5765230059623718, 0.580980658531189, 0.580980658531189, 0.5832095146179199, 0.5898959636688232, 0.5898959636688232, 0.580980658531189, 0.5780088901519775, 0.5742942094802856, 0.5884100794792175, 0.5943536162376404, 0.5921248197555542, 0.5928677320480347, 0.5898959636688232, 0.6002971529960632, 0.5713224411010742, 0.5683506727218628, 0.5884100794792175, 0.5661218166351318, 0.5572065114974976, 0.5720653533935547, 0.5906389355659485], "all_token_val_accuracy": [0.1909361034631729, 0.3803863227367401, 0.4643387794494629, 0.49405646324157715, 0.4866270422935486, 0.4814264476299286, 0.4881129264831543, 0.4933135211467743, 0.5178306102752686, 0.5230311751365662, 0.5237741470336914, 0.5111441016197205, 0.5260029435157776, 0.5356612205505371, 0.560178279876709, 0.5356612205505371, 0.5512629747390747, 0.570579469203949, 0.5765230059623718, 0.580980658531189, 0.580980658531189, 0.5832095146179199, 0.5898959636688232, 0.5898959636688232, 0.580980658531189, 0.5780088901519775, 0.5742942094802856, 0.5884100794792175, 0.5943536162376404, 0.5921248197555542, 0.5928677320480347, 0.5898959636688232, 0.6002971529960632, 0.5713224411010742, 0.5683506727218628, 0.5884100794792175, 0.5661218166351318, 0.5572065114974976, 0.5720653533935547, 0.5906389355659485]}}