{"pb_bnew_train_3_4": {"num_of_epochs": 20, "learning_rate": 0.0005, "training_ds_fpath": "_train_3_4", "first_token_val_accuracy": [0.28751856088638306, 0.4026745855808258, 0.4762258529663086, 0.4962852895259857, 0.5022287964820862, 0.5, 0.49479940533638, 0.5252600312232971, 0.5245170593261719, 0.51040118932724, 0.5222882628440857, 0.549777090549469, 0.5631500482559204, 0.570579469203949, 0.560178279876709, 0.5638930201530457, 0.5668647885322571, 0.5646359324455261, 0.5631500482559204, 0.560178279876709], "all_token_val_accuracy": [0.10624071210622787, 0.4026745855808258, 0.4762258529663086, 0.4962852895259857, 0.5022287964820862, 0.5, 0.49479940533638, 0.5252600312232971, 0.5245170593261719, 0.51040118932724, 0.5222882628440857, 0.549777090549469, 0.5631500482559204, 0.570579469203949, 0.560178279876709, 0.5638930201530457, 0.5668647885322571, 0.5646359324455261, 0.5631500482559204, 0.560178279876709]}}