{"pb_bnew_train_6_32": {"num_of_epochs": 40, "learning_rate": 0.0001, "training_ds_fpath": "_train_6_32", "first_token_val_accuracy": [0.3588410019874573, 0.48514115810394287, 0.49405646324157715, 0.49034175276756287, 0.508172333240509, 0.5408617854118347, 0.591381847858429, 0.5995542407035828, 0.6158989667892456, 0.6129271984100342, 0.6248142719268799, 0.6233283877372742, 0.6426448822021484, 0.6441307663917542, 0.6567607522010803, 0.6069836616516113, 0.6471025347709656, 0.6471025347709656, 0.647845447063446, 0.6537889838218689, 0.6493313312530518, 0.6463595628738403, 0.650074303150177, 0.6441307663917542, 0.6634472608566284, 0.660475492477417, 0.6575037240982056, 0.6612184047698975, 0.6649331450462341, 0.6560178399085999, 0.658246636390686, 0.6612184047698975, 0.6634472608566284, 0.6701337099075317, 0.6656760573387146, 0.6641901731491089, 0.6656760573387146, 0.6641901731491089, 0.6575037240982056, 0.6307578086853027], "all_token_val_accuracy": [0.3588410019874573, 0.48514115810394287, 0.49405646324157715, 0.49034175276756287, 0.508172333240509, 0.5408617854118347, 0.591381847858429, 0.5995542407035828, 0.6158989667892456, 0.6129271984100342, 0.6248142719268799, 0.6233283877372742, 0.6426448822021484, 0.6441307663917542, 0.6567607522010803, 0.6069836616516113, 0.6471025347709656, 0.6471025347709656, 0.647845447063446, 0.6537889838218689, 0.6493313312530518, 0.6463595628738403, 0.650074303150177, 0.6441307663917542, 0.6634472608566284, 0.660475492477417, 0.6575037240982056, 0.6612184047698975, 0.6649331450462341, 0.6560178399085999, 0.658246636390686, 0.6612184047698975, 0.6634472608566284, 0.6701337099075317, 0.6656760573387146, 0.6641901731491089, 0.6656760573387146, 0.6641901731491089, 0.6575037240982056, 0.6307578086853027]}}