{"pb_bnew_train_2_8": {"num_of_epochs": 30, "learning_rate": 0.0005, "training_ds_fpath": "_train_2_8", "first_token_val_accuracy": [0.43610697984695435, 0.5029717683792114, 0.4985141158103943, 0.5156017541885376, 0.5527488589286804, 0.54160475730896, 0.5534918308258057, 0.5676077008247375, 0.5512629747390747, 0.5520059466362, 0.5728083252906799, 0.5794947743415833, 0.5653789043426514, 0.5631500482559204, 0.5505200624465942, 0.5490341782569885, 0.5609212517738342, 0.5586923956871033, 0.5690935850143433, 0.5594353675842285, 0.5445765256881714, 0.5460624098777771, 0.5586923956871033, 0.5869241952896118, 0.5846953988075256, 0.5787518620491028, 0.5757800936698914, 0.5765230059623718, 0.5772659778594971, 0.5817236304283142], "all_token_val_accuracy": [0.43610697984695435, 0.5029717683792114, 0.4985141158103943, 0.5156017541885376, 0.5527488589286804, 0.54160475730896, 0.5534918308258057, 0.5676077008247375, 0.5512629747390747, 0.5520059466362, 0.5728083252906799, 0.5794947743415833, 0.5653789043426514, 0.5631500482559204, 0.5505200624465942, 0.5490341782569885, 0.5609212517738342, 0.5586923956871033, 0.5690935850143433, 0.5594353675842285, 0.5445765256881714, 0.5460624098777771, 0.5586923956871033, 0.5869241952896118, 0.5846953988075256, 0.5787518620491028, 0.5757800936698914, 0.5765230059623718, 0.5772659778594971, 0.5817236304283142]}}