{"amazon_books_t_train_5_16": {"num_of_epochs": 40, "learning_rate": 0.0001, "training_ds_fpath": "_train_5_16", "first_token_val_accuracy": [0.0, 0.0, 0.6290000081062317, 0.6930000185966492, 0.7580000162124634, 0.7860000133514404, 0.7960000038146973, 0.8029999732971191, 0.8019999861717224, 0.8029999732971191, 0.8009999990463257, 0.8029999732971191, 0.8019999861717224, 0.800000011920929, 0.8050000071525574, 0.8040000200271606, 0.7990000247955322, 0.8009999990463257, 0.7929999828338623, 0.7950000166893005, 0.7950000166893005, 0.7929999828338623, 0.7910000085830688, 0.7979999780654907, 0.8029999732971191, 0.7940000295639038, 0.7910000085830688, 0.7900000214576721, 0.7950000166893005, 0.7940000295639038, 0.7990000247955322, 0.796999990940094, 0.800000011920929, 0.7979999780654907, 0.7940000295639038, 0.7979999780654907, 0.8059999942779541, 0.8029999732971191, 0.8040000200271606, 0.8019999861717224], "all_token_val_accuracy": [0.0, 0.0, 0.628000020980835, 0.6919999718666077, 0.7559999823570251, 0.7839999794960022, 0.7950000166893005, 0.8019999861717224, 0.8009999990463257, 0.8019999861717224, 0.800000011920929, 0.8019999861717224, 0.8009999990463257, 0.800000011920929, 0.8050000071525574, 0.8040000200271606, 0.7990000247955322, 0.8009999990463257, 0.7929999828338623, 0.7950000166893005, 0.7950000166893005, 0.7929999828338623, 0.7910000085830688, 0.7979999780654907, 0.8019999861717224, 0.7940000295639038, 0.7910000085830688, 0.7900000214576721, 0.7950000166893005, 0.7940000295639038, 0.7990000247955322, 0.796999990940094, 0.800000011920929, 0.7979999780654907, 0.7940000295639038, 0.7979999780654907, 0.8059999942779541, 0.8029999732971191, 0.8040000200271606, 0.8019999861717224]}}