{"amazon_books_t_train_1_32": {"num_of_epochs": 40, "learning_rate": 0.0001, "training_ds_fpath": "_train_1_32", "first_token_val_accuracy": [0.0, 0.6759999990463257, 0.7720000147819519, 0.7870000004768372, 0.7990000247955322, 0.8080000281333923, 0.8100000023841858, 0.8100000023841858, 0.8080000281333923, 0.7829999923706055, 0.7919999957084656, 0.7979999780654907, 0.7990000247955322, 0.7910000085830688, 0.7910000085830688, 0.8059999942779541, 0.796999990940094, 0.800000011920929, 0.7979999780654907, 0.7910000085830688, 0.7960000038146973, 0.7919999957084656, 0.7919999957084656, 0.7940000295639038, 0.7900000214576721, 0.7770000100135803, 0.7829999923706055, 0.7919999957084656, 0.7940000295639038, 0.7990000247955322, 0.7979999780654907, 0.7960000038146973, 0.7960000038146973, 0.7950000166893005, 0.8029999732971191, 0.8100000023841858, 0.8080000281333923, 0.8080000281333923, 0.8050000071525574, 0.8050000071525574], "all_token_val_accuracy": [0.0, 0.6759999990463257, 0.7720000147819519, 0.7870000004768372, 0.7990000247955322, 0.8080000281333923, 0.8100000023841858, 0.8100000023841858, 0.8080000281333923, 0.7829999923706055, 0.7919999957084656, 0.7979999780654907, 0.7990000247955322, 0.7910000085830688, 0.7910000085830688, 0.8059999942779541, 0.796999990940094, 0.800000011920929, 0.7979999780654907, 0.7910000085830688, 0.7960000038146973, 0.7919999957084656, 0.7919999957084656, 0.7940000295639038, 0.7900000214576721, 0.7770000100135803, 0.7829999923706055, 0.7919999957084656, 0.7940000295639038, 0.7990000247955322, 0.7979999780654907, 0.7960000038146973, 0.7960000038146973, 0.7950000166893005, 0.8029999732971191, 0.8100000023841858, 0.8080000281333923, 0.8080000281333923, 0.8050000071525574, 0.8050000071525574]}}