{"amazon_books_t_train_9_32": {"num_of_epochs": 40, "learning_rate": 0.0001, "training_ds_fpath": "_train_9_32", "first_token_val_accuracy": [0.0, 0.7179999947547913, 0.7900000214576721, 0.7979999780654907, 0.8050000071525574, 0.8029999732971191, 0.8059999942779541, 0.8100000023841858, 0.8169999718666077, 0.8180000185966492, 0.8149999976158142, 0.8119999766349792, 0.8159999847412109, 0.8180000185966492, 0.8159999847412109, 0.8140000104904175, 0.8190000057220459, 0.8230000138282776, 0.8209999799728394, 0.8180000185966492, 0.8180000185966492, 0.8169999718666077, 0.8180000185966492, 0.8190000057220459, 0.8159999847412109, 0.8190000057220459, 0.8190000057220459, 0.8130000233650208, 0.8180000185966492, 0.8169999718666077, 0.8159999847412109, 0.8159999847412109, 0.8159999847412109, 0.8190000057220459, 0.8259999752044678, 0.8230000138282776, 0.8220000267028809, 0.8199999928474426, 0.8240000009536743, 0.8240000009536743], "all_token_val_accuracy": [0.0, 0.7179999947547913, 0.7900000214576721, 0.7979999780654907, 0.8050000071525574, 0.8029999732971191, 0.8059999942779541, 0.8100000023841858, 0.8169999718666077, 0.8180000185966492, 0.8149999976158142, 0.8119999766349792, 0.8159999847412109, 0.8180000185966492, 0.8159999847412109, 0.8140000104904175, 0.8190000057220459, 0.8230000138282776, 0.8209999799728394, 0.8180000185966492, 0.8180000185966492, 0.8169999718666077, 0.8180000185966492, 0.8190000057220459, 0.8159999847412109, 0.8190000057220459, 0.8190000057220459, 0.8130000233650208, 0.8180000185966492, 0.8169999718666077, 0.8159999847412109, 0.8159999847412109, 0.8159999847412109, 0.8190000057220459, 0.8259999752044678, 0.8230000138282776, 0.8220000267028809, 0.8199999928474426, 0.8240000009536743, 0.8240000009536743]}}