{"amazon_books_t_train_2_16": {"num_of_epochs": 40, "learning_rate": 0.0001, "training_ds_fpath": "_train_2_16", "first_token_val_accuracy": [0.0, 0.0, 0.5699999928474426, 0.6740000247955322, 0.7229999899864197, 0.7570000290870667, 0.7900000214576721, 0.7900000214576721, 0.796999990940094, 0.7990000247955322, 0.8059999942779541, 0.8119999766349792, 0.8029999732971191, 0.8109999895095825, 0.8119999766349792, 0.8109999895095825, 0.8109999895095825, 0.8109999895095825, 0.8130000233650208, 0.8159999847412109, 0.8140000104904175, 0.8069999814033508, 0.8050000071525574, 0.8050000071525574, 0.8019999861717224, 0.8019999861717224, 0.8019999861717224, 0.8019999861717224, 0.8019999861717224, 0.8029999732971191, 0.800000011920929, 0.800000011920929, 0.8019999861717224, 0.8009999990463257, 0.8019999861717224, 0.8029999732971191, 0.8009999990463257, 0.796999990940094, 0.7950000166893005, 0.7950000166893005], "all_token_val_accuracy": [0.0, 0.0, 0.5669999718666077, 0.6729999780654907, 0.7229999899864197, 0.7570000290870667, 0.7900000214576721, 0.7900000214576721, 0.796999990940094, 0.7990000247955322, 0.8059999942779541, 0.8119999766349792, 0.8029999732971191, 0.8109999895095825, 0.8119999766349792, 0.8109999895095825, 0.8109999895095825, 0.8109999895095825, 0.8130000233650208, 0.8159999847412109, 0.8140000104904175, 0.8069999814033508, 0.8050000071525574, 0.8050000071525574, 0.8019999861717224, 0.8019999861717224, 0.8019999861717224, 0.8019999861717224, 0.8019999861717224, 0.8029999732971191, 0.800000011920929, 0.800000011920929, 0.8019999861717224, 0.8009999990463257, 0.8019999861717224, 0.8029999732971191, 0.8009999990463257, 0.796999990940094, 0.7950000166893005, 0.7950000166893005]}}