{"amazon_books_t_train_0_8": {"num_of_epochs": 30, "learning_rate": 0.0005, "training_ds_fpath": "_train_0_8", "first_token_val_accuracy": [0.041999999433755875, 0.7400000095367432, 0.7649999856948853, 0.777999997138977, 0.7919999957084656, 0.7929999828338623, 0.7879999876022339, 0.7870000004768372, 0.7850000262260437, 0.7900000214576721, 0.7879999876022339, 0.7860000133514404, 0.7850000262260437, 0.7860000133514404, 0.7870000004768372, 0.7860000133514404, 0.7850000262260437, 0.7839999794960022, 0.7850000262260437, 0.7850000262260437, 0.7870000004768372, 0.7850000262260437, 0.7799999713897705, 0.7839999794960022, 0.7860000133514404, 0.7870000004768372, 0.7870000004768372, 0.7860000133514404, 0.7870000004768372, 0.7889999747276306], "all_token_val_accuracy": [0.041999999433755875, 0.7400000095367432, 0.7649999856948853, 0.777999997138977, 0.7919999957084656, 0.7929999828338623, 0.7879999876022339, 0.7870000004768372, 0.7850000262260437, 0.7900000214576721, 0.7879999876022339, 0.7860000133514404, 0.7850000262260437, 0.7860000133514404, 0.7870000004768372, 0.7860000133514404, 0.7850000262260437, 0.7839999794960022, 0.7850000262260437, 0.7850000262260437, 0.7870000004768372, 0.7850000262260437, 0.7799999713897705, 0.7839999794960022, 0.7860000133514404, 0.7870000004768372, 0.7870000004768372, 0.7860000133514404, 0.7870000004768372, 0.7889999747276306]}}