{"airline_train_2_4": {"num_of_epochs": 20, "learning_rate": 0.0005, "training_ds_fpath": "_train_2_4", "first_token_val_accuracy": [0.0, 0.03060109354555607, 0.6739071011543274, 0.7030054926872253, 0.5482240319252014, 0.5248633623123169, 0.5143442749977112, 0.5303278565406799, 0.5525956153869629, 0.576366126537323, 0.5883879661560059, 0.5896174907684326, 0.5949453711509705, 0.5852459073066711, 0.5860655903816223, 0.5617486238479614, 0.5505464673042297, 0.5535519123077393, 0.5786885023117065, 0.5993169546127319], "all_token_val_accuracy": [0.0, 0.03060109354555607, 0.6321038007736206, 0.702049195766449, 0.5482240319252014, 0.5248633623123169, 0.5143442749977112, 0.5303278565406799, 0.5525956153869629, 0.576366126537323, 0.5883879661560059, 0.5896174907684326, 0.5949453711509705, 0.5852459073066711, 0.5860655903816223, 0.5617486238479614, 0.5505464673042297, 0.5535519123077393, 0.5786885023117065, 0.5993169546127319]}}