{"airline_train_2_16": {"num_of_epochs": 50, "learning_rate": 0.0001, "training_ds_fpath": "_train_2_16", "first_token_val_accuracy": [0.0, 0.0028688523452728987, 0.40136611461639404, 0.6923497319221497, 0.7051912546157837, 0.6290983557701111, 0.6292349696159363, 0.6551912426948547, 0.6658470034599304, 0.6348360776901245, 0.6448087692260742, 0.6267759799957275, 0.5896174907684326, 0.6170765161514282, 0.6159836053848267, 0.5995901823043823, 0.5669398903846741, 0.6234972476959229, 0.6400273442268372, 0.6281420588493347, 0.6815573573112488, 0.6409835815429688, 0.6622951030731201, 0.6486338973045349, 0.6068305969238281, 0.6386612057685852, 0.6117486357688904, 0.6340163946151733, 0.6397541165351868, 0.6469945311546326, 0.658196747303009, 0.6545081734657288, 0.6549180150032043, 0.6206284165382385, 0.6274589896202087, 0.625, 0.6403005719184875, 0.658743143081665, 0.6625683307647705, 0.6443989276885986, 0.6426229476928711, 0.6454917788505554, 0.6730874180793762, 0.6752732396125793, 0.6718579530715942, 0.675000011920929, 0.668169379234314, 0.6450819969177246, 0.6666666865348816, 0.6737704873085022], "all_token_val_accuracy": [0.0, 0.0028688523452728987, 0.40122950077056885, 0.6923497319221497, 0.7051912546157837, 0.6290983557701111, 0.6292349696159363, 0.6551912426948547, 0.6658470034599304, 0.6348360776901245, 0.6448087692260742, 0.6267759799957275, 0.5896174907684326, 0.6170765161514282, 0.6159836053848267, 0.5995901823043823, 0.5669398903846741, 0.6234972476959229, 0.6400273442268372, 0.6281420588493347, 0.6815573573112488, 0.6409835815429688, 0.6622951030731201, 0.6486338973045349, 0.6068305969238281, 0.6386612057685852, 0.6117486357688904, 0.6340163946151733, 0.6397541165351868, 0.6469945311546326, 0.658196747303009, 0.6545081734657288, 0.6549180150032043, 0.6206284165382385, 0.6274589896202087, 0.625, 0.6403005719184875, 0.658743143081665, 0.6625683307647705, 0.6443989276885986, 0.6426229476928711, 0.6454917788505554, 0.6730874180793762, 0.6752732396125793, 0.6718579530715942, 0.675000011920929, 0.668169379234314, 0.6450819969177246, 0.6666666865348816, 0.6737704873085022]}}