{"airline_train_5_8": {"num_of_epochs": 50, "learning_rate": 0.0001, "training_ds_fpath": "_train_5_8", "first_token_val_accuracy": [0.0, 0.0, 0.0, 0.0013661201810464263, 0.04234972596168518, 0.43265026807785034, 0.6760929226875305, 0.6979508399963379, 0.7017759680747986, 0.7121584415435791, 0.716256856918335, 0.6770491600036621, 0.6566939949989319, 0.6760929226875305, 0.6892076730728149, 0.6905737519264221, 0.7051912546157837, 0.7084699273109436, 0.7110655903816223, 0.707513689994812, 0.727732241153717, 0.7271857857704163, 0.7214480638504028, 0.7206284403800964, 0.7243169546127319, 0.7200819849967957, 0.7125682830810547, 0.7161202430725098, 0.7210382223129272, 0.7237704992294312, 0.7200819849967957, 0.7189890742301941, 0.7193989157676697, 0.7165300250053406, 0.707513689994812, 0.7023224234580994, 0.7076502442359924, 0.7129781246185303, 0.70942622423172, 0.7122950553894043, 0.7125682830810547, 0.7293716073036194, 0.7304644584655762, 0.7304644584655762, 0.7274590134620667, 0.7250000238418579, 0.7252732515335083, 0.7219945192337036, 0.7184426188468933, 0.7166666388511658], "all_token_val_accuracy": [0.0, 0.0, 0.0, 0.0013661201810464263, 0.04234972596168518, 0.43265026807785034, 0.6760929226875305, 0.6978142261505127, 0.7017759680747986, 0.7121584415435791, 0.716256856918335, 0.6769125461578369, 0.6562841534614563, 0.6756830811500549, 0.6892076730728149, 0.6905737519264221, 0.7051912546157837, 0.7084699273109436, 0.7110655903816223, 0.707513689994812, 0.727732241153717, 0.7271857857704163, 0.7214480638504028, 0.7206284403800964, 0.7243169546127319, 0.7200819849967957, 0.7125682830810547, 0.7161202430725098, 0.7210382223129272, 0.7237704992294312, 0.7200819849967957, 0.7189890742301941, 0.7193989157676697, 0.7165300250053406, 0.707513689994812, 0.7023224234580994, 0.7076502442359924, 0.7129781246185303, 0.70942622423172, 0.7122950553894043, 0.7125682830810547, 0.7293716073036194, 0.7304644584655762, 0.7304644584655762, 0.7274590134620667, 0.7250000238418579, 0.7252732515335083, 0.7219945192337036, 0.7184426188468933, 0.7166666388511658]}}