{"airline_train_6_8": {"num_of_epochs": 50, "learning_rate": 0.0001, "training_ds_fpath": "_train_6_8", "first_token_val_accuracy": [0.0, 0.0, 0.0, 0.01844262331724167, 0.24234972894191742, 0.588524580001831, 0.6709016561508179, 0.6931694149971008, 0.7105191349983215, 0.7042349576950073, 0.6926229596138, 0.6807377338409424, 0.6915300488471985, 0.6635245680809021, 0.6643442511558533, 0.6713114976882935, 0.6683059930801392, 0.6792349815368652, 0.6890710592269897, 0.6836065649986267, 0.6786885261535645, 0.6875683069229126, 0.681693971157074, 0.6762295365333557, 0.6775956153869629, 0.6919398903846741, 0.7129781246185303, 0.7178961634635925, 0.7120218873023987, 0.7122950553894043, 0.7144808769226074, 0.7016393542289734, 0.6844262480735779, 0.6795082092285156, 0.6819671988487244, 0.6961748600006104, 0.7076502442359924, 0.7125682830810547, 0.7137978076934814, 0.7017759680747986, 0.6967213153839111, 0.689754068851471, 0.6922131180763245, 0.708743155002594, 0.7157104015350342, 0.7147541046142578, 0.7090163826942444, 0.7090163826942444, 0.7061475515365601, 0.7015027403831482], "all_token_val_accuracy": [0.0, 0.0, 0.0, 0.01844262331724167, 0.24207650125026703, 0.5882513523101807, 0.6706284284591675, 0.6928961873054504, 0.7105191349983215, 0.7042349576950073, 0.6926229596138, 0.6807377338409424, 0.6915300488471985, 0.6635245680809021, 0.6643442511558533, 0.6713114976882935, 0.6683059930801392, 0.6792349815368652, 0.6890710592269897, 0.6836065649986267, 0.6786885261535645, 0.6875683069229126, 0.681693971157074, 0.6762295365333557, 0.6775956153869629, 0.6919398903846741, 0.7129781246185303, 0.7178961634635925, 0.7120218873023987, 0.7122950553894043, 0.7144808769226074, 0.7016393542289734, 0.6844262480735779, 0.6795082092285156, 0.6819671988487244, 0.6961748600006104, 0.7076502442359924, 0.7125682830810547, 0.7137978076934814, 0.7017759680747986, 0.6967213153839111, 0.689754068851471, 0.6922131180763245, 0.708743155002594, 0.7157104015350342, 0.7147541046142578, 0.7090163826942444, 0.7090163826942444, 0.7061475515365601, 0.7015027403831482]}}