{"airline_train_4_8": {"num_of_epochs": 50, "learning_rate": 0.0001, "training_ds_fpath": "_train_4_8", "first_token_val_accuracy": [0.0, 0.0, 0.0, 0.040027324110269547, 0.41898906230926514, 0.6484972834587097, 0.6788251399993896, 0.708743155002594, 0.7133879661560059, 0.702732264995575, 0.6931694149971008, 0.6846994757652283, 0.6827868819236755, 0.6812841296195984, 0.6801912784576416, 0.6887978315353394, 0.6760929226875305, 0.6774590015411377, 0.6974043846130371, 0.6870218515396118, 0.6938524842262268, 0.6946721076965332, 0.6848360896110535, 0.6875683069229126, 0.664890706539154, 0.6654371619224548, 0.6842896342277527, 0.7050546407699585, 0.7081966996192932, 0.7131147384643555, 0.7064207792282104, 0.7009562849998474, 0.6979508399963379, 0.695218563079834, 0.6904371380805969, 0.6862021684646606, 0.6886612176895142, 0.6912568211555481, 0.6961748600006104, 0.6974043846130371, 0.7021858096122742, 0.708060085773468, 0.7098360657691956, 0.7114754319190979, 0.7116120457649231, 0.7095628380775452, 0.70942622423172, 0.6984972953796387, 0.701366126537323, 0.69590163230896], "all_token_val_accuracy": [0.0, 0.0, 0.0, 0.040027324110269547, 0.41202184557914734, 0.6478142142295837, 0.6785519123077393, 0.7086065411567688, 0.7132513523101807, 0.7025956511497498, 0.6928961873054504, 0.6844262480735779, 0.6825136542320251, 0.6812841296195984, 0.6801912784576416, 0.6887978315353394, 0.6760929226875305, 0.6774590015411377, 0.6974043846130371, 0.6870218515396118, 0.6938524842262268, 0.6946721076965332, 0.6848360896110535, 0.6875683069229126, 0.664890706539154, 0.6654371619224548, 0.6842896342277527, 0.7050546407699585, 0.7081966996192932, 0.7131147384643555, 0.7064207792282104, 0.7009562849998474, 0.6979508399963379, 0.695218563079834, 0.6904371380805969, 0.6862021684646606, 0.6886612176895142, 0.6912568211555481, 0.6961748600006104, 0.6974043846130371, 0.7021858096122742, 0.708060085773468, 0.7098360657691956, 0.7114754319190979, 0.7116120457649231, 0.7095628380775452, 0.70942622423172, 0.6984972953796387, 0.701366126537323, 0.69590163230896]}}