{"airline_train_8_8": {"num_of_epochs": 50, "learning_rate": 0.0001, "training_ds_fpath": "_train_8_8", "first_token_val_accuracy": [0.0, 0.0, 0.00027322405367158353, 0.02677595615386963, 0.3362021744251251, 0.6571038365364075, 0.693989098072052, 0.7004098296165466, 0.7081966996192932, 0.7066940069198608, 0.687841534614563, 0.6825136542320251, 0.6300546526908875, 0.6357923746109009, 0.6301912665367126, 0.6359289884567261, 0.6483606696128845, 0.6713114976882935, 0.6484972834587097, 0.6659836173057556, 0.6840164065361023, 0.6957650184631348, 0.6934426426887512, 0.6838797926902771, 0.6666666865348816, 0.6591529846191406, 0.6838797926902771, 0.6650273203849792, 0.651366114616394, 0.6702185869216919, 0.6819671988487244, 0.6860655546188354, 0.6877049207687378, 0.6845628619194031, 0.6862021684646606, 0.6883879899978638, 0.660792350769043, 0.6418032646179199, 0.6408469676971436, 0.6498633623123169, 0.6516393423080444, 0.6676229238510132, 0.664890706539154, 0.6628415584564209, 0.659426212310791, 0.6566939949989319, 0.6639344096183777, 0.6647540926933289, 0.6476776003837585, 0.6413934230804443], "all_token_val_accuracy": [0.0, 0.0, 0.00027322405367158353, 0.026639344170689583, 0.33538252115249634, 0.6566939949989319, 0.693989098072052, 0.7004098296165466, 0.7081966996192932, 0.7066940069198608, 0.687841534614563, 0.6825136542320251, 0.6300546526908875, 0.6357923746109009, 0.6301912665367126, 0.6359289884567261, 0.6483606696128845, 0.6713114976882935, 0.6484972834587097, 0.6659836173057556, 0.6840164065361023, 0.6957650184631348, 0.6934426426887512, 0.6838797926902771, 0.6666666865348816, 0.6591529846191406, 0.6838797926902771, 0.6650273203849792, 0.651366114616394, 0.6702185869216919, 0.6819671988487244, 0.6860655546188354, 0.6877049207687378, 0.6845628619194031, 0.6862021684646606, 0.6883879899978638, 0.660792350769043, 0.6418032646179199, 0.6408469676971436, 0.6498633623123169, 0.6516393423080444, 0.6676229238510132, 0.664890706539154, 0.6628415584564209, 0.659426212310791, 0.6566939949989319, 0.6639344096183777, 0.6647540926933289, 0.6476776003837585, 0.6413934230804443]}}