{"amazonr_books_train_6_8": {"num_of_epochs": 30, "learning_rate": 0.0005, "training_ds_fpath": "_train_6_8", "first_token_val_accuracy": [0.05032350867986679, 0.594536304473877, 0.24586628377437592, 0.6060388088226318, 0.6031631827354431, 0.3580158054828644, 0.5470884442329407, 0.5032351016998291, 0.4924514591693878, 0.4924514591693878, 0.49388930201530457, 0.5046728849411011, 0.49460819363594055, 0.4953271150588989, 0.3961178958415985, 0.3853342831134796, 0.4148094952106476, 0.4457224905490875, 0.4565061032772064, 0.4680086374282837, 0.47663551568984985, 0.4895758330821991, 0.5118619799613953, 0.5197699666023254, 0.5104241371154785, 0.4608195424079895, 0.45578721165657043, 0.45506829023361206, 0.4579439163208008, 0.4601006507873535], "all_token_val_accuracy": [0.05032350867986679, 0.594536304473877, 0.24586628377437592, 0.6060388088226318, 0.6031631827354431, 0.3580158054828644, 0.5470884442329407, 0.5032351016998291, 0.4924514591693878, 0.4924514591693878, 0.49388930201530457, 0.5046728849411011, 0.49460819363594055, 0.4953271150588989, 0.3961178958415985, 0.3853342831134796, 0.4148094952106476, 0.4457224905490875, 0.4565061032772064, 0.4680086374282837, 0.47663551568984985, 0.4895758330821991, 0.5118619799613953, 0.5197699666023254, 0.5104241371154785, 0.4608195424079895, 0.45578721165657043, 0.45506829023361206, 0.4579439163208008, 0.4601006507873535]}}