{"amazonr_books_train_4_4": {"num_of_epochs": 20, "learning_rate": 0.0005, "training_ds_fpath": "_train_4_4", "first_token_val_accuracy": [0.0, 0.6405463814735413, 0.6189791560173035, 0.613227903842926, 0.38030195236206055, 0.5255212187767029, 0.5772825479507446, 0.6067577004432678, 0.584471583366394, 0.5787203311920166, 0.5808770656585693, 0.5873472094535828, 0.6010064482688904, 0.6103522777557373, 0.61250901222229, 0.61250901222229, 0.6117900609970093, 0.6110711693763733, 0.6103522777557373, 0.6081955432891846], "all_token_val_accuracy": [0.0, 0.6405463814735413, 0.6189791560173035, 0.613227903842926, 0.38030195236206055, 0.5255212187767029, 0.5772825479507446, 0.6067577004432678, 0.584471583366394, 0.5787203311920166, 0.5808770656585693, 0.5873472094535828, 0.6010064482688904, 0.6103522777557373, 0.61250901222229, 0.61250901222229, 0.6117900609970093, 0.6110711693763733, 0.6103522777557373, 0.6081955432891846]}}