{"amazonr_books_train_2_16": {"num_of_epochs": 40, "learning_rate": 0.0001, "training_ds_fpath": "_train_2_16", "first_token_val_accuracy": [0.0, 0.11718188226222992, 0.564342200756073, 0.45506829023361206, 0.5319913625717163, 0.5456506013870239, 0.5269590020179749, 0.6398274898529053, 0.534148097038269, 0.5578720569610596, 0.6247304081916809, 0.5564342141151428, 0.5571531057357788, 0.5700934529304504, 0.5902228355407715, 0.6046010255813599, 0.5420560836791992, 0.5974119305610657, 0.6196980476379395, 0.6347951292991638, 0.5808770656585693, 0.6168224215507507, 0.6067577004432678, 0.6096333861351013, 0.6276060342788696, 0.5916606783866882, 0.613227903842926, 0.6232926249504089, 0.6240115165710449, 0.6153846383094788, 0.544212818145752, 0.6067577004432678, 0.6297627687454224, 0.5995686650276184, 0.5578720569610596, 0.5736879706382751, 0.5873472094535828, 0.5657800436019897, 0.5772825479507446, 0.5959741473197937], "all_token_val_accuracy": [0.0, 0.11718188226222992, 0.564342200756073, 0.45506829023361206, 0.5319913625717163, 0.5456506013870239, 0.5269590020179749, 0.6398274898529053, 0.534148097038269, 0.5578720569610596, 0.6247304081916809, 0.5564342141151428, 0.5571531057357788, 0.5700934529304504, 0.5902228355407715, 0.6046010255813599, 0.5420560836791992, 0.5974119305610657, 0.6196980476379395, 0.6347951292991638, 0.5808770656585693, 0.6168224215507507, 0.6067577004432678, 0.6096333861351013, 0.6276060342788696, 0.5916606783866882, 0.613227903842926, 0.6232926249504089, 0.6240115165710449, 0.6153846383094788, 0.544212818145752, 0.6067577004432678, 0.6297627687454224, 0.5995686650276184, 0.5578720569610596, 0.5736879706382751, 0.5873472094535828, 0.5657800436019897, 0.5772825479507446, 0.5959741473197937]}}