{"amazonr_books_train_9_16": {"num_of_epochs": 40, "learning_rate": 0.0001, "training_ds_fpath": "_train_9_16", "first_token_val_accuracy": [0.0, 0.193386048078537, 0.5880661606788635, 0.4823867678642273, 0.5255212187767029, 0.5219267010688782, 0.48813802003860474, 0.485262393951416, 0.535585880279541, 0.5240833759307861, 0.5319913625717163, 0.5276779532432556, 0.4924514591693878, 0.5866283178329468, 0.5686556696891785, 0.5700934529304504, 0.5291157364845276, 0.6024442911148071, 0.5736879706382751, 0.5585909485816956, 0.5434938669204712, 0.5528396964073181, 0.6096333861351013, 0.5815959572792053, 0.5895039439201355, 0.5808770656585693, 0.5923795700073242, 0.5621854662895203, 0.5614665746688843, 0.5736879706382751, 0.5909417867660522, 0.5988497734069824, 0.6017253994941711, 0.5808770656585693, 0.594536304473877, 0.5895039439201355, 0.5679367184638977, 0.5722501873970032, 0.5830338001251221, 0.5780014395713806], "all_token_val_accuracy": [0.0, 0.193386048078537, 0.5880661606788635, 0.4823867678642273, 0.5255212187767029, 0.5219267010688782, 0.48813802003860474, 0.485262393951416, 0.535585880279541, 0.5240833759307861, 0.5319913625717163, 0.5276779532432556, 0.4924514591693878, 0.5866283178329468, 0.5686556696891785, 0.5700934529304504, 0.5291157364845276, 0.6024442911148071, 0.5736879706382751, 0.5585909485816956, 0.5434938669204712, 0.5528396964073181, 0.6096333861351013, 0.5815959572792053, 0.5895039439201355, 0.5808770656585693, 0.5923795700073242, 0.5621854662895203, 0.5614665746688843, 0.5736879706382751, 0.5909417867660522, 0.5988497734069824, 0.6017253994941711, 0.5808770656585693, 0.594536304473877, 0.5895039439201355, 0.5679367184638977, 0.5722501873970032, 0.5830338001251221, 0.5780014395713806]}}