{"amazonr_books_train_8_8": {"num_of_epochs": 30, "learning_rate": 0.0005, "training_ds_fpath": "_train_8_8", "first_token_val_accuracy": [0.2537742555141449, 0.6053199172019958, 0.4069015085697174, 0.6297627687454224, 0.5593098402023315, 0.5492451190948486, 0.5895039439201355, 0.5815959572792053, 0.5607476830482483, 0.5499640703201294, 0.5499640703201294, 0.5700934529304504, 0.5808770656585693, 0.5801581740379333, 0.5708123445510864, 0.5528396964073181, 0.535585880279541, 0.5384615659713745, 0.5463694930076599, 0.563623309135437, 0.5679367184638977, 0.5751258134841919, 0.5729690790176392, 0.5729690790176392, 0.5686556696891785, 0.5693745613098145, 0.5708123445510864, 0.5736879706382751, 0.5758447051048279, 0.5772825479507446], "all_token_val_accuracy": [0.2537742555141449, 0.6053199172019958, 0.4069015085697174, 0.6297627687454224, 0.5593098402023315, 0.5492451190948486, 0.5895039439201355, 0.5815959572792053, 0.5607476830482483, 0.5499640703201294, 0.5499640703201294, 0.5700934529304504, 0.5808770656585693, 0.5801581740379333, 0.5708123445510864, 0.5528396964073181, 0.535585880279541, 0.5384615659713745, 0.5463694930076599, 0.563623309135437, 0.5679367184638977, 0.5751258134841919, 0.5729690790176392, 0.5729690790176392, 0.5686556696891785, 0.5693745613098145, 0.5708123445510864, 0.5736879706382751, 0.5758447051048279, 0.5772825479507446]}}