{"amazonr_books_train_1_32": {"num_of_epochs": 40, "learning_rate": 0.0001, "training_ds_fpath": "_train_1_32", "first_token_val_accuracy": [0.007189072668552399, 0.6024442911148071, 0.29906541109085083, 0.4536304771900177, 0.43062543869018555, 0.5384615659713745, 0.6110711693763733, 0.5823149085044861, 0.5751258134841919, 0.5291157364845276, 0.5736879706382751, 0.5514018535614014, 0.563623309135437, 0.5600287318229675, 0.5283968448638916, 0.6110711693763733, 0.5823149085044861, 0.5751258134841919, 0.5075485110282898, 0.5183321237564087, 0.5470884442329407, 0.5808770656585693, 0.5305535793304443, 0.5744069218635559, 0.5305535793304443, 0.593817412853241, 0.5729690790176392, 0.5391804575920105, 0.5866283178329468, 0.5449317097663879, 0.5952551960945129, 0.5880661606788635, 0.5715312957763672, 0.6081955432891846, 0.5995686650276184, 0.5715312957763672, 0.5895039439201355, 0.5959741473197937, 0.5700934529304504, 0.5851905345916748], "all_token_val_accuracy": [0.007189072668552399, 0.6010064482688904, 0.29906541109085083, 0.4536304771900177, 0.43062543869018555, 0.5384615659713745, 0.6110711693763733, 0.5823149085044861, 0.5751258134841919, 0.5291157364845276, 0.5736879706382751, 0.5514018535614014, 0.563623309135437, 0.5600287318229675, 0.5283968448638916, 0.6110711693763733, 0.5823149085044861, 0.5751258134841919, 0.5075485110282898, 0.5183321237564087, 0.5470884442329407, 0.5808770656585693, 0.5305535793304443, 0.5744069218635559, 0.5305535793304443, 0.593817412853241, 0.5729690790176392, 0.5391804575920105, 0.5866283178329468, 0.5449317097663879, 0.5952551960945129, 0.5880661606788635, 0.5715312957763672, 0.6081955432891846, 0.5995686650276184, 0.5715312957763672, 0.5895039439201355, 0.5959741473197937, 0.5700934529304504, 0.5851905345916748]}}