{"amazonr_books_train_6_4": {"num_of_epochs": 20, "learning_rate": 0.0005, "training_ds_fpath": "_train_6_4", "first_token_val_accuracy": [0.0, 0.002875629113987088, 0.534148097038269, 0.6383896470069885, 0.6211358904838562, 0.4112149477005005, 0.39036664366722107, 0.5111430883407593, 0.5449317097663879, 0.5470884442329407, 0.5485262274742126, 0.5370237231254578, 0.5420560836791992, 0.5413371920585632, 0.5334292054176331, 0.5384615659713745, 0.5434938669204712, 0.5485262274742126, 0.5564342141151428, 0.5578720569610596], "all_token_val_accuracy": [0.0, 0.002875629113987088, 0.534148097038269, 0.6383896470069885, 0.6211358904838562, 0.4112149477005005, 0.39036664366722107, 0.5111430883407593, 0.5449317097663879, 0.5470884442329407, 0.5485262274742126, 0.5370237231254578, 0.5420560836791992, 0.5413371920585632, 0.5334292054176331, 0.5384615659713745, 0.5434938669204712, 0.5485262274742126, 0.5564342141151428, 0.5578720569610596]}}