{"amazonr_books_train_3_32": {"num_of_epochs": 40, "learning_rate": 0.0001, "training_ds_fpath": "_train_3_32", "first_token_val_accuracy": [0.010064701549708843, 0.613227903842926, 0.4277498126029968, 0.6024442911148071, 0.5370237231254578, 0.5398993492126465, 0.5621854662895203, 0.6211358904838562, 0.563623309135437, 0.6175413131713867, 0.5585909485816956, 0.4974838197231293, 0.6232926249504089, 0.5837526917457581, 0.6081955432891846, 0.5887850522994995, 0.5708123445510864, 0.6419841647148132, 0.6182602643966675, 0.5801581740379333, 0.6096333861351013, 0.6211358904838562, 0.5449317097663879, 0.6103522777557373, 0.5851905345916748, 0.642703115940094, 0.6347951292991638, 0.61250901222229, 0.6419841647148132, 0.5578720569610596, 0.6455787420272827, 0.5794392228126526, 0.5930984616279602, 0.5478073358535767, 0.5923795700073242, 0.6038820743560791, 0.6074766516685486, 0.6060388088226318, 0.6031631827354431, 0.642703115940094], "all_token_val_accuracy": [0.010064701549708843, 0.613227903842926, 0.4277498126029968, 0.6024442911148071, 0.5370237231254578, 0.5398993492126465, 0.5621854662895203, 0.6211358904838562, 0.563623309135437, 0.6175413131713867, 0.5585909485816956, 0.4974838197231293, 0.6232926249504089, 0.5837526917457581, 0.6081955432891846, 0.5887850522994995, 0.5708123445510864, 0.6419841647148132, 0.6182602643966675, 0.5801581740379333, 0.6096333861351013, 0.6211358904838562, 0.5449317097663879, 0.6103522777557373, 0.5851905345916748, 0.642703115940094, 0.6347951292991638, 0.61250901222229, 0.6419841647148132, 0.5578720569610596, 0.6455787420272827, 0.5794392228126526, 0.5930984616279602, 0.5478073358535767, 0.5923795700073242, 0.6038820743560791, 0.6074766516685486, 0.6060388088226318, 0.6031631827354431, 0.642703115940094]}}