{"rte_train_1_32": {"num_of_epochs": 50, "learning_rate": 0.0001, "training_ds_fpath": "_train_1_32", "first_token_val_accuracy": [0.13718411326408386, 0.505415141582489, 0.5992779731750488, 0.5667870044708252, 0.5595667958259583, 0.6064981818199158, 0.570397138595581, 0.6245487332344055, 0.5812274217605591, 0.5740072131156921, 0.577617347240448, 0.5956678986549377, 0.5740072131156921, 0.5812274217605591, 0.570397138595581, 0.5848375558853149, 0.5812274217605591, 0.5740072131156921, 0.5523465871810913, 0.577617347240448, 0.5920577645301819, 0.577617347240448, 0.5740072131156921, 0.5956678986549377, 0.5812274217605591, 0.5487364530563354, 0.588447630405426, 0.5812274217605591, 0.5812274217605591, 0.5848375558853149, 0.588447630405426, 0.588447630405426, 0.5920577645301819, 0.5812274217605591, 0.5956678986549377, 0.5956678986549377, 0.5956678986549377, 0.588447630405426, 0.5920577645301819, 0.588447630405426, 0.5920577645301819, 0.588447630405426, 0.5848375558853149, 0.5812274217605591, 0.5848375558853149, 0.5812274217605591, 0.588447630405426, 0.570397138595581, 0.5631768703460693, 0.5667870044708252], "all_token_val_accuracy": [0.13718411326408386, 0.505415141582489, 0.5992779731750488, 0.5667870044708252, 0.5595667958259583, 0.6064981818199158, 0.570397138595581, 0.6245487332344055, 0.5812274217605591, 0.5740072131156921, 0.577617347240448, 0.5956678986549377, 0.5740072131156921, 0.5812274217605591, 0.570397138595581, 0.5848375558853149, 0.5812274217605591, 0.5740072131156921, 0.5523465871810913, 0.577617347240448, 0.5920577645301819, 0.577617347240448, 0.5740072131156921, 0.5956678986549377, 0.5812274217605591, 0.5487364530563354, 0.588447630405426, 0.5812274217605591, 0.5812274217605591, 0.5848375558853149, 0.588447630405426, 0.588447630405426, 0.5920577645301819, 0.5812274217605591, 0.5956678986549377, 0.5956678986549377, 0.5956678986549377, 0.588447630405426, 0.5920577645301819, 0.588447630405426, 0.5920577645301819, 0.588447630405426, 0.5848375558853149, 0.5812274217605591, 0.5848375558853149, 0.5812274217605591, 0.588447630405426, 0.570397138595581, 0.5631768703460693, 0.5667870044708252]}}