{"rte_train_5_16": {"num_of_epochs": 50, "learning_rate": 0.0001, "training_ds_fpath": "_train_5_16", "first_token_val_accuracy": [0.06498195230960846, 0.41877254843711853, 0.5415162444114685, 0.4837545156478882, 0.47653430700302124, 0.4729241728782654, 0.5631768703460693, 0.5090252757072449, 0.5162454843521118, 0.5451263785362244, 0.5667870044708252, 0.5559566617012024, 0.5270758271217346, 0.5090252757072449, 0.4945848286151886, 0.5667870044708252, 0.570397138595581, 0.49819493293762207, 0.5090252757072449, 0.505415141582489, 0.5090252757072449, 0.5198556184768677, 0.5198556184768677, 0.512635350227356, 0.5812274217605591, 0.5415162444114685, 0.5198556184768677, 0.512635350227356, 0.5198556184768677, 0.512635350227356, 0.512635350227356, 0.505415141582489, 0.4945848286151886, 0.512635350227356, 0.5270758271217346, 0.5306859016418457, 0.5342960357666016, 0.5306859016418457, 0.5379061102867126, 0.5667870044708252, 0.5342960357666016, 0.5342960357666016, 0.5379061102867126, 0.5306859016418457, 0.512635350227356, 0.512635350227356, 0.5162454843521118, 0.5415162444114685, 0.5379061102867126, 0.5415162444114685], "all_token_val_accuracy": [0.04332130029797554, 0.41877254843711853, 0.5415162444114685, 0.4837545156478882, 0.47653430700302124, 0.4729241728782654, 0.5631768703460693, 0.5090252757072449, 0.5162454843521118, 0.5451263785362244, 0.5667870044708252, 0.5559566617012024, 0.5270758271217346, 0.5090252757072449, 0.4945848286151886, 0.5667870044708252, 0.570397138595581, 0.49819493293762207, 0.5090252757072449, 0.505415141582489, 0.5090252757072449, 0.5198556184768677, 0.5198556184768677, 0.512635350227356, 0.5812274217605591, 0.5415162444114685, 0.5198556184768677, 0.512635350227356, 0.5198556184768677, 0.512635350227356, 0.512635350227356, 0.505415141582489, 0.4945848286151886, 0.512635350227356, 0.5270758271217346, 0.5306859016418457, 0.5342960357666016, 0.5306859016418457, 0.5379061102867126, 0.5667870044708252, 0.5342960357666016, 0.5342960357666016, 0.5379061102867126, 0.5306859016418457, 0.512635350227356, 0.512635350227356, 0.5162454843521118, 0.5415162444114685, 0.5379061102867126, 0.5415162444114685]}}