{"rte_train_2_32": {"num_of_epochs": 50, "learning_rate": 0.0001, "training_ds_fpath": "_train_2_32", "first_token_val_accuracy": [0.28158843517303467, 0.4693140685558319, 0.46570396423339844, 0.4693140685558319, 0.5523465871810913, 0.5162454843521118, 0.5487364530563354, 0.5270758271217346, 0.5523465871810913, 0.5523465871810913, 0.512635350227356, 0.5342960357666016, 0.5162454843521118, 0.5379061102867126, 0.5306859016418457, 0.5415162444114685, 0.5342960357666016, 0.5270758271217346, 0.5451263785362244, 0.5415162444114685, 0.5342960357666016, 0.5379061102867126, 0.5234656929969788, 0.5234656929969788, 0.5306859016418457, 0.5270758271217346, 0.5342960357666016, 0.5306859016418457, 0.5451263785362244, 0.5487364530563354, 0.5415162444114685, 0.5415162444114685, 0.5523465871810913, 0.5342960357666016, 0.5342960357666016, 0.5415162444114685, 0.5451263785362244, 0.5342960357666016, 0.5451263785362244, 0.5415162444114685, 0.5451263785362244, 0.5415162444114685, 0.5451263785362244, 0.5487364530563354, 0.5451263785362244, 0.5487364530563354, 0.5487364530563354, 0.5487364530563354, 0.5379061102867126, 0.5451263785362244], "all_token_val_accuracy": [0.28158843517303467, 0.4693140685558319, 0.46570396423339844, 0.4693140685558319, 0.5523465871810913, 0.5162454843521118, 0.5487364530563354, 0.5270758271217346, 0.5523465871810913, 0.5523465871810913, 0.512635350227356, 0.5342960357666016, 0.5162454843521118, 0.5379061102867126, 0.5306859016418457, 0.5415162444114685, 0.5342960357666016, 0.5270758271217346, 0.5451263785362244, 0.5415162444114685, 0.5342960357666016, 0.5379061102867126, 0.5234656929969788, 0.5234656929969788, 0.5306859016418457, 0.5270758271217346, 0.5342960357666016, 0.5306859016418457, 0.5451263785362244, 0.5487364530563354, 0.5415162444114685, 0.5415162444114685, 0.5523465871810913, 0.5342960357666016, 0.5342960357666016, 0.5415162444114685, 0.5451263785362244, 0.5342960357666016, 0.5451263785362244, 0.5415162444114685, 0.5451263785362244, 0.5415162444114685, 0.5451263785362244, 0.5487364530563354, 0.5451263785362244, 0.5487364530563354, 0.5487364530563354, 0.5487364530563354, 0.5379061102867126, 0.5451263785362244]}}