{"amazonr_dvd_train_1_16": {"num_of_epochs": 50, "learning_rate": 0.0001, "training_ds_fpath": "_train_1_16", "first_token_val_accuracy": [0.0, 0.019322708249092102, 0.49501991271972656, 0.5498008131980896, 0.5077689290046692, 0.5266932249069214, 0.5705179572105408, 0.5651394128799438, 0.5687251091003418, 0.565936267375946, 0.5673306584358215, 0.5571712851524353, 0.5808764696121216, 0.5669322609901428, 0.5850597620010376, 0.5846613645553589, 0.5974103808403015, 0.5774900317192078, 0.5860557556152344, 0.5842629671096802, 0.5539840459823608, 0.5844621658325195, 0.5854581594467163, 0.5950199365615845, 0.5966135263442993, 0.5864542126655579, 0.5665338635444641, 0.5599601864814758, 0.5890437960624695, 0.5824701189994812, 0.5884461998939514, 0.5968127250671387, 0.6039840579032898, 0.5972111821174622, 0.5890437960624695, 0.5824701189994812, 0.5784860849380493, 0.5872510075569153, 0.590039849281311, 0.5886453986167908, 0.589442253112793, 0.585856556892395, 0.5864542126655579, 0.5864542126655579, 0.5830677151679993, 0.5854581594467163, 0.597011923789978, 0.5986055731773376, 0.5968127250671387, 0.5978087782859802], "all_token_val_accuracy": [0.0, 0.019322708249092102, 0.49501991271972656, 0.5498008131980896, 0.5077689290046692, 0.5266932249069214, 0.5705179572105408, 0.5651394128799438, 0.5687251091003418, 0.565936267375946, 0.5673306584358215, 0.5571712851524353, 0.5808764696121216, 0.5669322609901428, 0.5850597620010376, 0.5846613645553589, 0.5974103808403015, 0.5774900317192078, 0.5860557556152344, 0.5842629671096802, 0.5539840459823608, 0.5844621658325195, 0.5854581594467163, 0.5950199365615845, 0.5966135263442993, 0.5864542126655579, 0.5665338635444641, 0.5599601864814758, 0.5890437960624695, 0.5824701189994812, 0.5884461998939514, 0.5968127250671387, 0.6039840579032898, 0.5972111821174622, 0.5890437960624695, 0.5824701189994812, 0.5784860849380493, 0.5872510075569153, 0.590039849281311, 0.5886453986167908, 0.589442253112793, 0.585856556892395, 0.5864542126655579, 0.5864542126655579, 0.5830677151679993, 0.5854581594467163, 0.597011923789978, 0.5986055731773376, 0.5968127250671387, 0.5978087782859802]}}