{"amazonr_dvd_train_7_8": {"num_of_epochs": 50, "learning_rate": 0.0001, "training_ds_fpath": "_train_7_8", "first_token_val_accuracy": [0.0, 0.0, 0.0, 0.0, 0.02529880404472351, 0.2950199246406555, 0.4342629611492157, 0.47011953592300415, 0.4910358488559723, 0.5171314477920532, 0.5304780602455139, 0.5308765172958374, 0.5466135740280151, 0.5470119714736938, 0.5440239310264587, 0.5494024157524109, 0.5721115469932556, 0.5689243078231812, 0.5752987861633301, 0.563545823097229, 0.5631474256515503, 0.5826693177223206, 0.5840637683868408, 0.5768924355506897, 0.5739043951034546, 0.5579681396484375, 0.550000011920929, 0.550597608089447, 0.565936267375946, 0.5774900317192078, 0.5806772708892822, 0.5754979848861694, 0.5743027925491333, 0.572310745716095, 0.5750995874404907, 0.5792828798294067, 0.583466112613678, 0.5812749266624451, 0.5808764696121216, 0.5790836811065674, 0.5737051963806152, 0.5717131495475769, 0.5750995874404907, 0.576494038105011, 0.5776892304420471, 0.5733067989349365, 0.572310745716095, 0.574103593826294, 0.5768924355506897, 0.5758964419364929], "all_token_val_accuracy": [0.0, 0.0, 0.0, 0.0, 0.02529880404472351, 0.2950199246406555, 0.4342629611492157, 0.47011953592300415, 0.4910358488559723, 0.5171314477920532, 0.5304780602455139, 0.5308765172958374, 0.5466135740280151, 0.5470119714736938, 0.5440239310264587, 0.5494024157524109, 0.5721115469932556, 0.5689243078231812, 0.5752987861633301, 0.563545823097229, 0.5631474256515503, 0.5826693177223206, 0.5840637683868408, 0.5768924355506897, 0.5739043951034546, 0.5579681396484375, 0.550000011920929, 0.550597608089447, 0.565936267375946, 0.5774900317192078, 0.5806772708892822, 0.5754979848861694, 0.5743027925491333, 0.572310745716095, 0.5750995874404907, 0.5792828798294067, 0.583466112613678, 0.5812749266624451, 0.5808764696121216, 0.5790836811065674, 0.5737051963806152, 0.5717131495475769, 0.5750995874404907, 0.576494038105011, 0.5776892304420471, 0.5733067989349365, 0.572310745716095, 0.574103593826294, 0.5768924355506897, 0.5758964419364929]}}