{"amazonr_dvd_train_4_8": {"num_of_epochs": 50, "learning_rate": 0.0001, "training_ds_fpath": "_train_4_8", "first_token_val_accuracy": [0.0, 0.0, 0.0, 0.0, 0.019322708249092102, 0.21772907674312592, 0.40956175327301025, 0.4601593613624573, 0.48685258626937866, 0.5021912455558777, 0.5207171440124512, 0.502390444278717, 0.4892430305480957, 0.5099601745605469, 0.5302788615226746, 0.5, 0.5141434073448181, 0.5133466124534607, 0.5256972312927246, 0.521713137626648, 0.5009959936141968, 0.5101593732833862, 0.5149402618408203, 0.5250995755195618, 0.5308765172958374, 0.5237051844596863, 0.5175299048423767, 0.515338659286499, 0.5031872391700745, 0.5131474137306213, 0.5207171440124512, 0.5288844704627991, 0.5354581475257874, 0.5396414399147034, 0.526494026184082, 0.5047808885574341, 0.5037848353385925, 0.511155366897583, 0.514741063117981, 0.5211155414581299, 0.5324701070785522, 0.5404382348060608, 0.539442241191864, 0.5368525981903076, 0.5356573462486267, 0.5344621539115906, 0.5312749147415161, 0.5402390360832214, 0.5426294803619385, 0.537649393081665], "all_token_val_accuracy": [0.0, 0.0, 0.0, 0.0, 0.019322708249092102, 0.21772907674312592, 0.40956175327301025, 0.4601593613624573, 0.48685258626937866, 0.5021912455558777, 0.5207171440124512, 0.502390444278717, 0.4892430305480957, 0.5099601745605469, 0.5302788615226746, 0.5, 0.5141434073448181, 0.5133466124534607, 0.5256972312927246, 0.521713137626648, 0.5009959936141968, 0.5101593732833862, 0.5149402618408203, 0.5250995755195618, 0.5308765172958374, 0.5237051844596863, 0.5175299048423767, 0.515338659286499, 0.5031872391700745, 0.5131474137306213, 0.5207171440124512, 0.5288844704627991, 0.5354581475257874, 0.5396414399147034, 0.526494026184082, 0.5047808885574341, 0.5037848353385925, 0.511155366897583, 0.514741063117981, 0.5211155414581299, 0.5324701070785522, 0.5404382348060608, 0.539442241191864, 0.5368525981903076, 0.5356573462486267, 0.5344621539115906, 0.5312749147415161, 0.5402390360832214, 0.5426294803619385, 0.537649393081665]}}