{"amazonr_dvd_train_0_4": {"num_of_epochs": 20, "learning_rate": 0.0005, "training_ds_fpath": "_train_0_4", "first_token_val_accuracy": [0.0, 0.0015936255222186446, 0.38027888536453247, 0.4635458290576935, 0.4810757040977478, 0.4707171320915222, 0.5, 0.5430278778076172, 0.5749003887176514, 0.5938246846199036, 0.597011923789978, 0.5974103808403015, 0.5984063744544983, 0.5984063744544983, 0.5910358428955078, 0.5878486037254333, 0.576494038105011, 0.572310745716095, 0.5669322609901428, 0.5651394128799438], "all_token_val_accuracy": [0.0, 0.0015936255222186446, 0.38027888536453247, 0.4635458290576935, 0.4810757040977478, 0.4707171320915222, 0.5, 0.5430278778076172, 0.5749003887176514, 0.5938246846199036, 0.597011923789978, 0.5974103808403015, 0.5984063744544983, 0.5984063744544983, 0.5910358428955078, 0.5878486037254333, 0.576494038105011, 0.572310745716095, 0.5669322609901428, 0.5651394128799438]}}