{"amazonr_dvd_train_7_32": {"num_of_epochs": 50, "learning_rate": 0.0001, "training_ds_fpath": "_train_7_32", "first_token_val_accuracy": [0.00019920319027733058, 0.48426294326782227, 0.5167330503463745, 0.5669322609901428, 0.5671314597129822, 0.5675298571586609, 0.5822709202766418, 0.552390456199646, 0.548804759979248, 0.5707171559333801, 0.5844621658325195, 0.5796812772750854, 0.5492032170295715, 0.552390456199646, 0.5468127727508545, 0.5535856485366821, 0.5810756683349609, 0.5860557556152344, 0.5942230820655823, 0.548804759979248, 0.5884461998939514, 0.5756971836090088, 0.5916334390640259, 0.583466112613678, 0.5804780721664429, 0.5677290558815002, 0.5754979848861694, 0.5824701189994812, 0.5868526101112366, 0.5910358428955078, 0.5750995874404907, 0.5794820785522461, 0.5754979848861694, 0.5651394128799438, 0.5571712851524353, 0.5774900317192078, 0.5693227052688599, 0.5699203014373779, 0.5756971836090088, 0.5701195001602173, 0.6061753034591675, 0.5940238833427429, 0.5824701189994812, 0.5862549543380737, 0.5898406505584717, 0.5824701189994812, 0.5760956406593323, 0.5697211027145386, 0.5693227052688599, 0.541235089302063], "all_token_val_accuracy": [0.00019920319027733058, 0.48426294326782227, 0.5167330503463745, 0.5669322609901428, 0.5671314597129822, 0.5675298571586609, 0.5822709202766418, 0.552390456199646, 0.548804759979248, 0.5707171559333801, 0.5844621658325195, 0.5796812772750854, 0.5492032170295715, 0.552390456199646, 0.5468127727508545, 0.5535856485366821, 0.5810756683349609, 0.5860557556152344, 0.5942230820655823, 0.548804759979248, 0.5884461998939514, 0.5756971836090088, 0.5916334390640259, 0.583466112613678, 0.5804780721664429, 0.5677290558815002, 0.5754979848861694, 0.5824701189994812, 0.5868526101112366, 0.5910358428955078, 0.5750995874404907, 0.5794820785522461, 0.5754979848861694, 0.5651394128799438, 0.5571712851524353, 0.5774900317192078, 0.5693227052688599, 0.5699203014373779, 0.5756971836090088, 0.5701195001602173, 0.6061753034591675, 0.5940238833427429, 0.5824701189994812, 0.5862549543380737, 0.5898406505584717, 0.5824701189994812, 0.5760956406593323, 0.5697211027145386, 0.5693227052688599, 0.541235089302063]}}