{"amazonr_books_train_4_32": {"num_of_epochs": 50, "learning_rate": 0.0001, "training_ds_fpath": "_train_4_32", "first_token_val_accuracy": [0.0, 0.6290438771247864, 0.5664989352226257, 0.5851905345916748, 0.6542056202888489, 0.6757728457450867, 0.5629043579101562, 0.6110711693763733, 0.6491732597351074, 0.6556434035301208, 0.6369518041610718, 0.6721782684326172, 0.6297627687454224, 0.6419841647148132, 0.6189791560173035, 0.6240115165710449, 0.6563623547554016, 0.6383896470069885, 0.6462976336479187, 0.6542056202888489, 0.6484543681144714, 0.6513299942016602, 0.6355140209197998, 0.6455787420272827, 0.6046010255813599, 0.6513299942016602, 0.6700215935707092, 0.6556434035301208, 0.6455787420272827, 0.6232926249504089, 0.6362329125404358, 0.6340761780738831, 0.6319195032119751, 0.6355140209197998, 0.6326383948326111, 0.6592379808425903, 0.6527677774429321, 0.6046010255813599, 0.6369518041610718, 0.6333572864532471, 0.6225736737251282, 0.6204169392585754, 0.6405463814735413, 0.6247304081916809, 0.6161035299301147, 0.6261682510375977, 0.6218547821044922, 0.5398993492126465, 0.5506829619407654, 0.6038820743560791], "all_token_val_accuracy": [0.0, 0.6290438771247864, 0.5664989352226257, 0.5851905345916748, 0.6542056202888489, 0.6750538945198059, 0.5629043579101562, 0.6110711693763733, 0.6491732597351074, 0.6556434035301208, 0.6369518041610718, 0.6721782684326172, 0.6297627687454224, 0.6419841647148132, 0.6189791560173035, 0.6240115165710449, 0.6563623547554016, 0.6383896470069885, 0.6462976336479187, 0.6542056202888489, 0.6484543681144714, 0.6513299942016602, 0.6355140209197998, 0.6455787420272827, 0.6046010255813599, 0.6513299942016602, 0.6700215935707092, 0.6556434035301208, 0.6455787420272827, 0.6232926249504089, 0.6362329125404358, 0.6340761780738831, 0.6319195032119751, 0.6355140209197998, 0.6326383948326111, 0.6592379808425903, 0.6527677774429321, 0.6046010255813599, 0.6369518041610718, 0.6333572864532471, 0.6225736737251282, 0.6204169392585754, 0.6405463814735413, 0.6247304081916809, 0.6161035299301147, 0.6261682510375977, 0.6218547821044922, 0.5398993492126465, 0.5506829619407654, 0.6038820743560791]}}