{"amazonr_books_train_9_4": {"num_of_epochs": 20, "learning_rate": 0.0005, "training_ds_fpath": "_train_9_4", "first_token_val_accuracy": [0.0, 0.2638389766216278, 0.6405463814735413, 0.6578001379966736, 0.5657800436019897, 0.46944645047187805, 0.514018714427948, 0.5499640703201294, 0.6010064482688904, 0.6254492998123169, 0.6268871426582336, 0.6283249258995056, 0.6283249258995056, 0.6283249258995056, 0.614665687084198, 0.6002875566482544, 0.5974119305610657, 0.5887850522994995, 0.5815959572792053, 0.5808770656585693], "all_token_val_accuracy": [0.0, 0.2638389766216278, 0.6405463814735413, 0.6578001379966736, 0.5657800436019897, 0.46944645047187805, 0.514018714427948, 0.5499640703201294, 0.6010064482688904, 0.6254492998123169, 0.6268871426582336, 0.6283249258995056, 0.6283249258995056, 0.6283249258995056, 0.614665687084198, 0.6002875566482544, 0.5974119305610657, 0.5887850522994995, 0.5815959572792053, 0.5808770656585693]}}