{"amazonr_books_train_2_32": {"num_of_epochs": 50, "learning_rate": 0.0001, "training_ds_fpath": "_train_2_32", "first_token_val_accuracy": [0.002875629113987088, 0.6412652730941772, 0.40905824303627014, 0.5003594756126404, 0.5053917765617371, 0.5729690790176392, 0.43350106477737427, 0.5952551960945129, 0.6232926249504089, 0.6312005519866943, 0.565061092376709, 0.6369518041610718, 0.6225736737251282, 0.534866988658905, 0.5859094262123108, 0.644140899181366, 0.6319195032119751, 0.6369518041610718, 0.5966930389404297, 0.6534867286682129, 0.5916606783866882, 0.5952551960945129, 0.5815959572792053, 0.5585909485816956, 0.6067577004432678, 0.6046010255813599, 0.6089144349098206, 0.5693745613098145, 0.5966930389404297, 0.5981308221817017, 0.613946795463562, 0.6189791560173035, 0.5923795700073242, 0.584471583366394, 0.6096333861351013, 0.6218547821044922, 0.6721782684326172, 0.5557153224945068, 0.5722501873970032, 0.6261682510375977, 0.5772825479507446, 0.5715312957763672, 0.6664270162582397, 0.6513299942016602, 0.6376707553863525, 0.6232926249504089, 0.613946795463562, 0.6312005519866943, 0.6412652730941772, 0.6254492998123169], "all_token_val_accuracy": [0.002875629113987088, 0.6412652730941772, 0.40905824303627014, 0.5003594756126404, 0.5053917765617371, 0.5729690790176392, 0.43350106477737427, 0.5952551960945129, 0.6232926249504089, 0.6312005519866943, 0.565061092376709, 0.6369518041610718, 0.6225736737251282, 0.534866988658905, 0.5859094262123108, 0.644140899181366, 0.6319195032119751, 0.6369518041610718, 0.5966930389404297, 0.6534867286682129, 0.5916606783866882, 0.5952551960945129, 0.5815959572792053, 0.5585909485816956, 0.6067577004432678, 0.6046010255813599, 0.6089144349098206, 0.5693745613098145, 0.5966930389404297, 0.5981308221817017, 0.613946795463562, 0.6189791560173035, 0.5923795700073242, 0.584471583366394, 0.6096333861351013, 0.6218547821044922, 0.6721782684326172, 0.5557153224945068, 0.5722501873970032, 0.6261682510375977, 0.5772825479507446, 0.5715312957763672, 0.6664270162582397, 0.6513299942016602, 0.6376707553863525, 0.6232926249504089, 0.613946795463562, 0.6312005519866943, 0.6412652730941772, 0.6254492998123169]}}