{"amazonr_books_train_6_4": {"num_of_epochs": 20, "learning_rate": 0.0005, "training_ds_fpath": "_train_6_4", "first_token_val_accuracy": [0.0, 0.013659237883985043, 0.6477354168891907, 0.6081955432891846, 0.563623309135437, 0.2868439853191376, 0.24802300333976746, 0.35873472690582275, 0.5003594756126404, 0.5621854662895203, 0.5815959572792053, 0.5866283178329468, 0.5765635967254639, 0.5708123445510864, 0.5686556696891785, 0.5657800436019897, 0.564342200756073, 0.5629043579101562, 0.5664989352226257, 0.5664989352226257], "all_token_val_accuracy": [0.0, 0.013659237883985043, 0.6477354168891907, 0.6081955432891846, 0.563623309135437, 0.2868439853191376, 0.24802300333976746, 0.35873472690582275, 0.5003594756126404, 0.5621854662895203, 0.5815959572792053, 0.5866283178329468, 0.5765635967254639, 0.5708123445510864, 0.5686556696891785, 0.5657800436019897, 0.564342200756073, 0.5629043579101562, 0.5664989352226257, 0.5664989352226257]}}