{"amazonr_books_train_5_16": {"num_of_epochs": 50, "learning_rate": 0.0001, "training_ds_fpath": "_train_5_16", "first_token_val_accuracy": [0.0, 0.002156721893697977, 0.584471583366394, 0.6038820743560791, 0.4572250247001648, 0.5506829619407654, 0.48023006319999695, 0.5312724709510803, 0.5197699666023254, 0.5025161504745483, 0.5053917765617371, 0.5621854662895203, 0.5204888582229614, 0.5456506013870239, 0.4960460066795349, 0.5240833759307861, 0.5363048315048218, 0.5183321237564087, 0.5499640703201294, 0.544212818145752, 0.5542774796485901, 0.5104241371154785, 0.5564342141151428, 0.5398993492126465, 0.544212818145752, 0.5614665746688843, 0.5456506013870239, 0.5621854662895203, 0.5557153224945068, 0.5420560836791992, 0.534866988658905, 0.5370237231254578, 0.4953271150588989, 0.5097052454948425, 0.4924514591693878, 0.5118619799613953, 0.534866988658905, 0.4493170380592346, 0.5248023271560669, 0.5434938669204712, 0.5974119305610657, 0.5729690790176392, 0.5370237231254578, 0.5693745613098145, 0.5966930389404297, 0.5851905345916748, 0.5607476830482483, 0.5413371920585632, 0.5427749752998352, 0.5506829619407654], "all_token_val_accuracy": [0.0, 0.002156721893697977, 0.584471583366394, 0.6038820743560791, 0.4572250247001648, 0.5506829619407654, 0.48023006319999695, 0.5305535793304443, 0.5190510153770447, 0.5017972588539124, 0.5053917765617371, 0.5621854662895203, 0.5204888582229614, 0.5456506013870239, 0.4960460066795349, 0.5240833759307861, 0.5363048315048218, 0.5183321237564087, 0.5499640703201294, 0.544212818145752, 0.5542774796485901, 0.5104241371154785, 0.5564342141151428, 0.5398993492126465, 0.544212818145752, 0.5614665746688843, 0.5456506013870239, 0.5621854662895203, 0.5557153224945068, 0.5420560836791992, 0.534866988658905, 0.5370237231254578, 0.4953271150588989, 0.5097052454948425, 0.4924514591693878, 0.5118619799613953, 0.534866988658905, 0.4493170380592346, 0.5248023271560669, 0.5434938669204712, 0.5974119305610657, 0.5729690790176392, 0.5370237231254578, 0.5693745613098145, 0.5966930389404297, 0.5851905345916748, 0.5607476830482483, 0.5413371920585632, 0.5427749752998352, 0.5506829619407654]}}