{"amazonr_books_train_4_16": {"num_of_epochs": 50, "learning_rate": 0.0001, "training_ds_fpath": "_train_4_16", "first_token_val_accuracy": [0.0, 0.0, 0.48094895482063293, 0.6261682510375977, 0.5952551960945129, 0.5765635967254639, 0.6067577004432678, 0.6240115165710449, 0.6081955432891846, 0.6089144349098206, 0.6534867286682129, 0.6196980476379395, 0.6405463814735413, 0.664270281791687, 0.6369518041610718, 0.644859790802002, 0.6578001379966736, 0.644859790802002, 0.6247304081916809, 0.6189791560173035, 0.6355140209197998, 0.6333572864532471, 0.6398274898529053, 0.6340761780738831, 0.6347951292991638, 0.6599568724632263, 0.6570812463760376, 0.6455787420272827, 0.6498921513557434, 0.6534867286682129, 0.64342200756073, 0.6498921513557434, 0.6405463814735413, 0.6376707553863525, 0.6376707553863525, 0.6391085386276245, 0.644140899181366, 0.6498921513557434, 0.6520488858222961, 0.6556434035301208, 0.6542056202888489, 0.6520488858222961, 0.6599568724632263, 0.6498921513557434, 0.6312005519866943, 0.6290438771247864, 0.6312005519866943, 0.6319195032119751, 0.6362329125404358, 0.6405463814735413], "all_token_val_accuracy": [0.0, 0.0, 0.48094895482063293, 0.6261682510375977, 0.5952551960945129, 0.5765635967254639, 0.6067577004432678, 0.6240115165710449, 0.6081955432891846, 0.6089144349098206, 0.6534867286682129, 0.6196980476379395, 0.6405463814735413, 0.664270281791687, 0.6369518041610718, 0.644859790802002, 0.6578001379966736, 0.644859790802002, 0.6247304081916809, 0.6189791560173035, 0.6355140209197998, 0.6333572864532471, 0.6398274898529053, 0.6340761780738831, 0.6347951292991638, 0.6599568724632263, 0.6570812463760376, 0.6455787420272827, 0.6498921513557434, 0.6534867286682129, 0.64342200756073, 0.6498921513557434, 0.6405463814735413, 0.6376707553863525, 0.6376707553863525, 0.6391085386276245, 0.644140899181366, 0.6498921513557434, 0.6520488858222961, 0.6556434035301208, 0.6542056202888489, 0.6520488858222961, 0.6599568724632263, 0.6498921513557434, 0.6312005519866943, 0.6290438771247864, 0.6312005519866943, 0.6319195032119751, 0.6362329125404358, 0.6405463814735413]}}