{"amazonr_books_train_1_32": {"num_of_epochs": 50, "learning_rate": 0.0001, "training_ds_fpath": "_train_1_32", "first_token_val_accuracy": [0.000718907278496772, 0.6053199172019958, 0.5449317097663879, 0.5600287318229675, 0.5319913625717163, 0.6240115165710449, 0.45147377252578735, 0.6031631827354431, 0.6247304081916809, 0.5916606783866882, 0.5758447051048279, 0.5815959572792053, 0.64342200756073, 0.6247304081916809, 0.5607476830482483, 0.564342200756073, 0.6556434035301208, 0.5930984616279602, 0.6053199172019958, 0.5664989352226257, 0.6211358904838562, 0.6671459674835205, 0.6319195032119751, 0.6225736737251282, 0.6031631827354431, 0.5923795700073242, 0.6261682510375977, 0.6038820743560791, 0.6254492998123169, 0.5801581740379333, 0.6081955432891846, 0.5772825479507446, 0.5830338001251221, 0.6017253994941711, 0.5952551960945129, 0.6189791560173035, 0.613227903842926, 0.6312005519866943, 0.6240115165710449, 0.6074766516685486, 0.6218547821044922, 0.6110711693763733, 0.672897219657898, 0.5830338001251221, 0.6211358904838562, 0.5607476830482483, 0.6326383948326111, 0.6053199172019958, 0.614665687084198, 0.6117900609970093], "all_token_val_accuracy": [0.000718907278496772, 0.6053199172019958, 0.5449317097663879, 0.5600287318229675, 0.5319913625717163, 0.6240115165710449, 0.45147377252578735, 0.6031631827354431, 0.6247304081916809, 0.5916606783866882, 0.5758447051048279, 0.5815959572792053, 0.64342200756073, 0.6247304081916809, 0.5607476830482483, 0.564342200756073, 0.6556434035301208, 0.5930984616279602, 0.6053199172019958, 0.5664989352226257, 0.6211358904838562, 0.6671459674835205, 0.6319195032119751, 0.6225736737251282, 0.6031631827354431, 0.5923795700073242, 0.6261682510375977, 0.6038820743560791, 0.6254492998123169, 0.5801581740379333, 0.6081955432891846, 0.5772825479507446, 0.5830338001251221, 0.6017253994941711, 0.5952551960945129, 0.6189791560173035, 0.613227903842926, 0.6312005519866943, 0.6240115165710449, 0.6074766516685486, 0.6218547821044922, 0.6110711693763733, 0.672897219657898, 0.5830338001251221, 0.6211358904838562, 0.5607476830482483, 0.6326383948326111, 0.6053199172019958, 0.614665687084198, 0.6117900609970093]}}