{"amazonr_books_train_3_16": {"num_of_epochs": 50, "learning_rate": 0.0001, "training_ds_fpath": "_train_3_16", "first_token_val_accuracy": [0.0, 0.000718907278496772, 0.5600287318229675, 0.644140899181366, 0.64342200756073, 0.5384615659713745, 0.5880661606788635, 0.5549964308738708, 0.5499640703201294, 0.49820274114608765, 0.564342200756073, 0.5514018535614014, 0.5125808715820312, 0.5132997632026672, 0.6002875566482544, 0.5621854662895203, 0.5715312957763672, 0.5930984616279602, 0.5478073358535767, 0.5995686650276184, 0.5909417867660522, 0.5830338001251221, 0.5866283178329468, 0.5916606783866882, 0.6110711693763733, 0.6074766516685486, 0.613227903842926, 0.6046010255813599, 0.5542774796485901, 0.5744069218635559, 0.5478073358535767, 0.5664989352226257, 0.5693745613098145, 0.5679367184638977, 0.5492451190948486, 0.5514018535614014, 0.5801581740379333, 0.593817412853241, 0.5794392228126526, 0.5909417867660522, 0.6053199172019958, 0.6067577004432678, 0.6240115165710449, 0.613946795463562, 0.5959741473197937, 0.5952551960945129, 0.5966930389404297, 0.5470884442329407, 0.5305535793304443, 0.5621854662895203], "all_token_val_accuracy": [0.0, 0.000718907278496772, 0.5600287318229675, 0.64342200756073, 0.64342200756073, 0.5384615659713745, 0.5880661606788635, 0.5549964308738708, 0.5499640703201294, 0.49820274114608765, 0.564342200756073, 0.5514018535614014, 0.5125808715820312, 0.5132997632026672, 0.6002875566482544, 0.5621854662895203, 0.5715312957763672, 0.5930984616279602, 0.5478073358535767, 0.5995686650276184, 0.5909417867660522, 0.5830338001251221, 0.5866283178329468, 0.5916606783866882, 0.6110711693763733, 0.6074766516685486, 0.613227903842926, 0.6046010255813599, 0.5542774796485901, 0.5744069218635559, 0.5478073358535767, 0.5664989352226257, 0.5693745613098145, 0.5679367184638977, 0.5492451190948486, 0.5514018535614014, 0.5801581740379333, 0.593817412853241, 0.5794392228126526, 0.5909417867660522, 0.6053199172019958, 0.6067577004432678, 0.6240115165710449, 0.613946795463562, 0.5959741473197937, 0.5952551960945129, 0.5966930389404297, 0.5470884442329407, 0.5305535793304443, 0.5621854662895203]}}