{"amazonr_books_train_8_16": {"num_of_epochs": 50, "learning_rate": 0.0001, "training_ds_fpath": "_train_8_16", "first_token_val_accuracy": [0.0, 0.007189072668552399, 0.6060388088226318, 0.6297627687454224, 0.5111430883407593, 0.5952551960945129, 0.5966930389404297, 0.5111430883407593, 0.5880661606788635, 0.5751258134841919, 0.5535585880279541, 0.563623309135437, 0.5564342141151428, 0.5736879706382751, 0.5895039439201355, 0.5564342141151428, 0.5614665746688843, 0.5420560836791992, 0.5514018535614014, 0.5823149085044861, 0.5593098402023315, 0.5700934529304504, 0.5765635967254639, 0.5801581740379333, 0.5420560836791992, 0.5485262274742126, 0.5729690790176392, 0.5693745613098145, 0.5672178268432617, 0.5679367184638977, 0.5413371920585632, 0.5370237231254578, 0.5902228355407715, 0.5693745613098145, 0.5664989352226257, 0.584471583366394, 0.5830338001251221, 0.5679367184638977, 0.5916606783866882, 0.5729690790176392, 0.5535585880279541, 0.5866283178329468, 0.6031631827354431, 0.5981308221817017, 0.5981308221817017, 0.5974119305610657, 0.5923795700073242, 0.5801581740379333, 0.5823149085044861, 0.5873472094535828], "all_token_val_accuracy": [0.0, 0.007189072668552399, 0.6060388088226318, 0.6290438771247864, 0.5097052454948425, 0.5952551960945129, 0.5966930389404297, 0.5111430883407593, 0.5880661606788635, 0.5751258134841919, 0.5535585880279541, 0.563623309135437, 0.5564342141151428, 0.5736879706382751, 0.5895039439201355, 0.5564342141151428, 0.5614665746688843, 0.5420560836791992, 0.5514018535614014, 0.5823149085044861, 0.5593098402023315, 0.5700934529304504, 0.5765635967254639, 0.5801581740379333, 0.5420560836791992, 0.5485262274742126, 0.5729690790176392, 0.5693745613098145, 0.5672178268432617, 0.5679367184638977, 0.5413371920585632, 0.5370237231254578, 0.5902228355407715, 0.5693745613098145, 0.5664989352226257, 0.584471583366394, 0.5830338001251221, 0.5679367184638977, 0.5916606783866882, 0.5729690790176392, 0.5535585880279541, 0.5866283178329468, 0.6031631827354431, 0.5981308221817017, 0.5981308221817017, 0.5974119305610657, 0.5923795700073242, 0.5801581740379333, 0.5823149085044861, 0.5873472094535828]}}