{"amazonr_books_train_1_8": {"num_of_epochs": 50, "learning_rate": 0.0001, "training_ds_fpath": "_train_1_8", "first_token_val_accuracy": [0.0, 0.0, 0.0, 0.002156721893697977, 0.27606040239334106, 0.5528396964073181, 0.6081955432891846, 0.5959741473197937, 0.5600287318229675, 0.5370237231254578, 0.5434938669204712, 0.5377426147460938, 0.5794392228126526, 0.5916606783866882, 0.535585880279541, 0.5384615659713745, 0.5686556696891785, 0.5664989352226257, 0.5607476830482483, 0.5629043579101562, 0.5607476830482483, 0.5528396964073181, 0.5607476830482483, 0.563623309135437, 0.5664989352226257, 0.5664989352226257, 0.5607476830482483, 0.5564342141151428, 0.5571531057357788, 0.5564342141151428, 0.563623309135437, 0.5708123445510864, 0.5722501873970032, 0.5715312957763672, 0.5700934529304504, 0.5736879706382751, 0.5715312957763672, 0.5715312957763672, 0.5715312957763672, 0.5736879706382751, 0.5729690790176392, 0.5729690790176392, 0.5736879706382751, 0.5729690790176392, 0.5736879706382751, 0.5729690790176392, 0.5758447051048279, 0.5765635967254639, 0.5772825479507446, 0.5772825479507446], "all_token_val_accuracy": [0.0, 0.0, 0.0, 0.002156721893697977, 0.27606040239334106, 0.5528396964073181, 0.6081955432891846, 0.5959741473197937, 0.5593098402023315, 0.5363048315048218, 0.5427749752998352, 0.5370237231254578, 0.5772825479507446, 0.5895039439201355, 0.534148097038269, 0.5363048315048218, 0.5664989352226257, 0.564342200756073, 0.5585909485816956, 0.5607476830482483, 0.5585909485816956, 0.5506829619407654, 0.5585909485816956, 0.5614665746688843, 0.564342200756073, 0.564342200756073, 0.5585909485816956, 0.5542774796485901, 0.5549964308738708, 0.5542774796485901, 0.5614665746688843, 0.5686556696891785, 0.5700934529304504, 0.5693745613098145, 0.5679367184638977, 0.5715312957763672, 0.5693745613098145, 0.5693745613098145, 0.5693745613098145, 0.5715312957763672, 0.5708123445510864, 0.5708123445510864, 0.5715312957763672, 0.5708123445510864, 0.5708123445510864, 0.5700934529304504, 0.5729690790176392, 0.5736879706382751, 0.5744069218635559, 0.5744069218635559]}}