{"amazonr_books_train_0_32": {"num_of_epochs": 50, "learning_rate": 0.0001, "training_ds_fpath": "_train_0_32", "first_token_val_accuracy": [0.0, 0.593817412853241, 0.5478073358535767, 0.5593098402023315, 0.5456506013870239, 0.5909417867660522, 0.5470884442329407, 0.5413371920585632, 0.6117900609970093, 0.613946795463562, 0.6527677774429321, 0.6060388088226318, 0.584471583366394, 0.5765635967254639, 0.6405463814735413, 0.5995686650276184, 0.5744069218635559, 0.6117900609970093, 0.6089144349098206, 0.6211358904838562, 0.5485262274742126, 0.5866283178329468, 0.6117900609970093, 0.594536304473877, 0.614665687084198, 0.5909417867660522, 0.6218547821044922, 0.5887850522994995, 0.6240115165710449, 0.6060388088226318, 0.6060388088226318, 0.6038820743560791, 0.6074766516685486, 0.5902228355407715, 0.5851905345916748, 0.593817412853241, 0.6103522777557373, 0.6024442911148071, 0.6031631827354431, 0.6031631827354431, 0.6096333861351013, 0.5873472094535828, 0.5988497734069824, 0.614665687084198, 0.614665687084198, 0.6175413131713867, 0.6074766516685486, 0.6232926249504089, 0.6362329125404358, 0.6110711693763733], "all_token_val_accuracy": [0.0, 0.593817412853241, 0.5478073358535767, 0.5593098402023315, 0.5456506013870239, 0.5909417867660522, 0.5470884442329407, 0.5413371920585632, 0.6117900609970093, 0.613946795463562, 0.6527677774429321, 0.6060388088226318, 0.584471583366394, 0.5765635967254639, 0.6405463814735413, 0.5995686650276184, 0.5744069218635559, 0.6117900609970093, 0.6089144349098206, 0.6211358904838562, 0.5485262274742126, 0.5866283178329468, 0.6117900609970093, 0.594536304473877, 0.614665687084198, 0.5909417867660522, 0.6218547821044922, 0.5887850522994995, 0.6240115165710449, 0.6060388088226318, 0.6060388088226318, 0.6038820743560791, 0.6074766516685486, 0.5902228355407715, 0.5851905345916748, 0.593817412853241, 0.6103522777557373, 0.6024442911148071, 0.6031631827354431, 0.6031631827354431, 0.6096333861351013, 0.5873472094535828, 0.5988497734069824, 0.614665687084198, 0.614665687084198, 0.6175413131713867, 0.6074766516685486, 0.6232926249504089, 0.6362329125404358, 0.6110711693763733]}}