{"amazon_electronics_c_train_5_16": {"num_of_epochs": 5, "learning_rate": 0.001, "training_ds_fpath": "train_5_16", "first_token_val_accuracy": [0.6850000023841858, 0.8100000023841858, 0.800000011920929, 0.7850000262260437, 0.7900000214576721], "all_token_val_accuracy": [0.6850000023841858, 0.8100000023841858, 0.800000011920929, 0.7850000262260437, 0.7900000214576721]}}