{"amazon_electronics_c_train_1_8": {"num_of_epochs": 5, "learning_rate": 0.0001, "training_ds_fpath": "train_1_8", "first_token_val_accuracy": [0.22499999403953552, 0.7699999809265137, 0.8399999737739563, 0.8849999904632568, 0.9100000262260437], "all_token_val_accuracy": [0.2199999988079071, 0.7699999809265137, 0.8349999785423279, 0.8849999904632568, 0.9100000262260437]}}