{"amazon_electronics_c_train_4_8": {"num_of_epochs": 5, "learning_rate": 0.0001, "training_ds_fpath": "train_4_8", "first_token_val_accuracy": [0.19499999284744263, 0.7549999952316284, 0.8199999928474426, 0.8899999856948853, 0.9399999976158142], "all_token_val_accuracy": [0.19499999284744263, 0.7549999952316284, 0.8199999928474426, 0.8849999904632568, 0.9399999976158142]}}