{"amazon_electronics_c_train_4_32": {"num_of_epochs": 5, "learning_rate": 0.001, "training_ds_fpath": "train_4_32", "first_token_val_accuracy": [0.8149999976158142, 0.7749999761581421, 0.7400000095367432, 0.7450000047683716, 0.7850000262260437], "all_token_val_accuracy": [0.8149999976158142, 0.7749999761581421, 0.7400000095367432, 0.7450000047683716, 0.7850000262260437]}}