{"amazon_electronics_c_train_2_4": {"num_of_epochs": 5, "learning_rate": 0.001, "training_ds_fpath": "train_2_4", "first_token_val_accuracy": [0.7049999833106995, 0.8550000190734863, 0.949999988079071, 0.9599999785423279, 0.9800000190734863], "all_token_val_accuracy": [0.699999988079071, 0.8550000190734863, 0.949999988079071, 0.9599999785423279, 0.9800000190734863]}}