{"amazon_electronics_c_train_0_4": {"num_of_epochs": 5, "learning_rate": 0.001, "training_ds_fpath": "train_0_4", "first_token_val_accuracy": [0.0, 0.41999998688697815, 0.7549999952316284, 0.7450000047683716, 0.7450000047683716], "all_token_val_accuracy": [0.0, 0.41999998688697815, 0.7549999952316284, 0.7450000047683716, 0.7450000047683716]}}