{"amazon_electronics_c_train_9_4": {"num_of_epochs": 5, "learning_rate": 0.001, "training_ds_fpath": "train_9_4", "first_token_val_accuracy": [0.0, 0.16500000655651093, 0.675000011920929, 0.7099999785423279, 0.7799999713897705], "all_token_val_accuracy": [0.0, 0.16500000655651093, 0.675000011920929, 0.7099999785423279, 0.7799999713897705]}}