{"amazon_electronics_c_train_3_8": {"num_of_epochs": 5, "learning_rate": 0.001, "training_ds_fpath": "train_3_8", "first_token_val_accuracy": [0.7699999809265137, 0.8500000238418579, 0.9900000095367432, 0.9700000286102295, 0.9700000286102295], "all_token_val_accuracy": [0.7599999904632568, 0.8500000238418579, 0.9900000095367432, 0.9700000286102295, 0.9700000286102295]}}