{"scitail_b_train_8_8": {"num_of_epochs": 30, "learning_rate": 0.001, "training_ds_fpath": "_train_8_8", "first_token_val_accuracy": [0.5664606094360352, 0.5, 0.5015456080436707, 0.5100463628768921, 0.5, 0.5285934805870056, 0.5285934805870056, 0.583462119102478, 0.5610510110855103, 0.5888717174530029, 0.5795981287956238, 0.5765069723129272, 0.5741885900497437, 0.5656877756118774, 0.557187020778656, 0.557187020778656, 0.5595054030418396, 0.5633693933486938, 0.5455950498580933, 0.614374041557312, 0.5888717174530029, 0.526275098323822, 0.5788253545761108, 0.5819165110588074, 0.5525502562522888, 0.5332303047180176, 0.5370942950248718, 0.5649150013923645, 0.5826893448829651, 0.5965996980667114], "all_token_val_accuracy": [0.5664606094360352, 0.5, 0.5015456080436707, 0.5100463628768921, 0.5, 0.5285934805870056, 0.5285934805870056, 0.583462119102478, 0.5610510110855103, 0.5888717174530029, 0.5795981287956238, 0.5765069723129272, 0.5741885900497437, 0.5656877756118774, 0.557187020778656, 0.557187020778656, 0.5595054030418396, 0.5633693933486938, 0.5455950498580933, 0.614374041557312, 0.5888717174530029, 0.526275098323822, 0.5788253545761108, 0.5819165110588074, 0.5525502562522888, 0.5332303047180176, 0.5370942950248718, 0.5649150013923645, 0.5826893448829651, 0.5965996980667114]}}