{"scitail_b_train_8_16": {"num_of_epochs": 50, "learning_rate": 0.001, "training_ds_fpath": "_train_8_16", "first_token_val_accuracy": [0.5, 0.5054095983505249, 0.5077279806137085, 0.5293663144111633, 0.5548686385154724, 0.5533230304718018, 0.5540958046913147, 0.5525502562522888, 0.5564142465591431, 0.5486862659454346, 0.5517774224281311, 0.5587326288223267, 0.557959794998169, 0.5440494418144226, 0.5463678240776062, 0.5440494418144226, 0.5471406579017639, 0.5471406579017639, 0.5455950498580933, 0.5471406579017639, 0.5479134321212769, 0.5486862659454346, 0.5486862659454346, 0.5502318143844604, 0.5471406579017639, 0.4922720193862915, 0.5162287354469299, 0.5401854515075684, 0.5510046482086182, 0.5479134321212769, 0.5510046482086182, 0.5556414127349854, 0.5595054030418396, 0.557959794998169, 0.5564142465591431, 0.5564142465591431, 0.5625966191291809, 0.5633693933486938, 0.5633693933486938, 0.5649150013923645, 0.5641421675682068, 0.5649150013923645, 0.5687789916992188, 0.5703245997428894, 0.5703245997428894, 0.5703245997428894, 0.5672333836555481, 0.568006157875061, 0.5703245997428894, 0.5703245997428894], "all_token_val_accuracy": [0.5, 0.5054095983505249, 0.5077279806137085, 0.5293663144111633, 0.5548686385154724, 0.5533230304718018, 0.5540958046913147, 0.5525502562522888, 0.5564142465591431, 0.5486862659454346, 0.5517774224281311, 0.5587326288223267, 0.557959794998169, 0.5440494418144226, 0.5463678240776062, 0.5440494418144226, 0.5471406579017639, 0.5471406579017639, 0.5455950498580933, 0.5471406579017639, 0.5479134321212769, 0.5486862659454346, 0.5486862659454346, 0.5502318143844604, 0.5471406579017639, 0.4922720193862915, 0.5162287354469299, 0.5401854515075684, 0.5510046482086182, 0.5479134321212769, 0.5510046482086182, 0.5556414127349854, 0.5595054030418396, 0.557959794998169, 0.5564142465591431, 0.5564142465591431, 0.5625966191291809, 0.5633693933486938, 0.5633693933486938, 0.5649150013923645, 0.5641421675682068, 0.5649150013923645, 0.5687789916992188, 0.5703245997428894, 0.5703245997428894, 0.5703245997428894, 0.5672333836555481, 0.568006157875061, 0.5703245997428894, 0.5703245997428894]}}