{"scitail_b_train_1_4": {"num_of_epochs": 30, "learning_rate": 0.001, "training_ds_fpath": "_train_1_4", "first_token_val_accuracy": [0.12055641412734985, 0.5, 0.47527047991752625, 0.5092735886573792, 0.5038639903068542, 0.5030912160873413, 0.5069552063941956, 0.5131375789642334, 0.5077279806137085, 0.5077279806137085, 0.5077279806137085, 0.5123647451400757, 0.5247295498847961, 0.5200927257537842, 0.5200927257537842, 0.5255023241043091, 0.5278207063674927, 0.5255023241043091, 0.515455961227417, 0.5131375789642334, 0.5170015692710876, 0.5177743434906006, 0.5193199515342712, 0.5231839418411255, 0.5231839418411255, 0.5200927257537842, 0.5224111080169678, 0.5224111080169678, 0.5216383337974548, 0.5224111080169678], "all_token_val_accuracy": [0.12055641412734985, 0.5, 0.47527047991752625, 0.5092735886573792, 0.5038639903068542, 0.5030912160873413, 0.40030911564826965, 0.5131375789642334, 0.5077279806137085, 0.5077279806137085, 0.5077279806137085, 0.5123647451400757, 0.5247295498847961, 0.5200927257537842, 0.5200927257537842, 0.5255023241043091, 0.5278207063674927, 0.5255023241043091, 0.515455961227417, 0.5131375789642334, 0.5170015692710876, 0.5177743434906006, 0.5193199515342712, 0.5231839418411255, 0.5231839418411255, 0.5200927257537842, 0.5224111080169678, 0.5224111080169678, 0.5216383337974548, 0.5224111080169678]}}