{"scitail_b_train_1_16": {"num_of_epochs": 10, "learning_rate": 0.0005, "training_ds_fpath": "_train_1_16", "first_token_val_accuracy": [0.486862450838089, 0.4945904314517975, 0.5123647451400757, 0.46986088156700134, 0.5069552063941956, 0.5316846966743469, 0.5239567160606384, 0.526275098323822, 0.5247295498847961, 0.5146831274032593], "all_token_val_accuracy": [0.486862450838089, 0.4945904314517975, 0.5123647451400757, 0.46986088156700134, 0.5069552063941956, 0.5316846966743469, 0.5239567160606384, 0.526275098323822, 0.5247295498847961, 0.5146831274032593]}}