{"scitail_b_train_3_16": {"num_of_epochs": 40, "learning_rate": 0.0005, "training_ds_fpath": "_train_3_16", "first_token_val_accuracy": [0.4814528524875641, 0.5, 0.5, 0.5077279806137085, 0.4451313614845276, 0.49845439195632935, 0.5030912160873413, 0.5216383337974548, 0.515455961227417, 0.5061823725700378, 0.49613600969314575, 0.5293663144111633, 0.5363214612007141, 0.4822256565093994, 0.5200927257537842, 0.5015456080436707, 0.5370942950248718, 0.5015456080436707, 0.49845439195632935, 0.5007727742195129, 0.4976816177368164, 0.5007727742195129, 0.49304482340812683, 0.5007727742195129, 0.5030912160873413, 0.5069552063941956, 0.5077279806137085, 0.5100463628768921, 0.5077279806137085, 0.5085007548332214, 0.5139103531837463, 0.5224111080169678, 0.5216383337974548, 0.5216383337974548, 0.5224111080169678, 0.5231839418411255, 0.5177743434906006, 0.5177743434906006, 0.5239567160606384, 0.5139103531837463], "all_token_val_accuracy": [0.4814528524875641, 0.5, 0.5, 0.5077279806137085, 0.4451313614845276, 0.49845439195632935, 0.5030912160873413, 0.5216383337974548, 0.515455961227417, 0.5061823725700378, 0.49613600969314575, 0.5293663144111633, 0.5363214612007141, 0.4822256565093994, 0.5200927257537842, 0.5015456080436707, 0.5370942950248718, 0.5015456080436707, 0.49845439195632935, 0.5007727742195129, 0.4976816177368164, 0.5007727742195129, 0.49304482340812683, 0.5007727742195129, 0.5030912160873413, 0.5069552063941956, 0.5077279806137085, 0.5100463628768921, 0.5077279806137085, 0.5085007548332214, 0.5139103531837463, 0.5224111080169678, 0.5216383337974548, 0.5216383337974548, 0.5224111080169678, 0.5231839418411255, 0.5177743434906006, 0.5177743434906006, 0.5239567160606384, 0.5139103531837463]}}