{"scitail_b_train_6_8": {"num_of_epochs": 50, "learning_rate": 0.0005, "training_ds_fpath": "_train_6_8", "first_token_val_accuracy": [0.43122100830078125, 0.5069552063941956, 0.48608964681625366, 0.5085007548332214, 0.49304482340812683, 0.5077279806137085, 0.5085007548332214, 0.515455961227417, 0.5030912160873413, 0.5131375789642334, 0.5054095983505249, 0.5162287354469299, 0.5, 0.5177743434906006, 0.5139103531837463, 0.5123647451400757, 0.5100463628768921, 0.5162287354469299, 0.5170015692710876, 0.5170015692710876, 0.5170015692710876, 0.5177743434906006, 0.5193199515342712, 0.5177743434906006, 0.5193199515342712, 0.5185471177101135, 0.5193199515342712, 0.5162287354469299, 0.5185471177101135, 0.5177743434906006, 0.5146831274032593, 0.5170015692710876, 0.5185471177101135, 0.5177743434906006, 0.5177743434906006, 0.5185471177101135, 0.5185471177101135, 0.5193199515342712, 0.5177743434906006, 0.5185471177101135, 0.5216383337974548, 0.5208655595779419, 0.5231839418411255, 0.5239567160606384, 0.5247295498847961, 0.5239567160606384, 0.5231839418411255, 0.5231839418411255, 0.5146831274032593, 0.5115919709205627], "all_token_val_accuracy": [0.43122100830078125, 0.5069552063941956, 0.48608964681625366, 0.5085007548332214, 0.49304482340812683, 0.5077279806137085, 0.5085007548332214, 0.515455961227417, 0.5030912160873413, 0.5131375789642334, 0.5054095983505249, 0.5162287354469299, 0.5, 0.5177743434906006, 0.5139103531837463, 0.5123647451400757, 0.5100463628768921, 0.5162287354469299, 0.5170015692710876, 0.5170015692710876, 0.5170015692710876, 0.5177743434906006, 0.5193199515342712, 0.5177743434906006, 0.5193199515342712, 0.5185471177101135, 0.5193199515342712, 0.5162287354469299, 0.5185471177101135, 0.5177743434906006, 0.5146831274032593, 0.5170015692710876, 0.5185471177101135, 0.5177743434906006, 0.5177743434906006, 0.5185471177101135, 0.5185471177101135, 0.5193199515342712, 0.5177743434906006, 0.5185471177101135, 0.5216383337974548, 0.5208655595779419, 0.5231839418411255, 0.5239567160606384, 0.5247295498847961, 0.5239567160606384, 0.5231839418411255, 0.5231839418411255, 0.5146831274032593, 0.5115919709205627]}}