{"scitail_b_train_9_4": {"num_of_epochs": 50, "learning_rate": 0.0005, "training_ds_fpath": "_train_9_4", "first_token_val_accuracy": [0.0, 0.0030911900103092194, 0.5, 0.5, 0.5, 0.5061823725700378, 0.5023183822631836, 0.5, 0.458268940448761, 0.4953632056713104, 0.4659969210624695, 0.45517775416374207, 0.4459041655063629, 0.44899535179138184, 0.44976815581321716, 0.46213293075561523, 0.45440495014190674, 0.4482225775718689, 0.4536321461200714, 0.4613601267337799, 0.45749613642692566, 0.44667696952819824, 0.4505409598350525, 0.45517775416374207, 0.46754249930381775, 0.46445131301879883, 0.46213293075561523, 0.4629057049751282, 0.4590417444705963, 0.46213293075561523, 0.4629057049751282, 0.4629057049751282, 0.4629057049751282, 0.4605873227119446, 0.4659969210624695, 0.471406489610672, 0.471406489610672, 0.46986088156700134, 0.47063368558883667, 0.4690881073474884, 0.46754249930381775, 0.46522411704063416, 0.4683153033256531, 0.46986088156700134, 0.4683153033256531, 0.4659969210624695, 0.4636785089969635, 0.46445131301879883, 0.46445131301879883, 0.46213293075561523], "all_token_val_accuracy": [0.0, 0.0030911900103092194, 0.5, 0.5, 0.5, 0.5061823725700378, 0.5023183822631836, 0.5, 0.458268940448761, 0.4953632056713104, 0.4659969210624695, 0.45517775416374207, 0.4459041655063629, 0.44899535179138184, 0.44976815581321716, 0.46213293075561523, 0.45440495014190674, 0.4482225775718689, 0.4536321461200714, 0.4613601267337799, 0.45749613642692566, 0.44667696952819824, 0.4505409598350525, 0.45517775416374207, 0.46754249930381775, 0.46445131301879883, 0.46213293075561523, 0.4629057049751282, 0.4590417444705963, 0.46213293075561523, 0.4629057049751282, 0.4629057049751282, 0.4629057049751282, 0.4605873227119446, 0.4659969210624695, 0.471406489610672, 0.471406489610672, 0.46986088156700134, 0.47063368558883667, 0.4690881073474884, 0.46754249930381775, 0.46522411704063416, 0.4683153033256531, 0.46986088156700134, 0.4683153033256531, 0.4659969210624695, 0.4636785089969635, 0.46445131301879883, 0.46445131301879883, 0.46213293075561523]}}