{"scitail_b_train_0_8": {"num_of_epochs": 50, "learning_rate": 0.001, "training_ds_fpath": "_train_0_8", "first_token_val_accuracy": [0.49304482340812683, 0.5, 0.5293663144111633, 0.5, 0.5, 0.4969088137149811, 0.5092735886573792, 0.5170015692710876, 0.5139103531837463, 0.5115919709205627, 0.5100463628768921, 0.5, 0.4922720193862915, 0.4899536371231079, 0.4914992153644562, 0.4914992153644562, 0.4945904314517975, 0.49381762742996216, 0.49845439195632935, 0.5, 0.5007727742195129, 0.5, 0.5007727742195129, 0.5, 0.5038639903068542, 0.5038639903068542, 0.5038639903068542, 0.5030912160873413, 0.5023183822631836, 0.5, 0.49845439195632935, 0.5007727742195129, 0.5023183822631836, 0.5015456080436707, 0.5, 0.5007727742195129, 0.5015456080436707, 0.5046367645263672, 0.5038639903068542, 0.5038639903068542, 0.4992271959781647, 0.5015456080436707, 0.5046367645263672, 0.5069552063941956, 0.5077279806137085, 0.5077279806137085, 0.5054095983505249, 0.5054095983505249, 0.4969088137149811, 0.5046367645263672], "all_token_val_accuracy": [0.49304482340812683, 0.5, 0.5293663144111633, 0.5, 0.5, 0.4969088137149811, 0.5092735886573792, 0.5170015692710876, 0.5139103531837463, 0.5115919709205627, 0.5100463628768921, 0.5, 0.4922720193862915, 0.4899536371231079, 0.4914992153644562, 0.4914992153644562, 0.4945904314517975, 0.49381762742996216, 0.49845439195632935, 0.5, 0.5007727742195129, 0.5, 0.5007727742195129, 0.5, 0.5038639903068542, 0.5038639903068542, 0.5038639903068542, 0.5030912160873413, 0.5023183822631836, 0.5, 0.49845439195632935, 0.5007727742195129, 0.5023183822631836, 0.5015456080436707, 0.5, 0.5007727742195129, 0.5015456080436707, 0.5046367645263672, 0.5038639903068542, 0.5038639903068542, 0.4992271959781647, 0.5015456080436707, 0.5046367645263672, 0.5069552063941956, 0.5077279806137085, 0.5077279806137085, 0.5054095983505249, 0.5054095983505249, 0.4969088137149811, 0.5046367645263672]}}