{"scitail_b_train_3_16": {"num_of_epochs": 40, "learning_rate": 0.0001, "training_ds_fpath": "_train_3_16", "first_token_val_accuracy": [0.0, 0.19397218525409698, 0.4891808331012726, 0.4683153033256531, 0.4899536371231079, 0.4891808331012726, 0.48763522505760193, 0.4953632056713104, 0.4891808331012726, 0.4899536371231079, 0.5015456080436707, 0.510819137096405, 0.5200927257537842, 0.5502318143844604, 0.5270479321479797, 0.5270479321479797, 0.5455950498580933, 0.5734157562255859, 0.5618237853050232, 0.5533230304718018, 0.5285934805870056, 0.5803709626197815, 0.5332303047180176, 0.5710973739624023, 0.557959794998169, 0.6066460609436035, 0.6089644432067871, 0.5896444916725159, 0.5927357077598572, 0.5440494418144226, 0.5695517659187317, 0.5540958046913147, 0.5633693933486938, 0.5780525207519531, 0.5826893448829651, 0.5850077271461487, 0.5873261094093323, 0.5919629335403442, 0.5927357077598572, 0.5927357077598572], "all_token_val_accuracy": [0.0, 0.19397218525409698, 0.4891808331012726, 0.4683153033256531, 0.4899536371231079, 0.4891808331012726, 0.48763522505760193, 0.4953632056713104, 0.4891808331012726, 0.4899536371231079, 0.5015456080436707, 0.510819137096405, 0.5200927257537842, 0.5502318143844604, 0.5270479321479797, 0.5270479321479797, 0.5455950498580933, 0.5734157562255859, 0.5618237853050232, 0.5533230304718018, 0.5285934805870056, 0.5803709626197815, 0.5332303047180176, 0.5710973739624023, 0.557959794998169, 0.6066460609436035, 0.6089644432067871, 0.5896444916725159, 0.5927357077598572, 0.5440494418144226, 0.5695517659187317, 0.5540958046913147, 0.5633693933486938, 0.5780525207519531, 0.5826893448829651, 0.5850077271461487, 0.5873261094093323, 0.5919629335403442, 0.5927357077598572, 0.5927357077598572]}}