{"scitail_b_train_1_32": {"num_of_epochs": 20, "learning_rate": 1e-05, "training_ds_fpath": "_train_1_32", "first_token_val_accuracy": [0.0, 0.0, 0.0, 0.0, 0.0, 0.0, 0.0, 0.0, 0.0, 0.0030911900103092194, 0.26506954431533813, 0.47836166620254517, 0.4953632056713104, 0.4953632056713104, 0.49381762742996216, 0.4891808331012726, 0.4814528524875641, 0.4590417444705963, 0.46522411704063416, 0.4690881073474884], "all_token_val_accuracy": [0.0, 0.0, 0.0, 0.0, 0.0, 0.0, 0.0, 0.0, 0.0, 0.0030911900103092194, 0.26506954431533813, 0.47836166620254517, 0.4953632056713104, 0.4953632056713104, 0.49381762742996216, 0.4891808331012726, 0.4814528524875641, 0.4590417444705963, 0.46522411704063416, 0.4690881073474884]}}