{"scitail_b_train_7_16": {"num_of_epochs": 50, "learning_rate": 0.0001, "training_ds_fpath": "_train_7_16", "first_token_val_accuracy": [0.0, 0.0, 0.2975270450115204, 0.4945904314517975, 0.45981451869010925, 0.5139103531837463, 0.5115919709205627, 0.5193199515342712, 0.47527047991752625, 0.4914992153644562, 0.5278207063674927, 0.5224111080169678, 0.5455950498580933, 0.5587326288223267, 0.5239567160606384, 0.5633693933486938, 0.5649150013923645, 0.5710973739624023, 0.5788253545761108, 0.572642982006073, 0.5734157562255859, 0.5826893448829651, 0.5819165110588074, 0.5741885900497437, 0.5904173254966736, 0.5935084819793701, 0.6004636883735657, 0.58809894323349, 0.5888717174530029, 0.5911900997161865, 0.6066460609436035, 0.6051004528999329, 0.599690854549408, 0.599690854549408, 0.6105100512504578, 0.6066460609436035, 0.5873261094093323, 0.5950540900230408, 0.5935084819793701, 0.598918080329895, 0.6051004528999329, 0.6035548448562622, 0.5981453061103821, 0.6066460609436035, 0.6097372770309448, 0.6159196496009827, 0.6159196496009827, 0.6058732867240906, 0.6120556592941284, 0.6105100512504578], "all_token_val_accuracy": [0.0, 0.0, 0.2975270450115204, 0.4945904314517975, 0.45981451869010925, 0.5139103531837463, 0.5115919709205627, 0.5193199515342712, 0.47527047991752625, 0.4914992153644562, 0.5278207063674927, 0.5224111080169678, 0.5455950498580933, 0.5587326288223267, 0.5239567160606384, 0.5633693933486938, 0.5649150013923645, 0.5710973739624023, 0.5788253545761108, 0.572642982006073, 0.5734157562255859, 0.5826893448829651, 0.5819165110588074, 0.5741885900497437, 0.5904173254966736, 0.5935084819793701, 0.6004636883735657, 0.58809894323349, 0.5888717174530029, 0.5911900997161865, 0.6066460609436035, 0.6051004528999329, 0.599690854549408, 0.599690854549408, 0.6105100512504578, 0.6066460609436035, 0.5873261094093323, 0.5950540900230408, 0.5935084819793701, 0.598918080329895, 0.6051004528999329, 0.6035548448562622, 0.5981453061103821, 0.6066460609436035, 0.6097372770309448, 0.6159196496009827, 0.6159196496009827, 0.6058732867240906, 0.6120556592941284, 0.6105100512504578]}}