{"scitail_b_train_0_8": {"num_of_epochs": 40, "learning_rate": 0.0001, "training_ds_fpath": "_train_0_8", "first_token_val_accuracy": [0.0, 0.0, 0.0, 0.013910355046391487, 0.4528593420982361, 0.4659969210624695, 0.4992271959781647, 0.5085007548332214, 0.5061823725700378, 0.5077279806137085, 0.5115919709205627, 0.5224111080169678, 0.5278207063674927, 0.5069552063941956, 0.510819137096405, 0.5046367645263672, 0.5123647451400757, 0.5316846966743469, 0.5363214612007141, 0.5401854515075684, 0.5510046482086182, 0.5502318143844604, 0.5649150013923645, 0.5455950498580933, 0.5618237853050232, 0.5618237853050232, 0.5633693933486938, 0.5687789916992188, 0.5540958046913147, 0.572642982006073, 0.5649150013923645, 0.5440494418144226, 0.5710973739624023, 0.583462119102478, 0.5734157562255859, 0.5486862659454346, 0.5672333836555481, 0.5100463628768921, 0.5842349529266357, 0.5772797465324402], "all_token_val_accuracy": [0.0, 0.0, 0.0, 0.013910355046391487, 0.4528593420982361, 0.4659969210624695, 0.4992271959781647, 0.5085007548332214, 0.5061823725700378, 0.5077279806137085, 0.5115919709205627, 0.5224111080169678, 0.5278207063674927, 0.5069552063941956, 0.510819137096405, 0.5046367645263672, 0.5123647451400757, 0.5316846966743469, 0.5363214612007141, 0.5401854515075684, 0.5510046482086182, 0.5502318143844604, 0.5649150013923645, 0.5455950498580933, 0.5618237853050232, 0.5618237853050232, 0.5633693933486938, 0.5687789916992188, 0.5540958046913147, 0.572642982006073, 0.5649150013923645, 0.5440494418144226, 0.5710973739624023, 0.583462119102478, 0.5734157562255859, 0.5486862659454346, 0.5672333836555481, 0.5100463628768921, 0.5842349529266357, 0.5772797465324402]}}