{"scitail_b_train_2_8": {"num_of_epochs": 5, "learning_rate": 0.0005, "training_ds_fpath": "_train_2_8", "first_token_val_accuracy": [0.4149922728538513, 0.510819137096405, 0.4914992153644562, 0.48068004846572876, 0.43122100830078125], "all_token_val_accuracy": [0.4149922728538513, 0.510819137096405, 0.4914992153644562, 0.48068004846572876, 0.43122100830078125]}}