{"scitail_b_train_7_4": {"num_of_epochs": 40, "learning_rate": 0.0001, "training_ds_fpath": "_train_7_4", "first_token_val_accuracy": [0.0, 0.0, 0.0, 0.0, 0.0, 0.0, 0.0, 0.0, 0.014683152548968792, 0.1816074252128601, 0.4304482340812683, 0.484544038772583, 0.4969088137149811, 0.5, 0.5, 0.5007727742195129, 0.4976816177368164, 0.48068004846572876, 0.4404945969581604, 0.4319938123226166, 0.48068004846572876, 0.4914992153644562, 0.48531684279441833, 0.486862450838089, 0.4528593420982361, 0.44667696952819824, 0.43663060665130615, 0.43353942036628723, 0.4319938123226166, 0.43122100830078125, 0.43663060665130615, 0.4350849986076355, 0.4319938123226166, 0.4319938123226166, 0.4358578026294708, 0.43894898891448975, 0.43431222438812256, 0.44435858726501465, 0.44899535179138184, 0.44976815581321716], "all_token_val_accuracy": [0.0, 0.0, 0.0, 0.0, 0.0, 0.0, 0.0, 0.0, 0.014683152548968792, 0.1816074252128601, 0.4304482340812683, 0.484544038772583, 0.4969088137149811, 0.5, 0.5, 0.5007727742195129, 0.4976816177368164, 0.48068004846572876, 0.4404945969581604, 0.4319938123226166, 0.48068004846572876, 0.4914992153644562, 0.48531684279441833, 0.486862450838089, 0.4528593420982361, 0.44667696952819824, 0.43663060665130615, 0.43353942036628723, 0.4319938123226166, 0.43122100830078125, 0.43663060665130615, 0.4350849986076355, 0.4319938123226166, 0.4319938123226166, 0.4358578026294708, 0.43894898891448975, 0.43431222438812256, 0.44435858726501465, 0.44899535179138184, 0.44976815581321716]}}