{"scitail_b_train_2_16": {"num_of_epochs": 5, "learning_rate": 0.0005, "training_ds_fpath": "_train_2_16", "first_token_val_accuracy": [0.5, 0.5015456080436707, 0.5007727742195129, 0.5378670692443848, 0.5200927257537842], "all_token_val_accuracy": [0.5, 0.5015456080436707, 0.5007727742195129, 0.5378670692443848, 0.5200927257537842]}}