{"scitail_b_train_1_8": {"num_of_epochs": 50, "learning_rate": 0.0005, "training_ds_fpath": "_train_1_8", "first_token_val_accuracy": [0.16460587084293365, 0.4822256565093994, 0.5170015692710876, 0.5270479321479797, 0.5185471177101135, 0.5255023241043091, 0.5208655595779419, 0.5200927257537842, 0.5162287354469299, 0.5092735886573792, 0.5092735886573792, 0.5092735886573792, 0.5162287354469299, 0.5170015692710876, 0.5054095983505249, 0.5085007548332214, 0.5038639903068542, 0.5054095983505249, 0.5092735886573792, 0.5054095983505249, 0.5085007548332214, 0.5115919709205627, 0.5100463628768921, 0.5100463628768921, 0.510819137096405, 0.5123647451400757, 0.510819137096405, 0.5100463628768921, 0.5092735886573792, 0.5085007548332214, 0.5123647451400757, 0.5069552063941956, 0.5077279806137085, 0.5085007548332214, 0.5069552063941956, 0.5030912160873413, 0.5030912160873413, 0.5015456080436707, 0.5015456080436707, 0.5030912160873413, 0.5038639903068542, 0.5054095983505249, 0.5038639903068542, 0.5038639903068542, 0.5038639903068542, 0.5061823725700378, 0.5046367645263672, 0.5030912160873413, 0.5023183822631836, 0.5054095983505249], "all_token_val_accuracy": [0.16460587084293365, 0.4822256565093994, 0.5170015692710876, 0.5270479321479797, 0.5185471177101135, 0.5255023241043091, 0.5208655595779419, 0.5200927257537842, 0.5162287354469299, 0.5092735886573792, 0.5092735886573792, 0.5092735886573792, 0.5162287354469299, 0.5170015692710876, 0.5054095983505249, 0.5085007548332214, 0.5038639903068542, 0.5054095983505249, 0.5092735886573792, 0.5054095983505249, 0.5085007548332214, 0.5115919709205627, 0.5100463628768921, 0.5100463628768921, 0.510819137096405, 0.5123647451400757, 0.510819137096405, 0.5100463628768921, 0.5092735886573792, 0.5085007548332214, 0.5123647451400757, 0.5069552063941956, 0.5077279806137085, 0.5085007548332214, 0.5069552063941956, 0.5030912160873413, 0.5030912160873413, 0.5015456080436707, 0.5015456080436707, 0.5030912160873413, 0.5038639903068542, 0.5054095983505249, 0.5038639903068542, 0.5038639903068542, 0.5038639903068542, 0.5061823725700378, 0.5046367645263672, 0.5030912160873413, 0.5023183822631836, 0.5054095983505249]}}