{"scitail_b_train_1_32": {"num_of_epochs": 20, "learning_rate": 0.0005, "training_ds_fpath": "_train_1_32", "first_token_val_accuracy": [0.5, 0.48299846053123474, 0.5, 0.458268940448761, 0.5378670692443848, 0.5347759127616882, 0.5486862659454346, 0.5703245997428894, 0.5772797465324402, 0.5548686385154724, 0.5517774224281311, 0.5479134321212769, 0.557959794998169, 0.5610510110855103, 0.5618237853050232, 0.5749613642692566, 0.5772797465324402, 0.5780525207519531, 0.5641421675682068, 0.5741885900497437], "all_token_val_accuracy": [0.5, 0.48299846053123474, 0.5, 0.458268940448761, 0.5378670692443848, 0.5347759127616882, 0.5486862659454346, 0.5703245997428894, 0.5772797465324402, 0.5548686385154724, 0.5517774224281311, 0.5479134321212769, 0.557959794998169, 0.5610510110855103, 0.5618237853050232, 0.5749613642692566, 0.5772797465324402, 0.5780525207519531, 0.5641421675682068, 0.5741885900497437]}}