{"scitail_b_train_8_32": {"num_of_epochs": 30, "learning_rate": 0.0001, "training_ds_fpath": "_train_8_32", "first_token_val_accuracy": [0.010046367533504963, 0.48531684279441833, 0.4737248718738556, 0.4667696952819824, 0.5, 0.5255023241043091, 0.5139103531837463, 0.5378670692443848, 0.5255023241043091, 0.5618237853050232, 0.572642982006073, 0.5857805013656616, 0.5811437368392944, 0.5958268642425537, 0.5896444916725159, 0.6244204044342041, 0.6290571689605713, 0.6275116205215454, 0.6352395415306091, 0.6545594930648804, 0.6476043462753296, 0.6275116205215454, 0.6421947479248047, 0.6499227285385132, 0.6066460609436035, 0.6599690914154053, 0.6591963171958923, 0.6421947479248047, 0.6537867188453674, 0.656877875328064], "all_token_val_accuracy": [0.010046367533504963, 0.48531684279441833, 0.4737248718738556, 0.4667696952819824, 0.5, 0.5255023241043091, 0.5139103531837463, 0.5378670692443848, 0.5255023241043091, 0.5618237853050232, 0.572642982006073, 0.5857805013656616, 0.5811437368392944, 0.5958268642425537, 0.5896444916725159, 0.6244204044342041, 0.6290571689605713, 0.6275116205215454, 0.6352395415306091, 0.6545594930648804, 0.6476043462753296, 0.6267387866973877, 0.6421947479248047, 0.6499227285385132, 0.6066460609436035, 0.6599690914154053, 0.6591963171958923, 0.6421947479248047, 0.6537867188453674, 0.656877875328064]}}