{"scitail_b_train_8_4": {"num_of_epochs": 40, "learning_rate": 0.001, "training_ds_fpath": "_train_8_4", "first_token_val_accuracy": [0.43122100830078125, 0.49845439195632935, 0.5, 0.49304482340812683, 0.49381762742996216, 0.48531684279441833, 0.486862450838089, 0.49072644114494324, 0.5038639903068542, 0.5007727742195129, 0.4992271959781647, 0.5007727742195129, 0.5085007548332214, 0.5085007548332214, 0.5038639903068542, 0.5085007548332214, 0.5085007548332214, 0.5115919709205627, 0.5030912160873413, 0.5046367645263672, 0.5046367645263672, 0.5046367645263672, 0.5061823725700378, 0.5046367645263672, 0.5030912160873413, 0.5038639903068542, 0.5038639903068542, 0.5038639903068542, 0.5046367645263672, 0.5054095983505249, 0.5054095983505249, 0.5030912160873413, 0.5046367645263672, 0.5038639903068542, 0.5030912160873413, 0.5030912160873413, 0.5038639903068542, 0.5030912160873413, 0.5038639903068542, 0.5030912160873413], "all_token_val_accuracy": [0.43122100830078125, 0.49845439195632935, 0.5, 0.48299846053123474, 0.49381762742996216, 0.48531684279441833, 0.486862450838089, 0.49072644114494324, 0.5038639903068542, 0.5007727742195129, 0.4992271959781647, 0.5007727742195129, 0.5085007548332214, 0.5085007548332214, 0.5038639903068542, 0.5085007548332214, 0.5085007548332214, 0.5115919709205627, 0.5030912160873413, 0.5046367645263672, 0.5046367645263672, 0.5046367645263672, 0.5061823725700378, 0.5046367645263672, 0.5030912160873413, 0.5038639903068542, 0.5038639903068542, 0.5038639903068542, 0.5046367645263672, 0.5054095983505249, 0.5054095983505249, 0.5030912160873413, 0.5046367645263672, 0.5038639903068542, 0.5030912160873413, 0.5030912160873413, 0.5038639903068542, 0.5030912160873413, 0.5038639903068542, 0.5030912160873413]}}