{"scitail_b_train_1_32": {"num_of_epochs": 40, "learning_rate": 0.0001, "training_ds_fpath": "_train_1_32", "first_token_val_accuracy": [0.05255023017525673, 0.4613601267337799, 0.5030912160873413, 0.48377126455307007, 0.4976816177368164, 0.5170015692710876, 0.49845439195632935, 0.5123647451400757, 0.5432766675949097, 0.4976816177368164, 0.5533230304718018, 0.5540958046913147, 0.557187020778656, 0.5765069723129272, 0.5911900997161865, 0.5803709626197815, 0.5842349529266357, 0.5734157562255859, 0.58809894323349, 0.5710973739624023, 0.6012364625930786, 0.6089644432067871, 0.6027820706367493, 0.6097372770309448, 0.5610510110855103, 0.6136012077331543, 0.598918080329895, 0.5935084819793701, 0.6166924238204956, 0.6182380318641663, 0.625193178653717, 0.6213291883468628, 0.6190108060836792, 0.6004636883735657, 0.6244204044342041, 0.6306027770042419, 0.6182380318641663, 0.6089644432067871, 0.5935084819793701, 0.6159196496009827], "all_token_val_accuracy": [0.05255023017525673, 0.4613601267337799, 0.5030912160873413, 0.48377126455307007, 0.4976816177368164, 0.5170015692710876, 0.49845439195632935, 0.5123647451400757, 0.5432766675949097, 0.4976816177368164, 0.5533230304718018, 0.5540958046913147, 0.557187020778656, 0.5765069723129272, 0.5911900997161865, 0.5803709626197815, 0.5842349529266357, 0.5734157562255859, 0.58809894323349, 0.5710973739624023, 0.6012364625930786, 0.6089644432067871, 0.6027820706367493, 0.6097372770309448, 0.5610510110855103, 0.6136012077331543, 0.598918080329895, 0.5935084819793701, 0.6166924238204956, 0.6182380318641663, 0.625193178653717, 0.6213291883468628, 0.6190108060836792, 0.6004636883735657, 0.6244204044342041, 0.6306027770042419, 0.6182380318641663, 0.6089644432067871, 0.5935084819793701, 0.6159196496009827]}}