{"scitail_b_train_7_8": {"num_of_epochs": 30, "learning_rate": 0.0001, "training_ds_fpath": "_train_7_8", "first_token_val_accuracy": [0.0, 0.0, 0.0, 0.13292117416858673, 0.49845439195632935, 0.5007727742195129, 0.48299846053123474, 0.49613600969314575, 0.515455961227417, 0.5247295498847961, 0.5285934805870056, 0.5293663144111633, 0.5285934805870056, 0.5069552063941956, 0.5146831274032593, 0.5370942950248718, 0.5463678240776062, 0.5448222756385803, 0.5440494418144226, 0.5448222756385803, 0.5510046482086182, 0.5734157562255859, 0.568006157875061, 0.5185471177101135, 0.5139103531837463, 0.5278207063674927, 0.5517774224281311, 0.5386399030685425, 0.5757341384887695, 0.5625966191291809], "all_token_val_accuracy": [0.0, 0.0, 0.0, 0.13292117416858673, 0.49845439195632935, 0.5007727742195129, 0.48299846053123474, 0.49613600969314575, 0.515455961227417, 0.5247295498847961, 0.5285934805870056, 0.5293663144111633, 0.5285934805870056, 0.5069552063941956, 0.5146831274032593, 0.5370942950248718, 0.5463678240776062, 0.5448222756385803, 0.5440494418144226, 0.5448222756385803, 0.5510046482086182, 0.5734157562255859, 0.568006157875061, 0.5185471177101135, 0.5139103531837463, 0.5278207063674927, 0.5517774224281311, 0.5386399030685425, 0.5757341384887695, 0.5625966191291809]}}