{"scitail_b_train_4_8": {"num_of_epochs": 40, "learning_rate": 0.001, "training_ds_fpath": "_train_4_8", "first_token_val_accuracy": [0.5, 0.4953632056713104, 0.5, 0.5, 0.5, 0.5046367645263672, 0.48840802907943726, 0.5123647451400757, 0.5370942950248718, 0.5316846966743469, 0.5208655595779419, 0.5378670692443848, 0.5293663144111633, 0.5386399030685425, 0.5386399030685425, 0.5409582853317261, 0.5401854515075684, 0.541731059551239, 0.5401854515075684, 0.5340030789375305, 0.5316846966743469, 0.5332303047180176, 0.5347759127616882, 0.5316846966743469, 0.5340030789375305, 0.5324574708938599, 0.5340030789375305, 0.5340030789375305, 0.530911922454834, 0.5316846966743469, 0.5316846966743469, 0.5324574708938599, 0.5324574708938599, 0.5340030789375305, 0.5340030789375305, 0.5355486869812012, 0.5340030789375305, 0.5347759127616882, 0.5324574708938599, 0.5324574708938599], "all_token_val_accuracy": [0.5, 0.4953632056713104, 0.5, 0.5, 0.5, 0.5046367645263672, 0.48840802907943726, 0.5123647451400757, 0.5370942950248718, 0.5316846966743469, 0.5208655595779419, 0.5378670692443848, 0.5293663144111633, 0.5386399030685425, 0.5386399030685425, 0.5409582853317261, 0.5401854515075684, 0.541731059551239, 0.5401854515075684, 0.5340030789375305, 0.5316846966743469, 0.5332303047180176, 0.5347759127616882, 0.5316846966743469, 0.5340030789375305, 0.5324574708938599, 0.5340030789375305, 0.5340030789375305, 0.530911922454834, 0.5316846966743469, 0.5316846966743469, 0.5324574708938599, 0.5324574708938599, 0.5340030789375305, 0.5340030789375305, 0.5355486869812012, 0.5340030789375305, 0.5347759127616882, 0.5324574708938599, 0.5324574708938599]}}