{"scitail_b_train_6_16": {"num_of_epochs": 50, "learning_rate": 0.0001, "training_ds_fpath": "_train_6_16", "first_token_val_accuracy": [0.0, 0.0030911900103092194, 0.4969088137149811, 0.48608964681625366, 0.5046367645263672, 0.4659969210624695, 0.5115919709205627, 0.5015456080436707, 0.5030912160873413, 0.510819137096405, 0.5030912160873413, 0.5115919709205627, 0.5069552063941956, 0.5316846966743469, 0.5085007548332214, 0.5131375789642334, 0.5324574708938599, 0.5092735886573792, 0.530911922454834, 0.5394126772880554, 0.5301390886306763, 0.5378670692443848, 0.5394126772880554, 0.5370942950248718, 0.5463678240776062, 0.5347759127616882, 0.5479134321212769, 0.5432766675949097, 0.541731059551239, 0.5432766675949097, 0.5363214612007141, 0.5363214612007141, 0.5471406579017639, 0.5432766675949097, 0.5502318143844604, 0.5525502562522888, 0.5471406579017639, 0.541731059551239, 0.557187020778656, 0.5432766675949097, 0.5556414127349854, 0.5587326288223267, 0.5533230304718018, 0.5510046482086182, 0.5533230304718018, 0.5649150013923645, 0.557187020778656, 0.5540958046913147, 0.557187020778656, 0.5564142465591431], "all_token_val_accuracy": [0.0, 0.0030911900103092194, 0.4969088137149811, 0.48608964681625366, 0.5046367645263672, 0.4659969210624695, 0.5115919709205627, 0.5015456080436707, 0.5030912160873413, 0.510819137096405, 0.5030912160873413, 0.5115919709205627, 0.5069552063941956, 0.5316846966743469, 0.5085007548332214, 0.5131375789642334, 0.5324574708938599, 0.5092735886573792, 0.530911922454834, 0.5394126772880554, 0.5301390886306763, 0.5378670692443848, 0.5394126772880554, 0.5370942950248718, 0.5463678240776062, 0.5347759127616882, 0.5479134321212769, 0.5432766675949097, 0.541731059551239, 0.5432766675949097, 0.5363214612007141, 0.5363214612007141, 0.5471406579017639, 0.5432766675949097, 0.5502318143844604, 0.5525502562522888, 0.5471406579017639, 0.541731059551239, 0.557187020778656, 0.5432766675949097, 0.5556414127349854, 0.5587326288223267, 0.5533230304718018, 0.5510046482086182, 0.5533230304718018, 0.5649150013923645, 0.557187020778656, 0.5540958046913147, 0.557187020778656, 0.5564142465591431]}}