{"scitail_b_train_5_4": {"num_of_epochs": 50, "learning_rate": 0.0005, "training_ds_fpath": "_train_5_4", "first_token_val_accuracy": [0.0, 0.07418856024742126, 0.4992271959781647, 0.49845439195632935, 0.5, 0.4914992153644562, 0.4799072742462158, 0.4814528524875641, 0.47836166620254517, 0.49613600969314575, 0.4945904314517975, 0.4945904314517975, 0.49613600969314575, 0.5069552063941956, 0.5092735886573792, 0.5162287354469299, 0.5115919709205627, 0.5023183822631836, 0.4969088137149811, 0.4992271959781647, 0.49845439195632935, 0.4914992153644562, 0.4899536371231079, 0.49072644114494324, 0.4914992153644562, 0.49304482340812683, 0.4953632056713104, 0.49613600969314575, 0.49845439195632935, 0.4992271959781647, 0.5, 0.5, 0.4969088137149811, 0.4953632056713104, 0.49381762742996216, 0.49304482340812683, 0.4945904314517975, 0.4945904314517975, 0.49381762742996216, 0.4969088137149811, 0.4992271959781647, 0.4992271959781647, 0.5, 0.5, 0.4969088137149811, 0.49613600969314575, 0.4945904314517975, 0.49613600969314575, 0.49613600969314575, 0.49613600969314575], "all_token_val_accuracy": [0.0, 0.07418856024742126, 0.4992271959781647, 0.49845439195632935, 0.5, 0.4914992153644562, 0.4799072742462158, 0.4814528524875641, 0.47836166620254517, 0.49613600969314575, 0.4945904314517975, 0.4945904314517975, 0.49613600969314575, 0.5069552063941956, 0.5092735886573792, 0.5162287354469299, 0.5115919709205627, 0.5023183822631836, 0.4969088137149811, 0.4992271959781647, 0.49845439195632935, 0.4914992153644562, 0.4899536371231079, 0.49072644114494324, 0.4914992153644562, 0.49304482340812683, 0.4953632056713104, 0.49613600969314575, 0.49845439195632935, 0.4992271959781647, 0.5, 0.5, 0.4969088137149811, 0.4953632056713104, 0.49381762742996216, 0.49304482340812683, 0.4945904314517975, 0.4945904314517975, 0.49381762742996216, 0.4969088137149811, 0.4992271959781647, 0.4992271959781647, 0.5, 0.5, 0.4969088137149811, 0.49613600969314575, 0.4945904314517975, 0.49613600969314575, 0.49613600969314575, 0.49613600969314575]}}