{"scitail_b_train_6_32": {"num_of_epochs": 30, "learning_rate": 0.0005, "training_ds_fpath": "_train_6_32", "first_token_val_accuracy": [0.4891808331012726, 0.5046367645263672, 0.5100463628768921, 0.5695517659187317, 0.6027820706367493, 0.6236476302146912, 0.6020092964172363, 0.6530138850212097, 0.5919629335403442, 0.6197836399078369, 0.6530138850212097, 0.6174651980400085, 0.6553323268890381, 0.6530138850212097, 0.6599690914154053, 0.6576507091522217, 0.6576507091522217, 0.6684698462486267, 0.6646058559417725, 0.6638330817222595, 0.6638330817222595, 0.6676970720291138, 0.6483771204948425, 0.6537867188453674, 0.5695517659187317, 0.5710973739624023, 0.5556414127349854, 0.5850077271461487, 0.5935084819793701, 0.6035548448562622], "all_token_val_accuracy": [0.4891808331012726, 0.5046367645263672, 0.5100463628768921, 0.5695517659187317, 0.6027820706367493, 0.6236476302146912, 0.6020092964172363, 0.6530138850212097, 0.5919629335403442, 0.6197836399078369, 0.6530138850212097, 0.6174651980400085, 0.6553323268890381, 0.6530138850212097, 0.6599690914154053, 0.6576507091522217, 0.6576507091522217, 0.6684698462486267, 0.6646058559417725, 0.6638330817222595, 0.6638330817222595, 0.6676970720291138, 0.6483771204948425, 0.6537867188453674, 0.5695517659187317, 0.5710973739624023, 0.5556414127349854, 0.5850077271461487, 0.5935084819793701, 0.6035548448562622]}}