{"scitail_b_train_9_16": {"num_of_epochs": 30, "learning_rate": 0.0005, "training_ds_fpath": "_train_9_16", "first_token_val_accuracy": [0.4992271959781647, 0.5409582853317261, 0.5378670692443848, 0.5448222756385803, 0.530911922454834, 0.5502318143844604, 0.5463678240776062, 0.583462119102478, 0.5494590401649475, 0.5502318143844604, 0.5664606094360352, 0.5718701481819153, 0.568006157875061, 0.5672333836555481, 0.5656877756118774, 0.5595054030418396, 0.5641421675682068, 0.5595054030418396, 0.5587326288223267, 0.5602782368659973, 0.5548686385154724, 0.5548686385154724, 0.5595054030418396, 0.5602782368659973, 0.5448222756385803, 0.5425038933753967, 0.541731059551239, 0.5525502562522888, 0.557959794998169, 0.5587326288223267], "all_token_val_accuracy": [0.4992271959781647, 0.5409582853317261, 0.5378670692443848, 0.5448222756385803, 0.530911922454834, 0.5502318143844604, 0.5463678240776062, 0.583462119102478, 0.5494590401649475, 0.5502318143844604, 0.5664606094360352, 0.5718701481819153, 0.568006157875061, 0.5672333836555481, 0.5656877756118774, 0.5595054030418396, 0.5641421675682068, 0.5595054030418396, 0.5587326288223267, 0.5602782368659973, 0.5548686385154724, 0.5548686385154724, 0.5595054030418396, 0.5602782368659973, 0.5448222756385803, 0.5425038933753967, 0.541731059551239, 0.5525502562522888, 0.557959794998169, 0.5587326288223267]}}