{"scitail_b_train_9_32": {"num_of_epochs": 30, "learning_rate": 1e-05, "training_ds_fpath": "_train_9_32", "first_token_val_accuracy": [0.0, 0.0, 0.0, 0.0, 0.0, 0.0, 0.0, 0.0, 0.0, 0.0, 0.0007727975025773048, 0.022411128506064415, 0.21561050415039062, 0.42581143975257874, 0.48608964681625366, 0.49381762742996216, 0.4945904314517975, 0.4922720193862915, 0.48377126455307007, 0.4667696952819824, 0.4659969210624695, 0.46522411704063416, 0.4590417444705963, 0.44899535179138184, 0.4482225775718689, 0.45208656787872314, 0.4435857832431793, 0.4505409598350525, 0.4435857832431793, 0.45208656787872314], "all_token_val_accuracy": [0.0, 0.0, 0.0, 0.0, 0.0, 0.0, 0.0, 0.0, 0.0, 0.0, 0.0007727975025773048, 0.022411128506064415, 0.21561050415039062, 0.42581143975257874, 0.48608964681625366, 0.49381762742996216, 0.4945904314517975, 0.4922720193862915, 0.48377126455307007, 0.4667696952819824, 0.4659969210624695, 0.46522411704063416, 0.4590417444705963, 0.44899535179138184, 0.4482225775718689, 0.45208656787872314, 0.4435857832431793, 0.4505409598350525, 0.4435857832431793, 0.45208656787872314]}}