{"scitail_b_train_6_16": {"num_of_epochs": 30, "learning_rate": 0.0005, "training_ds_fpath": "_train_6_16", "first_token_val_accuracy": [0.4667696952819824, 0.4992271959781647, 0.5278207063674927, 0.5231839418411255, 0.5224111080169678, 0.5301390886306763, 0.5540958046913147, 0.557187020778656, 0.557959794998169, 0.5595054030418396, 0.5525502562522888, 0.557187020778656, 0.5564142465591431, 0.5548686385154724, 0.5587326288223267, 0.5602782368659973, 0.5595054030418396, 0.5587326288223267, 0.5548686385154724, 0.557959794998169, 0.5587326288223267, 0.5602782368659973, 0.5564142465591431, 0.5556414127349854, 0.557959794998169, 0.5595054030418396, 0.5595054030418396, 0.557187020778656, 0.557187020778656, 0.5564142465591431], "all_token_val_accuracy": [0.4667696952819824, 0.4992271959781647, 0.5278207063674927, 0.5231839418411255, 0.5224111080169678, 0.5301390886306763, 0.5540958046913147, 0.557187020778656, 0.557959794998169, 0.5595054030418396, 0.5525502562522888, 0.557187020778656, 0.5564142465591431, 0.5548686385154724, 0.5587326288223267, 0.5602782368659973, 0.5595054030418396, 0.5587326288223267, 0.5548686385154724, 0.557959794998169, 0.5587326288223267, 0.5602782368659973, 0.5564142465591431, 0.5556414127349854, 0.557959794998169, 0.5595054030418396, 0.5595054030418396, 0.557187020778656, 0.557187020778656, 0.5564142465591431]}}