{"scitail_b_train_0_32": {"num_of_epochs": 50, "learning_rate": 1e-05, "training_ds_fpath": "_train_0_32", "first_token_val_accuracy": [0.0, 0.0, 0.0, 0.0, 0.0, 0.0, 0.0, 0.0, 0.0, 0.0, 0.027047913521528244, 0.4034003019332886, 0.4922720193862915, 0.4969088137149811, 0.49613600969314575, 0.49381762742996216, 0.486862450838089, 0.4690881073474884, 0.4721792936325073, 0.455950528383255, 0.4536321461200714, 0.44899535179138184, 0.4528593420982361, 0.4505409598350525, 0.44976815581321716, 0.4683153033256531, 0.471406489610672, 0.46986088156700134, 0.4605873227119446, 0.4659969210624695, 0.47295209765434265, 0.47527047991752625, 0.4683153033256531, 0.46754249930381775, 0.47063368558883667, 0.4922720193862915, 0.5077279806137085, 0.4976816177368164, 0.5216383337974548, 0.5092735886573792, 0.5100463628768921, 0.510819137096405, 0.5193199515342712, 0.5193199515342712, 0.4976816177368164, 0.5231839418411255, 0.5301390886306763, 0.5324574708938599, 0.5316846966743469, 0.5409582853317261], "all_token_val_accuracy": [0.0, 0.0, 0.0, 0.0, 0.0, 0.0, 0.0, 0.0, 0.0, 0.0, 0.027047913521528244, 0.4034003019332886, 0.4922720193862915, 0.4969088137149811, 0.49613600969314575, 0.49381762742996216, 0.486862450838089, 0.4690881073474884, 0.4721792936325073, 0.455950528383255, 0.4536321461200714, 0.44899535179138184, 0.4528593420982361, 0.4505409598350525, 0.44976815581321716, 0.4683153033256531, 0.471406489610672, 0.46986088156700134, 0.4605873227119446, 0.4659969210624695, 0.47295209765434265, 0.47527047991752625, 0.4683153033256531, 0.46754249930381775, 0.47063368558883667, 0.4922720193862915, 0.5077279806137085, 0.4976816177368164, 0.5216383337974548, 0.5092735886573792, 0.5100463628768921, 0.510819137096405, 0.5193199515342712, 0.5193199515342712, 0.4976816177368164, 0.5231839418411255, 0.5301390886306763, 0.5324574708938599, 0.5316846966743469, 0.5409582853317261]}}