{"scitail_b_train_5_4": {"num_of_epochs": 10, "learning_rate": 0.001, "training_ds_fpath": "_train_5_4", "first_token_val_accuracy": [0.028593508526682854, 0.49613600969314575, 0.5015456080436707, 0.5224111080169678, 0.5131375789642334, 0.5270479321479797, 0.5208655595779419, 0.5409582853317261, 0.5208655595779419, 0.5324574708938599], "all_token_val_accuracy": [0.028593508526682854, 0.49613600969314575, 0.45672333240509033, 0.5224111080169678, 0.5131375789642334, 0.5270479321479797, 0.5208655595779419, 0.5409582853317261, 0.5208655595779419, 0.5324574708938599]}}