{"scitail_b_train_6_16": {"num_of_epochs": 50, "learning_rate": 1e-05, "training_ds_fpath": "_train_6_16", "first_token_val_accuracy": [0.0, 0.0, 0.0, 0.0, 0.0, 0.0, 0.0, 0.0, 0.0, 0.0, 0.0, 0.0, 0.0, 0.0, 0.0, 0.0, 0.0, 0.0, 0.0, 0.0007727975025773048, 0.0069551775231957436, 0.04945904016494751, 0.23724883794784546, 0.39721792936325073, 0.4629057049751282, 0.4760432839393616, 0.4814528524875641, 0.48531684279441833, 0.48377126455307007, 0.48377126455307007, 0.4791344702243805, 0.4760432839393616, 0.471406489610672, 0.4690881073474884, 0.46986088156700134, 0.46754249930381775, 0.4590417444705963, 0.4536321461200714, 0.44667696952819824, 0.44744977355003357, 0.44667696952819824, 0.4451313614845276, 0.442812979221344, 0.4459041655063629, 0.44976815581321716, 0.44744977355003357, 0.44667696952819824, 0.45440495014190674, 0.45440495014190674, 0.4667696952819824], "all_token_val_accuracy": [0.0, 0.0, 0.0, 0.0, 0.0, 0.0, 0.0, 0.0, 0.0, 0.0, 0.0, 0.0, 0.0, 0.0, 0.0, 0.0, 0.0, 0.0, 0.0, 0.0007727975025773048, 0.0069551775231957436, 0.04945904016494751, 0.23724883794784546, 0.39721792936325073, 0.4629057049751282, 0.4760432839393616, 0.4814528524875641, 0.48531684279441833, 0.48377126455307007, 0.48377126455307007, 0.4791344702243805, 0.4760432839393616, 0.471406489610672, 0.4690881073474884, 0.46986088156700134, 0.46754249930381775, 0.4590417444705963, 0.4536321461200714, 0.44667696952819824, 0.44744977355003357, 0.44667696952819824, 0.4451313614845276, 0.442812979221344, 0.4459041655063629, 0.44976815581321716, 0.44744977355003357, 0.44667696952819824, 0.45440495014190674, 0.45440495014190674, 0.4667696952819824]}}