{"scitail_b_train_7_8": {"num_of_epochs": 10, "learning_rate": 0.0005, "training_ds_fpath": "_train_7_8", "first_token_val_accuracy": [0.007727975491434336, 0.49845439195632935, 0.4992271959781647, 0.5, 0.486862450838089, 0.5077279806137085, 0.5370942950248718, 0.5386399030685425, 0.5239567160606384, 0.5510046482086182], "all_token_val_accuracy": [0.007727975491434336, 0.49845439195632935, 0.4992271959781647, 0.5, 0.486862450838089, 0.5077279806137085, 0.5370942950248718, 0.5386399030685425, 0.5239567160606384, 0.5510046482086182]}}