{"scitail_b_train_7_16": {"num_of_epochs": 40, "learning_rate": 0.001, "training_ds_fpath": "_train_7_16", "first_token_val_accuracy": [0.5170015692710876, 0.49845439195632935, 0.5200927257537842, 0.557959794998169, 0.5873261094093323, 0.5502318143844604, 0.615146815776825, 0.629830002784729, 0.6275116205215454, 0.6336939930915833, 0.6290571689605713, 0.6321483850479126, 0.6313755512237549, 0.6344667673110962, 0.6329211592674255, 0.6336939930915833, 0.6352395415306091, 0.6329211592674255, 0.6352395415306091, 0.6321483850479126, 0.6321483850479126, 0.6344667673110962, 0.6329211592674255, 0.629830002784729, 0.6259660124778748, 0.629830002784729, 0.6375579833984375, 0.6352395415306091, 0.6375579833984375, 0.6367851495742798, 0.6375579833984375, 0.6344667673110962, 0.6321483850479126, 0.6375579833984375, 0.6375579833984375, 0.6367851495742798, 0.6344667673110962, 0.6306027770042419, 0.6329211592674255, 0.6360123753547668], "all_token_val_accuracy": [0.5170015692710876, 0.49845439195632935, 0.5200927257537842, 0.557959794998169, 0.5873261094093323, 0.5502318143844604, 0.615146815776825, 0.629830002784729, 0.6275116205215454, 0.6336939930915833, 0.6290571689605713, 0.6321483850479126, 0.6313755512237549, 0.6344667673110962, 0.6329211592674255, 0.6336939930915833, 0.6352395415306091, 0.6329211592674255, 0.6352395415306091, 0.6321483850479126, 0.6321483850479126, 0.6344667673110962, 0.6329211592674255, 0.629830002784729, 0.6259660124778748, 0.629830002784729, 0.6375579833984375, 0.6352395415306091, 0.6375579833984375, 0.6367851495742798, 0.6375579833984375, 0.6344667673110962, 0.6321483850479126, 0.6375579833984375, 0.6375579833984375, 0.6367851495742798, 0.6344667673110962, 0.6306027770042419, 0.6329211592674255, 0.6360123753547668]}}