{"scitail_b_train_6_32": {"num_of_epochs": 40, "learning_rate": 1e-05, "training_ds_fpath": "_train_6_32", "first_token_val_accuracy": [0.0, 0.0, 0.0, 0.0, 0.0, 0.0, 0.0, 0.0, 0.0, 0.0007727975025773048, 0.026275115087628365, 0.30216383934020996, 0.4613601267337799, 0.48763522505760193, 0.49381762742996216, 0.49304482340812683, 0.486862450838089, 0.4899536371231079, 0.48068004846572876, 0.4690881073474884, 0.44744977355003357, 0.4404945969581604, 0.4435857832431793, 0.4451313614845276, 0.458268940448761, 0.44899535179138184, 0.4482225775718689, 0.45208656787872314, 0.44744977355003357, 0.4528593420982361, 0.4513137638568878, 0.4536321461200714, 0.45749613642692566, 0.4590417444705963, 0.45440495014190674, 0.458268940448761, 0.45981451869010925, 0.45981451869010925, 0.46754249930381775, 0.46213293075561523], "all_token_val_accuracy": [0.0, 0.0, 0.0, 0.0, 0.0, 0.0, 0.0, 0.0, 0.0, 0.0007727975025773048, 0.026275115087628365, 0.30216383934020996, 0.4613601267337799, 0.48763522505760193, 0.49381762742996216, 0.49304482340812683, 0.486862450838089, 0.4899536371231079, 0.48068004846572876, 0.4690881073474884, 0.44744977355003357, 0.4404945969581604, 0.4435857832431793, 0.4451313614845276, 0.458268940448761, 0.44899535179138184, 0.4482225775718689, 0.45208656787872314, 0.44744977355003357, 0.4528593420982361, 0.4513137638568878, 0.4536321461200714, 0.45749613642692566, 0.4590417444705963, 0.45440495014190674, 0.458268940448761, 0.45981451869010925, 0.45981451869010925, 0.46754249930381775, 0.46213293075561523]}}