{"scitail_b_train_2_8": {"num_of_epochs": 10, "learning_rate": 0.0001, "training_ds_fpath": "_train_2_8", "first_token_val_accuracy": [0.0, 0.0, 0.0, 0.0, 0.05332303047180176, 0.385625958442688, 0.4659969210624695, 0.44744977355003357, 0.4613601267337799, 0.49304482340812683], "all_token_val_accuracy": [0.0, 0.0, 0.0, 0.0, 0.05332303047180176, 0.385625958442688, 0.4659969210624695, 0.44744977355003357, 0.4613601267337799, 0.49304482340812683]}}