{"scitail_b_train_2_32": {"num_of_epochs": 30, "learning_rate": 1e-05, "training_ds_fpath": "_train_2_32", "first_token_val_accuracy": [0.0, 0.0, 0.0, 0.0, 0.0, 0.0, 0.0, 0.0, 0.0030911900103092194, 0.2982998490333557, 0.4737248718738556, 0.4899536371231079, 0.4822256565093994, 0.48299846053123474, 0.486862450838089, 0.4505409598350525, 0.44899535179138184, 0.46213293075561523, 0.4605873227119446, 0.45981451869010925, 0.4721792936325073, 0.4814528524875641, 0.4891808331012726, 0.4667696952819824, 0.4976816177368164, 0.49381762742996216, 0.515455961227417, 0.4953632056713104, 0.486862450838089, 0.48377126455307007], "all_token_val_accuracy": [0.0, 0.0, 0.0, 0.0, 0.0, 0.0, 0.0, 0.0, 0.0030911900103092194, 0.2982998490333557, 0.4737248718738556, 0.4899536371231079, 0.4822256565093994, 0.48299846053123474, 0.486862450838089, 0.4505409598350525, 0.44899535179138184, 0.46213293075561523, 0.4605873227119446, 0.45981451869010925, 0.4721792936325073, 0.4814528524875641, 0.4891808331012726, 0.4667696952819824, 0.4976816177368164, 0.49381762742996216, 0.515455961227417, 0.4953632056713104, 0.486862450838089, 0.48377126455307007]}}