{"scitail_b_train_0_16": {"num_of_epochs": 10, "learning_rate": 0.0001, "training_ds_fpath": "_train_0_16", "first_token_val_accuracy": [0.0, 0.08268933743238449, 0.4976816177368164, 0.5247295498847961, 0.5340030789375305, 0.5239567160606384, 0.5432766675949097, 0.5548686385154724, 0.5649150013923645, 0.5888717174530029], "all_token_val_accuracy": [0.0, 0.08268933743238449, 0.4969088137149811, 0.5247295498847961, 0.5340030789375305, 0.5239567160606384, 0.5432766675949097, 0.5548686385154724, 0.5649150013923645, 0.5888717174530029]}}