{"scitail_b_train_4_16": {"num_of_epochs": 5, "learning_rate": 0.0001, "training_ds_fpath": "_train_4_16", "first_token_val_accuracy": [0.0, 0.0015455950051546097, 0.4976816177368164, 0.5007727742195129, 0.5085007548332214], "all_token_val_accuracy": [0.0, 0.0015455950051546097, 0.4976816177368164, 0.5007727742195129, 0.5085007548332214]}}