{"scitail_b_train_8_8": {"num_of_epochs": 40, "learning_rate": 0.0005, "training_ds_fpath": "_train_8_8", "first_token_val_accuracy": [0.3840803802013397, 0.44744977355003357, 0.5007727742195129, 0.4914992153644562, 0.5216383337974548, 0.48299846053123474, 0.5247295498847961, 0.5170015692710876, 0.4969088137149811, 0.5030912160873413, 0.5301390886306763, 0.5216383337974548, 0.5293663144111633, 0.530911922454834, 0.5270479321479797, 0.5332303047180176, 0.5370942950248718, 0.5494590401649475, 0.5486862659454346, 0.5448222756385803, 0.5386399030685425, 0.5502318143844604, 0.5479134321212769, 0.5448222756385803, 0.5502318143844604, 0.5540958046913147, 0.5455950498580933, 0.5440494418144226, 0.5448222756385803, 0.5455950498580933, 0.5471406579017639, 0.5479134321212769, 0.5502318143844604, 0.5479134321212769, 0.5471406579017639, 0.5463678240776062, 0.5463678240776062, 0.5448222756385803, 0.5455950498580933, 0.5463678240776062], "all_token_val_accuracy": [0.3840803802013397, 0.44744977355003357, 0.5007727742195129, 0.4914992153644562, 0.5216383337974548, 0.48299846053123474, 0.5247295498847961, 0.5170015692710876, 0.4969088137149811, 0.5030912160873413, 0.5301390886306763, 0.5216383337974548, 0.5293663144111633, 0.530911922454834, 0.5270479321479797, 0.5332303047180176, 0.5370942950248718, 0.5494590401649475, 0.5486862659454346, 0.5448222756385803, 0.5386399030685425, 0.5502318143844604, 0.5479134321212769, 0.5448222756385803, 0.5502318143844604, 0.5540958046913147, 0.5455950498580933, 0.5440494418144226, 0.5448222756385803, 0.5455950498580933, 0.5471406579017639, 0.5479134321212769, 0.5502318143844604, 0.5479134321212769, 0.5471406579017639, 0.5463678240776062, 0.5463678240776062, 0.5448222756385803, 0.5455950498580933, 0.5463678240776062]}}