{"scitail_b_train_0_4": {"num_of_epochs": 5, "learning_rate": 0.0005, "training_ds_fpath": "_train_0_4", "first_token_val_accuracy": [0.0, 0.5170015692710876, 0.4899536371231079, 0.5100463628768921, 0.5231839418411255], "all_token_val_accuracy": [0.0, 0.5170015692710876, 0.48763522505760193, 0.5085007548332214, 0.5231839418411255]}}