{"scitail_b_train_2_16": {"num_of_epochs": 50, "learning_rate": 0.001, "training_ds_fpath": "_train_2_16", "first_token_val_accuracy": [0.5525502562522888, 0.5, 0.49845439195632935, 0.5, 0.5285934805870056, 0.5038639903068542, 0.5625966191291809, 0.5772797465324402, 0.5904173254966736, 0.5788253545761108, 0.5765069723129272, 0.5935084819793701, 0.5896444916725159, 0.5772797465324402, 0.5826893448829651, 0.5811437368392944, 0.583462119102478, 0.5803709626197815, 0.5788253545761108, 0.5780525207519531, 0.5780525207519531, 0.5795981287956238, 0.5795981287956238, 0.5780525207519531, 0.5788253545761108, 0.5803709626197815, 0.5826893448829651, 0.5811437368392944, 0.5826893448829651, 0.5826893448829651, 0.5842349529266357, 0.5865533351898193, 0.5857805013656616, 0.5850077271461487, 0.5865533351898193, 0.5857805013656616, 0.5857805013656616, 0.5865533351898193, 0.5850077271461487, 0.5904173254966736, 0.5865533351898193, 0.5865533351898193, 0.5850077271461487, 0.5842349529266357, 0.5850077271461487, 0.5873261094093323, 0.5873261094093323, 0.5873261094093323, 0.5873261094093323, 0.5857805013656616], "all_token_val_accuracy": [0.5525502562522888, 0.5, 0.49845439195632935, 0.5, 0.5285934805870056, 0.5038639903068542, 0.5625966191291809, 0.5772797465324402, 0.5904173254966736, 0.5788253545761108, 0.5765069723129272, 0.5935084819793701, 0.5896444916725159, 0.5772797465324402, 0.5826893448829651, 0.5811437368392944, 0.583462119102478, 0.5803709626197815, 0.5788253545761108, 0.5780525207519531, 0.5780525207519531, 0.5795981287956238, 0.5795981287956238, 0.5780525207519531, 0.5788253545761108, 0.5803709626197815, 0.5826893448829651, 0.5811437368392944, 0.5826893448829651, 0.5826893448829651, 0.5842349529266357, 0.5865533351898193, 0.5857805013656616, 0.5850077271461487, 0.5865533351898193, 0.5857805013656616, 0.5857805013656616, 0.5865533351898193, 0.5850077271461487, 0.5904173254966736, 0.5865533351898193, 0.5865533351898193, 0.5850077271461487, 0.5842349529266357, 0.5850077271461487, 0.5873261094093323, 0.5873261094093323, 0.5873261094093323, 0.5873261094093323, 0.5857805013656616]}}