{"scitail_b_train_3_8": {"num_of_epochs": 40, "learning_rate": 0.001, "training_ds_fpath": "_train_3_8", "first_token_val_accuracy": [0.4992271959781647, 0.5, 0.5061823725700378, 0.5, 0.46445131301879883, 0.47527047991752625, 0.48068004846572876, 0.48608964681625366, 0.49613600969314575, 0.5092735886573792, 0.5007727742195129, 0.5023183822631836, 0.4992271959781647, 0.4992271959781647, 0.5139103531837463, 0.5131375789642334, 0.5038639903068542, 0.5061823725700378, 0.5046367645263672, 0.510819137096405, 0.5069552063941956, 0.5069552063941956, 0.5092735886573792, 0.510819137096405, 0.5100463628768921, 0.5092735886573792, 0.5077279806137085, 0.5100463628768921, 0.5092735886573792, 0.5007727742195129, 0.49613600969314575, 0.4969088137149811, 0.5239567160606384, 0.5486862659454346, 0.5378670692443848, 0.5363214612007141, 0.5332303047180176, 0.5324574708938599, 0.5340030789375305, 0.5340030789375305], "all_token_val_accuracy": [0.4992271959781647, 0.5, 0.5061823725700378, 0.5, 0.46445131301879883, 0.47527047991752625, 0.48068004846572876, 0.48608964681625366, 0.49613600969314575, 0.5092735886573792, 0.5007727742195129, 0.5023183822631836, 0.4992271959781647, 0.4992271959781647, 0.5139103531837463, 0.5131375789642334, 0.5038639903068542, 0.5061823725700378, 0.5046367645263672, 0.510819137096405, 0.5069552063941956, 0.5069552063941956, 0.5092735886573792, 0.510819137096405, 0.5100463628768921, 0.5092735886573792, 0.5077279806137085, 0.5100463628768921, 0.5092735886573792, 0.5007727742195129, 0.49613600969314575, 0.4969088137149811, 0.5239567160606384, 0.5486862659454346, 0.5378670692443848, 0.5363214612007141, 0.5332303047180176, 0.5324574708938599, 0.5340030789375305, 0.5340030789375305]}}