{"scitail_b_train_9_8": {"num_of_epochs": 50, "learning_rate": 0.0005, "training_ds_fpath": "_train_9_8", "first_token_val_accuracy": [0.2959814667701721, 0.4992271959781647, 0.5069552063941956, 0.5, 0.5085007548332214, 0.5177743434906006, 0.530911922454834, 0.5278207063674927, 0.5471406579017639, 0.5177743434906006, 0.530911922454834, 0.5270479321479797, 0.5494590401649475, 0.5695517659187317, 0.5664606094360352, 0.5540958046913147, 0.5610510110855103, 0.557187020778656, 0.5587326288223267, 0.5602782368659973, 0.5633693933486938, 0.557959794998169, 0.5587326288223267, 0.557959794998169, 0.5540958046913147, 0.557187020778656, 0.5564142465591431, 0.5587326288223267, 0.5587326288223267, 0.5610510110855103, 0.5625966191291809, 0.5656877756118774, 0.5649150013923645, 0.5664606094360352, 0.568006157875061, 0.5703245997428894, 0.5718701481819153, 0.5687789916992188, 0.5703245997428894, 0.5703245997428894, 0.5718701481819153, 0.572642982006073, 0.572642982006073, 0.5734157562255859, 0.5710973739624023, 0.5734157562255859, 0.572642982006073, 0.572642982006073, 0.5718701481819153, 0.5703245997428894], "all_token_val_accuracy": [0.2959814667701721, 0.4992271959781647, 0.5069552063941956, 0.5, 0.5085007548332214, 0.5177743434906006, 0.530911922454834, 0.5278207063674927, 0.5471406579017639, 0.5177743434906006, 0.530911922454834, 0.5270479321479797, 0.5494590401649475, 0.5695517659187317, 0.5664606094360352, 0.5540958046913147, 0.5610510110855103, 0.557187020778656, 0.5587326288223267, 0.5602782368659973, 0.5633693933486938, 0.557959794998169, 0.5587326288223267, 0.557959794998169, 0.5540958046913147, 0.557187020778656, 0.5564142465591431, 0.5587326288223267, 0.5587326288223267, 0.5610510110855103, 0.5625966191291809, 0.5656877756118774, 0.5649150013923645, 0.5664606094360352, 0.568006157875061, 0.5703245997428894, 0.5718701481819153, 0.5687789916992188, 0.5703245997428894, 0.5703245997428894, 0.5718701481819153, 0.572642982006073, 0.572642982006073, 0.5734157562255859, 0.5710973739624023, 0.5734157562255859, 0.572642982006073, 0.572642982006073, 0.5718701481819153, 0.5703245997428894]}}