{"scitail_b_train_1_8": {"num_of_epochs": 40, "learning_rate": 0.0001, "training_ds_fpath": "_train_1_8", "first_token_val_accuracy": [0.0, 0.0, 0.0007727975025773048, 0.03554868698120117, 0.45749613642692566, 0.48531684279441833, 0.47295209765434265, 0.5054095983505249, 0.5038639903068542, 0.5115919709205627, 0.4953632056713104, 0.5162287354469299, 0.5146831274032593, 0.5146831274032593, 0.5146831274032593, 0.5170015692710876, 0.5208655595779419, 0.5139103531837463, 0.5200927257537842, 0.5332303047180176, 0.5139103531837463, 0.5231839418411255, 0.5193199515342712, 0.5270479321479797, 0.5270479321479797, 0.5255023241043091, 0.5278207063674927, 0.5293663144111633, 0.5255023241043091, 0.5193199515342712, 0.5170015692710876, 0.5355486869812012, 0.5285934805870056, 0.5363214612007141, 0.5355486869812012, 0.5316846966743469, 0.5394126772880554, 0.5355486869812012, 0.5409582853317261, 0.5394126772880554], "all_token_val_accuracy": [0.0, 0.0, 0.0007727975025773048, 0.03554868698120117, 0.45749613642692566, 0.48531684279441833, 0.47295209765434265, 0.5054095983505249, 0.5038639903068542, 0.5115919709205627, 0.4953632056713104, 0.5162287354469299, 0.5146831274032593, 0.5146831274032593, 0.5146831274032593, 0.5170015692710876, 0.5208655595779419, 0.5139103531837463, 0.5200927257537842, 0.5332303047180176, 0.5139103531837463, 0.5231839418411255, 0.5193199515342712, 0.5270479321479797, 0.5270479321479797, 0.5255023241043091, 0.5278207063674927, 0.5293663144111633, 0.5255023241043091, 0.5193199515342712, 0.5170015692710876, 0.5355486869812012, 0.5285934805870056, 0.5363214612007141, 0.5355486869812012, 0.5316846966743469, 0.5394126772880554, 0.5355486869812012, 0.5409582853317261, 0.5394126772880554]}}