{"scitail_b_train_6_16": {"num_of_epochs": 20, "learning_rate": 0.001, "training_ds_fpath": "_train_6_16", "first_token_val_accuracy": [0.510819137096405, 0.5015456080436707, 0.49381762742996216, 0.5170015692710876, 0.5115919709205627, 0.5734157562255859, 0.5540958046913147, 0.5502318143844604, 0.5463678240776062, 0.5448222756385803, 0.5432766675949097, 0.5425038933753967, 0.5432766675949097, 0.5401854515075684, 0.541731059551239, 0.541731059551239, 0.5432766675949097, 0.541731059551239, 0.5432766675949097, 0.5409582853317261], "all_token_val_accuracy": [0.510819137096405, 0.5015456080436707, 0.49381762742996216, 0.5170015692710876, 0.5115919709205627, 0.5734157562255859, 0.5540958046913147, 0.5502318143844604, 0.5463678240776062, 0.5448222756385803, 0.5432766675949097, 0.5425038933753967, 0.5432766675949097, 0.5401854515075684, 0.541731059551239, 0.541731059551239, 0.5432766675949097, 0.541731059551239, 0.5432766675949097, 0.5409582853317261]}}