{"scitail_b_train_2_32": {"num_of_epochs": 50, "learning_rate": 0.0001, "training_ds_fpath": "_train_2_32", "first_token_val_accuracy": [0.023183925077319145, 0.40803709626197815, 0.5061823725700378, 0.4721792936325073, 0.5115919709205627, 0.48068004846572876, 0.5077279806137085, 0.49304482340812683, 0.5332303047180176, 0.5502318143844604, 0.5502318143844604, 0.5533230304718018, 0.568006157875061, 0.5672333836555481, 0.6020092964172363, 0.5826893448829651, 0.6051004528999329, 0.5664606094360352, 0.6004636883735657, 0.5911900997161865, 0.6027820706367493, 0.6043276786804199, 0.5749613642692566, 0.5788253545761108, 0.58809894323349, 0.6336939930915833, 0.5850077271461487, 0.6066460609436035, 0.6221020221710205, 0.5981453061103821, 0.625193178653717, 0.640649139881134, 0.6105100512504578, 0.6197836399078369, 0.6166924238204956, 0.6213291883468628, 0.6166924238204956, 0.6128284335136414, 0.6012364625930786, 0.615146815776825, 0.6391035318374634, 0.656877875328064, 0.5378670692443848, 0.6530138850212097, 0.5942813158035278, 0.6352395415306091, 0.5935084819793701, 0.6414219737052917, 0.625193178653717, 0.6367851495742798], "all_token_val_accuracy": [0.022411128506064415, 0.40803709626197815, 0.5061823725700378, 0.4721792936325073, 0.5115919709205627, 0.48068004846572876, 0.5077279806137085, 0.49304482340812683, 0.5332303047180176, 0.5502318143844604, 0.5502318143844604, 0.5533230304718018, 0.568006157875061, 0.5672333836555481, 0.6020092964172363, 0.5826893448829651, 0.6051004528999329, 0.5664606094360352, 0.6004636883735657, 0.5911900997161865, 0.6027820706367493, 0.6043276786804199, 0.5749613642692566, 0.5788253545761108, 0.58809894323349, 0.6336939930915833, 0.5850077271461487, 0.6066460609436035, 0.6221020221710205, 0.5981453061103821, 0.625193178653717, 0.640649139881134, 0.6105100512504578, 0.6197836399078369, 0.6166924238204956, 0.6213291883468628, 0.6166924238204956, 0.6128284335136414, 0.6012364625930786, 0.615146815776825, 0.6391035318374634, 0.656877875328064, 0.5378670692443848, 0.6530138850212097, 0.5942813158035278, 0.6352395415306091, 0.5935084819793701, 0.6414219737052917, 0.625193178653717, 0.6367851495742798]}}