{"scitail_b_train_8_4": {"num_of_epochs": 40, "learning_rate": 0.0005, "training_ds_fpath": "_train_8_4", "first_token_val_accuracy": [0.0, 0.37944358587265015, 0.4659969210624695, 0.4922720193862915, 0.5054095983505249, 0.5301390886306763, 0.5425038933753967, 0.5200927257537842, 0.5208655595779419, 0.5401854515075684, 0.5525502562522888, 0.5278207063674927, 0.5316846966743469, 0.5401854515075684, 0.5463678240776062, 0.5355486869812012, 0.5355486869812012, 0.5386399030685425, 0.5510046482086182, 0.5177743434906006, 0.5255023241043091, 0.5185471177101135, 0.5177743434906006, 0.5378670692443848, 0.526275098323822, 0.5193199515342712, 0.5231839418411255, 0.5200927257537842, 0.5193199515342712, 0.5200927257537842, 0.526275098323822, 0.5255023241043091, 0.5285934805870056, 0.5278207063674927, 0.5278207063674927, 0.5285934805870056, 0.5293663144111633, 0.5293663144111633, 0.5301390886306763, 0.530911922454834], "all_token_val_accuracy": [0.0, 0.37712520360946655, 0.46522411704063416, 0.4922720193862915, 0.5054095983505249, 0.5301390886306763, 0.5425038933753967, 0.5200927257537842, 0.5208655595779419, 0.5401854515075684, 0.5525502562522888, 0.5278207063674927, 0.5316846966743469, 0.5401854515075684, 0.5463678240776062, 0.5355486869812012, 0.5355486869812012, 0.5386399030685425, 0.5510046482086182, 0.5177743434906006, 0.5255023241043091, 0.5185471177101135, 0.5177743434906006, 0.5378670692443848, 0.526275098323822, 0.5193199515342712, 0.5231839418411255, 0.5200927257537842, 0.5193199515342712, 0.5200927257537842, 0.526275098323822, 0.5255023241043091, 0.5285934805870056, 0.5278207063674927, 0.5278207063674927, 0.5285934805870056, 0.5293663144111633, 0.5293663144111633, 0.5301390886306763, 0.530911922454834]}}