{"scitail_b_train_5_16": {"num_of_epochs": 30, "learning_rate": 1e-05, "training_ds_fpath": "_train_5_16", "first_token_val_accuracy": [0.0, 0.0, 0.0, 0.0, 0.0, 0.0, 0.0, 0.0, 0.0, 0.0, 0.0, 0.0, 0.0, 0.0, 0.0, 0.0, 0.0, 0.0, 0.0069551775231957436, 0.05255023017525673, 0.25579598546028137, 0.43122100830078125, 0.4659969210624695, 0.4791344702243805, 0.4914992153644562, 0.4969088137149811, 0.49613600969314575, 0.4976816177368164, 0.49381762742996216, 0.49304482340812683], "all_token_val_accuracy": [0.0, 0.0, 0.0, 0.0, 0.0, 0.0, 0.0, 0.0, 0.0, 0.0, 0.0, 0.0, 0.0, 0.0, 0.0, 0.0, 0.0, 0.0, 0.0069551775231957436, 0.05255023017525673, 0.25579598546028137, 0.43122100830078125, 0.4659969210624695, 0.4791344702243805, 0.4914992153644562, 0.4969088137149811, 0.49613600969314575, 0.4976816177368164, 0.49381762742996216, 0.49304482340812683]}}