{"scitail_b_train_4_4": {"num_of_epochs": 20, "learning_rate": 0.0005, "training_ds_fpath": "_train_4_4", "first_token_val_accuracy": [0.0, 0.12828439474105835, 0.4629057049751282, 0.4327666163444519, 0.49072644114494324, 0.4922720193862915, 0.515455961227417, 0.5023183822631836, 0.5085007548332214, 0.5077279806137085, 0.49845439195632935, 0.5054095983505249, 0.5285934805870056, 0.5255023241043091, 0.5239567160606384, 0.5293663144111633, 0.5285934805870056, 0.5247295498847961, 0.5231839418411255, 0.5301390886306763], "all_token_val_accuracy": [0.0, 0.12828439474105835, 0.4629057049751282, 0.4327666163444519, 0.49072644114494324, 0.4922720193862915, 0.515455961227417, 0.5023183822631836, 0.5085007548332214, 0.5077279806137085, 0.49845439195632935, 0.5054095983505249, 0.5285934805870056, 0.5255023241043091, 0.5239567160606384, 0.5293663144111633, 0.5285934805870056, 0.5247295498847961, 0.5231839418411255, 0.5301390886306763]}}