{"scitail_b_train_7_16": {"num_of_epochs": 10, "learning_rate": 0.0005, "training_ds_fpath": "_train_7_16", "first_token_val_accuracy": [0.5224111080169678, 0.5293663144111633, 0.5, 0.572642982006073, 0.5479134321212769, 0.5687789916992188, 0.5950540900230408, 0.5625966191291809, 0.58809894323349, 0.572642982006073], "all_token_val_accuracy": [0.5224111080169678, 0.5293663144111633, 0.5, 0.572642982006073, 0.5479134321212769, 0.5687789916992188, 0.5950540900230408, 0.5625966191291809, 0.58809894323349, 0.572642982006073]}}