{"scitail_b_train_2_16": {"num_of_epochs": 40, "learning_rate": 0.0001, "training_ds_fpath": "_train_2_16", "first_token_val_accuracy": [0.0, 0.06105100363492966, 0.486862450838089, 0.5115919709205627, 0.5054095983505249, 0.5448222756385803, 0.5540958046913147, 0.557959794998169, 0.5780525207519531, 0.5185471177101135, 0.557187020778656, 0.5649150013923645, 0.5146831274032593, 0.5850077271461487, 0.5355486869812012, 0.6043276786804199, 0.5641421675682068, 0.5981453061103821, 0.5595054030418396, 0.6043276786804199, 0.6290571689605713, 0.5958268642425537, 0.6437403559684753, 0.6360123753547668, 0.6352395415306091, 0.6213291883468628, 0.6352395415306091, 0.5911900997161865, 0.629830002784729, 0.6128284335136414, 0.6615146994590759, 0.6375579833984375, 0.5842349529266357, 0.6398763656616211, 0.6545594930648804, 0.557187020778656, 0.6182380318641663, 0.6398763656616211, 0.6244204044342041, 0.5873261094093323], "all_token_val_accuracy": [0.0, 0.06105100363492966, 0.486862450838089, 0.5115919709205627, 0.5054095983505249, 0.5448222756385803, 0.5540958046913147, 0.557959794998169, 0.5780525207519531, 0.5185471177101135, 0.557187020778656, 0.5649150013923645, 0.5146831274032593, 0.5850077271461487, 0.5355486869812012, 0.6043276786804199, 0.5641421675682068, 0.5981453061103821, 0.5595054030418396, 0.6043276786804199, 0.6290571689605713, 0.5958268642425537, 0.6437403559684753, 0.6360123753547668, 0.6352395415306091, 0.6213291883468628, 0.6352395415306091, 0.5911900997161865, 0.629830002784729, 0.6128284335136414, 0.6615146994590759, 0.6375579833984375, 0.5842349529266357, 0.6398763656616211, 0.6545594930648804, 0.557187020778656, 0.6182380318641663, 0.6398763656616211, 0.6244204044342041, 0.5873261094093323]}}