{"scitail_b_train_1_8": {"num_of_epochs": 10, "learning_rate": 0.0001, "training_ds_fpath": "_train_1_8", "first_token_val_accuracy": [0.0, 0.0, 0.0, 0.23183925449848175, 0.47295209765434265, 0.4721792936325073, 0.4822256565093994, 0.5162287354469299, 0.5146831274032593, 0.5077279806137085], "all_token_val_accuracy": [0.0, 0.0, 0.0, 0.23183925449848175, 0.47295209765434265, 0.4721792936325073, 0.4822256565093994, 0.5162287354469299, 0.5146831274032593, 0.5077279806137085]}}