{"scitail_b_train_4_32": {"num_of_epochs": 30, "learning_rate": 1e-05, "training_ds_fpath": "_train_4_32", "first_token_val_accuracy": [0.0, 0.0, 0.0, 0.0, 0.0, 0.0, 0.0, 0.0, 0.0, 0.0007727975025773048, 0.06955178081989288, 0.3964451253414154, 0.46986088156700134, 0.48608964681625366, 0.486862450838089, 0.486862450838089, 0.47295209765434265, 0.46522411704063416, 0.4590417444705963, 0.4629057049751282, 0.45672333240509033, 0.4451313614845276, 0.4482225775718689, 0.44976815581321716, 0.45672333240509033, 0.4513137638568878, 0.4505409598350525, 0.4613601267337799, 0.46754249930381775, 0.45672333240509033], "all_token_val_accuracy": [0.0, 0.0, 0.0, 0.0, 0.0, 0.0, 0.0, 0.0, 0.0, 0.0007727975025773048, 0.06955178081989288, 0.3964451253414154, 0.46986088156700134, 0.48608964681625366, 0.486862450838089, 0.486862450838089, 0.47295209765434265, 0.46522411704063416, 0.4590417444705963, 0.4629057049751282, 0.45672333240509033, 0.4451313614845276, 0.4482225775718689, 0.44976815581321716, 0.45672333240509033, 0.4513137638568878, 0.4505409598350525, 0.4613601267337799, 0.46754249930381775, 0.45672333240509033]}}