{"scitail_b_train_4_32": {"num_of_epochs": 20, "learning_rate": 1e-05, "training_ds_fpath": "_train_4_32", "first_token_val_accuracy": [0.0, 0.0, 0.0, 0.0, 0.0, 0.0, 0.0, 0.0, 0.0, 0.13060277700424194, 0.4737248718738556, 0.4953632056713104, 0.49613600969314575, 0.49613600969314575, 0.4969088137149811, 0.49072644114494324, 0.48531684279441833, 0.47527047991752625, 0.45672333240509033, 0.4605873227119446], "all_token_val_accuracy": [0.0, 0.0, 0.0, 0.0, 0.0, 0.0, 0.0, 0.0, 0.0, 0.13060277700424194, 0.4737248718738556, 0.4953632056713104, 0.49613600969314575, 0.49613600969314575, 0.4969088137149811, 0.49072644114494324, 0.48531684279441833, 0.47527047991752625, 0.45672333240509033, 0.4605873227119446]}}