{"scitail_b_train_8_32": {"num_of_epochs": 40, "learning_rate": 0.0001, "training_ds_fpath": "_train_8_32", "first_token_val_accuracy": [0.1112828403711319, 0.4744976758956909, 0.5015456080436707, 0.4945904314517975, 0.5131375789642334, 0.5139103531837463, 0.5425038933753967, 0.5239567160606384, 0.5540958046913147, 0.5463678240776062, 0.557187020778656, 0.5857805013656616, 0.5687789916992188, 0.5942813158035278, 0.6166924238204956, 0.5664606094360352, 0.6483771204948425, 0.5347759127616882, 0.6004636883735657, 0.625193178653717, 0.625193178653717, 0.6290571689605713, 0.6530138850212097, 0.640649139881134, 0.6537867188453674, 0.6383307576179504, 0.6367851495742798, 0.6522411108016968, 0.6514683365821838, 0.6499227285385132, 0.6197836399078369, 0.6584234833717346, 0.6336939930915833, 0.5981453061103821, 0.656105101108551, 0.6043276786804199, 0.6105100512504578, 0.6398763656616211, 0.6027820706367493, 0.6352395415306091], "all_token_val_accuracy": [0.1112828403711319, 0.4744976758956909, 0.5015456080436707, 0.4945904314517975, 0.5131375789642334, 0.5139103531837463, 0.5425038933753967, 0.5239567160606384, 0.5540958046913147, 0.5463678240776062, 0.557187020778656, 0.5857805013656616, 0.5687789916992188, 0.5942813158035278, 0.6166924238204956, 0.5664606094360352, 0.6483771204948425, 0.5347759127616882, 0.6004636883735657, 0.625193178653717, 0.625193178653717, 0.6290571689605713, 0.6530138850212097, 0.640649139881134, 0.6537867188453674, 0.6383307576179504, 0.6367851495742798, 0.6522411108016968, 0.6514683365821838, 0.6499227285385132, 0.6197836399078369, 0.6584234833717346, 0.6336939930915833, 0.5981453061103821, 0.656105101108551, 0.6043276786804199, 0.6105100512504578, 0.6398763656616211, 0.6027820706367493, 0.6352395415306091]}}