{"scitail_b_train_0_16": {"num_of_epochs": 5, "learning_rate": 0.001, "training_ds_fpath": "_train_0_16", "first_token_val_accuracy": [0.4659969210624695, 0.5, 0.5085007548332214, 0.5231839418411255, 0.5409582853317261], "all_token_val_accuracy": [0.4659969210624695, 0.5, 0.5085007548332214, 0.5231839418411255, 0.5409582853317261]}}