{"scitail_b_train_5_8": {"num_of_epochs": 5, "learning_rate": 0.001, "training_ds_fpath": "_train_5_8", "first_token_val_accuracy": [0.5208655595779419, 0.5170015692710876, 0.49304482340812683, 0.5177743434906006, 0.49845439195632935], "all_token_val_accuracy": [0.5208655595779419, 0.5170015692710876, 0.49304482340812683, 0.5177743434906006, 0.49845439195632935]}}