{"scitail_b_train_1_16": {"num_of_epochs": 5, "learning_rate": 0.001, "training_ds_fpath": "_train_1_16", "first_token_val_accuracy": [0.5255023241043091, 0.4976816177368164, 0.5200927257537842, 0.5255023241043091, 0.5401854515075684], "all_token_val_accuracy": [0.5255023241043091, 0.4976816177368164, 0.5200927257537842, 0.5255023241043091, 0.5401854515075684]}}