{"scitail_b_train_2_32": {"num_of_epochs": 20, "learning_rate": 0.0005, "training_ds_fpath": "_train_2_32", "first_token_val_accuracy": [0.5, 0.5015456080436707, 0.5942813158035278, 0.5965996980667114, 0.5973724722862244, 0.5981453061103821, 0.6313755512237549, 0.6306027770042419, 0.6290571689605713, 0.6329211592674255, 0.6329211592674255, 0.6336939930915833, 0.6375579833984375, 0.6460587382316589, 0.6622874736785889, 0.656105101108551, 0.6599690914154053, 0.6514683365821838, 0.6499227285385132, 0.6506955027580261], "all_token_val_accuracy": [0.5, 0.5015456080436707, 0.5942813158035278, 0.5965996980667114, 0.5973724722862244, 0.5981453061103821, 0.6313755512237549, 0.6306027770042419, 0.6290571689605713, 0.6329211592674255, 0.6329211592674255, 0.6336939930915833, 0.6375579833984375, 0.6460587382316589, 0.6622874736785889, 0.656105101108551, 0.6599690914154053, 0.6514683365821838, 0.6499227285385132, 0.6506955027580261]}}