{"scitail_b_train_4_16": {"num_of_epochs": 50, "learning_rate": 0.001, "training_ds_fpath": "_train_4_16", "first_token_val_accuracy": [0.5, 0.5, 0.4945904314517975, 0.5, 0.49381762742996216, 0.5046367645263672, 0.4992271959781647, 0.5216383337974548, 0.557959794998169, 0.5378670692443848, 0.5587326288223267, 0.557959794998169, 0.5587326288223267, 0.5564142465591431, 0.568006157875061, 0.5656877756118774, 0.5656877756118774, 0.5687789916992188, 0.5703245997428894, 0.5703245997428894, 0.5687789916992188, 0.5695517659187317, 0.5695517659187317, 0.5695517659187317, 0.5687789916992188, 0.568006157875061, 0.5703245997428894, 0.5703245997428894, 0.5703245997428894, 0.5703245997428894, 0.5718701481819153, 0.5710973739624023, 0.568006157875061, 0.5687789916992188, 0.5695517659187317, 0.5695517659187317, 0.5703245997428894, 0.5703245997428894, 0.5695517659187317, 0.5695517659187317, 0.5695517659187317, 0.5672333836555481, 0.5687789916992188, 0.5695517659187317, 0.5687789916992188, 0.5687789916992188, 0.5695517659187317, 0.5687789916992188, 0.5687789916992188, 0.568006157875061], "all_token_val_accuracy": [0.5, 0.5, 0.4945904314517975, 0.5, 0.49381762742996216, 0.5046367645263672, 0.4992271959781647, 0.5216383337974548, 0.557959794998169, 0.5378670692443848, 0.5587326288223267, 0.557959794998169, 0.5587326288223267, 0.5564142465591431, 0.568006157875061, 0.5656877756118774, 0.5656877756118774, 0.5687789916992188, 0.5703245997428894, 0.5703245997428894, 0.5687789916992188, 0.5695517659187317, 0.5695517659187317, 0.5695517659187317, 0.5687789916992188, 0.568006157875061, 0.5703245997428894, 0.5703245997428894, 0.5703245997428894, 0.5703245997428894, 0.5718701481819153, 0.5710973739624023, 0.568006157875061, 0.5687789916992188, 0.5695517659187317, 0.5695517659187317, 0.5703245997428894, 0.5703245997428894, 0.5695517659187317, 0.5695517659187317, 0.5695517659187317, 0.5672333836555481, 0.5687789916992188, 0.5695517659187317, 0.5687789916992188, 0.5687789916992188, 0.5695517659187317, 0.5687789916992188, 0.5687789916992188, 0.568006157875061]}}