{"scitail_b_train_9_4": {"num_of_epochs": 40, "learning_rate": 0.0001, "training_ds_fpath": "_train_9_4", "first_token_val_accuracy": [0.0, 0.0, 0.0, 0.0, 0.0, 0.0, 0.0030911900103092194, 0.3052550256252289, 0.4412674009799957, 0.48763522505760193, 0.48608964681625366, 0.45749613642692566, 0.4304482340812683, 0.4744976758956909, 0.5123647451400757, 0.5162287354469299, 0.4953632056713104, 0.49072644114494324, 0.5085007548332214, 0.5170015692710876, 0.5170015692710876, 0.5007727742195129, 0.5092735886573792, 0.5061823725700378, 0.5007727742195129, 0.5115919709205627, 0.5069552063941956, 0.5054095983505249, 0.4605873227119446, 0.43122100830078125, 0.43894898891448975, 0.4922720193862915, 0.48840802907943726, 0.4690881073474884, 0.41112828254699707, 0.4064914882183075, 0.4018547236919403, 0.41808345913887024, 0.4404945969581604, 0.4482225775718689], "all_token_val_accuracy": [0.0, 0.0, 0.0, 0.0, 0.0, 0.0, 0.0030911900103092194, 0.3052550256252289, 0.4412674009799957, 0.48763522505760193, 0.48608964681625366, 0.45749613642692566, 0.4304482340812683, 0.4744976758956909, 0.5123647451400757, 0.5162287354469299, 0.4953632056713104, 0.49072644114494324, 0.5085007548332214, 0.5170015692710876, 0.5170015692710876, 0.5007727742195129, 0.5092735886573792, 0.5061823725700378, 0.5007727742195129, 0.5115919709205627, 0.5069552063941956, 0.5054095983505249, 0.4605873227119446, 0.43122100830078125, 0.43894898891448975, 0.4922720193862915, 0.48840802907943726, 0.4690881073474884, 0.41112828254699707, 0.4064914882183075, 0.4018547236919403, 0.41808345913887024, 0.4404945969581604, 0.4482225775718689]}}