{"scitail_b_train_3_16": {"num_of_epochs": 5, "learning_rate": 0.0001, "training_ds_fpath": "_train_3_16", "first_token_val_accuracy": [0.0, 0.15069551765918732, 0.45440495014190674, 0.45208656787872314, 0.49613600969314575], "all_token_val_accuracy": [0.0, 0.14837712049484253, 0.45440495014190674, 0.45208656787872314, 0.49613600969314575]}}