{"scitail_b_train_8_32": {"num_of_epochs": 20, "learning_rate": 0.001, "training_ds_fpath": "_train_8_32", "first_token_val_accuracy": [0.5, 0.5, 0.5170015692710876, 0.6004636883735657, 0.5718701481819153, 0.5803709626197815, 0.5850077271461487, 0.5734157562255859, 0.615146815776825, 0.6043276786804199, 0.58809894323349, 0.6035548448562622, 0.6051004528999329, 0.6043276786804199, 0.6066460609436035, 0.6012364625930786, 0.6027820706367493, 0.5958268642425537, 0.5935084819793701, 0.5935084819793701], "all_token_val_accuracy": [0.5, 0.5, 0.5170015692710876, 0.6004636883735657, 0.5718701481819153, 0.5803709626197815, 0.5850077271461487, 0.5734157562255859, 0.615146815776825, 0.6043276786804199, 0.58809894323349, 0.6035548448562622, 0.6051004528999329, 0.6043276786804199, 0.6066460609436035, 0.6012364625930786, 0.6027820706367493, 0.5958268642425537, 0.5935084819793701, 0.5935084819793701]}}