{"scitail_b_train_1_4": {"num_of_epochs": 40, "learning_rate": 0.0005, "training_ds_fpath": "_train_1_4", "first_token_val_accuracy": [0.0, 0.074961356818676, 0.4513137638568878, 0.5115919709205627, 0.5, 0.49072644114494324, 0.4914992153644562, 0.48531684279441833, 0.458268940448761, 0.510819137096405, 0.5216383337974548, 0.5069552063941956, 0.5061823725700378, 0.5046367645263672, 0.5146831274032593, 0.5123647451400757, 0.5170015692710876, 0.5200927257537842, 0.5208655595779419, 0.5177743434906006, 0.5200927257537842, 0.5193199515342712, 0.5193199515342712, 0.5231839418411255, 0.5216383337974548, 0.5224111080169678, 0.5216383337974548, 0.5216383337974548, 0.5216383337974548, 0.5200927257537842, 0.5216383337974548, 0.5255023241043091, 0.5255023241043091, 0.5270479321479797, 0.5278207063674927, 0.5270479321479797, 0.5255023241043091, 0.5270479321479797, 0.5270479321479797, 0.5270479321479797], "all_token_val_accuracy": [0.0, 0.074961356818676, 0.4513137638568878, 0.5115919709205627, 0.5, 0.49072644114494324, 0.4914992153644562, 0.48531684279441833, 0.458268940448761, 0.510819137096405, 0.5216383337974548, 0.5069552063941956, 0.5061823725700378, 0.5046367645263672, 0.5146831274032593, 0.5123647451400757, 0.5170015692710876, 0.5200927257537842, 0.5208655595779419, 0.5177743434906006, 0.5200927257537842, 0.5193199515342712, 0.5193199515342712, 0.5231839418411255, 0.5216383337974548, 0.5224111080169678, 0.5216383337974548, 0.5216383337974548, 0.5216383337974548, 0.5200927257537842, 0.5216383337974548, 0.5255023241043091, 0.5255023241043091, 0.5270479321479797, 0.5278207063674927, 0.5270479321479797, 0.5255023241043091, 0.5270479321479797, 0.5270479321479797, 0.5270479321479797]}}