{"scitail_b_train_3_32": {"num_of_epochs": 10, "learning_rate": 0.0005, "training_ds_fpath": "_train_3_32", "first_token_val_accuracy": [0.49613600969314575, 0.49381762742996216, 0.4945904314517975, 0.5440494418144226, 0.5455950498580933, 0.5587326288223267, 0.5803709626197815, 0.6058732867240906, 0.5942813158035278, 0.6174651980400085], "all_token_val_accuracy": [0.49613600969314575, 0.49381762742996216, 0.4945904314517975, 0.5440494418144226, 0.5455950498580933, 0.5587326288223267, 0.5803709626197815, 0.6058732867240906, 0.5942813158035278, 0.6174651980400085]}}