{"scitail_b_train_0_16": {"num_of_epochs": 50, "learning_rate": 1e-05, "training_ds_fpath": "_train_0_16", "first_token_val_accuracy": [0.0, 0.0, 0.0, 0.0, 0.0, 0.0, 0.0, 0.0, 0.0, 0.0, 0.0, 0.0, 0.0, 0.0, 0.0, 0.0, 0.0, 0.003863987745717168, 0.07109737396240234, 0.3446677029132843, 0.46213293075561523, 0.48763522505760193, 0.484544038772583, 0.48840802907943726, 0.4922720193862915, 0.49304482340812683, 0.49072644114494324, 0.4814528524875641, 0.47527047991752625, 0.4744976758956909, 0.4613601267337799, 0.4605873227119446, 0.46213293075561523, 0.45440495014190674, 0.44899535179138184, 0.45208656787872314, 0.458268940448761, 0.45440495014190674, 0.45440495014190674, 0.4528593420982361, 0.4891808331012726, 0.4760432839393616, 0.47295209765434265, 0.4922720193862915, 0.455950528383255, 0.45208656787872314, 0.45440495014190674, 0.49072644114494324, 0.49613600969314575, 0.5077279806137085], "all_token_val_accuracy": [0.0, 0.0, 0.0, 0.0, 0.0, 0.0, 0.0, 0.0, 0.0, 0.0, 0.0, 0.0, 0.0, 0.0, 0.0, 0.0, 0.0, 0.003863987745717168, 0.07109737396240234, 0.3446677029132843, 0.46213293075561523, 0.48763522505760193, 0.484544038772583, 0.48840802907943726, 0.4922720193862915, 0.49304482340812683, 0.49072644114494324, 0.4814528524875641, 0.47527047991752625, 0.4744976758956909, 0.4613601267337799, 0.4605873227119446, 0.46213293075561523, 0.45440495014190674, 0.44899535179138184, 0.45208656787872314, 0.458268940448761, 0.45440495014190674, 0.45440495014190674, 0.4528593420982361, 0.4891808331012726, 0.4760432839393616, 0.47295209765434265, 0.4922720193862915, 0.455950528383255, 0.45208656787872314, 0.45440495014190674, 0.49072644114494324, 0.49613600969314575, 0.5077279806137085]}}