{"scitail_b_train_4_32": {"num_of_epochs": 5, "learning_rate": 0.0001, "training_ds_fpath": "_train_4_32", "first_token_val_accuracy": [0.4482225775718689, 0.5046367645263672, 0.49613600969314575, 0.5023183822631836, 0.4992271959781647], "all_token_val_accuracy": [0.4482225775718689, 0.5046367645263672, 0.49613600969314575, 0.5023183822631836, 0.4992271959781647]}}