{"scitail_b_train_2_4": {"num_of_epochs": 20, "learning_rate": 0.001, "training_ds_fpath": "_train_2_4", "first_token_val_accuracy": [0.11591962724924088, 0.5077279806137085, 0.5146831274032593, 0.5115919709205627, 0.5316846966743469, 0.4992271959781647, 0.5061823725700378, 0.5324574708938599, 0.5131375789642334, 0.5170015692710876, 0.5085007548332214, 0.5069552063941956, 0.5023183822631836, 0.5030912160873413, 0.5069552063941956, 0.5085007548332214, 0.5085007548332214, 0.5085007548332214, 0.5061823725700378, 0.5015456080436707], "all_token_val_accuracy": [0.11591962724924088, 0.5077279806137085, 0.5146831274032593, 0.5115919709205627, 0.5316846966743469, 0.4992271959781647, 0.5061823725700378, 0.5324574708938599, 0.5131375789642334, 0.5170015692710876, 0.5085007548332214, 0.5069552063941956, 0.5023183822631836, 0.5030912160873413, 0.5069552063941956, 0.5085007548332214, 0.5085007548332214, 0.5085007548332214, 0.5061823725700378, 0.5015456080436707]}}