{"scitail_b_train_3_8": {"num_of_epochs": 20, "learning_rate": 0.0001, "training_ds_fpath": "_train_3_8", "first_token_val_accuracy": [0.0, 0.0, 0.0, 0.016228748485445976, 0.4822256565093994, 0.49072644114494324, 0.4744976758956909, 0.5092735886573792, 0.5085007548332214, 0.5085007548332214, 0.5100463628768921, 0.5139103531837463, 0.5092735886573792, 0.5146831274032593, 0.5139103531837463, 0.5139103531837463, 0.5170015692710876, 0.5131375789642334, 0.5239567160606384, 0.5332303047180176], "all_token_val_accuracy": [0.0, 0.0, 0.0, 0.016228748485445976, 0.4822256565093994, 0.49072644114494324, 0.4744976758956909, 0.5092735886573792, 0.5085007548332214, 0.5085007548332214, 0.5100463628768921, 0.5139103531837463, 0.5092735886573792, 0.5146831274032593, 0.5139103531837463, 0.5139103531837463, 0.5170015692710876, 0.5131375789642334, 0.5239567160606384, 0.5332303047180176]}}