{"scitail_b_train_0_32": {"num_of_epochs": 5, "learning_rate": 0.0005, "training_ds_fpath": "_train_0_32", "first_token_val_accuracy": [0.5023183822631836, 0.5, 0.5, 0.5, 0.5007727742195129], "all_token_val_accuracy": [0.5023183822631836, 0.5, 0.5, 0.5, 0.5007727742195129]}}