{"scitail_b_train_9_16": {"num_of_epochs": 30, "learning_rate": 0.0001, "training_ds_fpath": "_train_9_16", "first_token_val_accuracy": [0.0, 0.07805255055427551, 0.48840802907943726, 0.5069552063941956, 0.4945904314517975, 0.5193199515342712, 0.5185471177101135, 0.5185471177101135, 0.5285934805870056, 0.5255023241043091, 0.541731059551239, 0.5378670692443848, 0.5425038933753967, 0.5370942950248718, 0.5510046482086182, 0.5548686385154724, 0.5564142465591431, 0.5703245997428894, 0.5494590401649475, 0.5363214612007141, 0.5610510110855103, 0.5718701481819153, 0.5625966191291809, 0.5633693933486938, 0.5734157562255859, 0.5857805013656616, 0.598918080329895, 0.5734157562255859, 0.5942813158035278, 0.5942813158035278], "all_token_val_accuracy": [0.0, 0.07805255055427551, 0.48840802907943726, 0.5069552063941956, 0.4945904314517975, 0.5193199515342712, 0.5185471177101135, 0.5185471177101135, 0.5285934805870056, 0.5255023241043091, 0.541731059551239, 0.5378670692443848, 0.5425038933753967, 0.5370942950248718, 0.5510046482086182, 0.5548686385154724, 0.5564142465591431, 0.5703245997428894, 0.5494590401649475, 0.5363214612007141, 0.5610510110855103, 0.5718701481819153, 0.5625966191291809, 0.5633693933486938, 0.5734157562255859, 0.5857805013656616, 0.598918080329895, 0.5734157562255859, 0.5942813158035278, 0.5942813158035278]}}