{"scitail_b_train_3_16": {"num_of_epochs": 50, "learning_rate": 0.001, "training_ds_fpath": "_train_3_16", "first_token_val_accuracy": [0.5, 0.5, 0.5, 0.5077279806137085, 0.5054095983505249, 0.5432766675949097, 0.541731059551239, 0.5525502562522888, 0.557959794998169, 0.557959794998169, 0.5517774224281311, 0.5595054030418396, 0.5270479321479797, 0.5347759127616882, 0.5502318143844604, 0.5502318143844604, 0.557959794998169, 0.5548686385154724, 0.5564142465591431, 0.5587326288223267, 0.5633693933486938, 0.5618237853050232, 0.5641421675682068, 0.5656877756118774, 0.5649150013923645, 0.5633693933486938, 0.5633693933486938, 0.5618237853050232, 0.5633693933486938, 0.5633693933486938, 0.5842349529266357, 0.5857805013656616, 0.572642982006073, 0.5780525207519531, 0.5765069723129272, 0.5765069723129272, 0.5772797465324402, 0.5757341384887695, 0.5765069723129272, 0.5765069723129272, 0.5749613642692566, 0.5749613642692566, 0.5749613642692566, 0.5741885900497437, 0.5734157562255859, 0.5734157562255859, 0.5741885900497437, 0.5749613642692566, 0.5749613642692566, 0.5749613642692566], "all_token_val_accuracy": [0.5, 0.5, 0.5, 0.5077279806137085, 0.5054095983505249, 0.5432766675949097, 0.541731059551239, 0.5525502562522888, 0.557959794998169, 0.557959794998169, 0.5517774224281311, 0.5595054030418396, 0.5270479321479797, 0.5347759127616882, 0.5502318143844604, 0.5502318143844604, 0.557959794998169, 0.5548686385154724, 0.5564142465591431, 0.5587326288223267, 0.5633693933486938, 0.5618237853050232, 0.5641421675682068, 0.5656877756118774, 0.5649150013923645, 0.5633693933486938, 0.5633693933486938, 0.5618237853050232, 0.5633693933486938, 0.5633693933486938, 0.5842349529266357, 0.5857805013656616, 0.572642982006073, 0.5780525207519531, 0.5765069723129272, 0.5765069723129272, 0.5772797465324402, 0.5757341384887695, 0.5765069723129272, 0.5765069723129272, 0.5749613642692566, 0.5749613642692566, 0.5749613642692566, 0.5741885900497437, 0.5734157562255859, 0.5734157562255859, 0.5741885900497437, 0.5749613642692566, 0.5749613642692566, 0.5749613642692566]}}