{"scitail_b_train_1_32": {"num_of_epochs": 5, "learning_rate": 0.0001, "training_ds_fpath": "_train_1_32", "first_token_val_accuracy": [0.023183925077319145, 0.5077279806137085, 0.49845439195632935, 0.4969088137149811, 0.5], "all_token_val_accuracy": [0.023183925077319145, 0.5077279806137085, 0.49845439195632935, 0.4969088137149811, 0.5]}}