{"scitail_b_train_6_32": {"num_of_epochs": 10, "learning_rate": 0.001, "training_ds_fpath": "_train_6_32", "first_token_val_accuracy": [0.5, 0.5, 0.5, 0.5, 0.5, 0.5, 0.5, 0.46522411704063416, 0.5193199515342712, 0.4976816177368164], "all_token_val_accuracy": [0.5, 0.5, 0.5, 0.5, 0.5, 0.5, 0.5, 0.46522411704063416, 0.5193199515342712, 0.4976816177368164]}}