{"scitail_b_train_9_32": {"num_of_epochs": 40, "learning_rate": 0.0001, "training_ds_fpath": "_train_9_32", "first_token_val_accuracy": [0.027820710092782974, 0.44435858726501465, 0.5085007548332214, 0.5208655595779419, 0.5355486869812012, 0.5332303047180176, 0.5432766675949097, 0.5602782368659973, 0.5409582853317261, 0.5741885900497437, 0.5873261094093323, 0.5896444916725159, 0.625193178653717, 0.6089644432067871, 0.6004636883735657, 0.6313755512237549, 0.6027820706367493, 0.6383307576179504, 0.6329211592674255, 0.6483771204948425, 0.6491498947143555, 0.5911900997161865, 0.6653786897659302, 0.6545594930648804, 0.656877875328064, 0.6692426800727844, 0.656877875328064, 0.6731066703796387, 0.6700154542922974, 0.6777434349060059, 0.687789797782898, 0.6800618171691895, 0.687017023563385, 0.687789797782898, 0.687017023563385, 0.6931993961334229, 0.6908810138702393, 0.6955177783966064, 0.6901081800460815, 0.6808346509933472], "all_token_val_accuracy": [0.027820710092782974, 0.44435858726501465, 0.5085007548332214, 0.5208655595779419, 0.5355486869812012, 0.5332303047180176, 0.5432766675949097, 0.5602782368659973, 0.5409582853317261, 0.5741885900497437, 0.5873261094093323, 0.5896444916725159, 0.625193178653717, 0.6089644432067871, 0.6004636883735657, 0.6313755512237549, 0.6027820706367493, 0.6383307576179504, 0.6329211592674255, 0.6483771204948425, 0.6491498947143555, 0.5911900997161865, 0.6653786897659302, 0.6545594930648804, 0.656877875328064, 0.6692426800727844, 0.656877875328064, 0.6731066703796387, 0.6700154542922974, 0.6777434349060059, 0.687789797782898, 0.6800618171691895, 0.687017023563385, 0.687789797782898, 0.687017023563385, 0.6931993961334229, 0.6908810138702393, 0.6955177783966064, 0.6901081800460815, 0.6808346509933472]}}