{"scitail_b_train_6_4": {"num_of_epochs": 40, "learning_rate": 0.001, "training_ds_fpath": "_train_6_4", "first_token_val_accuracy": [0.04791344702243805, 0.5, 0.5, 0.5, 0.5054095983505249, 0.49845439195632935, 0.5231839418411255, 0.4899536371231079, 0.5123647451400757, 0.510819137096405, 0.510819137096405, 0.5200927257537842, 0.5092735886573792, 0.5123647451400757, 0.5077279806137085, 0.5131375789642334, 0.515455961227417, 0.5077279806137085, 0.5054095983505249, 0.5069552063941956, 0.5069552063941956, 0.5069552063941956, 0.5085007548332214, 0.510819137096405, 0.5100463628768921, 0.5100463628768921, 0.5077279806137085, 0.5092735886573792, 0.510819137096405, 0.510819137096405, 0.510819137096405, 0.510819137096405, 0.510819137096405, 0.510819137096405, 0.510819137096405, 0.5100463628768921, 0.5100463628768921, 0.5092735886573792, 0.510819137096405, 0.510819137096405], "all_token_val_accuracy": [0.04791344702243805, 0.5, 0.5, 0.5, 0.5054095983505249, 0.49845439195632935, 0.5231839418411255, 0.4899536371231079, 0.5123647451400757, 0.510819137096405, 0.510819137096405, 0.5200927257537842, 0.5092735886573792, 0.5123647451400757, 0.5077279806137085, 0.5131375789642334, 0.515455961227417, 0.5077279806137085, 0.5054095983505249, 0.5069552063941956, 0.5069552063941956, 0.5069552063941956, 0.5085007548332214, 0.510819137096405, 0.5100463628768921, 0.5100463628768921, 0.5077279806137085, 0.5092735886573792, 0.510819137096405, 0.510819137096405, 0.510819137096405, 0.510819137096405, 0.510819137096405, 0.510819137096405, 0.510819137096405, 0.5100463628768921, 0.5100463628768921, 0.5092735886573792, 0.510819137096405, 0.510819137096405]}}