{"scitail_b_train_3_32": {"num_of_epochs": 50, "learning_rate": 0.0001, "training_ds_fpath": "_train_3_32", "first_token_val_accuracy": [0.007727975491434336, 0.5177743434906006, 0.515455961227417, 0.5270479321479797, 0.49304482340812683, 0.5216383337974548, 0.5170015692710876, 0.5533230304718018, 0.5479134321212769, 0.5440494418144226, 0.5401854515075684, 0.5440494418144226, 0.5463678240776062, 0.568006157875061, 0.568006157875061, 0.5695517659187317, 0.5486862659454346, 0.5510046482086182, 0.5347759127616882, 0.5641421675682068, 0.5664606094360352, 0.5618237853050232, 0.5656877756118774, 0.5649150013923645, 0.568006157875061, 0.568006157875061, 0.5641421675682068, 0.5625966191291809, 0.5780525207519531, 0.5649150013923645, 0.5595054030418396, 0.5842349529266357, 0.5749613642692566, 0.58809894323349, 0.5981453061103821, 0.5788253545761108, 0.5734157562255859, 0.5749613642692566, 0.5741885900497437, 0.5602782368659973, 0.5633693933486938, 0.5826893448829651, 0.5857805013656616, 0.5819165110588074, 0.5888717174530029, 0.5904173254966736, 0.5865533351898193, 0.5865533351898193, 0.583462119102478, 0.5826893448829651], "all_token_val_accuracy": [0.007727975491434336, 0.5177743434906006, 0.515455961227417, 0.5270479321479797, 0.49304482340812683, 0.5216383337974548, 0.5170015692710876, 0.5533230304718018, 0.5479134321212769, 0.5440494418144226, 0.5401854515075684, 0.5440494418144226, 0.5463678240776062, 0.568006157875061, 0.568006157875061, 0.5695517659187317, 0.5486862659454346, 0.5510046482086182, 0.5347759127616882, 0.5641421675682068, 0.5664606094360352, 0.5618237853050232, 0.5656877756118774, 0.5649150013923645, 0.568006157875061, 0.568006157875061, 0.5641421675682068, 0.5625966191291809, 0.5780525207519531, 0.5649150013923645, 0.5595054030418396, 0.5842349529266357, 0.5741885900497437, 0.58809894323349, 0.5981453061103821, 0.5788253545761108, 0.5734157562255859, 0.5749613642692566, 0.5741885900497437, 0.5602782368659973, 0.5633693933486938, 0.5826893448829651, 0.5857805013656616, 0.5819165110588074, 0.5888717174530029, 0.5904173254966736, 0.5865533351898193, 0.5865533351898193, 0.583462119102478, 0.5826893448829651]}}