{"scitail_b_train_7_8": {"num_of_epochs": 30, "learning_rate": 0.0005, "training_ds_fpath": "_train_7_8", "first_token_val_accuracy": [0.3809891939163208, 0.49845439195632935, 0.5085007548332214, 0.5139103531837463, 0.5757341384887695, 0.5146831274032593, 0.5324574708938599, 0.5672333836555481, 0.572642982006073, 0.5587326288223267, 0.5641421675682068, 0.5757341384887695, 0.5734157562255859, 0.5672333836555481, 0.5618237853050232, 0.5533230304718018, 0.5556414127349854, 0.5602782368659973, 0.5672333836555481, 0.5803709626197815, 0.5765069723129272, 0.5625966191291809, 0.5625966191291809, 0.5131375789642334, 0.5564142465591431, 0.5278207063674927, 0.5633693933486938, 0.5625966191291809, 0.5656877756118774, 0.5656877756118774], "all_token_val_accuracy": [0.3809891939163208, 0.49845439195632935, 0.5085007548332214, 0.5139103531837463, 0.5757341384887695, 0.5146831274032593, 0.5324574708938599, 0.5672333836555481, 0.572642982006073, 0.5587326288223267, 0.5641421675682068, 0.5757341384887695, 0.5734157562255859, 0.5672333836555481, 0.5618237853050232, 0.5533230304718018, 0.5556414127349854, 0.5602782368659973, 0.5672333836555481, 0.5803709626197815, 0.5765069723129272, 0.5625966191291809, 0.5625966191291809, 0.5131375789642334, 0.5564142465591431, 0.5278207063674927, 0.5633693933486938, 0.5625966191291809, 0.5656877756118774, 0.5656877756118774]}}