{"scitail_b_train_7_16": {"num_of_epochs": 5, "learning_rate": 0.0005, "training_ds_fpath": "_train_7_16", "first_token_val_accuracy": [0.5, 0.5085007548332214, 0.5425038933753967, 0.5958268642425537, 0.5788253545761108], "all_token_val_accuracy": [0.5, 0.5085007548332214, 0.5425038933753967, 0.5958268642425537, 0.5788253545761108]}}