{"scitail_b_train_3_4": {"num_of_epochs": 50, "learning_rate": 0.001, "training_ds_fpath": "_train_3_4", "first_token_val_accuracy": [0.016228748485445976, 0.5085007548332214, 0.5, 0.5, 0.48840802907943726, 0.4683153033256531, 0.48299846053123474, 0.4683153033256531, 0.4922720193862915, 0.4945904314517975, 0.4791344702243805, 0.484544038772583, 0.4744976758956909, 0.46986088156700134, 0.471406489610672, 0.471406489610672, 0.46754249930381775, 0.4760432839393616, 0.4760432839393616, 0.48299846053123474, 0.48840802907943726, 0.49072644114494324, 0.4922720193862915, 0.4945904314517975, 0.49613600969314575, 0.49613600969314575, 0.5, 0.4992271959781647, 0.5015456080436707, 0.5015456080436707, 0.5038639903068542, 0.5038639903068542, 0.5046367645263672, 0.5046367645263672, 0.5054095983505249, 0.5061823725700378, 0.5077279806137085, 0.5092735886573792, 0.5115919709205627, 0.510819137096405, 0.5115919709205627, 0.5115919709205627, 0.510819137096405, 0.5100463628768921, 0.5100463628768921, 0.5100463628768921, 0.510819137096405, 0.5092735886573792, 0.5092735886573792, 0.5092735886573792], "all_token_val_accuracy": [0.016228748485445976, 0.5085007548332214, 0.5, 0.44744977355003357, 0.48840802907943726, 0.4683153033256531, 0.48299846053123474, 0.4683153033256531, 0.4922720193862915, 0.4945904314517975, 0.4791344702243805, 0.484544038772583, 0.4744976758956909, 0.46986088156700134, 0.471406489610672, 0.471406489610672, 0.46754249930381775, 0.4760432839393616, 0.4760432839393616, 0.48299846053123474, 0.48840802907943726, 0.49072644114494324, 0.4922720193862915, 0.4945904314517975, 0.49613600969314575, 0.49613600969314575, 0.5, 0.4992271959781647, 0.5015456080436707, 0.5015456080436707, 0.5038639903068542, 0.5038639903068542, 0.5046367645263672, 0.5046367645263672, 0.5054095983505249, 0.5061823725700378, 0.5077279806137085, 0.5092735886573792, 0.5115919709205627, 0.510819137096405, 0.5115919709205627, 0.5115919709205627, 0.510819137096405, 0.5100463628768921, 0.5100463628768921, 0.5100463628768921, 0.510819137096405, 0.5092735886573792, 0.5092735886573792, 0.5092735886573792]}}