{"scitail_b_train_2_32": {"num_of_epochs": 20, "learning_rate": 1e-05, "training_ds_fpath": "_train_2_32", "first_token_val_accuracy": [0.0, 0.0, 0.0, 0.0, 0.0, 0.0, 0.0, 0.0, 0.026275115087628365, 0.4482225775718689, 0.49613600969314575, 0.49613600969314575, 0.4899536371231079, 0.48299846053123474, 0.4659969210624695, 0.46522411704063416, 0.4814528524875641, 0.4814528524875641, 0.48763522505760193, 0.4683153033256531], "all_token_val_accuracy": [0.0, 0.0, 0.0, 0.0, 0.0, 0.0, 0.0, 0.0, 0.026275115087628365, 0.4482225775718689, 0.49613600969314575, 0.49613600969314575, 0.4899536371231079, 0.48299846053123474, 0.4659969210624695, 0.46522411704063416, 0.4814528524875641, 0.4814528524875641, 0.48763522505760193, 0.4683153033256531]}}