{"scitail_b_train_1_4": {"num_of_epochs": 5, "learning_rate": 0.0005, "training_ds_fpath": "_train_1_4", "first_token_val_accuracy": [0.0, 0.1816074252128601, 0.48763522505760193, 0.47063368558883667, 0.4992271959781647], "all_token_val_accuracy": [0.0, 0.1816074252128601, 0.48763522505760193, 0.47063368558883667, 0.4992271959781647]}}