{"scitail_b_train_5_16": {"num_of_epochs": 5, "learning_rate": 0.001, "training_ds_fpath": "_train_5_16", "first_token_val_accuracy": [0.5, 0.5, 0.49381762742996216, 0.47527047991752625, 0.5595054030418396], "all_token_val_accuracy": [0.5, 0.5, 0.49381762742996216, 0.47527047991752625, 0.5595054030418396]}}