{"scitail_b_train_9_32": {"num_of_epochs": 10, "learning_rate": 0.0005, "training_ds_fpath": "_train_9_32", "first_token_val_accuracy": [0.5139103531837463, 0.5007727742195129, 0.6020092964172363, 0.5904173254966736, 0.625193178653717, 0.6460587382316589, 0.6553323268890381, 0.6653786897659302, 0.656877875328064, 0.6591963171958923], "all_token_val_accuracy": [0.5139103531837463, 0.5007727742195129, 0.6020092964172363, 0.5904173254966736, 0.625193178653717, 0.6460587382316589, 0.6553323268890381, 0.6653786897659302, 0.656877875328064, 0.6591963171958923]}}