{"scitail_b_train_7_16": {"num_of_epochs": 20, "learning_rate": 0.0001, "training_ds_fpath": "_train_7_16", "first_token_val_accuracy": [0.0, 0.051777433604002, 0.49845439195632935, 0.49381762742996216, 0.5023183822631836, 0.5146831274032593, 0.5046367645263672, 0.5139103531837463, 0.526275098323822, 0.5193199515342712, 0.5200927257537842, 0.5409582853317261, 0.5533230304718018, 0.5587326288223267, 0.5795981287956238, 0.5510046482086182, 0.5965996980667114, 0.5935084819793701, 0.5826893448829651, 0.6043276786804199], "all_token_val_accuracy": [0.0, 0.051777433604002, 0.4969088137149811, 0.49381762742996216, 0.5023183822631836, 0.5146831274032593, 0.5046367645263672, 0.5139103531837463, 0.526275098323822, 0.5193199515342712, 0.5200927257537842, 0.5409582853317261, 0.5533230304718018, 0.5587326288223267, 0.5795981287956238, 0.5510046482086182, 0.5965996980667114, 0.5935084819793701, 0.5826893448829651, 0.6043276786804199]}}