{"pa_bnew_train_7_32": {"num_of_epochs": 40, "learning_rate": 0.0001, "training_ds_fpath": "_train_7_32", "first_token_val_accuracy": [0.0, 0.08317214995622635, 0.4700193405151367, 0.4961315393447876, 0.5067698359489441, 0.5270792841911316, 0.5019342303276062, 0.5164409875869751, 0.5135396718978882, 0.5560928583145142, 0.554158627986908, 0.5647969245910645, 0.5512572526931763, 0.5938104391098022, 0.5880077481269836, 0.591876208782196, 0.582205057144165, 0.5841392874717712, 0.5909090638160706, 0.585106372833252, 0.5986460447311401, 0.5928433537483215, 0.5889748334884644, 0.6005802750587463, 0.603481650352478, 0.6063829660415649, 0.5986460447311401, 0.5976788997650146, 0.5899419784545898, 0.5938104391098022, 0.5899419784545898, 0.5976788997650146, 0.5967118144035339, 0.6073501110076904, 0.6054158806800842, 0.5928433537483215, 0.5967118144035339, 0.5996131300926208, 0.601547360420227, 0.6054158806800842], "all_token_val_accuracy": [0.0, 0.08317214995622635, 0.4700193405151367, 0.4961315393447876, 0.5067698359489441, 0.5270792841911316, 0.5019342303276062, 0.5164409875869751, 0.5135396718978882, 0.5560928583145142, 0.554158627986908, 0.5647969245910645, 0.5512572526931763, 0.5938104391098022, 0.5880077481269836, 0.591876208782196, 0.582205057144165, 0.5841392874717712, 0.5909090638160706, 0.585106372833252, 0.5986460447311401, 0.5928433537483215, 0.5889748334884644, 0.6005802750587463, 0.603481650352478, 0.6063829660415649, 0.5986460447311401, 0.5976788997650146, 0.5899419784545898, 0.5938104391098022, 0.5899419784545898, 0.5976788997650146, 0.5967118144035339, 0.6073501110076904, 0.6054158806800842, 0.5928433537483215, 0.5967118144035339, 0.5996131300926208, 0.601547360420227, 0.6054158806800842]}}