{"pa_bnew_train_4_8": {"num_of_epochs": 30, "learning_rate": 0.0005, "training_ds_fpath": "_train_4_8", "first_token_val_accuracy": [0.0, 0.09187620878219604, 0.5145067572593689, 0.5280464291572571, 0.5251450538635254, 0.5183752179145813, 0.521276593208313, 0.5309478044509888, 0.5444874167442322, 0.5580270886421204, 0.5580270886421204, 0.5522243976593018, 0.5348162651062012, 0.554158627986908, 0.5232108235359192, 0.5299806594848633, 0.5493230223655701, 0.5415861010551453, 0.5444874167442322, 0.5589941740036011, 0.5444874167442322, 0.5299806594848633, 0.5338491201400757, 0.5473887920379639, 0.4874274730682373, 0.5483558773994446, 0.5522243976593018, 0.5522243976593018, 0.5473887920379639, 0.5512572526931763], "all_token_val_accuracy": [0.0, 0.09187620878219604, 0.5145067572593689, 0.5280464291572571, 0.5251450538635254, 0.5183752179145813, 0.521276593208313, 0.5309478044509888, 0.5444874167442322, 0.5580270886421204, 0.5580270886421204, 0.5522243976593018, 0.5348162651062012, 0.554158627986908, 0.5232108235359192, 0.5299806594848633, 0.5493230223655701, 0.5415861010551453, 0.5444874167442322, 0.5589941740036011, 0.5444874167442322, 0.5299806594848633, 0.5338491201400757, 0.5473887920379639, 0.4874274730682373, 0.5483558773994446, 0.5522243976593018, 0.5522243976593018, 0.5473887920379639, 0.5512572526931763]}}