{"pa_bnew_train_6_32": {"num_of_epochs": 40, "learning_rate": 0.0001, "training_ds_fpath": "_train_6_32", "first_token_val_accuracy": [0.0, 0.41682785749435425, 0.4758220613002777, 0.5135396718978882, 0.5270792841911316, 0.5551257133483887, 0.5038684606552124, 0.5628626942634583, 0.5415861010551453, 0.5889748334884644, 0.5802707672119141, 0.5976788997650146, 0.5793036818504333, 0.6063829660415649, 0.5996131300926208, 0.6025145053863525, 0.613152801990509, 0.6150870323181152, 0.6150870323181152, 0.613152801990509, 0.6228240132331848, 0.6170212626457214, 0.5899419784545898, 0.6208897233009338, 0.6208897233009338, 0.6257253289222717, 0.6295937895774841, 0.6044487357139587, 0.6257253289222717, 0.5967118144035339, 0.6199226379394531, 0.6170212626457214, 0.6208897233009338, 0.6102514266967773, 0.6141199469566345, 0.613152801990509, 0.6189554929733276, 0.6189554929733276, 0.6237910985946655, 0.624758243560791], "all_token_val_accuracy": [0.0, 0.41682785749435425, 0.4758220613002777, 0.509671151638031, 0.5270792841911316, 0.5551257133483887, 0.5038684606552124, 0.5628626942634583, 0.5415861010551453, 0.5889748334884644, 0.5802707672119141, 0.5976788997650146, 0.5793036818504333, 0.6063829660415649, 0.5996131300926208, 0.6025145053863525, 0.613152801990509, 0.6150870323181152, 0.6150870323181152, 0.613152801990509, 0.6228240132331848, 0.6170212626457214, 0.5899419784545898, 0.6208897233009338, 0.6208897233009338, 0.6257253289222717, 0.6295937895774841, 0.6044487357139587, 0.6257253289222717, 0.5967118144035339, 0.6199226379394531, 0.6170212626457214, 0.6208897233009338, 0.6102514266967773, 0.6141199469566345, 0.613152801990509, 0.6189554929733276, 0.6189554929733276, 0.6237910985946655, 0.624758243560791]}}