{"pa_bnew_train_5_4": {"num_of_epochs": 20, "learning_rate": 0.0005, "training_ds_fpath": "_train_5_4", "first_token_val_accuracy": [0.0, 0.0, 0.013539651408791542, 0.44197291135787964, 0.4932301640510559, 0.5386847257614136, 0.5299806594848633, 0.5367504954338074, 0.5715667605400085, 0.5773694515228271, 0.563829779624939, 0.5618955492973328, 0.5628626942634583, 0.5686653852462769, 0.5667311549186707, 0.5773694515228271, 0.5899419784545898, 0.5860735177993774, 0.5812379121780396, 0.5841392874717712], "all_token_val_accuracy": [0.0, 0.0, 0.013539651408791542, 0.44197291135787964, 0.4932301640510559, 0.5386847257614136, 0.5299806594848633, 0.5367504954338074, 0.5715667605400085, 0.5773694515228271, 0.563829779624939, 0.5618955492973328, 0.5628626942634583, 0.5686653852462769, 0.5667311549186707, 0.5773694515228271, 0.5899419784545898, 0.5860735177993774, 0.5812379121780396, 0.5841392874717712]}}