{"pa_bnew_train_9_4": {"num_of_epochs": 20, "learning_rate": 0.0005, "training_ds_fpath": "_train_9_4", "first_token_val_accuracy": [0.0, 0.0, 0.0019342360319569707, 0.26402321457862854, 0.4893617033958435, 0.5125725269317627, 0.5183752179145813, 0.5135396718978882, 0.5193423628807068, 0.5232108235359192, 0.5241779685020447, 0.5270792841911316, 0.5261121988296509, 0.5280464291572571, 0.5270792841911316, 0.5280464291572571, 0.5299806594848633, 0.5348162651062012, 0.5251450538635254, 0.5319148898124695], "all_token_val_accuracy": [0.0, 0.0, 0.0019342360319569707, 0.26402321457862854, 0.4893617033958435, 0.5125725269317627, 0.5183752179145813, 0.5135396718978882, 0.5193423628807068, 0.5232108235359192, 0.5241779685020447, 0.5270792841911316, 0.5261121988296509, 0.5280464291572571, 0.5270792841911316, 0.5280464291572571, 0.5299806594848633, 0.5348162651062012, 0.5251450538635254, 0.5319148898124695]}}