{"pa_bnew_train_9_32": {"num_of_epochs": 40, "learning_rate": 0.0001, "training_ds_fpath": "_train_9_32", "first_token_val_accuracy": [0.0, 0.3007736802101135, 0.4932301640510559, 0.5280464291572571, 0.5386847257614136, 0.5386847257614136, 0.5454545617103577, 0.554158627986908, 0.5483558773994446, 0.585106372833252, 0.582205057144165, 0.613152801990509, 0.6121856570243835, 0.5686653852462769, 0.5783365368843079, 0.5686653852462769, 0.5976788997650146, 0.624758243560791, 0.6334623098373413, 0.6044487357139587, 0.5880077481269836, 0.6160541772842407, 0.6402320861816406, 0.6363636255264282, 0.6508703827857971, 0.6499032974243164, 0.6537717580795288, 0.6537717580795288, 0.6479690670967102, 0.6363636255264282, 0.6431334614753723, 0.6334623098373413, 0.6431334614753723, 0.6402320861816406, 0.634429395198822, 0.6315280199050903, 0.634429395198822, 0.6276595592498779, 0.6266924738883972, 0.5860735177993774], "all_token_val_accuracy": [0.0, 0.3007736802101135, 0.4932301640510559, 0.5280464291572571, 0.5386847257614136, 0.5386847257614136, 0.5454545617103577, 0.554158627986908, 0.5483558773994446, 0.585106372833252, 0.582205057144165, 0.613152801990509, 0.6121856570243835, 0.5686653852462769, 0.5783365368843079, 0.5686653852462769, 0.5976788997650146, 0.624758243560791, 0.6334623098373413, 0.6044487357139587, 0.5880077481269836, 0.6160541772842407, 0.6402320861816406, 0.6363636255264282, 0.6508703827857971, 0.6499032974243164, 0.6537717580795288, 0.6537717580795288, 0.6479690670967102, 0.6363636255264282, 0.6431334614753723, 0.6334623098373413, 0.6431334614753723, 0.6402320861816406, 0.634429395198822, 0.6315280199050903, 0.634429395198822, 0.6276595592498779, 0.6266924738883972, 0.5860735177993774]}}