{"pa_bnew_train_1_4": {"num_of_epochs": 20, "learning_rate": 0.0005, "training_ds_fpath": "_train_1_4", "first_token_val_accuracy": [0.0, 0.0009671180159784853, 0.08994197100400925, 0.44197291135787964, 0.494197279214859, 0.5183752179145813, 0.5048356056213379, 0.5174081325531006, 0.542553186416626, 0.5261121988296509, 0.5125725269317627, 0.5145067572593689, 0.511605441570282, 0.5183752179145813, 0.5290135145187378, 0.5377175807952881, 0.5290135145187378, 0.5290135145187378, 0.5280464291572571, 0.5280464291572571], "all_token_val_accuracy": [0.0, 0.0009671180159784853, 0.08994197100400925, 0.44197291135787964, 0.494197279214859, 0.5183752179145813, 0.5048356056213379, 0.5174081325531006, 0.542553186416626, 0.5261121988296509, 0.5125725269317627, 0.5145067572593689, 0.511605441570282, 0.5183752179145813, 0.5290135145187378, 0.5377175807952881, 0.5290135145187378, 0.5290135145187378, 0.5280464291572571, 0.5280464291572571]}}