{"pa_bnew_train_3_4": {"num_of_epochs": 20, "learning_rate": 0.0005, "training_ds_fpath": "_train_3_4", "first_token_val_accuracy": [0.0, 0.0, 0.0029013538733124733, 0.022243713960051537, 0.3413926362991333, 0.5232108235359192, 0.5415861010551453, 0.5261121988296509, 0.5241779685020447, 0.5483558773994446, 0.5396518111228943, 0.5299806594848633, 0.5299806594848633, 0.532882034778595, 0.5357833504676819, 0.5444874167442322, 0.5464216470718384, 0.5454545617103577, 0.5454545617103577, 0.5551257133483887], "all_token_val_accuracy": [0.0, 0.0, 0.0029013538733124733, 0.022243713960051537, 0.3413926362991333, 0.5232108235359192, 0.5415861010551453, 0.5261121988296509, 0.5241779685020447, 0.5483558773994446, 0.5396518111228943, 0.5299806594848633, 0.5299806594848633, 0.532882034778595, 0.5357833504676819, 0.5444874167442322, 0.5464216470718384, 0.5454545617103577, 0.5454545617103577, 0.5551257133483887]}}