{"pa_bnew_train_4_16": {"num_of_epochs": 40, "learning_rate": 0.0001, "training_ds_fpath": "_train_4_16", "first_token_val_accuracy": [0.0, 0.0, 0.0038684720639139414, 0.3636363744735718, 0.4970986545085907, 0.5009671449661255, 0.5145067572593689, 0.5203094482421875, 0.5386847257614136, 0.5386847257614136, 0.5522243976593018, 0.5261121988296509, 0.5551257133483887, 0.5483558773994446, 0.554158627986908, 0.5589941740036011, 0.5609284043312073, 0.5512572526931763, 0.5560928583145142, 0.5270792841911316, 0.5551257133483887, 0.563829779624939, 0.5628626942634583, 0.5551257133483887, 0.5647969245910645, 0.5667311549186707, 0.5735009908676147, 0.5715667605400085, 0.5831721425056458, 0.575435221195221, 0.5667311549186707, 0.5773694515228271, 0.5889748334884644, 0.5261121988296509, 0.5522243976593018, 0.5531914830207825, 0.554158627986908, 0.5551257133483887, 0.5531914830207825, 0.5551257133483887], "all_token_val_accuracy": [0.0, 0.0, 0.0038684720639139414, 0.3636363744735718, 0.4970986545085907, 0.5009671449661255, 0.5145067572593689, 0.5203094482421875, 0.5386847257614136, 0.5386847257614136, 0.5522243976593018, 0.5261121988296509, 0.5551257133483887, 0.5483558773994446, 0.554158627986908, 0.5589941740036011, 0.5609284043312073, 0.5512572526931763, 0.5560928583145142, 0.5270792841911316, 0.5551257133483887, 0.563829779624939, 0.5628626942634583, 0.5551257133483887, 0.5647969245910645, 0.5667311549186707, 0.5735009908676147, 0.5715667605400085, 0.5831721425056458, 0.575435221195221, 0.5667311549186707, 0.5773694515228271, 0.5889748334884644, 0.5261121988296509, 0.5522243976593018, 0.5531914830207825, 0.554158627986908, 0.5551257133483887, 0.5531914830207825, 0.5551257133483887]}}