{"pa_bnew_train_3_32": {"num_of_epochs": 40, "learning_rate": 0.0001, "training_ds_fpath": "_train_3_32", "first_token_val_accuracy": [0.0, 0.06382978707551956, 0.4854932427406311, 0.4922630488872528, 0.4922630488872528, 0.5048356056213379, 0.4961315393447876, 0.5647969245910645, 0.5744680762290955, 0.5299806594848633, 0.563829779624939, 0.5812379121780396, 0.5880077481269836, 0.5831721425056458, 0.5676982402801514, 0.575435221195221, 0.5802707672119141, 0.582205057144165, 0.5522243976593018, 0.5996131300926208, 0.5773694515228271, 0.5860735177993774, 0.6179884076118469, 0.5889748334884644, 0.6092843413352966, 0.6199226379394531, 0.6295937895774841, 0.6266924738883972, 0.6218568682670593, 0.6295937895774841, 0.5976788997650146, 0.6228240132331848, 0.634429395198822, 0.6112185716629028, 0.6228240132331848, 0.6363636255264282, 0.6305609345436096, 0.6276595592498779, 0.6218568682670593, 0.6276595592498779], "all_token_val_accuracy": [0.0, 0.06382978707551956, 0.4854932427406311, 0.4922630488872528, 0.4922630488872528, 0.5048356056213379, 0.4961315393447876, 0.5647969245910645, 0.5744680762290955, 0.5299806594848633, 0.563829779624939, 0.5812379121780396, 0.5880077481269836, 0.5831721425056458, 0.5676982402801514, 0.575435221195221, 0.5802707672119141, 0.582205057144165, 0.5522243976593018, 0.5996131300926208, 0.5773694515228271, 0.5860735177993774, 0.6179884076118469, 0.5889748334884644, 0.6092843413352966, 0.6199226379394531, 0.6295937895774841, 0.6266924738883972, 0.6218568682670593, 0.6295937895774841, 0.5976788997650146, 0.6228240132331848, 0.634429395198822, 0.6112185716629028, 0.6228240132331848, 0.6363636255264282, 0.6305609345436096, 0.6276595592498779, 0.6218568682670593, 0.6276595592498779]}}