{"amazon_dvd_t_train_5_32": {"num_of_epochs": 50, "learning_rate": 0.0001, "training_ds_fpath": "_train_5_32", "first_token_val_accuracy": [0.0, 0.5699999928474426, 0.7599999904632568, 0.7860000133514404, 0.7900000214576721, 0.7900000214576721, 0.7839999794960022, 0.7960000038146973, 0.7829999923706055, 0.7820000052452087, 0.7860000133514404, 0.7900000214576721, 0.7900000214576721, 0.7879999876022339, 0.7919999957084656, 0.7940000295639038, 0.7929999828338623, 0.7990000247955322, 0.7990000247955322, 0.7979999780654907, 0.7960000038146973, 0.7960000038146973, 0.7960000038146973, 0.7950000166893005, 0.8029999732971191, 0.8009999990463257, 0.7940000295639038, 0.7960000038146973, 0.7950000166893005, 0.7960000038146973, 0.796999990940094, 0.7979999780654907, 0.7990000247955322, 0.8019999861717224, 0.7979999780654907, 0.7990000247955322, 0.7979999780654907, 0.7940000295639038, 0.7940000295639038, 0.7950000166893005, 0.7960000038146973, 0.796999990940094, 0.7960000038146973, 0.781000018119812, 0.7860000133514404, 0.7910000085830688, 0.7919999957084656, 0.7929999828338623, 0.7929999828338623, 0.7919999957084656], "all_token_val_accuracy": [0.0, 0.5690000057220459, 0.7580000162124634, 0.7860000133514404, 0.7900000214576721, 0.7900000214576721, 0.7839999794960022, 0.7960000038146973, 0.7829999923706055, 0.7820000052452087, 0.7860000133514404, 0.7900000214576721, 0.7900000214576721, 0.7879999876022339, 0.7919999957084656, 0.7940000295639038, 0.7929999828338623, 0.7990000247955322, 0.7990000247955322, 0.7979999780654907, 0.7960000038146973, 0.7960000038146973, 0.7960000038146973, 0.7950000166893005, 0.8029999732971191, 0.8009999990463257, 0.7940000295639038, 0.7960000038146973, 0.7950000166893005, 0.7960000038146973, 0.796999990940094, 0.7979999780654907, 0.7990000247955322, 0.8019999861717224, 0.7979999780654907, 0.7990000247955322, 0.7979999780654907, 0.7940000295639038, 0.7940000295639038, 0.7950000166893005, 0.7960000038146973, 0.796999990940094, 0.7960000038146973, 0.781000018119812, 0.7860000133514404, 0.7910000085830688, 0.7919999957084656, 0.7929999828338623, 0.7929999828338623, 0.7919999957084656]}}