{"amazon_dvd_t_train_6_16": {"num_of_epochs": 50, "learning_rate": 0.0001, "training_ds_fpath": "_train_6_16", "first_token_val_accuracy": [0.0, 0.0, 0.03099999949336052, 0.5519999861717224, 0.7070000171661377, 0.7379999756813049, 0.765999972820282, 0.7940000295639038, 0.796999990940094, 0.796999990940094, 0.800000011920929, 0.800000011920929, 0.7889999747276306, 0.8019999861717224, 0.8069999814033508, 0.8040000200271606, 0.8029999732971191, 0.8040000200271606, 0.7950000166893005, 0.7940000295639038, 0.7929999828338623, 0.7929999828338623, 0.7950000166893005, 0.7929999828338623, 0.7950000166893005, 0.7940000295639038, 0.7950000166893005, 0.7929999828338623, 0.7919999957084656, 0.7889999747276306, 0.7910000085830688, 0.7889999747276306, 0.7889999747276306, 0.7929999828338623, 0.7910000085830688, 0.7910000085830688, 0.7889999747276306, 0.7889999747276306, 0.7900000214576721, 0.7940000295639038, 0.7910000085830688, 0.7919999957084656, 0.7910000085830688, 0.7950000166893005, 0.7960000038146973, 0.7950000166893005, 0.7960000038146973, 0.7950000166893005, 0.7950000166893005, 0.7960000038146973], "all_token_val_accuracy": [0.0, 0.0, 0.03099999949336052, 0.5519999861717224, 0.7049999833106995, 0.7379999756813049, 0.765999972820282, 0.7940000295639038, 0.796999990940094, 0.796999990940094, 0.800000011920929, 0.800000011920929, 0.7889999747276306, 0.8019999861717224, 0.8069999814033508, 0.8040000200271606, 0.8029999732971191, 0.8040000200271606, 0.7950000166893005, 0.7940000295639038, 0.7929999828338623, 0.7929999828338623, 0.7950000166893005, 0.7929999828338623, 0.7950000166893005, 0.7940000295639038, 0.7950000166893005, 0.7929999828338623, 0.7919999957084656, 0.7889999747276306, 0.7910000085830688, 0.7889999747276306, 0.7889999747276306, 0.7929999828338623, 0.7910000085830688, 0.7910000085830688, 0.7889999747276306, 0.7889999747276306, 0.7900000214576721, 0.7940000295639038, 0.7910000085830688, 0.7919999957084656, 0.7910000085830688, 0.7950000166893005, 0.7960000038146973, 0.7950000166893005, 0.7960000038146973, 0.7950000166893005, 0.7950000166893005, 0.7960000038146973]}}