{"amazon_dvd_t_train_5_4": {"num_of_epochs": 20, "learning_rate": 0.0005, "training_ds_fpath": "_train_5_4", "first_token_val_accuracy": [0.0, 0.0, 0.18799999356269836, 0.7730000019073486, 0.7860000133514404, 0.7889999747276306, 0.7860000133514404, 0.7839999794960022, 0.7860000133514404, 0.7870000004768372, 0.7829999923706055, 0.781000018119812, 0.7820000052452087, 0.7789999842643738, 0.781000018119812, 0.7820000052452087, 0.7839999794960022, 0.7739999890327454, 0.7749999761581421, 0.7749999761581421], "all_token_val_accuracy": [0.0, 0.0, 0.18799999356269836, 0.7730000019073486, 0.7860000133514404, 0.7879999876022339, 0.7850000262260437, 0.7820000052452087, 0.7829999923706055, 0.7839999794960022, 0.7789999842643738, 0.7770000100135803, 0.777999997138977, 0.7760000228881836, 0.777999997138977, 0.7789999842643738, 0.7839999794960022, 0.7739999890327454, 0.7749999761581421, 0.7749999761581421]}}