{"amazon_dvd_t_train_3_4": {"num_of_epochs": 20, "learning_rate": 0.0005, "training_ds_fpath": "_train_3_4", "first_token_val_accuracy": [0.0, 0.006000000052154064, 0.6650000214576721, 0.7630000114440918, 0.777999997138977, 0.7839999794960022, 0.7739999890327454, 0.7789999842643738, 0.7770000100135803, 0.777999997138977, 0.7749999761581421, 0.7749999761581421, 0.7749999761581421, 0.7749999761581421, 0.7739999890327454, 0.7770000100135803, 0.7739999890327454, 0.7739999890327454, 0.7749999761581421, 0.7749999761581421], "all_token_val_accuracy": [0.0, 0.006000000052154064, 0.6650000214576721, 0.7630000114440918, 0.777999997138977, 0.7839999794960022, 0.7739999890327454, 0.7789999842643738, 0.7770000100135803, 0.777999997138977, 0.7749999761581421, 0.7749999761581421, 0.7749999761581421, 0.7749999761581421, 0.7739999890327454, 0.7770000100135803, 0.7739999890327454, 0.7739999890327454, 0.7749999761581421, 0.7749999761581421]}}