{"amazon_dvd_t_train_7_32": {"num_of_epochs": 50, "learning_rate": 0.0001, "training_ds_fpath": "_train_7_32", "first_token_val_accuracy": [0.0, 0.6549999713897705, 0.7699999809265137, 0.7900000214576721, 0.7929999828338623, 0.7820000052452087, 0.7940000295639038, 0.7889999747276306, 0.7870000004768372, 0.7889999747276306, 0.7950000166893005, 0.7979999780654907, 0.7990000247955322, 0.800000011920929, 0.8019999861717224, 0.8050000071525574, 0.8059999942779541, 0.8029999732971191, 0.8040000200271606, 0.8029999732971191, 0.8059999942779541, 0.800000011920929, 0.8029999732971191, 0.800000011920929, 0.8019999861717224, 0.8059999942779541, 0.8069999814033508, 0.8080000281333923, 0.8059999942779541, 0.8090000152587891, 0.8080000281333923, 0.8050000071525574, 0.8050000071525574, 0.8080000281333923, 0.8050000071525574, 0.8059999942779541, 0.8080000281333923, 0.8080000281333923, 0.8080000281333923, 0.8080000281333923, 0.8050000071525574, 0.8040000200271606, 0.8059999942779541, 0.8050000071525574, 0.8050000071525574, 0.8069999814033508, 0.8050000071525574, 0.8050000071525574, 0.8059999942779541, 0.8059999942779541], "all_token_val_accuracy": [0.0, 0.6549999713897705, 0.7699999809265137, 0.7900000214576721, 0.7929999828338623, 0.7820000052452087, 0.7940000295639038, 0.7889999747276306, 0.7870000004768372, 0.7889999747276306, 0.7950000166893005, 0.7979999780654907, 0.7990000247955322, 0.800000011920929, 0.8019999861717224, 0.8050000071525574, 0.8059999942779541, 0.8029999732971191, 0.8040000200271606, 0.8029999732971191, 0.8059999942779541, 0.800000011920929, 0.8029999732971191, 0.800000011920929, 0.8019999861717224, 0.8059999942779541, 0.8069999814033508, 0.8080000281333923, 0.8059999942779541, 0.8090000152587891, 0.8080000281333923, 0.8050000071525574, 0.8050000071525574, 0.8080000281333923, 0.8050000071525574, 0.8059999942779541, 0.8080000281333923, 0.8080000281333923, 0.8080000281333923, 0.8080000281333923, 0.8050000071525574, 0.8040000200271606, 0.8059999942779541, 0.8050000071525574, 0.8050000071525574, 0.8069999814033508, 0.8050000071525574, 0.8050000071525574, 0.8059999942779541, 0.8059999942779541]}}