{"amazon_dvd_t_train_8_8": {"num_of_epochs": 50, "learning_rate": 0.0001, "training_ds_fpath": "_train_8_8", "first_token_val_accuracy": [0.0, 0.0, 0.0, 0.0, 0.0010000000474974513, 0.01899999938905239, 0.16500000655651093, 0.4320000112056732, 0.6069999933242798, 0.6869999766349792, 0.7279999852180481, 0.7450000047683716, 0.7720000147819519, 0.7789999842643738, 0.7730000019073486, 0.7680000066757202, 0.7670000195503235, 0.7699999809265137, 0.7749999761581421, 0.7749999761581421, 0.7739999890327454, 0.7760000228881836, 0.7870000004768372, 0.7879999876022339, 0.7879999876022339, 0.7850000262260437, 0.7889999747276306, 0.7889999747276306, 0.7910000085830688, 0.7979999780654907, 0.7979999780654907, 0.7990000247955322, 0.7990000247955322, 0.7990000247955322, 0.7979999780654907, 0.8029999732971191, 0.8029999732971191, 0.8029999732971191, 0.800000011920929, 0.800000011920929, 0.800000011920929, 0.800000011920929, 0.7979999780654907, 0.7979999780654907, 0.8019999861717224, 0.8029999732971191, 0.800000011920929, 0.800000011920929, 0.7979999780654907, 0.7950000166893005], "all_token_val_accuracy": [0.0, 0.0, 0.0, 0.0, 0.0010000000474974513, 0.01899999938905239, 0.16500000655651093, 0.4309999942779541, 0.6060000061988831, 0.6859999895095825, 0.7269999980926514, 0.7440000176429749, 0.7710000276565552, 0.777999997138977, 0.7720000147819519, 0.7670000195503235, 0.765999972820282, 0.7689999938011169, 0.7739999890327454, 0.7739999890327454, 0.7730000019073486, 0.7749999761581421, 0.7860000133514404, 0.7870000004768372, 0.7870000004768372, 0.7839999794960022, 0.7879999876022339, 0.7889999747276306, 0.7910000085830688, 0.7979999780654907, 0.7979999780654907, 0.7990000247955322, 0.7990000247955322, 0.7990000247955322, 0.7979999780654907, 0.8029999732971191, 0.8029999732971191, 0.8029999732971191, 0.800000011920929, 0.800000011920929, 0.800000011920929, 0.800000011920929, 0.7979999780654907, 0.7979999780654907, 0.8019999861717224, 0.8029999732971191, 0.800000011920929, 0.800000011920929, 0.7979999780654907, 0.7950000166893005]}}