{"amazon_dvd_t_train_1_32": {"num_of_epochs": 50, "learning_rate": 0.0001, "training_ds_fpath": "_train_1_32", "first_token_val_accuracy": [0.0010000000474974513, 0.7139999866485596, 0.7820000052452087, 0.7889999747276306, 0.7919999957084656, 0.7910000085830688, 0.7950000166893005, 0.7910000085830688, 0.7900000214576721, 0.7799999713897705, 0.7770000100135803, 0.7799999713897705, 0.7820000052452087, 0.7760000228881836, 0.7760000228881836, 0.7850000262260437, 0.7789999842643738, 0.777999997138977, 0.7850000262260437, 0.7870000004768372, 0.7760000228881836, 0.7770000100135803, 0.7860000133514404, 0.7799999713897705, 0.7829999923706055, 0.7829999923706055, 0.777999997138977, 0.777999997138977, 0.7789999842643738, 0.7879999876022339, 0.7870000004768372, 0.7889999747276306, 0.7879999876022339, 0.7839999794960022, 0.7860000133514404, 0.7789999842643738, 0.7829999923706055, 0.7860000133514404, 0.7889999747276306, 0.7879999876022339, 0.7879999876022339, 0.7829999923706055, 0.7860000133514404, 0.7080000042915344, 0.7860000133514404, 0.7929999828338623, 0.7910000085830688, 0.7910000085830688, 0.7879999876022339, 0.7879999876022339], "all_token_val_accuracy": [0.0010000000474974513, 0.7139999866485596, 0.7820000052452087, 0.7889999747276306, 0.7919999957084656, 0.7910000085830688, 0.7950000166893005, 0.7910000085830688, 0.7900000214576721, 0.7799999713897705, 0.7770000100135803, 0.7799999713897705, 0.7820000052452087, 0.7760000228881836, 0.7760000228881836, 0.7850000262260437, 0.7789999842643738, 0.777999997138977, 0.7850000262260437, 0.7870000004768372, 0.7760000228881836, 0.7770000100135803, 0.7860000133514404, 0.7799999713897705, 0.7829999923706055, 0.7829999923706055, 0.777999997138977, 0.777999997138977, 0.7789999842643738, 0.7879999876022339, 0.7870000004768372, 0.7889999747276306, 0.7879999876022339, 0.7839999794960022, 0.7860000133514404, 0.7789999842643738, 0.7829999923706055, 0.7860000133514404, 0.7889999747276306, 0.7879999876022339, 0.7879999876022339, 0.7829999923706055, 0.7860000133514404, 0.7080000042915344, 0.7860000133514404, 0.7929999828338623, 0.7910000085830688, 0.7910000085830688, 0.7879999876022339, 0.7879999876022339]}}