{"amazon_dvd_t_train_8_4": {"num_of_epochs": 20, "learning_rate": 0.0005, "training_ds_fpath": "_train_8_4", "first_token_val_accuracy": [0.0, 0.032999999821186066, 0.6700000166893005, 0.7720000147819519, 0.7680000066757202, 0.7350000143051147, 0.7200000286102295, 0.722000002861023, 0.7379999756813049, 0.7670000195503235, 0.7710000276565552, 0.7730000019073486, 0.7749999761581421, 0.7829999923706055, 0.7760000228881836, 0.7770000100135803, 0.777999997138977, 0.7789999842643738, 0.7799999713897705, 0.7799999713897705], "all_token_val_accuracy": [0.0, 0.032999999821186066, 0.6700000166893005, 0.7710000276565552, 0.7670000195503235, 0.734000027179718, 0.718999981880188, 0.7210000157356262, 0.7369999885559082, 0.765999972820282, 0.7699999809265137, 0.7720000147819519, 0.7739999890327454, 0.7820000052452087, 0.7749999761581421, 0.7770000100135803, 0.777999997138977, 0.7789999842643738, 0.7799999713897705, 0.7799999713897705]}}