{"amazon_dvd_t_train_0_8": {"num_of_epochs": 50, "learning_rate": 0.0001, "training_ds_fpath": "_train_0_8", "first_token_val_accuracy": [0.0, 0.0, 0.0, 0.0, 0.0020000000949949026, 0.11599999666213989, 0.4350000023841858, 0.6119999885559082, 0.6919999718666077, 0.7210000157356262, 0.7490000128746033, 0.7630000114440918, 0.7689999938011169, 0.7609999775886536, 0.7540000081062317, 0.7509999871253967, 0.7540000081062317, 0.7570000290870667, 0.7590000033378601, 0.7620000243186951, 0.7630000114440918, 0.7630000114440918, 0.7670000195503235, 0.7730000019073486, 0.7670000195503235, 0.7689999938011169, 0.7699999809265137, 0.7689999938011169, 0.7720000147819519, 0.7760000228881836, 0.7710000276565552, 0.777999997138977, 0.7770000100135803, 0.7799999713897705, 0.7789999842643738, 0.7789999842643738, 0.7799999713897705, 0.781000018119812, 0.7789999842643738, 0.7799999713897705, 0.781000018119812, 0.781000018119812, 0.7789999842643738, 0.7789999842643738, 0.7820000052452087, 0.7799999713897705, 0.7799999713897705, 0.7820000052452087, 0.781000018119812, 0.781000018119812], "all_token_val_accuracy": [0.0, 0.0, 0.0, 0.0, 0.0020000000949949026, 0.11599999666213989, 0.4339999854564667, 0.6110000014305115, 0.6909999847412109, 0.7200000286102295, 0.7490000128746033, 0.7620000243186951, 0.7680000066757202, 0.7599999904632568, 0.7540000081062317, 0.75, 0.753000020980835, 0.7559999823570251, 0.7580000162124634, 0.7620000243186951, 0.7630000114440918, 0.7620000243186951, 0.7670000195503235, 0.7730000019073486, 0.7670000195503235, 0.7689999938011169, 0.7699999809265137, 0.7689999938011169, 0.7720000147819519, 0.7760000228881836, 0.7710000276565552, 0.777999997138977, 0.7770000100135803, 0.7799999713897705, 0.7789999842643738, 0.7789999842643738, 0.7799999713897705, 0.781000018119812, 0.7789999842643738, 0.7799999713897705, 0.781000018119812, 0.781000018119812, 0.7789999842643738, 0.7789999842643738, 0.7820000052452087, 0.7799999713897705, 0.7799999713897705, 0.7820000052452087, 0.781000018119812, 0.781000018119812]}}