{"amazon_dvd_t_train_1_8": {"num_of_epochs": 50, "learning_rate": 0.0001, "training_ds_fpath": "_train_1_8", "first_token_val_accuracy": [0.0, 0.0, 0.0, 0.0010000000474974513, 0.14399999380111694, 0.527999997138977, 0.6690000295639038, 0.699999988079071, 0.7239999771118164, 0.7350000143051147, 0.7559999823570251, 0.7559999823570251, 0.7670000195503235, 0.7689999938011169, 0.7670000195503235, 0.7649999856948853, 0.7630000114440918, 0.7689999938011169, 0.7739999890327454, 0.7789999842643738, 0.7760000228881836, 0.7749999761581421, 0.7730000019073486, 0.7749999761581421, 0.7829999923706055, 0.7820000052452087, 0.7860000133514404, 0.7879999876022339, 0.7879999876022339, 0.7860000133514404, 0.7829999923706055, 0.7820000052452087, 0.7820000052452087, 0.7789999842643738, 0.777999997138977, 0.7850000262260437, 0.7900000214576721, 0.7889999747276306, 0.7879999876022339, 0.7850000262260437, 0.7850000262260437, 0.7850000262260437, 0.7860000133514404, 0.7879999876022339, 0.7879999876022339, 0.7860000133514404, 0.7860000133514404, 0.781000018119812, 0.7799999713897705, 0.7799999713897705], "all_token_val_accuracy": [0.0, 0.0, 0.0, 0.0010000000474974513, 0.14300000667572021, 0.5270000100135803, 0.6679999828338623, 0.6990000009536743, 0.7229999899864197, 0.7329999804496765, 0.7549999952316284, 0.7540000081062317, 0.7649999856948853, 0.7680000066757202, 0.765999972820282, 0.7630000114440918, 0.7630000114440918, 0.7689999938011169, 0.7739999890327454, 0.7789999842643738, 0.7760000228881836, 0.7749999761581421, 0.7730000019073486, 0.7749999761581421, 0.7829999923706055, 0.7820000052452087, 0.7860000133514404, 0.7879999876022339, 0.7879999876022339, 0.7860000133514404, 0.7829999923706055, 0.7820000052452087, 0.7820000052452087, 0.7789999842643738, 0.777999997138977, 0.7850000262260437, 0.7900000214576721, 0.7889999747276306, 0.7879999876022339, 0.7850000262260437, 0.7850000262260437, 0.7850000262260437, 0.7860000133514404, 0.7879999876022339, 0.7879999876022339, 0.7860000133514404, 0.7860000133514404, 0.781000018119812, 0.7799999713897705, 0.7799999713897705]}}