{"scitail_b_train_3_16": {"num_of_epochs": 50, "learning_rate": 0.0001, "training_ds_fpath": "_train_3_16", "first_token_val_accuracy": [0.05100463703274727, 0.04018547013401985, 0.15919628739356995, 0.36862441897392273, 0.414219468832016, 0.48531684279441833, 0.5046367645263672, 0.4976816177368164, 0.48531684279441833, 0.4822256565093994, 0.4914992153644562, 0.5255023241043091, 0.5115919709205627, 0.5656877756118774, 0.5950540900230408, 0.6105100512504578, 0.614374041557312, 0.6391035318374634, 0.6391035318374634, 0.6591963171958923, 0.6545594930648804, 0.6591963171958923, 0.6607418656349182, 0.6414219737052917, 0.6653786897659302, 0.6916537880897522, 0.6808346509933472, 0.6754250526428223, 0.6816074252128601, 0.6846985816955566, 0.6545594930648804, 0.6816074252128601, 0.672333836555481, 0.6792890429496765, 0.6746522188186646, 0.666924238204956, 0.6862441897392273, 0.6808346509933472, 0.671561062335968, 0.656877875328064, 0.6777434349060059, 0.6901081800460815, 0.6908810138702393, 0.6638330817222595, 0.656105101108551, 0.656105101108551, 0.6646058559417725, 0.6646058559417725, 0.6599690914154053, 0.672333836555481], "all_token_val_accuracy": [0.0, 0.0, 0.0, 0.0007727975025773048, 0.030139103531837463, 0.429675430059433, 0.49845439195632935, 0.49613600969314575, 0.48531684279441833, 0.4822256565093994, 0.4914992153644562, 0.5255023241043091, 0.5115919709205627, 0.5656877756118774, 0.5950540900230408, 0.6105100512504578, 0.614374041557312, 0.6391035318374634, 0.6391035318374634, 0.6591963171958923, 0.6545594930648804, 0.6591963171958923, 0.6607418656349182, 0.6414219737052917, 0.6653786897659302, 0.6916537880897522, 0.6808346509933472, 0.6754250526428223, 0.6816074252128601, 0.6846985816955566, 0.6545594930648804, 0.6816074252128601, 0.672333836555481, 0.6792890429496765, 0.6746522188186646, 0.666924238204956, 0.6862441897392273, 0.6808346509933472, 0.671561062335968, 0.656877875328064, 0.6777434349060059, 0.6901081800460815, 0.6908810138702393, 0.6638330817222595, 0.656105101108551, 0.656105101108551, 0.6646058559417725, 0.6646058559417725, 0.6599690914154053, 0.672333836555481]}}