{"scitail_b_train_5_16": {"num_of_epochs": 50, "learning_rate": 0.0001, "training_ds_fpath": "_train_5_16", "first_token_val_accuracy": [0.010046367533504963, 0.04173106700181961, 0.2959814667701721, 0.43894898891448975, 0.4822256565093994, 0.49613600969314575, 0.4992271959781647, 0.4992271959781647, 0.4992271959781647, 0.4914992153644562, 0.458268940448761, 0.4760432839393616, 0.5100463628768921, 0.5085007548332214, 0.5146831274032593, 0.5131375789642334, 0.5231839418411255, 0.5200927257537842, 0.5177743434906006, 0.5239567160606384, 0.5340030789375305, 0.5401854515075684, 0.5370942950248718, 0.5664606094360352, 0.541731059551239, 0.557187020778656, 0.5765069723129272, 0.5795981287956238, 0.5873261094093323, 0.5888717174530029, 0.5842349529266357, 0.5965996980667114, 0.5965996980667114, 0.6128284335136414, 0.6166924238204956, 0.6221020221710205, 0.5896444916725159, 0.6159196496009827, 0.6236476302146912, 0.6221020221710205, 0.5958268642425537, 0.6159196496009827, 0.6213291883468628, 0.629830002784729, 0.6290571689605713, 0.6136012077331543, 0.629830002784729, 0.6429675221443176, 0.6336939930915833, 0.6360123753547668], "all_token_val_accuracy": [0.0, 0.0, 0.0, 0.0, 0.07341576367616653, 0.3732612133026123, 0.47295209765434265, 0.49613600969314575, 0.4992271959781647, 0.4914992153644562, 0.458268940448761, 0.4760432839393616, 0.5100463628768921, 0.5085007548332214, 0.5146831274032593, 0.5131375789642334, 0.5231839418411255, 0.5200927257537842, 0.5177743434906006, 0.5239567160606384, 0.5340030789375305, 0.5401854515075684, 0.5370942950248718, 0.5664606094360352, 0.541731059551239, 0.557187020778656, 0.5765069723129272, 0.5795981287956238, 0.5873261094093323, 0.5888717174530029, 0.5842349529266357, 0.5965996980667114, 0.5965996980667114, 0.6128284335136414, 0.6166924238204956, 0.6221020221710205, 0.5896444916725159, 0.6159196496009827, 0.6236476302146912, 0.6221020221710205, 0.5958268642425537, 0.6159196496009827, 0.6213291883468628, 0.629830002784729, 0.6290571689605713, 0.6136012077331543, 0.629830002784729, 0.6429675221443176, 0.6336939930915833, 0.6360123753547668]}}