{"scitail_b_train_3_4": {"num_of_epochs": 20, "learning_rate": 0.0005, "training_ds_fpath": "_train_3_4", "first_token_val_accuracy": [0.005409582518041134, 0.20788253843784332, 0.2952086627483368, 0.4760432839393616, 0.49381762742996216, 0.4945904314517975, 0.4992271959781647, 0.4992271959781647, 0.49845439195632935, 0.4667696952819824, 0.4451313614845276, 0.4613601267337799, 0.4744976758956909, 0.46754249930381775, 0.4667696952819824, 0.4636785089969635, 0.48608964681625366, 0.49845439195632935, 0.5061823725700378, 0.49381762742996216], "all_token_val_accuracy": [0.0, 0.0, 0.0, 0.06105100363492966, 0.48377126455307007, 0.4945904314517975, 0.4992271959781647, 0.4992271959781647, 0.49845439195632935, 0.4667696952819824, 0.4451313614845276, 0.4613601267337799, 0.4744976758956909, 0.46754249930381775, 0.4667696952819824, 0.4636785089969635, 0.48608964681625366, 0.49845439195632935, 0.5061823725700378, 0.49381762742996216]}}