{"scitail_b_train_2_4": {"num_of_epochs": 20, "learning_rate": 0.0005, "training_ds_fpath": "_train_2_4", "first_token_val_accuracy": [0.018547140061855316, 0.0015455950051546097, 0.06336940079927444, 0.455950528383255, 0.4976816177368164, 0.5, 0.5, 0.5007727742195129, 0.5170015692710876, 0.5077279806137085, 0.49381762742996216, 0.49845439195632935, 0.49613600969314575, 0.5363214612007141, 0.5540958046913147, 0.5525502562522888, 0.5401854515075684, 0.5625966191291809, 0.5525502562522888, 0.557959794998169], "all_token_val_accuracy": [0.0, 0.0, 0.0, 0.2642967402935028, 0.401081919670105, 0.4690881073474884, 0.48763522505760193, 0.4969088137149811, 0.515455961227417, 0.5077279806137085, 0.49381762742996216, 0.49845439195632935, 0.49613600969314575, 0.5363214612007141, 0.5540958046913147, 0.5525502562522888, 0.5401854515075684, 0.5625966191291809, 0.5525502562522888, 0.557959794998169]}}