{"scitail_b_train_6_4": {"num_of_epochs": 20, "learning_rate": 0.0005, "training_ds_fpath": "_train_6_4", "first_token_val_accuracy": [0.0015455950051546097, 0.0363214835524559, 0.42658424377441406, 0.4822256565093994, 0.4899536371231079, 0.48531684279441833, 0.46986088156700134, 0.47063368558883667, 0.48840802907943726, 0.4992271959781647, 0.4992271959781647, 0.5115919709205627, 0.5332303047180176, 0.5502318143844604, 0.5556414127349854, 0.5633693933486938, 0.5703245997428894, 0.5656877756118774, 0.5664606094360352, 0.5803709626197815], "all_token_val_accuracy": [0.0, 0.0, 0.0, 0.03323029354214668, 0.3678516149520874, 0.4744976758956909, 0.4690881073474884, 0.47063368558883667, 0.48840802907943726, 0.4992271959781647, 0.4992271959781647, 0.5115919709205627, 0.5332303047180176, 0.5502318143844604, 0.5556414127349854, 0.5633693933486938, 0.5703245997428894, 0.5656877756118774, 0.5664606094360352, 0.5803709626197815]}}