{"amazonr_kitchen_train_6_8": {"num_of_epochs": 50, "learning_rate": 0.0001, "training_ds_fpath": "_train_6_8", "first_token_val_accuracy": [0.0, 0.0, 0.0, 0.0030217566527426243, 0.1039484292268753, 0.3485092520713806, 0.42929089069366455, 0.48086220026016235, 0.5172240138053894, 0.5191377997398376, 0.5227639079093933, 0.5453263521194458, 0.5459306836128235, 0.5683923959732056, 0.5940773487091064, 0.6080781817436218, 0.607373058795929, 0.6035455465316772, 0.6022360920906067, 0.5930700898170471, 0.5932715535163879, 0.5977034568786621, 0.5966961979866028, 0.6095890402793884, 0.6092868447303772, 0.6013295650482178, 0.6022360920906067, 0.6179492473602295, 0.6201651692390442, 0.6284246444702148, 0.6338638067245483, 0.6298348307609558, 0.6364826560020447, 0.6378928422927856, 0.6347703337669373, 0.6387993693351746, 0.6393029689788818, 0.6314464211463928, 0.6227840185165405, 0.6245970726013184, 0.6232876777648926, 0.6222804188728333, 0.6258057951927185, 0.6273166537284851, 0.621978223323822, 0.6194601058959961, 0.621978223323822, 0.6270145177841187, 0.632655143737793, 0.6371877789497375], "all_token_val_accuracy": [0.0, 0.0, 0.0, 0.0030217566527426243, 0.1039484292268753, 0.3485092520713806, 0.42919015884399414, 0.48086220026016235, 0.5172240138053894, 0.5191377997398376, 0.5227639079093933, 0.5453263521194458, 0.5459306836128235, 0.5683923959732056, 0.5940773487091064, 0.6080781817436218, 0.607373058795929, 0.6035455465316772, 0.6022360920906067, 0.5930700898170471, 0.5932715535163879, 0.5977034568786621, 0.5966961979866028, 0.6095890402793884, 0.6092868447303772, 0.6013295650482178, 0.6022360920906067, 0.6179492473602295, 0.6201651692390442, 0.6284246444702148, 0.6338638067245483, 0.6298348307609558, 0.6364826560020447, 0.6378928422927856, 0.6347703337669373, 0.6387993693351746, 0.6393029689788818, 0.6314464211463928, 0.6227840185165405, 0.6245970726013184, 0.6232876777648926, 0.6222804188728333, 0.6258057951927185, 0.6273166537284851, 0.621978223323822, 0.6194601058959961, 0.621978223323822, 0.6270145177841187, 0.632655143737793, 0.6371877789497375]}}