{"amazonr_kitchen_train_5_4": {"num_of_epochs": 20, "learning_rate": 0.0005, "training_ds_fpath": "_train_5_4", "first_token_val_accuracy": [0.0, 0.040189363062381744, 0.5384770631790161, 0.5607373118400574, 0.5656728148460388, 0.490632563829422, 0.5331385731697083, 0.5878323912620544, 0.6180499792098999, 0.6297340989112854, 0.6095890402793884, 0.5676873326301575, 0.5373690724372864, 0.5330379009246826, 0.5318291783332825, 0.5350523591041565, 0.5368654131889343, 0.5436140298843384, 0.5509669780731201, 0.5553988814353943], "all_token_val_accuracy": [0.0, 0.040189363062381744, 0.5384770631790161, 0.5607373118400574, 0.5656728148460388, 0.490632563829422, 0.5331385731697083, 0.5878323912620544, 0.6180499792098999, 0.6297340989112854, 0.6095890402793884, 0.5676873326301575, 0.5373690724372864, 0.5330379009246826, 0.5318291783332825, 0.5350523591041565, 0.5368654131889343, 0.5436140298843384, 0.5509669780731201, 0.5553988814353943]}}