{"amazonr_kitchen_train_1_4": {"num_of_epochs": 20, "learning_rate": 0.0005, "training_ds_fpath": "_train_1_4", "first_token_val_accuracy": [0.0, 0.036361806094646454, 0.607373058795929, 0.6321514844894409, 0.6197623014450073, 0.4039081335067749, 0.46434327960014343, 0.5665793418884277, 0.618251383304596, 0.6409145593643188, 0.6471595764160156, 0.6361805200576782, 0.6199637651443481, 0.6009266972541809, 0.5945810079574585, 0.5901490449905396, 0.5890411138534546, 0.596998393535614, 0.6014302968978882, 0.6080781817436218], "all_token_val_accuracy": [0.0, 0.036361806094646454, 0.607373058795929, 0.6321514844894409, 0.6197623014450073, 0.4039081335067749, 0.46434327960014343, 0.5665793418884277, 0.618251383304596, 0.6409145593643188, 0.6471595764160156, 0.6361805200576782, 0.6199637651443481, 0.6009266972541809, 0.5945810079574585, 0.5901490449905396, 0.5890411138534546, 0.596998393535614, 0.6014302968978882, 0.6080781817436218]}}