{"amazonr_kitchen_train_0_16": {"num_of_epochs": 50, "learning_rate": 0.0001, "training_ds_fpath": "_train_0_16", "first_token_val_accuracy": [0.0, 0.0032232070807367563, 0.41377919912338257, 0.5653706789016724, 0.5386784672737122, 0.5368654131889343, 0.553485095500946, 0.5754432082176208, 0.5686945915222168, 0.6124093532562256, 0.5330379009246826, 0.5797743797302246, 0.5454270839691162, 0.601128101348877, 0.6041498780250549, 0.5693996548652649, 0.5771555304527283, 0.5291095972061157, 0.5911563038825989, 0.5970991253852844, 0.5772562623023987, 0.5596293210983276, 0.5569097399711609, 0.5693996548652649, 0.5771555304527283, 0.5825946927070618, 0.5483481287956238, 0.5599315166473389, 0.5771555304527283, 0.5848106145858765, 0.5811845064163208, 0.5883359909057617, 0.5898469090461731, 0.5860193371772766, 0.5542908906936646, 0.5558017492294312, 0.5930700898170471, 0.5906527042388916, 0.578464925289154, 0.5792707204818726, 0.5775583982467651, 0.5705076456069946, 0.5653706789016724, 0.5200443267822266, 0.5618453025817871, 0.5686945915222168, 0.574738085269928, 0.5799758434295654, 0.567385196685791, 0.5767526030540466], "all_token_val_accuracy": [0.0, 0.0032232070807367563, 0.4134770333766937, 0.5649677515029907, 0.5382755994796753, 0.5366640090942383, 0.5531828999519348, 0.5749395489692688, 0.5679895281791687, 0.6124093532562256, 0.5330379009246826, 0.5797743797302246, 0.5454270839691162, 0.601128101348877, 0.6041498780250549, 0.5693996548652649, 0.5771555304527283, 0.5291095972061157, 0.5911563038825989, 0.5970991253852844, 0.5772562623023987, 0.5596293210983276, 0.5569097399711609, 0.5693996548652649, 0.5771555304527283, 0.5825946927070618, 0.5483481287956238, 0.5599315166473389, 0.5771555304527283, 0.5848106145858765, 0.5811845064163208, 0.5883359909057617, 0.5898469090461731, 0.5860193371772766, 0.5542908906936646, 0.5558017492294312, 0.5930700898170471, 0.5906527042388916, 0.578464925289154, 0.5792707204818726, 0.5775583982467651, 0.5705076456069946, 0.5653706789016724, 0.5200443267822266, 0.5618453025817871, 0.5686945915222168, 0.574738085269928, 0.5799758434295654, 0.567385196685791, 0.5767526030540466]}}