{"amazonr_kitchen_train_9_4": {"num_of_epochs": 20, "learning_rate": 0.0005, "training_ds_fpath": "_train_9_4", "first_token_val_accuracy": [0.0, 0.05771555379033089, 0.5029210448265076, 0.5335415005683899, 0.5119863152503967, 0.34568896889686584, 0.3865833878517151, 0.5254834890365601, 0.5887389183044434, 0.6035455465316772, 0.6025382876396179, 0.5935737490653992, 0.5683923959732056, 0.5539886951446533, 0.5443190932273865, 0.5386784672737122, 0.5368654131889343, 0.5355560183525085, 0.5349516272544861, 0.5345487594604492], "all_token_val_accuracy": [0.0, 0.05771555379033089, 0.5027195811271667, 0.5335415005683899, 0.5119863152503967, 0.34568896889686584, 0.3865833878517151, 0.5254834890365601, 0.5887389183044434, 0.6035455465316772, 0.6025382876396179, 0.5935737490653992, 0.5683923959732056, 0.5539886951446533, 0.5443190932273865, 0.5386784672737122, 0.5368654131889343, 0.5355560183525085, 0.5349516272544861, 0.5345487594604492]}}