{"amazonr_kitchen_train_1_32": {"num_of_epochs": 50, "learning_rate": 0.0001, "training_ds_fpath": "_train_1_32", "first_token_val_accuracy": [0.0, 0.4616236984729767, 0.5336422324180603, 0.5897461771965027, 0.5873287916183472, 0.5448227524757385, 0.5515713095664978, 0.4841861426830292, 0.518734872341156, 0.6254029273986816, 0.577759861946106, 0.6118050217628479, 0.6056607365608215, 0.6144238710403442, 0.5743352174758911, 0.5225624442100525, 0.5995165109634399, 0.6017324924468994, 0.6010273694992065, 0.6228847503662109, 0.618251383304596, 0.6065672636032104, 0.6035455465316772, 0.5925664901733398, 0.6265108585357666, 0.6323529481887817, 0.6179492473602295, 0.5868251323699951, 0.57524174451828, 0.5991136431694031, 0.5548952221870422, 0.5836019515991211, 0.5740330219268799, 0.6221796870231628, 0.6239927411079407, 0.6334609389305115, 0.6301369667053223, 0.6256043314933777, 0.6185535788536072, 0.6512892842292786, 0.6429290771484375, 0.6222804188728333, 0.6244964003562927, 0.6167405247688293, 0.6261079907417297, 0.6373891830444336, 0.6229854822158813, 0.6224818825721741, 0.6242949366569519, 0.6055600047111511], "all_token_val_accuracy": [0.0, 0.4615229666233063, 0.5334407687187195, 0.5894439816474915, 0.5871273279190063, 0.5445205569267273, 0.5514705777168274, 0.48388397693634033, 0.5186341404914856, 0.6253021955490112, 0.577759861946106, 0.6118050217628479, 0.6056607365608215, 0.6144238710403442, 0.5743352174758911, 0.5225624442100525, 0.5995165109634399, 0.6017324924468994, 0.6010273694992065, 0.6228847503662109, 0.618251383304596, 0.6065672636032104, 0.6035455465316772, 0.5925664901733398, 0.6265108585357666, 0.6323529481887817, 0.6179492473602295, 0.5868251323699951, 0.57524174451828, 0.5991136431694031, 0.5548952221870422, 0.5836019515991211, 0.5740330219268799, 0.6221796870231628, 0.6239927411079407, 0.6334609389305115, 0.6301369667053223, 0.6256043314933777, 0.6185535788536072, 0.6512892842292786, 0.6429290771484375, 0.6222804188728333, 0.6244964003562927, 0.6167405247688293, 0.6261079907417297, 0.6373891830444336, 0.6229854822158813, 0.6224818825721741, 0.6242949366569519, 0.6055600047111511]}}