{"amazonr_kitchen_train_9_32": {"num_of_epochs": 50, "learning_rate": 0.0001, "training_ds_fpath": "_train_9_32", "first_token_val_accuracy": [0.0007050765561871231, 0.45578163862228394, 0.5189363360404968, 0.5552981495857239, 0.5452256202697754, 0.5792707204818726, 0.5175262093544006, 0.587731659412384, 0.5374698042869568, 0.5681909918785095, 0.5836019515991211, 0.5327357053756714, 0.5872280597686768, 0.5941780805587769, 0.5423045754432678, 0.5660757422447205, 0.5524778366088867, 0.5671837329864502, 0.5821917653083801, 0.6161361932754517, 0.542606770992279, 0.5595285892486572, 0.5927679538726807, 0.5710113048553467, 0.5116841197013855, 0.5380741357803345, 0.49335214495658875, 0.5381748676300049, 0.5116841197013855, 0.572219967842102, 0.5586220622062683, 0.48096293210983276, 0.529613196849823, 0.6077759861946106, 0.5317284464836121, 0.5377719402313232, 0.5453263521194458, 0.5566076040267944, 0.5308219194412231, 0.5324335098266602, 0.5806809067726135, 0.558118462562561, 0.5625503659248352, 0.5908541679382324, 0.5863215327262878, 0.5628525614738464, 0.5517727732658386, 0.5471394062042236, 0.5179290771484375, 0.521756649017334], "all_token_val_accuracy": [0.0007050765561871231, 0.4553787410259247, 0.5184327363967896, 0.5546938180923462, 0.5452256202697754, 0.5792707204818726, 0.5175262093544006, 0.587731659412384, 0.5374698042869568, 0.5681909918785095, 0.5836019515991211, 0.5327357053756714, 0.5872280597686768, 0.5941780805587769, 0.5423045754432678, 0.5660757422447205, 0.5524778366088867, 0.5670830011367798, 0.5820910334587097, 0.6161361932754517, 0.542606770992279, 0.5595285892486572, 0.5927679538726807, 0.5710113048553467, 0.5115833878517151, 0.5380741357803345, 0.49325141310691833, 0.5381748676300049, 0.5116841197013855, 0.572219967842102, 0.5586220622062683, 0.48096293210983276, 0.529613196849823, 0.6077759861946106, 0.5317284464836121, 0.5377719402313232, 0.5453263521194458, 0.5566076040267944, 0.5308219194412231, 0.5324335098266602, 0.5806809067726135, 0.558118462562561, 0.5625503659248352, 0.5908541679382324, 0.5863215327262878, 0.5628525614738464, 0.5517727732658386, 0.5471394062042236, 0.5179290771484375, 0.521756649017334]}}