{"amazonr_kitchen_train_7_16": {"num_of_epochs": 50, "learning_rate": 0.0001, "training_ds_fpath": "_train_7_16", "first_token_val_accuracy": [0.0, 0.0056406124494969845, 0.4273771047592163, 0.562751829624176, 0.4914383590221405, 0.5516720414161682, 0.5834004878997803, 0.5813859701156616, 0.5918614268302917, 0.5979049205780029, 0.589141845703125, 0.6161361932754517, 0.5993150472640991, 0.6209709644317627, 0.6100926399230957, 0.6174455881118774, 0.6082795858383179, 0.581486701965332, 0.5967969298362732, 0.6006245017051697, 0.6075745224952698, 0.6297340989112854, 0.6265108585357666, 0.6153303980827332, 0.6139202117919922, 0.6316478848457336, 0.6279210448265076, 0.6284246444702148, 0.6330580115318298, 0.6262087225914001, 0.612510085105896, 0.6213738918304443, 0.6214746236801147, 0.6345688700675964, 0.6274173855781555, 0.6075745224952698, 0.6035455465316772, 0.6175463199615479, 0.6223811507225037, 0.607876718044281, 0.61573326587677, 0.6170427203178406, 0.6183521151542664, 0.6196615695953369, 0.6204673647880554, 0.6394037008285522, 0.6334609389305115, 0.6285253763198853, 0.6252014636993408, 0.6104955673217773], "all_token_val_accuracy": [0.0, 0.0056406124494969845, 0.4273771047592163, 0.562751829624176, 0.4914383590221405, 0.5516720414161682, 0.5834004878997803, 0.5813859701156616, 0.5918614268302917, 0.5979049205780029, 0.589141845703125, 0.6161361932754517, 0.5993150472640991, 0.6209709644317627, 0.6100926399230957, 0.6174455881118774, 0.6082795858383179, 0.581486701965332, 0.5967969298362732, 0.6006245017051697, 0.6075745224952698, 0.6297340989112854, 0.6265108585357666, 0.6153303980827332, 0.6139202117919922, 0.6316478848457336, 0.6279210448265076, 0.6284246444702148, 0.6330580115318298, 0.6262087225914001, 0.612510085105896, 0.6213738918304443, 0.6214746236801147, 0.6345688700675964, 0.6274173855781555, 0.6075745224952698, 0.6035455465316772, 0.6175463199615479, 0.6223811507225037, 0.607876718044281, 0.61573326587677, 0.6170427203178406, 0.6183521151542664, 0.6196615695953369, 0.6204673647880554, 0.6394037008285522, 0.6334609389305115, 0.6285253763198853, 0.6252014636993408, 0.6104955673217773]}}