{"amazonr_kitchen_train_7_32": {"num_of_epochs": 50, "learning_rate": 0.0001, "training_ds_fpath": "_train_7_32", "first_token_val_accuracy": [0.004935536067932844, 0.5600322484970093, 0.6225826144218445, 0.5946816802024841, 0.551873505115509, 0.5610395073890686, 0.6181507110595703, 0.5593271851539612, 0.5942788124084473, 0.5783641934394836, 0.6179492473602295, 0.5826954245567322, 0.5925664901733398, 0.5887389183044434, 0.5703061819076538, 0.57524174451828, 0.5911563038825989, 0.5772562623023987, 0.5973005890846252, 0.5522763729095459, 0.5999194383621216, 0.6015310287475586, 0.6085817813873291, 0.6123086214065552, 0.6008259654045105, 0.6153303980827332, 0.6194601058959961, 0.6057614684104919, 0.573126494884491, 0.5967969298362732, 0.6074737906455994, 0.6339645385742188, 0.6164383292198181, 0.606265127658844, 0.6087832450866699, 0.60646653175354, 0.5879331231117249, 0.6253021955490112, 0.5756446123123169, 0.5991136431694031, 0.5819903016090393, 0.5829975605010986, 0.5745366811752319, 0.5967969298362732, 0.601128101348877, 0.5924657583236694, 0.5879331231117249, 0.5950846076011658, 0.5801772475242615, 0.5754432082176208], "all_token_val_accuracy": [0.004935536067932844, 0.5600322484970093, 0.6225826144218445, 0.5945810079574585, 0.5516720414161682, 0.5610395073890686, 0.6181507110595703, 0.5593271851539612, 0.5942788124084473, 0.5783641934394836, 0.6179492473602295, 0.5826954245567322, 0.5925664901733398, 0.5887389183044434, 0.5703061819076538, 0.57524174451828, 0.5911563038825989, 0.5772562623023987, 0.5973005890846252, 0.5522763729095459, 0.5999194383621216, 0.6015310287475586, 0.6085817813873291, 0.6123086214065552, 0.6008259654045105, 0.6153303980827332, 0.6194601058959961, 0.6057614684104919, 0.573126494884491, 0.5967969298362732, 0.6074737906455994, 0.6339645385742188, 0.6164383292198181, 0.606265127658844, 0.6087832450866699, 0.60646653175354, 0.5879331231117249, 0.6253021955490112, 0.5756446123123169, 0.5991136431694031, 0.5819903016090393, 0.5829975605010986, 0.5745366811752319, 0.5967969298362732, 0.601128101348877, 0.5924657583236694, 0.5879331231117249, 0.5950846076011658, 0.5801772475242615, 0.5754432082176208]}}