{"amazon_electronics_c_train_2_4": {"num_of_epochs": 5, "learning_rate": 0.001, "training_ds_fpath": "_train_2_4", "first_token_val_accuracy": [0.004999999888241291, 0.5400000214576721, 0.7250000238418579, 0.7599999904632568, 0.7350000143051147], "all_token_val_accuracy": [0.004999999888241291, 0.5400000214576721, 0.7250000238418579, 0.75, 0.7250000238418579]}}