{"amazon_electronics_c_train_2_8": {"num_of_epochs": 5, "learning_rate": 0.001, "training_ds_fpath": "_train_2_8", "first_token_val_accuracy": [0.6499999761581421, 0.8100000023841858, 0.7900000214576721, 0.7649999856948853, 0.7950000166893005], "all_token_val_accuracy": [0.6499999761581421, 0.8100000023841858, 0.7900000214576721, 0.7649999856948853, 0.7950000166893005]}}