{"amazon_electronics_c_train_4_8": {"num_of_epochs": 5, "learning_rate": 0.001, "training_ds_fpath": "_train_4_8", "first_token_val_accuracy": [0.7699999809265137, 0.7200000286102295, 0.7749999761581421, 0.6899999976158142, 0.7450000047683716], "all_token_val_accuracy": [0.7699999809265137, 0.7200000286102295, 0.7749999761581421, 0.6899999976158142, 0.7450000047683716]}}