{"pa_bnew_train_1_32": {"num_of_epochs": 50, "learning_rate": 0.0001, "training_ds_fpath": "_train_1_32", "first_token_val_accuracy": [0.0, 0.0, 0.0, 0.0009671180159784853, 0.10928433388471603, 0.4738878011703491, 0.5193423628807068, 0.5473887920379639, 0.5618955492973328, 0.5783365368843079, 0.5860735177993774, 0.5928433537483215, 0.591876208782196, 0.5870406031608582, 0.6044487357139587, 0.6073501110076904, 0.6044487357139587, 0.6102514266967773, 0.6121856570243835, 0.6237910985946655, 0.6102514266967773, 0.6121856570243835, 0.6141199469566345, 0.6257253289222717, 0.6054158806800842, 0.6373307704925537, 0.6237910985946655, 0.6402320861816406, 0.6411992311477661, 0.6073501110076904, 0.6421663165092468, 0.6411992311477661, 0.6441006064414978, 0.6470019221305847, 0.6479690670967102, 0.6266924738883972, 0.6499032974243164, 0.6450676918029785, 0.6353965401649475, 0.6547389030456543, 0.6421663165092468, 0.6489361524581909, 0.6537717580795288, 0.6528046131134033, 0.6528046131134033, 0.6373307704925537, 0.655705988407135, 0.655705988407135, 0.6576402187347412, 0.6044487357139587], "all_token_val_accuracy": [0.0, 0.0, 0.0, 0.0009671180159784853, 0.10928433388471603, 0.472920686006546, 0.5183752179145813, 0.5464216470718384, 0.5609284043312073, 0.5773694515228271, 0.585106372833252, 0.591876208782196, 0.591876208782196, 0.5870406031608582, 0.6044487357139587, 0.6073501110076904, 0.6044487357139587, 0.6102514266967773, 0.6121856570243835, 0.6237910985946655, 0.6102514266967773, 0.6121856570243835, 0.6141199469566345, 0.6257253289222717, 0.6054158806800842, 0.6373307704925537, 0.6237910985946655, 0.6402320861816406, 0.6411992311477661, 0.6073501110076904, 0.6421663165092468, 0.6411992311477661, 0.6441006064414978, 0.6470019221305847, 0.6479690670967102, 0.6266924738883972, 0.6499032974243164, 0.6450676918029785, 0.6353965401649475, 0.6547389030456543, 0.6421663165092468, 0.6489361524581909, 0.6537717580795288, 0.6528046131134033, 0.6528046131134033, 0.6373307704925537, 0.655705988407135, 0.655705988407135, 0.6576402187347412, 0.6044487357139587]}}