{"pa_bnew_train_2_16": {"num_of_epochs": 50, "learning_rate": 0.0001, "training_ds_fpath": "_train_2_16", "first_token_val_accuracy": [0.0, 0.0, 0.0, 0.0, 0.0, 0.0, 0.0, 0.0009671180159784853, 0.0029013538733124733, 0.029980657622218132, 0.11702127754688263, 0.27659574151039124, 0.42456480860710144, 0.4864603579044342, 0.5058026909828186, 0.5251450538635254, 0.5280464291572571, 0.5377175807952881, 0.5406189560890198, 0.542553186416626, 0.5493230223655701, 0.5512572526931763, 0.5618955492973328, 0.5657640099525452, 0.5725338459014893, 0.5676982402801514, 0.5715667605400085, 0.582205057144165, 0.585106372833252, 0.5880077481269836, 0.5870406031608582, 0.5909090638160706, 0.5909090638160706, 0.5899419784545898, 0.5928433537483215, 0.601547360420227, 0.6054158806800842, 0.5967118144035339, 0.5967118144035339, 0.5967118144035339, 0.5957446694374084, 0.6073501110076904, 0.5986460447311401, 0.5996131300926208, 0.6044487357139587, 0.6073501110076904, 0.6054158806800842, 0.601547360420227, 0.5986460447311401, 0.5928433537483215], "all_token_val_accuracy": [0.0, 0.0, 0.0, 0.0, 0.0, 0.0, 0.0, 0.0009671180159784853, 0.0029013538733124733, 0.029980657622218132, 0.11702127754688263, 0.27659574151039124, 0.42456480860710144, 0.4864603579044342, 0.5058026909828186, 0.5251450538635254, 0.5280464291572571, 0.5377175807952881, 0.5406189560890198, 0.542553186416626, 0.5493230223655701, 0.5512572526931763, 0.5618955492973328, 0.5657640099525452, 0.5725338459014893, 0.5676982402801514, 0.5715667605400085, 0.582205057144165, 0.585106372833252, 0.5880077481269836, 0.5870406031608582, 0.5909090638160706, 0.5909090638160706, 0.5899419784545898, 0.5928433537483215, 0.601547360420227, 0.6054158806800842, 0.5967118144035339, 0.5967118144035339, 0.5967118144035339, 0.5957446694374084, 0.6073501110076904, 0.5986460447311401, 0.5996131300926208, 0.6044487357139587, 0.6073501110076904, 0.6054158806800842, 0.601547360420227, 0.5986460447311401, 0.5928433537483215]}}