{"pa_bnew_train_2_4": {"num_of_epochs": 20, "learning_rate": 0.0005, "training_ds_fpath": "_train_2_4", "first_token_val_accuracy": [0.0, 0.0, 0.0, 0.0, 0.0, 0.0009671180159784853, 0.011605415493249893, 0.07640232145786285, 0.21470019221305847, 0.3791102468967438, 0.44197291135787964, 0.4748549461364746, 0.4980657696723938, 0.5019342303276062, 0.5067698359489441, 0.5232108235359192, 0.5203094482421875, 0.5222437381744385, 0.5222437381744385, 0.521276593208313], "all_token_val_accuracy": [0.0, 0.0, 0.0, 0.0, 0.0, 0.0009671180159784853, 0.011605415493249893, 0.07640232145786285, 0.21470019221305847, 0.3791102468967438, 0.44100579619407654, 0.4738878011703491, 0.4980657696723938, 0.5019342303276062, 0.5067698359489441, 0.5232108235359192, 0.5203094482421875, 0.5222437381744385, 0.5222437381744385, 0.521276593208313]}}