{"pa_bnew_train_0_8": {"num_of_epochs": 50, "learning_rate": 0.0001, "training_ds_fpath": "_train_0_8", "first_token_val_accuracy": [0.0, 0.0, 0.0, 0.0, 0.0, 0.0, 0.0, 0.0, 0.0, 0.0, 0.0, 0.0, 0.0009671180159784853, 0.0009671180159784853, 0.0009671180159784853, 0.0009671180159784853, 0.004835589788854122, 0.01934235915541649, 0.03771760314702988, 0.09767891466617584, 0.1808510571718216, 0.28626692295074463, 0.3491295874118805, 0.41392651200294495, 0.45067697763442993, 0.4777562916278839, 0.4816247522830963, 0.4903288185596466, 0.4980657696723938, 0.5029013752937317, 0.5048356056213379, 0.5183752179145813, 0.5164409875869751, 0.5232108235359192, 0.5164409875869751, 0.5174081325531006, 0.5154739022254944, 0.5048356056213379, 0.5058026909828186, 0.5125725269317627, 0.5125725269317627, 0.5338491201400757, 0.5386847257614136, 0.5367504954338074, 0.5261121988296509, 0.5338491201400757, 0.5338491201400757, 0.5135396718978882, 0.5154739022254944, 0.521276593208313], "all_token_val_accuracy": [0.0, 0.0, 0.0, 0.0, 0.0, 0.0, 0.0, 0.0, 0.0, 0.0, 0.0, 0.0, 0.0009671180159784853, 0.0009671180159784853, 0.0009671180159784853, 0.0009671180159784853, 0.004835589788854122, 0.01934235915541649, 0.03771760314702988, 0.09767891466617584, 0.1808510571718216, 0.28529980778694153, 0.3491295874118805, 0.41392651200294495, 0.45067697763442993, 0.4777562916278839, 0.4816247522830963, 0.4903288185596466, 0.4980657696723938, 0.5029013752937317, 0.5048356056213379, 0.5183752179145813, 0.5164409875869751, 0.5232108235359192, 0.5164409875869751, 0.5174081325531006, 0.5154739022254944, 0.5048356056213379, 0.5058026909828186, 0.5125725269317627, 0.5125725269317627, 0.5338491201400757, 0.5386847257614136, 0.5367504954338074, 0.5261121988296509, 0.5338491201400757, 0.5338491201400757, 0.5135396718978882, 0.5154739022254944, 0.521276593208313]}}