{"pa_bnew_train_9_32": {"num_of_epochs": 50, "learning_rate": 0.0001, "training_ds_fpath": "_train_9_32", "first_token_val_accuracy": [0.0, 0.0, 0.0, 0.0, 0.013539651408791542, 0.24081237614154816, 0.5009671449661255, 0.5367504954338074, 0.5570599436759949, 0.5618955492973328, 0.5735009908676147, 0.5725338459014893, 0.5812379121780396, 0.5841392874717712, 0.5860735177993774, 0.5870406031608582, 0.5889748334884644, 0.6150870323181152, 0.6150870323181152, 0.6189554929733276, 0.6141199469566345, 0.6121856570243835, 0.6199226379394531, 0.6218568682670593, 0.6266924738883972, 0.6334623098373413, 0.6295937895774841, 0.6402320861816406, 0.6208897233009338, 0.6315280199050903, 0.6257253289222717, 0.6411992311477661, 0.6431334614753723, 0.6228240132331848, 0.6218568682670593, 0.6179884076118469, 0.6363636255264282, 0.6518375277519226, 0.6392650008201599, 0.6295937895774841, 0.6199226379394531, 0.6450676918029785, 0.6518375277519226, 0.6508703827857971, 0.6479690670967102, 0.6373307704925537, 0.6431334614753723, 0.6228240132331848, 0.6315280199050903, 0.6382978558540344], "all_token_val_accuracy": [0.0, 0.0, 0.0, 0.0, 0.013539651408791542, 0.24081237614154816, 0.5, 0.5367504954338074, 0.5570599436759949, 0.5609284043312073, 0.5735009908676147, 0.5725338459014893, 0.5812379121780396, 0.5841392874717712, 0.5860735177993774, 0.5870406031608582, 0.5889748334884644, 0.6150870323181152, 0.6150870323181152, 0.6189554929733276, 0.6141199469566345, 0.6121856570243835, 0.6199226379394531, 0.6218568682670593, 0.6266924738883972, 0.6334623098373413, 0.6295937895774841, 0.6402320861816406, 0.6208897233009338, 0.6315280199050903, 0.6257253289222717, 0.6411992311477661, 0.6431334614753723, 0.6228240132331848, 0.6218568682670593, 0.6179884076118469, 0.6363636255264282, 0.6518375277519226, 0.6392650008201599, 0.6295937895774841, 0.6199226379394531, 0.6450676918029785, 0.6518375277519226, 0.6508703827857971, 0.6479690670967102, 0.6373307704925537, 0.6431334614753723, 0.6228240132331848, 0.6315280199050903, 0.6382978558540344]}}