{"pa_bnew_train_1_4": {"num_of_epochs": 20, "learning_rate": 0.0005, "training_ds_fpath": "_train_1_4", "first_token_val_accuracy": [0.0, 0.0, 0.0, 0.0, 0.0, 0.0009671180159784853, 0.0019342360319569707, 0.0019342360319569707, 0.029013538733124733, 0.1808510571718216, 0.3636363744735718, 0.4564796984195709, 0.4883945882320404, 0.5038684606552124, 0.5193423628807068, 0.5348162651062012, 0.5270792841911316, 0.532882034778595, 0.5348162651062012, 0.5406189560890198], "all_token_val_accuracy": [0.0, 0.0, 0.0, 0.0, 0.0, 0.0009671180159784853, 0.0019342360319569707, 0.0019342360319569707, 0.029013538733124733, 0.1808510571718216, 0.3636363744735718, 0.4564796984195709, 0.4883945882320404, 0.5038684606552124, 0.5193423628807068, 0.5348162651062012, 0.5270792841911316, 0.532882034778595, 0.5348162651062012, 0.5406189560890198]}}