{"pa_bnew_train_4_4": {"num_of_epochs": 20, "learning_rate": 0.0005, "training_ds_fpath": "_train_4_4", "first_token_val_accuracy": [0.0, 0.0, 0.0, 0.0, 0.0, 0.0, 0.0, 0.012572533451020718, 0.190522238612175, 0.3791102468967438, 0.45164409279823303, 0.5019342303276062, 0.5154739022254944, 0.5125725269317627, 0.5232108235359192, 0.5145067572593689, 0.5077369213104248, 0.509671151638031, 0.5106382966041565, 0.5077369213104248], "all_token_val_accuracy": [0.0, 0.0, 0.0, 0.0, 0.0, 0.0, 0.0, 0.012572533451020718, 0.190522238612175, 0.3791102468967438, 0.45164409279823303, 0.5019342303276062, 0.5154739022254944, 0.5125725269317627, 0.5232108235359192, 0.5145067572593689, 0.5077369213104248, 0.509671151638031, 0.5106382966041565, 0.5077369213104248]}}