{"scitail_b_train_3_8": {"num_of_epochs": 50, "learning_rate": 0.0001, "training_ds_fpath": "_train_3_8", "first_token_val_accuracy": [0.0, 0.004636785015463829, 0.22179289162158966, 0.3647604286670685, 0.4149922728538513, 0.47527047991752625, 0.49845439195632935, 0.5401854515075684, 0.4899536371231079, 0.5023183822631836, 0.5015456080436707, 0.4953632056713104, 0.5007727742195129, 0.5054095983505249, 0.510819137096405, 0.5092735886573792, 0.5239567160606384, 0.5316846966743469, 0.5355486869812012, 0.530911922454834, 0.5123647451400757, 0.5115919709205627, 0.5324574708938599, 0.5146831274032593, 0.5301390886306763, 0.5077279806137085, 0.5123647451400757, 0.5100463628768921, 0.5170015692710876, 0.5115919709205627, 0.5146831274032593, 0.5185471177101135, 0.5200927257537842, 0.5278207063674927, 0.5463678240776062, 0.5332303047180176, 0.5255023241043091, 0.5185471177101135, 0.5185471177101135, 0.5216383337974548, 0.5224111080169678, 0.5278207063674927, 0.5347759127616882, 0.5332303047180176, 0.5324574708938599, 0.5340030789375305, 0.5340030789375305, 0.5355486869812012, 0.5332303047180176, 0.5285934805870056], "all_token_val_accuracy": [0.0, 0.003863987745717168, 0.22179289162158966, 0.3647604286670685, 0.4149922728538513, 0.47527047991752625, 0.49845439195632935, 0.5401854515075684, 0.4899536371231079, 0.5023183822631836, 0.5015456080436707, 0.4953632056713104, 0.5007727742195129, 0.5054095983505249, 0.510819137096405, 0.5092735886573792, 0.5239567160606384, 0.5316846966743469, 0.5355486869812012, 0.530911922454834, 0.5123647451400757, 0.5115919709205627, 0.5324574708938599, 0.5146831274032593, 0.5301390886306763, 0.5077279806137085, 0.5123647451400757, 0.5100463628768921, 0.5170015692710876, 0.5115919709205627, 0.5146831274032593, 0.5185471177101135, 0.5200927257537842, 0.5278207063674927, 0.5463678240776062, 0.5332303047180176, 0.5255023241043091, 0.5185471177101135, 0.5185471177101135, 0.5216383337974548, 0.5224111080169678, 0.5278207063674927, 0.5347759127616882, 0.5332303047180176, 0.5324574708938599, 0.5340030789375305, 0.5340030789375305, 0.5355486869812012, 0.5332303047180176, 0.5285934805870056]}}