{"scitail_b_train_2_16": {"num_of_epochs": 30, "learning_rate": 0.0005, "training_ds_fpath": "_train_2_16", "first_token_val_accuracy": [0.526275098323822, 0.5409582853317261, 0.5293663144111633, 0.6066460609436035, 0.5239567160606384, 0.5919629335403442, 0.5842349529266357, 0.6120556592941284, 0.6066460609436035, 0.5842349529266357, 0.5958268642425537, 0.6190108060836792, 0.5533230304718018, 0.5734157562255859, 0.6043276786804199, 0.6120556592941284, 0.6074188351631165, 0.5965996980667114, 0.6035548448562622, 0.6097372770309448, 0.6120556592941284, 0.6089644432067871, 0.6089644432067871, 0.6074188351631165, 0.6020092964172363, 0.6058732867240906, 0.6105100512504578, 0.6066460609436035, 0.6136012077331543, 0.6128284335136414], "all_token_val_accuracy": [0.526275098323822, 0.5409582853317261, 0.5293663144111633, 0.6066460609436035, 0.5239567160606384, 0.5919629335403442, 0.5842349529266357, 0.6120556592941284, 0.6066460609436035, 0.5842349529266357, 0.5958268642425537, 0.6190108060836792, 0.5533230304718018, 0.5734157562255859, 0.6043276786804199, 0.6120556592941284, 0.6074188351631165, 0.5965996980667114, 0.6035548448562622, 0.6097372770309448, 0.6120556592941284, 0.6089644432067871, 0.6089644432067871, 0.6074188351631165, 0.6020092964172363, 0.6058732867240906, 0.6105100512504578, 0.6066460609436035, 0.6136012077331543, 0.6128284335136414]}}