{"scitail_b_train_6_16": {"num_of_epochs": 5, "learning_rate": 0.001, "training_ds_fpath": "_train_6_16", "first_token_val_accuracy": [0.5, 0.5, 0.5139103531837463, 0.49845439195632935, 0.5641421675682068], "all_token_val_accuracy": [0.5, 0.5, 0.5139103531837463, 0.49845439195632935, 0.5641421675682068]}}