{"scitail_b_train_4_4": {"num_of_epochs": 50, "learning_rate": 0.0001, "training_ds_fpath": "_train_4_4", "first_token_val_accuracy": [0.0, 0.0, 0.0, 0.0015455950051546097, 0.013910355046391487, 0.07959814369678497, 0.27279752492904663, 0.35935086011886597, 0.39721792936325073, 0.42890262603759766, 0.4528593420982361, 0.471406489610672, 0.48377126455307007, 0.4899536371231079, 0.4953632056713104, 0.4992271959781647, 0.49845439195632935, 0.5015456080436707, 0.510819137096405, 0.5425038933753967, 0.5471406579017639, 0.515455961227417, 0.5092735886573792, 0.5115919709205627, 0.5162287354469299, 0.5255023241043091, 0.5502318143844604, 0.5602782368659973, 0.5517774224281311, 0.5510046482086182, 0.5494590401649475, 0.5502318143844604, 0.5440494418144226, 0.5455950498580933, 0.5502318143844604, 0.5494590401649475, 0.5540958046913147, 0.557187020778656, 0.5564142465591431, 0.5556414127349854, 0.5556414127349854, 0.5564142465591431, 0.557959794998169, 0.5587326288223267, 0.5540958046913147, 0.5540958046913147, 0.5595054030418396, 0.557187020778656, 0.5533230304718018, 0.5556414127349854], "all_token_val_accuracy": [0.0, 0.0, 0.0, 0.0007727975025773048, 0.013137557543814182, 0.07959814369678497, 0.27279752492904663, 0.35935086011886597, 0.39721792936325073, 0.42890262603759766, 0.4528593420982361, 0.471406489610672, 0.48377126455307007, 0.4899536371231079, 0.4953632056713104, 0.4992271959781647, 0.49845439195632935, 0.5015456080436707, 0.510819137096405, 0.5425038933753967, 0.5471406579017639, 0.515455961227417, 0.5092735886573792, 0.5115919709205627, 0.5162287354469299, 0.5255023241043091, 0.5502318143844604, 0.5602782368659973, 0.5517774224281311, 0.5510046482086182, 0.5494590401649475, 0.5502318143844604, 0.5440494418144226, 0.5455950498580933, 0.5502318143844604, 0.5494590401649475, 0.5540958046913147, 0.557187020778656, 0.5564142465591431, 0.5556414127349854, 0.5556414127349854, 0.5564142465591431, 0.557959794998169, 0.5587326288223267, 0.5540958046913147, 0.5540958046913147, 0.5595054030418396, 0.557187020778656, 0.5533230304718018, 0.5556414127349854]}}