{"scitail_b_train_8_32": {"num_of_epochs": 10, "learning_rate": 0.0005, "training_ds_fpath": "_train_8_32", "first_token_val_accuracy": [0.5092735886573792, 0.5007727742195129, 0.5255023241043091, 0.5370942950248718, 0.572642982006073, 0.6089644432067871, 0.6182380318641663, 0.599690854549408, 0.5749613642692566, 0.5741885900497437], "all_token_val_accuracy": [0.5092735886573792, 0.5007727742195129, 0.5255023241043091, 0.5370942950248718, 0.572642982006073, 0.6089644432067871, 0.6182380318641663, 0.599690854549408, 0.5749613642692566, 0.5741885900497437]}}