{"scitail_b_train_9_8": {"num_of_epochs": 30, "learning_rate": 0.001, "training_ds_fpath": "_train_9_8", "first_token_val_accuracy": [0.5023183822631836, 0.5, 0.4822256565093994, 0.49613600969314575, 0.5332303047180176, 0.5247295498847961, 0.5347759127616882, 0.5092735886573792, 0.5100463628768921, 0.5046367645263672, 0.4976816177368164, 0.5193199515342712, 0.5332303047180176, 0.5363214612007141, 0.5378670692443848, 0.5394126772880554, 0.541731059551239, 0.5386399030685425, 0.5355486869812012, 0.5301390886306763, 0.5247295498847961, 0.5355486869812012, 0.5239567160606384, 0.5270479321479797, 0.5247295498847961, 0.5285934805870056, 0.530911922454834, 0.5278207063674927, 0.5285934805870056, 0.5316846966743469], "all_token_val_accuracy": [0.5023183822631836, 0.5, 0.4822256565093994, 0.49613600969314575, 0.5332303047180176, 0.5247295498847961, 0.5347759127616882, 0.5092735886573792, 0.5100463628768921, 0.5046367645263672, 0.4976816177368164, 0.5193199515342712, 0.5332303047180176, 0.5363214612007141, 0.5378670692443848, 0.5394126772880554, 0.541731059551239, 0.5386399030685425, 0.5355486869812012, 0.5301390886306763, 0.5247295498847961, 0.5355486869812012, 0.5239567160606384, 0.5270479321479797, 0.5247295498847961, 0.5285934805870056, 0.530911922454834, 0.5278207063674927, 0.5285934805870056, 0.5316846966743469]}}