{"scitail_b_train_6_8": {"num_of_epochs": 30, "learning_rate": 1e-05, "training_ds_fpath": "_train_6_8", "first_token_val_accuracy": [0.0, 0.0, 0.0, 0.0, 0.0, 0.0, 0.0, 0.0, 0.0, 0.0, 0.0, 0.0, 0.0, 0.0007727975025773048, 0.0007727975025773048, 0.0007727975025773048, 0.0007727975025773048, 0.0023183925077319145, 0.0030911900103092194, 0.0030911900103092194, 0.004636785015463829, 0.0069551775231957436, 0.009273570030927658, 0.013137557543814182, 0.017774343490600586, 0.020865533500909805, 0.03168470039963722, 0.04714065045118332, 0.06105100363492966, 0.07959814369678497], "all_token_val_accuracy": [0.0, 0.0, 0.0, 0.0, 0.0, 0.0, 0.0, 0.0, 0.0, 0.0, 0.0, 0.0, 0.0, 0.0007727975025773048, 0.0007727975025773048, 0.0007727975025773048, 0.0007727975025773048, 0.0023183925077319145, 0.0023183925077319145, 0.0023183925077319145, 0.003863987745717168, 0.006182380020618439, 0.008500772528350353, 0.012364760041236877, 0.017001545056700706, 0.020092735067009926, 0.030911901965737343, 0.04636785015463829, 0.06027820706367493, 0.07882534712553024]}}