{"scitail_b_train_7_32": {"num_of_epochs": 20, "learning_rate": 0.001, "training_ds_fpath": "_train_7_32", "first_token_val_accuracy": [0.5, 0.5007727742195129, 0.5, 0.5278207063674927, 0.5123647451400757, 0.5092735886573792, 0.5409582853317261, 0.5494590401649475, 0.5811437368392944, 0.5888717174530029, 0.58809894323349, 0.5795981287956238, 0.5873261094093323, 0.5788253545761108, 0.5595054030418396, 0.5595054030418396, 0.5602782368659973, 0.5625966191291809, 0.5625966191291809, 0.5819165110588074], "all_token_val_accuracy": [0.5, 0.5007727742195129, 0.5, 0.5278207063674927, 0.5123647451400757, 0.5092735886573792, 0.5409582853317261, 0.5494590401649475, 0.5811437368392944, 0.5888717174530029, 0.58809894323349, 0.5795981287956238, 0.5873261094093323, 0.5788253545761108, 0.5595054030418396, 0.5595054030418396, 0.5602782368659973, 0.5625966191291809, 0.5625966191291809, 0.5819165110588074]}}