{"scitail_b_train_0_16": {"num_of_epochs": 5, "learning_rate": 0.001, "training_ds_fpath": "_train_0_16", "first_token_val_accuracy": [0.5564142465591431, 0.49845439195632935, 0.5370942950248718, 0.5293663144111633, 0.5625966191291809], "all_token_val_accuracy": [0.5564142465591431, 0.49845439195632935, 0.5370942950248718, 0.5293663144111633, 0.5625966191291809]}}