{"scitail_b_train_3_8": {"num_of_epochs": 20, "learning_rate": 0.0001, "training_ds_fpath": "_train_3_8", "first_token_val_accuracy": [0.0, 0.0030911900103092194, 0.2588871717453003, 0.3778979778289795, 0.4374034106731415, 0.48531684279441833, 0.5, 0.5092735886573792, 0.5510046482086182, 0.4953632056713104, 0.4992271959781647, 0.5015456080436707, 0.4914992153644562, 0.5030912160873413, 0.5085007548332214, 0.49304482340812683, 0.510819137096405, 0.5030912160873413, 0.5054095983505249, 0.5123647451400757], "all_token_val_accuracy": [0.0, 0.0023183925077319145, 0.2588871717453003, 0.3778979778289795, 0.4374034106731415, 0.48531684279441833, 0.5, 0.5092735886573792, 0.5510046482086182, 0.4953632056713104, 0.4992271959781647, 0.5015456080436707, 0.4914992153644562, 0.5030912160873413, 0.5085007548332214, 0.49304482340812683, 0.510819137096405, 0.5030912160873413, 0.5054095983505249, 0.5123647451400757]}}