{"scitail_b_train_1_4": {"num_of_epochs": 40, "learning_rate": 0.001, "training_ds_fpath": "_train_1_4", "first_token_val_accuracy": [0.37712520360946655, 0.45981451869010925, 0.5162287354469299, 0.5255023241043091, 0.5556414127349854, 0.5023183822631836, 0.5208655595779419, 0.5193199515342712, 0.5216383337974548, 0.5486862659454346, 0.5471406579017639, 0.5425038933753967, 0.5440494418144226, 0.5332303047180176, 0.5270479321479797, 0.526275098323822, 0.5247295498847961, 0.526275098323822, 0.526275098323822, 0.5270479321479797, 0.5270479321479797, 0.526275098323822, 0.5270479321479797, 0.5270479321479797, 0.5270479321479797, 0.5270479321479797, 0.5278207063674927, 0.5278207063674927, 0.5293663144111633, 0.5285934805870056, 0.5301390886306763, 0.5316846966743469, 0.5231839418411255, 0.5208655595779419, 0.5231839418411255, 0.5224111080169678, 0.5255023241043091, 0.5278207063674927, 0.526275098323822, 0.5255023241043091], "all_token_val_accuracy": [0.37712520360946655, 0.45981451869010925, 0.5162287354469299, 0.5255023241043091, 0.5556414127349854, 0.5023183822631836, 0.5208655595779419, 0.5193199515342712, 0.5216383337974548, 0.5486862659454346, 0.5471406579017639, 0.5425038933753967, 0.5440494418144226, 0.5332303047180176, 0.5270479321479797, 0.526275098323822, 0.5247295498847961, 0.526275098323822, 0.526275098323822, 0.5270479321479797, 0.5270479321479797, 0.526275098323822, 0.5270479321479797, 0.5270479321479797, 0.5270479321479797, 0.5270479321479797, 0.5278207063674927, 0.5278207063674927, 0.5293663144111633, 0.5285934805870056, 0.5301390886306763, 0.5316846966743469, 0.5231839418411255, 0.5208655595779419, 0.5231839418411255, 0.5224111080169678, 0.5255023241043091, 0.5278207063674927, 0.526275098323822, 0.5255023241043091]}}