{"scitail_b_train_8_4": {"num_of_epochs": 40, "learning_rate": 0.0005, "training_ds_fpath": "_train_8_4", "first_token_val_accuracy": [0.29907265305519104, 0.4744976758956909, 0.42812982201576233, 0.5038639903068542, 0.5, 0.530911922454834, 0.5, 0.49845439195632935, 0.49845439195632935, 0.4992271959781647, 0.5703245997428894, 0.4992271959781647, 0.5061823725700378, 0.599690854549408, 0.6004636883735657, 0.6074188351631165, 0.583462119102478, 0.5540958046913147, 0.5347759127616882, 0.5486862659454346, 0.5927357077598572, 0.6097372770309448, 0.6166924238204956, 0.6174651980400085, 0.6174651980400085, 0.6213291883468628, 0.6097372770309448, 0.6020092964172363, 0.5981453061103821, 0.5958268642425537, 0.5950540900230408, 0.5904173254966736, 0.5950540900230408, 0.5919629335403442, 0.5942813158035278, 0.5935084819793701, 0.5935084819793701, 0.5919629335403442, 0.5935084819793701, 0.5888717174530029], "all_token_val_accuracy": [0.29907265305519104, 0.4744976758956909, 0.42812982201576233, 0.5038639903068542, 0.5, 0.530911922454834, 0.5, 0.49845439195632935, 0.49845439195632935, 0.4992271959781647, 0.5703245997428894, 0.4992271959781647, 0.5061823725700378, 0.599690854549408, 0.6004636883735657, 0.6074188351631165, 0.583462119102478, 0.5540958046913147, 0.5347759127616882, 0.5486862659454346, 0.5927357077598572, 0.6097372770309448, 0.6166924238204956, 0.6174651980400085, 0.6174651980400085, 0.6213291883468628, 0.6097372770309448, 0.6020092964172363, 0.5981453061103821, 0.5958268642425537, 0.5950540900230408, 0.5904173254966736, 0.5950540900230408, 0.5919629335403442, 0.5942813158035278, 0.5935084819793701, 0.5935084819793701, 0.5919629335403442, 0.5935084819793701, 0.5888717174530029]}}