{"scitail_b_train_7_32": {"num_of_epochs": 50, "learning_rate": 0.001, "training_ds_fpath": "_train_7_32", "first_token_val_accuracy": [0.4992271959781647, 0.4953632056713104, 0.5409582853317261, 0.5664606094360352, 0.5494590401649475, 0.572642982006073, 0.5687789916992188, 0.5540958046913147, 0.5200927257537842, 0.5525502562522888, 0.557959794998169, 0.5595054030418396, 0.5602782368659973, 0.5556414127349854, 0.5602782368659973, 0.5587326288223267, 0.557959794998169, 0.5625966191291809, 0.568006157875061, 0.568006157875061, 0.5633693933486938, 0.5649150013923645, 0.5595054030418396, 0.5595054030418396, 0.5633693933486938, 0.5656877756118774, 0.5664606094360352, 0.5664606094360352, 0.5687789916992188, 0.5656877756118774, 0.5641421675682068, 0.5656877756118774, 0.568006157875061, 0.5656877756118774, 0.5672333836555481, 0.5664606094360352, 0.5672333836555481, 0.5672333836555481, 0.568006157875061, 0.5664606094360352, 0.568006157875061, 0.5687789916992188, 0.5687789916992188, 0.5672333836555481, 0.5664606094360352, 0.568006157875061, 0.5672333836555481, 0.5664606094360352, 0.5664606094360352, 0.5687789916992188], "all_token_val_accuracy": [0.4992271959781647, 0.4953632056713104, 0.5409582853317261, 0.5664606094360352, 0.5494590401649475, 0.572642982006073, 0.5687789916992188, 0.5540958046913147, 0.5200927257537842, 0.5525502562522888, 0.557959794998169, 0.5595054030418396, 0.5602782368659973, 0.5556414127349854, 0.5602782368659973, 0.5587326288223267, 0.557959794998169, 0.5625966191291809, 0.568006157875061, 0.568006157875061, 0.5633693933486938, 0.5649150013923645, 0.5595054030418396, 0.5595054030418396, 0.5633693933486938, 0.5656877756118774, 0.5664606094360352, 0.5664606094360352, 0.5687789916992188, 0.5656877756118774, 0.5641421675682068, 0.5656877756118774, 0.568006157875061, 0.5656877756118774, 0.5672333836555481, 0.5664606094360352, 0.5672333836555481, 0.5672333836555481, 0.568006157875061, 0.5664606094360352, 0.568006157875061, 0.5687789916992188, 0.5687789916992188, 0.5672333836555481, 0.5664606094360352, 0.568006157875061, 0.5672333836555481, 0.5664606094360352, 0.5664606094360352, 0.5687789916992188]}}