{"scitail_b_train_9_4": {"num_of_epochs": 40, "learning_rate": 0.0001, "training_ds_fpath": "_train_9_4", "first_token_val_accuracy": [0.0, 0.0, 0.0015455950051546097, 0.0069551775231957436, 0.1452859342098236, 0.299845427274704, 0.3338485360145569, 0.3647604286670685, 0.385625958442688, 0.4250386357307434, 0.4528593420982361, 0.4791344702243805, 0.4899536371231079, 0.4976816177368164, 0.4992271959781647, 0.4992271959781647, 0.5023183822631836, 0.5069552063941956, 0.5200927257537842, 0.5285934805870056, 0.5177743434906006, 0.5061823725700378, 0.5007727742195129, 0.5085007548332214, 0.5200927257537842, 0.5208655595779419, 0.530911922454834, 0.5378670692443848, 0.5378670692443848, 0.5355486869812012, 0.5285934805870056, 0.5255023241043091, 0.5131375789642334, 0.5193199515342712, 0.515455961227417, 0.5239567160606384, 0.5301390886306763, 0.5355486869812012, 0.5363214612007141, 0.5370942950248718], "all_token_val_accuracy": [0.0, 0.0, 0.0015455950051546097, 0.006182380020618439, 0.1452859342098236, 0.299845427274704, 0.3338485360145569, 0.3647604286670685, 0.385625958442688, 0.4250386357307434, 0.4528593420982361, 0.4791344702243805, 0.4899536371231079, 0.4976816177368164, 0.4992271959781647, 0.4992271959781647, 0.5023183822631836, 0.5069552063941956, 0.5200927257537842, 0.5285934805870056, 0.5177743434906006, 0.5061823725700378, 0.5007727742195129, 0.5085007548332214, 0.5200927257537842, 0.5208655595779419, 0.530911922454834, 0.5378670692443848, 0.5378670692443848, 0.5355486869812012, 0.5285934805870056, 0.5255023241043091, 0.5131375789642334, 0.5193199515342712, 0.515455961227417, 0.5239567160606384, 0.5301390886306763, 0.5355486869812012, 0.5363214612007141, 0.5370942950248718]}}