{"scitail_b_train_2_32": {"num_of_epochs": 20, "learning_rate": 0.0001, "training_ds_fpath": "_train_2_32", "first_token_val_accuracy": [0.43894898891448975, 0.5030912160873413, 0.5734157562255859, 0.557959794998169, 0.6035548448562622, 0.5146831274032593, 0.5935084819793701, 0.5710973739624023, 0.6159196496009827, 0.6043276786804199, 0.5958268642425537, 0.6120556592941284, 0.6383307576179504, 0.6290571689605713, 0.6267387866973877, 0.6367851495742798, 0.6290571689605713, 0.6398763656616211, 0.6213291883468628, 0.6476043462753296], "all_token_val_accuracy": [0.43894898891448975, 0.5030912160873413, 0.5734157562255859, 0.557959794998169, 0.6035548448562622, 0.5146831274032593, 0.5935084819793701, 0.5710973739624023, 0.6159196496009827, 0.6043276786804199, 0.5958268642425537, 0.6120556592941284, 0.6383307576179504, 0.6290571689605713, 0.6267387866973877, 0.6367851495742798, 0.6290571689605713, 0.6398763656616211, 0.6213291883468628, 0.6476043462753296]}}