{"scitail_b_train_7_4": {"num_of_epochs": 40, "learning_rate": 0.0005, "training_ds_fpath": "_train_7_4", "first_token_val_accuracy": [0.26043277978897095, 0.3075734078884125, 0.37712520360946655, 0.5030912160873413, 0.5324574708938599, 0.5471406579017639, 0.5069552063941956, 0.5038639903068542, 0.4992271959781647, 0.5146831274032593, 0.5255023241043091, 0.5231839418411255, 0.5185471177101135, 0.5162287354469299, 0.5100463628768921, 0.5077279806137085, 0.5023183822631836, 0.5046367645263672, 0.5030912160873413, 0.5046367645263672, 0.5054095983505249, 0.5085007548332214, 0.5069552063941956, 0.5115919709205627, 0.510819137096405, 0.510819137096405, 0.5123647451400757, 0.510819137096405, 0.5100463628768921, 0.5316846966743469, 0.5386399030685425, 0.5409582853317261, 0.5440494418144226, 0.5448222756385803, 0.541731059551239, 0.541731059551239, 0.5440494418144226, 0.5425038933753967, 0.541731059551239, 0.541731059551239], "all_token_val_accuracy": [0.26043277978897095, 0.3075734078884125, 0.37712520360946655, 0.5030912160873413, 0.5324574708938599, 0.5471406579017639, 0.5069552063941956, 0.5038639903068542, 0.4992271959781647, 0.5146831274032593, 0.5255023241043091, 0.5231839418411255, 0.5185471177101135, 0.5162287354469299, 0.5100463628768921, 0.5077279806137085, 0.5023183822631836, 0.5046367645263672, 0.5030912160873413, 0.5046367645263672, 0.5054095983505249, 0.5085007548332214, 0.5069552063941956, 0.5115919709205627, 0.510819137096405, 0.510819137096405, 0.5123647451400757, 0.510819137096405, 0.5100463628768921, 0.5316846966743469, 0.5386399030685425, 0.5409582853317261, 0.5440494418144226, 0.5448222756385803, 0.541731059551239, 0.541731059551239, 0.5440494418144226, 0.5425038933753967, 0.541731059551239, 0.541731059551239]}}