{"scitail_b_train_0_4": {"num_of_epochs": 5, "learning_rate": 0.0001, "training_ds_fpath": "_train_0_4", "first_token_val_accuracy": [0.0, 0.0, 0.0, 0.0023183925077319145, 0.018547140061855316], "all_token_val_accuracy": [0.0, 0.0, 0.0, 0.0023183925077319145, 0.017001545056700706]}}