{"scitail_b_train_7_16": {"num_of_epochs": 20, "learning_rate": 1e-05, "training_ds_fpath": "_train_7_16", "first_token_val_accuracy": [0.0, 0.0, 0.0, 0.0, 0.0, 0.0, 0.0, 0.0, 0.0007727975025773048, 0.0015455950051546097, 0.0030911900103092194, 0.003863987745717168, 0.013137557543814182, 0.03554868698120117, 0.074961356818676, 0.13060277700424194, 0.2279752641916275, 0.29134467244148254, 0.3361669182777405, 0.38717156648635864], "all_token_val_accuracy": [0.0, 0.0, 0.0, 0.0, 0.0, 0.0, 0.0, 0.0, 0.0007727975025773048, 0.0007727975025773048, 0.0023183925077319145, 0.0030911900103092194, 0.012364760041236877, 0.03477589040994644, 0.07418856024742126, 0.1298299878835678, 0.22720247507095337, 0.2905718684196472, 0.33539411425590515, 0.3863987624645233]}}