{"scitail_b_train_7_32": {"num_of_epochs": 5, "learning_rate": 0.001, "training_ds_fpath": "_train_7_32", "first_token_val_accuracy": [0.5, 0.49381762742996216, 0.49613600969314575, 0.5015456080436707, 0.5795981287956238], "all_token_val_accuracy": [0.5, 0.49381762742996216, 0.49613600969314575, 0.5015456080436707, 0.5795981287956238]}}