{"scitail_b_train_8_8": {"num_of_epochs": 5, "learning_rate": 0.001, "training_ds_fpath": "_train_8_8", "first_token_val_accuracy": [0.541731059551239, 0.5123647451400757, 0.5548686385154724, 0.49381762742996216, 0.5347759127616882], "all_token_val_accuracy": [0.541731059551239, 0.5123647451400757, 0.5548686385154724, 0.49381762742996216, 0.5347759127616882]}}