{"scitail_b_train_4_16": {"num_of_epochs": 10, "learning_rate": 0.0005, "training_ds_fpath": "_train_4_16", "first_token_val_accuracy": [0.49845439195632935, 0.5, 0.5533230304718018, 0.5332303047180176, 0.6166924238204956, 0.5803709626197815, 0.5394126772880554, 0.5332303047180176, 0.6136012077331543, 0.6182380318641663], "all_token_val_accuracy": [0.49845439195632935, 0.5, 0.5533230304718018, 0.5332303047180176, 0.6166924238204956, 0.5803709626197815, 0.5394126772880554, 0.5332303047180176, 0.6136012077331543, 0.6182380318641663]}}