{"scitail_b_train_4_16": {"num_of_epochs": 5, "learning_rate": 0.001, "training_ds_fpath": "_train_4_16", "first_token_val_accuracy": [0.5703245997428894, 0.5231839418411255, 0.6027820706367493, 0.5888717174530029, 0.6128284335136414], "all_token_val_accuracy": [0.5703245997428894, 0.5231839418411255, 0.6027820706367493, 0.5888717174530029, 0.6128284335136414]}}