{"scitail_b_train_0_16": {"num_of_epochs": 20, "learning_rate": 0.0005, "training_ds_fpath": "_train_0_16", "first_token_val_accuracy": [0.4899536371231079, 0.5502318143844604, 0.5757341384887695, 0.5146831274032593, 0.5401854515075684, 0.6074188351631165, 0.5587326288223267, 0.6445131301879883, 0.6468315124511719, 0.6267387866973877, 0.6576507091522217, 0.682380199432373, 0.625193178653717, 0.6545594930648804, 0.6846985816955566, 0.6816074252128601, 0.6754250526428223, 0.6808346509933472, 0.6885625720024109, 0.6924265623092651], "all_token_val_accuracy": [0.4899536371231079, 0.5502318143844604, 0.5757341384887695, 0.5146831274032593, 0.5401854515075684, 0.6074188351631165, 0.5587326288223267, 0.6445131301879883, 0.6468315124511719, 0.6267387866973877, 0.6576507091522217, 0.682380199432373, 0.625193178653717, 0.6545594930648804, 0.6846985816955566, 0.6816074252128601, 0.6754250526428223, 0.6808346509933472, 0.6885625720024109, 0.6924265623092651]}}