{"scitail_b_train_6_16": {"num_of_epochs": 40, "learning_rate": 0.001, "training_ds_fpath": "_train_6_16", "first_token_val_accuracy": [0.5015456080436707, 0.5, 0.5564142465591431, 0.5409582853317261, 0.5494590401649475, 0.5656877756118774, 0.5927357077598572, 0.5703245997428894, 0.5479134321212769, 0.5355486869812012, 0.5355486869812012, 0.5502318143844604, 0.5718701481819153, 0.5564142465591431, 0.557187020778656, 0.5517774224281311, 0.5533230304718018, 0.557959794998169, 0.5641421675682068, 0.5610510110855103, 0.5595054030418396, 0.5556414127349854, 0.5548686385154724, 0.5556414127349854, 0.5556414127349854, 0.5556414127349854, 0.5564142465591431, 0.557187020778656, 0.5587326288223267, 0.557187020778656, 0.5602782368659973, 0.557959794998169, 0.557187020778656, 0.5587326288223267, 0.5602782368659973, 0.5602782368659973, 0.557959794998169, 0.5587326288223267, 0.5587326288223267, 0.5595054030418396], "all_token_val_accuracy": [0.5015456080436707, 0.5, 0.5564142465591431, 0.5409582853317261, 0.5494590401649475, 0.5656877756118774, 0.5927357077598572, 0.5703245997428894, 0.5479134321212769, 0.5355486869812012, 0.5355486869812012, 0.5502318143844604, 0.5718701481819153, 0.5564142465591431, 0.557187020778656, 0.5517774224281311, 0.5533230304718018, 0.557959794998169, 0.5641421675682068, 0.5610510110855103, 0.5595054030418396, 0.5556414127349854, 0.5548686385154724, 0.5556414127349854, 0.5556414127349854, 0.5556414127349854, 0.5564142465591431, 0.557187020778656, 0.5587326288223267, 0.557187020778656, 0.5602782368659973, 0.557959794998169, 0.557187020778656, 0.5587326288223267, 0.5602782368659973, 0.5602782368659973, 0.557959794998169, 0.5587326288223267, 0.5587326288223267, 0.5595054030418396]}}