{"scitail_b_train_0_8": {"num_of_epochs": 30, "learning_rate": 0.001, "training_ds_fpath": "_train_0_8", "first_token_val_accuracy": [0.5548686385154724, 0.5146831274032593, 0.5687789916992188, 0.5077279806137085, 0.5942813158035278, 0.6004636883735657, 0.5734157562255859, 0.568006157875061, 0.5741885900497437, 0.5935084819793701, 0.6043276786804199, 0.6027820706367493, 0.6012364625930786, 0.5981453061103821, 0.5965996980667114, 0.5958268642425537, 0.5927357077598572, 0.6105100512504578, 0.615146815776825, 0.6159196496009827, 0.6128284335136414, 0.6081916689872742, 0.6027820706367493, 0.5950540900230408, 0.5919629335403442, 0.5873261094093323, 0.5911900997161865, 0.5904173254966736, 0.5896444916725159, 0.5896444916725159], "all_token_val_accuracy": [0.5548686385154724, 0.5146831274032593, 0.5687789916992188, 0.5077279806137085, 0.5942813158035278, 0.6004636883735657, 0.5734157562255859, 0.568006157875061, 0.5741885900497437, 0.5935084819793701, 0.6043276786804199, 0.6027820706367493, 0.6012364625930786, 0.5981453061103821, 0.5965996980667114, 0.5958268642425537, 0.5927357077598572, 0.6105100512504578, 0.615146815776825, 0.6159196496009827, 0.6128284335136414, 0.6081916689872742, 0.6027820706367493, 0.5950540900230408, 0.5919629335403442, 0.5873261094093323, 0.5911900997161865, 0.5904173254966736, 0.5896444916725159, 0.5896444916725159]}}