{"scitail_b_train_0_4": {"num_of_epochs": 20, "learning_rate": 0.001, "training_ds_fpath": "_train_0_4", "first_token_val_accuracy": [0.37403401732444763, 0.4969088137149811, 0.5030912160873413, 0.5, 0.5231839418411255, 0.5556414127349854, 0.5278207063674927, 0.5517774224281311, 0.5896444916725159, 0.6244204044342041, 0.6391035318374634, 0.6584234833717346, 0.666924238204956, 0.6638330817222595, 0.6375579833984375, 0.6321483850479126, 0.6275116205215454, 0.6290571689605713, 0.6282843947410583, 0.6375579833984375], "all_token_val_accuracy": [0.37403401732444763, 0.4969088137149811, 0.5030912160873413, 0.5, 0.5231839418411255, 0.5556414127349854, 0.5278207063674927, 0.5517774224281311, 0.5896444916725159, 0.6244204044342041, 0.6391035318374634, 0.6584234833717346, 0.666924238204956, 0.6638330817222595, 0.6375579833984375, 0.6321483850479126, 0.6275116205215454, 0.6290571689605713, 0.6282843947410583, 0.6375579833984375]}}