{"scitail_b_train_1_8": {"num_of_epochs": 40, "learning_rate": 0.001, "training_ds_fpath": "_train_1_8", "first_token_val_accuracy": [0.4513137638568878, 0.49845439195632935, 0.49381762742996216, 0.5208655595779419, 0.5595054030418396, 0.5131375789642334, 0.5316846966743469, 0.541731059551239, 0.5602782368659973, 0.5664606094360352, 0.557959794998169, 0.5602782368659973, 0.5656877756118774, 0.5641421675682068, 0.5672333836555481, 0.5633693933486938, 0.5625966191291809, 0.5633693933486938, 0.5695517659187317, 0.5703245997428894, 0.5641421675682068, 0.5656877756118774, 0.5618237853050232, 0.5595054030418396, 0.5618237853050232, 0.5649150013923645, 0.5649150013923645, 0.568006157875061, 0.568006157875061, 0.5687789916992188, 0.5687789916992188, 0.568006157875061, 0.568006157875061, 0.5672333836555481, 0.5695517659187317, 0.568006157875061, 0.568006157875061, 0.5672333836555481, 0.5672333836555481, 0.5656877756118774], "all_token_val_accuracy": [0.4513137638568878, 0.49845439195632935, 0.49381762742996216, 0.5208655595779419, 0.5595054030418396, 0.5131375789642334, 0.5316846966743469, 0.541731059551239, 0.5602782368659973, 0.5664606094360352, 0.557959794998169, 0.5602782368659973, 0.5656877756118774, 0.5641421675682068, 0.5672333836555481, 0.5633693933486938, 0.5625966191291809, 0.5633693933486938, 0.5695517659187317, 0.5703245997428894, 0.5641421675682068, 0.5656877756118774, 0.5618237853050232, 0.5595054030418396, 0.5618237853050232, 0.5649150013923645, 0.5649150013923645, 0.568006157875061, 0.568006157875061, 0.5687789916992188, 0.5687789916992188, 0.568006157875061, 0.568006157875061, 0.5672333836555481, 0.5695517659187317, 0.568006157875061, 0.568006157875061, 0.5672333836555481, 0.5672333836555481, 0.5656877756118774]}}