{"scitail_b_train_4_32": {"num_of_epochs": 20, "learning_rate": 1e-05, "training_ds_fpath": "_train_4_32", "first_token_val_accuracy": [0.0, 0.0, 0.0, 0.0, 0.0015455950051546097, 0.0069551775231957436, 0.04173106700181961, 0.1398763507604599, 0.2928902506828308, 0.39799073338508606, 0.44667696952819824, 0.46986088156700134, 0.48763522505760193, 0.4945904314517975, 0.4969088137149811, 0.49845439195632935, 0.4992271959781647, 0.4992271959781647, 0.5023183822631836, 0.5224111080169678], "all_token_val_accuracy": [0.0, 0.0, 0.0, 0.0, 0.0007727975025773048, 0.006182380020618439, 0.04095827043056488, 0.13910356163978577, 0.29211747646331787, 0.39721792936325073, 0.4459041655063629, 0.46986088156700134, 0.48763522505760193, 0.4945904314517975, 0.4969088137149811, 0.49845439195632935, 0.4992271959781647, 0.4992271959781647, 0.5023183822631836, 0.5224111080169678]}}