{"scitail_b_train_2_16": {"num_of_epochs": 5, "learning_rate": 0.0005, "training_ds_fpath": "_train_2_16", "first_token_val_accuracy": [0.510819137096405, 0.5710973739624023, 0.58809894323349, 0.6267387866973877, 0.625193178653717], "all_token_val_accuracy": [0.510819137096405, 0.5710973739624023, 0.58809894323349, 0.6267387866973877, 0.625193178653717]}}