{"scitail_b_train_7_16": {"num_of_epochs": 20, "learning_rate": 0.001, "training_ds_fpath": "_train_7_16", "first_token_val_accuracy": [0.5023183822631836, 0.5, 0.5, 0.5255023241043091, 0.6329211592674255, 0.656877875328064, 0.5556414127349854, 0.6051004528999329, 0.6174651980400085, 0.629830002784729, 0.6398763656616211, 0.6329211592674255, 0.6336939930915833, 0.6352395415306091, 0.6344667673110962, 0.6205564141273499, 0.6213291883468628, 0.6306027770042419, 0.6336939930915833, 0.6367851495742798], "all_token_val_accuracy": [0.5023183822631836, 0.5, 0.5, 0.5255023241043091, 0.6329211592674255, 0.656877875328064, 0.5556414127349854, 0.6051004528999329, 0.6174651980400085, 0.629830002784729, 0.6398763656616211, 0.6329211592674255, 0.6336939930915833, 0.6352395415306091, 0.6344667673110962, 0.6205564141273499, 0.6213291883468628, 0.6306027770042419, 0.6336939930915833, 0.6367851495742798]}}