{"scitail_b_train_4_8": {"num_of_epochs": 10, "learning_rate": 0.0005, "training_ds_fpath": "_train_4_8", "first_token_val_accuracy": [0.4690881073474884, 0.5208655595779419, 0.5, 0.5517774224281311, 0.5, 0.5409582853317261, 0.5193199515342712, 0.5224111080169678, 0.5247295498847961, 0.5455950498580933], "all_token_val_accuracy": [0.4690881073474884, 0.5208655595779419, 0.5, 0.5517774224281311, 0.5, 0.5409582853317261, 0.5193199515342712, 0.5224111080169678, 0.5247295498847961, 0.5455950498580933]}}