{"scitail_b_train_1_8": {"num_of_epochs": 40, "learning_rate": 1e-05, "training_ds_fpath": "_train_1_8", "first_token_val_accuracy": [0.0, 0.0, 0.0, 0.0, 0.0, 0.0, 0.0, 0.0, 0.0, 0.0, 0.0, 0.0, 0.0, 0.0, 0.0, 0.0007727975025773048, 0.0015455950051546097, 0.0015455950051546097, 0.0023183925077319145, 0.003863987745717168, 0.005409582518041134, 0.012364760041236877, 0.015455950982868671, 0.017001545056700706, 0.018547140061855316, 0.022411128506064415, 0.027820710092782974, 0.03554868698120117, 0.04636785015463829, 0.0595054104924202, 0.07805255055427551, 0.09505409747362137, 0.12828439474105835, 0.18083462119102478, 0.22874806821346283, 0.2511591911315918, 0.28129830956459045, 0.30680060386657715, 0.3261205554008484, 0.343894898891449], "all_token_val_accuracy": [0.0, 0.0, 0.0, 0.0, 0.0, 0.0, 0.0, 0.0, 0.0, 0.0, 0.0, 0.0, 0.0, 0.0, 0.0, 0.0007727975025773048, 0.0015455950051546097, 0.0015455950051546097, 0.0023183925077319145, 0.0030911900103092194, 0.005409582518041134, 0.011591962538659573, 0.014683152548968792, 0.016228748485445976, 0.017774343490600586, 0.021638330072164536, 0.027047913521528244, 0.03477589040994644, 0.04559505358338356, 0.05873261019587517, 0.07727975398302078, 0.09428130090236664, 0.12751159071922302, 0.18006181716918945, 0.2279752641916275, 0.25038638710975647, 0.2805255055427551, 0.3060278296470642, 0.32534775137901306, 0.34312209486961365]}}