{"scitail_b_train_5_32": {"num_of_epochs": 40, "learning_rate": 1e-05, "training_ds_fpath": "_train_5_32", "first_token_val_accuracy": [0.0, 0.0, 0.0, 0.0, 0.0007727975025773048, 0.008500772528350353, 0.03400309011340141, 0.09814528375864029, 0.23183925449848175, 0.34312209486961365, 0.4095826745033264, 0.4536321461200714, 0.4768160879611969, 0.4891808331012726, 0.4976816177368164, 0.4992271959781647, 0.4992271959781647, 0.4992271959781647, 0.4992271959781647, 0.5023183822631836, 0.5170015692710876, 0.5811437368392944, 0.5795981287956238, 0.5595054030418396, 0.5200927257537842, 0.5200927257537842, 0.515455961227417, 0.5139103531837463, 0.5139103531837463, 0.5146831274032593, 0.515455961227417, 0.5131375789642334, 0.5170015692710876, 0.5162287354469299, 0.526275098323822, 0.5672333836555481, 0.5255023241043091, 0.5224111080169678, 0.5332303047180176, 0.5216383337974548], "all_token_val_accuracy": [0.0, 0.0, 0.0, 0.0, 0.0007727975025773048, 0.007727975491434336, 0.03323029354214668, 0.09737248718738556, 0.23106646537780762, 0.3423492908477783, 0.4095826745033264, 0.4536321461200714, 0.4768160879611969, 0.4891808331012726, 0.4976816177368164, 0.4992271959781647, 0.4992271959781647, 0.4992271959781647, 0.4992271959781647, 0.5023183822631836, 0.5170015692710876, 0.5811437368392944, 0.5795981287956238, 0.5595054030418396, 0.5200927257537842, 0.5200927257537842, 0.515455961227417, 0.5139103531837463, 0.5139103531837463, 0.5146831274032593, 0.515455961227417, 0.5131375789642334, 0.5170015692710876, 0.5162287354469299, 0.526275098323822, 0.5672333836555481, 0.5255023241043091, 0.5224111080169678, 0.5332303047180176, 0.5216383337974548]}}