{"scitail_b_train_2_8": {"num_of_epochs": 40, "learning_rate": 0.0005, "training_ds_fpath": "_train_2_8", "first_token_val_accuracy": [0.32766616344451904, 0.5015456080436707, 0.49613600969314575, 0.47295209765434265, 0.48763522505760193, 0.4768160879611969, 0.4590417444705963, 0.4629057049751282, 0.45981451869010925, 0.48840802907943726, 0.4814528524875641, 0.47527047991752625, 0.4721792936325073, 0.4683153033256531, 0.47063368558883667, 0.4744976758956909, 0.47527047991752625, 0.471406489610672, 0.46986088156700134, 0.471406489610672, 0.4744976758956909, 0.4760432839393616, 0.4799072742462158, 0.486862450838089, 0.48840802907943726, 0.4822256565093994, 0.48531684279441833, 0.4822256565093994, 0.4822256565093994, 0.4822256565093994, 0.4814528524875641, 0.47295209765434265, 0.46986088156700134, 0.47063368558883667, 0.471406489610672, 0.471406489610672, 0.4721792936325073, 0.4721792936325073, 0.4744976758956909, 0.471406489610672], "all_token_val_accuracy": [0.32766616344451904, 0.5015456080436707, 0.49613600969314575, 0.47295209765434265, 0.48763522505760193, 0.4768160879611969, 0.4590417444705963, 0.4629057049751282, 0.45981451869010925, 0.48840802907943726, 0.4814528524875641, 0.47527047991752625, 0.4721792936325073, 0.4683153033256531, 0.47063368558883667, 0.4744976758956909, 0.47527047991752625, 0.471406489610672, 0.46986088156700134, 0.471406489610672, 0.4744976758956909, 0.4760432839393616, 0.4799072742462158, 0.486862450838089, 0.48840802907943726, 0.4822256565093994, 0.48531684279441833, 0.4822256565093994, 0.4822256565093994, 0.4822256565093994, 0.4814528524875641, 0.47295209765434265, 0.46986088156700134, 0.47063368558883667, 0.471406489610672, 0.471406489610672, 0.4721792936325073, 0.4721792936325073, 0.4744976758956909, 0.471406489610672]}}