{"scitail_b_train_1_32": {"num_of_epochs": 5, "learning_rate": 0.0005, "training_ds_fpath": "_train_1_32", "first_token_val_accuracy": [0.5015456080436707, 0.5216383337974548, 0.49845439195632935, 0.5316846966743469, 0.557959794998169], "all_token_val_accuracy": [0.5015456080436707, 0.5216383337974548, 0.49845439195632935, 0.5316846966743469, 0.557959794998169]}}