{"scitail_b_train_0_32": {"num_of_epochs": 40, "learning_rate": 0.0001, "training_ds_fpath": "_train_0_32", "first_token_val_accuracy": [0.39026275277137756, 0.5231839418411255, 0.5, 0.5378670692443848, 0.5, 0.6182380318641663, 0.6159196496009827, 0.6004636883735657, 0.58809894323349, 0.6128284335136414, 0.6421947479248047, 0.6506955027580261, 0.6336939930915833, 0.6591963171958923, 0.6313755512237549, 0.6506955027580261, 0.6437403559684753, 0.6383307576179504, 0.6236476302146912, 0.6282843947410583, 0.629830002784729, 0.645285964012146, 0.6429675221443176, 0.666924238204956, 0.666924238204956, 0.6622874736785889, 0.6638330817222595, 0.666924238204956, 0.6530138850212097, 0.6499227285385132, 0.6468315124511719, 0.671561062335968, 0.6329211592674255, 0.6476043462753296, 0.6360123753547668, 0.6429675221443176, 0.6275116205215454, 0.6321483850479126, 0.6622874736785889, 0.6576507091522217], "all_token_val_accuracy": [0.39026275277137756, 0.5231839418411255, 0.49381762742996216, 0.5378670692443848, 0.5, 0.6182380318641663, 0.6159196496009827, 0.6004636883735657, 0.58809894323349, 0.6128284335136414, 0.6421947479248047, 0.6506955027580261, 0.6336939930915833, 0.6591963171958923, 0.6313755512237549, 0.6506955027580261, 0.6437403559684753, 0.6383307576179504, 0.6236476302146912, 0.6282843947410583, 0.629830002784729, 0.645285964012146, 0.6429675221443176, 0.666924238204956, 0.666924238204956, 0.6622874736785889, 0.6638330817222595, 0.666924238204956, 0.6530138850212097, 0.6499227285385132, 0.6468315124511719, 0.671561062335968, 0.6329211592674255, 0.6476043462753296, 0.6360123753547668, 0.6429675221443176, 0.6275116205215454, 0.6321483850479126, 0.6622874736785889, 0.6576507091522217]}}