{"scitail_b_train_9_16": {"num_of_epochs": 30, "learning_rate": 0.0001, "training_ds_fpath": "_train_9_16", "first_token_val_accuracy": [0.030139103531837463, 0.3547140657901764, 0.4613601267337799, 0.5015456080436707, 0.5162287354469299, 0.510819137096405, 0.5139103531837463, 0.5772797465324402, 0.5162287354469299, 0.5695517659187317, 0.5255023241043091, 0.5285934805870056, 0.5502318143844604, 0.5548686385154724, 0.557187020778656, 0.5842349529266357, 0.5942813158035278, 0.5772797465324402, 0.5765069723129272, 0.5533230304718018, 0.5826893448829651, 0.5765069723129272, 0.5772797465324402, 0.5540958046913147, 0.5595054030418396, 0.5734157562255859, 0.5757341384887695, 0.5765069723129272, 0.5896444916725159, 0.5633693933486938], "all_token_val_accuracy": [0.029366305097937584, 0.3547140657901764, 0.4613601267337799, 0.5015456080436707, 0.5162287354469299, 0.510819137096405, 0.5139103531837463, 0.5772797465324402, 0.5162287354469299, 0.5695517659187317, 0.5255023241043091, 0.5285934805870056, 0.5502318143844604, 0.5548686385154724, 0.557187020778656, 0.5842349529266357, 0.5942813158035278, 0.5772797465324402, 0.5765069723129272, 0.5533230304718018, 0.5826893448829651, 0.5765069723129272, 0.5772797465324402, 0.5540958046913147, 0.5595054030418396, 0.5734157562255859, 0.5757341384887695, 0.5765069723129272, 0.5896444916725159, 0.5633693933486938]}}