{"scitail_b_train_8_32": {"num_of_epochs": 50, "learning_rate": 0.0001, "training_ds_fpath": "_train_8_32", "first_token_val_accuracy": [0.36166924238204956, 0.5023183822631836, 0.5015456080436707, 0.5301390886306763, 0.5826893448829651, 0.5857805013656616, 0.5865533351898193, 0.5873261094093323, 0.6004636883735657, 0.5826893448829651, 0.599690854549408, 0.6012364625930786, 0.615146815776825, 0.6081916689872742, 0.6120556592941284, 0.6367851495742798, 0.6205564141273499, 0.6313755512237549, 0.6267387866973877, 0.6321483850479126, 0.625193178653717, 0.6306027770042419, 0.6205564141273499, 0.6259660124778748, 0.6313755512237549, 0.6221020221710205, 0.6174651980400085, 0.6205564141273499, 0.6275116205215454, 0.6259660124778748, 0.6221020221710205, 0.6236476302146912, 0.6089644432067871, 0.6205564141273499, 0.6213291883468628, 0.6290571689605713, 0.615146815776825, 0.6259660124778748, 0.6213291883468628, 0.6228747963905334, 0.6259660124778748, 0.6205564141273499, 0.6282843947410583, 0.6228747963905334, 0.6267387866973877, 0.6236476302146912, 0.6228747963905334, 0.6136012077331543, 0.625193178653717, 0.6267387866973877], "all_token_val_accuracy": [0.36166924238204956, 0.5023183822631836, 0.5015456080436707, 0.5301390886306763, 0.5826893448829651, 0.5857805013656616, 0.5865533351898193, 0.5873261094093323, 0.6004636883735657, 0.5826893448829651, 0.599690854549408, 0.6012364625930786, 0.615146815776825, 0.6081916689872742, 0.6120556592941284, 0.6367851495742798, 0.6205564141273499, 0.6313755512237549, 0.6267387866973877, 0.6321483850479126, 0.625193178653717, 0.6306027770042419, 0.6205564141273499, 0.6259660124778748, 0.6313755512237549, 0.6221020221710205, 0.6174651980400085, 0.6205564141273499, 0.6275116205215454, 0.6259660124778748, 0.6221020221710205, 0.6236476302146912, 0.6089644432067871, 0.6205564141273499, 0.6213291883468628, 0.6290571689605713, 0.615146815776825, 0.6259660124778748, 0.6213291883468628, 0.6228747963905334, 0.6259660124778748, 0.6205564141273499, 0.6282843947410583, 0.6228747963905334, 0.6267387866973877, 0.6236476302146912, 0.6228747963905334, 0.6136012077331543, 0.625193178653717, 0.6267387866973877]}}