{"scitail_b_train_4_32": {"num_of_epochs": 20, "learning_rate": 0.0001, "training_ds_fpath": "_train_4_32", "first_token_val_accuracy": [0.44667696952819824, 0.5085007548332214, 0.5007727742195129, 0.5023183822631836, 0.5139103531837463, 0.5548686385154724, 0.5672333836555481, 0.6035548448562622, 0.6012364625930786, 0.6112828254699707, 0.6236476302146912, 0.6375579833984375, 0.6313755512237549, 0.6360123753547668, 0.6522411108016968, 0.6522411108016968, 0.6391035318374634, 0.6375579833984375, 0.6445131301879883, 0.6391035318374634], "all_token_val_accuracy": [0.44667696952819824, 0.5085007548332214, 0.5007727742195129, 0.5023183822631836, 0.5139103531837463, 0.5548686385154724, 0.5672333836555481, 0.6035548448562622, 0.6012364625930786, 0.6112828254699707, 0.6236476302146912, 0.6375579833984375, 0.6313755512237549, 0.6360123753547668, 0.6522411108016968, 0.6522411108016968, 0.6391035318374634, 0.6375579833984375, 0.6445131301879883, 0.6391035318374634]}}