{"scitail_b_train_1_4": {"num_of_epochs": 20, "learning_rate": 0.0001, "training_ds_fpath": "_train_1_4", "first_token_val_accuracy": [0.0, 0.0, 0.0, 0.0015455950051546097, 0.0069551775231957436, 0.05564142018556595, 0.25270479917526245, 0.328438937664032, 0.3469860851764679, 0.36089643836021423, 0.38717156648635864, 0.40803709626197815, 0.4358578026294708, 0.4536321461200714, 0.4737248718738556, 0.48531684279441833, 0.4969088137149811, 0.49845439195632935, 0.49613600969314575, 0.5185471177101135], "all_token_val_accuracy": [0.0, 0.0, 0.0, 0.0015455950051546097, 0.0069551775231957436, 0.05564142018556595, 0.25270479917526245, 0.328438937664032, 0.3469860851764679, 0.36089643836021423, 0.38717156648635864, 0.40803709626197815, 0.4358578026294708, 0.4536321461200714, 0.4737248718738556, 0.48531684279441833, 0.4969088137149811, 0.49845439195632935, 0.49613600969314575, 0.5185471177101135]}}