{"scitail_b_train_1_16": {"num_of_epochs": 5, "learning_rate": 0.001, "training_ds_fpath": "_train_1_16", "first_token_val_accuracy": [0.5, 0.5, 0.5061823725700378, 0.5, 0.5038639903068542], "all_token_val_accuracy": [0.5, 0.5, 0.5061823725700378, 0.5, 0.5038639903068542]}}