{"scitail_b_train_9_8": {"num_of_epochs": 40, "learning_rate": 1e-05, "training_ds_fpath": "_train_9_8", "first_token_val_accuracy": [0.0, 0.0, 0.0, 0.0, 0.0, 0.0, 0.0, 0.0, 0.0, 0.0, 0.0007727975025773048, 0.0007727975025773048, 0.0007727975025773048, 0.0007727975025773048, 0.0015455950051546097, 0.0015455950051546097, 0.0030911900103092194, 0.005409582518041134, 0.007727975491434336, 0.010046367533504963, 0.014683152548968792, 0.017001545056700706, 0.023183925077319145, 0.030139103531837463, 0.04018547013401985, 0.05100463703274727, 0.0672333836555481, 0.08191654086112976, 0.09891808032989502, 0.11978361755609512, 0.14374034106731415, 0.1707882583141327, 0.20247295498847961, 0.22333848476409912, 0.2457496076822281, 0.2805255055427551, 0.30680060386657715, 0.3238021731376648, 0.3446677029132843, 0.3632148504257202], "all_token_val_accuracy": [0.0, 0.0, 0.0, 0.0, 0.0, 0.0, 0.0, 0.0, 0.0, 0.0, 0.0, 0.0, 0.0, 0.0007727975025773048, 0.0015455950051546097, 0.0015455950051546097, 0.0023183925077319145, 0.005409582518041134, 0.007727975491434336, 0.010046367533504963, 0.014683152548968792, 0.016228748485445976, 0.022411128506064415, 0.029366305097937584, 0.03941267356276512, 0.05023184046149254, 0.06646058708429337, 0.08114373683929443, 0.09814528375864029, 0.1190108209848404, 0.14296753704547882, 0.17001545429229736, 0.2017001509666443, 0.2225656807422638, 0.24497681856155396, 0.2797527015209198, 0.3060278296470642, 0.32302936911582947, 0.343894898891449, 0.3624420464038849]}}