{"scitail_b_train_8_4": {"num_of_epochs": 30, "learning_rate": 0.001, "training_ds_fpath": "_train_8_4", "first_token_val_accuracy": [0.33230292797088623, 0.49381762742996216, 0.5363214612007141, 0.49613600969314575, 0.49845439195632935, 0.48608964681625366, 0.5479134321212769, 0.5038639903068542, 0.5030912160873413, 0.5177743434906006, 0.5556414127349854, 0.5479134321212769, 0.5610510110855103, 0.5703245997428894, 0.5734157562255859, 0.5749613642692566, 0.5741885900497437, 0.5757341384887695, 0.5749613642692566, 0.5749613642692566, 0.5749613642692566, 0.5741885900497437, 0.5741885900497437, 0.5734157562255859, 0.572642982006073, 0.5741885900497437, 0.5741885900497437, 0.5757341384887695, 0.5757341384887695, 0.5772797465324402], "all_token_val_accuracy": [0.3315301537513733, 0.49381762742996216, 0.5363214612007141, 0.49613600969314575, 0.49845439195632935, 0.48608964681625366, 0.5471406579017639, 0.5030912160873413, 0.5023183822631836, 0.5170015692710876, 0.5548686385154724, 0.5471406579017639, 0.5610510110855103, 0.5703245997428894, 0.5734157562255859, 0.5749613642692566, 0.5741885900497437, 0.5757341384887695, 0.5749613642692566, 0.5749613642692566, 0.5749613642692566, 0.5741885900497437, 0.5741885900497437, 0.5734157562255859, 0.572642982006073, 0.5741885900497437, 0.5741885900497437, 0.5757341384887695, 0.5757341384887695, 0.5772797465324402]}}