{"scitail_b_train_1_8": {"num_of_epochs": 10, "learning_rate": 0.0001, "training_ds_fpath": "_train_1_8", "first_token_val_accuracy": [0.0, 0.0030911900103092194, 0.16769705712795258, 0.3755795955657959, 0.4250386357307434, 0.47295209765434265, 0.4969088137149811, 0.4992271959781647, 0.5177743434906006, 0.5293663144111633], "all_token_val_accuracy": [0.0, 0.0023183925077319145, 0.16769705712795258, 0.3755795955657959, 0.4250386357307434, 0.47295209765434265, 0.4969088137149811, 0.4992271959781647, 0.5177743434906006, 0.5293663144111633]}}