{"scitail_b_train_1_32": {"num_of_epochs": 20, "learning_rate": 0.0005, "training_ds_fpath": "_train_1_32", "first_token_val_accuracy": [0.5, 0.5, 0.5285934805870056, 0.5687789916992188, 0.5146831274032593, 0.5850077271461487, 0.5888717174530029, 0.5857805013656616, 0.5950540900230408, 0.5911900997161865, 0.5842349529266357, 0.5641421675682068, 0.598918080329895, 0.58809894323349, 0.6058732867240906, 0.5935084819793701, 0.5942813158035278, 0.5919629335403442, 0.5463678240776062, 0.5270479321479797], "all_token_val_accuracy": [0.5, 0.5, 0.5285934805870056, 0.5687789916992188, 0.5146831274032593, 0.5850077271461487, 0.5888717174530029, 0.5857805013656616, 0.5950540900230408, 0.5911900997161865, 0.5842349529266357, 0.5641421675682068, 0.598918080329895, 0.58809894323349, 0.6058732867240906, 0.5935084819793701, 0.5942813158035278, 0.5919629335403442, 0.5463678240776062, 0.5270479321479797]}}