{"scitail_b_train_9_16": {"num_of_epochs": 40, "learning_rate": 0.0001, "training_ds_fpath": "_train_9_16", "first_token_val_accuracy": [0.013137557543814182, 0.36398762464523315, 0.45672333240509033, 0.4992271959781647, 0.5587326288223267, 0.5061823725700378, 0.5765069723129272, 0.5772797465324402, 0.5455950498580933, 0.530911922454834, 0.5687789916992188, 0.5548686385154724, 0.568006157875061, 0.5803709626197815, 0.5757341384887695, 0.5826893448829651, 0.598918080329895, 0.5595054030418396, 0.5904173254966736, 0.5935084819793701, 0.5888717174530029, 0.58809894323349, 0.5950540900230408, 0.5780525207519531, 0.5610510110855103, 0.5904173254966736, 0.5904173254966736, 0.5765069723129272, 0.5540958046913147, 0.568006157875061, 0.568006157875061, 0.5857805013656616, 0.5865533351898193, 0.5919629335403442, 0.5958268642425537, 0.5788253545761108, 0.5811437368392944, 0.5950540900230408, 0.5896444916725159, 0.5904173254966736], "all_token_val_accuracy": [0.012364760041236877, 0.36398762464523315, 0.45672333240509033, 0.4992271959781647, 0.5587326288223267, 0.5061823725700378, 0.5765069723129272, 0.5772797465324402, 0.5455950498580933, 0.530911922454834, 0.5687789916992188, 0.5548686385154724, 0.568006157875061, 0.5803709626197815, 0.5757341384887695, 0.5826893448829651, 0.598918080329895, 0.5595054030418396, 0.5904173254966736, 0.5935084819793701, 0.5888717174530029, 0.58809894323349, 0.5950540900230408, 0.5780525207519531, 0.5610510110855103, 0.5904173254966736, 0.5904173254966736, 0.5765069723129272, 0.5540958046913147, 0.568006157875061, 0.568006157875061, 0.5857805013656616, 0.5865533351898193, 0.5919629335403442, 0.5958268642425537, 0.5788253545761108, 0.5811437368392944, 0.5950540900230408, 0.5896444916725159, 0.5904173254966736]}}