{"scitail_b_train_3_8": {"num_of_epochs": 10, "learning_rate": 0.001, "training_ds_fpath": "_train_3_8", "first_token_val_accuracy": [0.442812979221344, 0.5, 0.6020092964172363, 0.5695517659187317, 0.5556414127349854, 0.5942813158035278, 0.5935084819793701, 0.6081916689872742, 0.614374041557312, 0.6089644432067871], "all_token_val_accuracy": [0.442812979221344, 0.5, 0.6020092964172363, 0.5695517659187317, 0.5556414127349854, 0.5942813158035278, 0.5935084819793701, 0.6081916689872742, 0.614374041557312, 0.6089644432067871]}}