{"scitail_b_train_5_16": {"num_of_epochs": 40, "learning_rate": 0.0001, "training_ds_fpath": "_train_5_16", "first_token_val_accuracy": [0.011591962538659573, 0.4227202534675598, 0.4953632056713104, 0.5085007548332214, 0.5347759127616882, 0.5139103531837463, 0.5625966191291809, 0.5069552063941956, 0.5355486869812012, 0.5340030789375305, 0.5695517659187317, 0.5695517659187317, 0.5641421675682068, 0.5911900997161865, 0.5803709626197815, 0.5695517659187317, 0.5896444916725159, 0.5857805013656616, 0.5656877756118774, 0.5911900997161865, 0.5950540900230408, 0.5904173254966736, 0.5695517659187317, 0.5965996980667114, 0.5819165110588074, 0.5803709626197815, 0.5942813158035278, 0.5958268642425537, 0.599690854549408, 0.5896444916725159, 0.599690854549408, 0.6004636883735657, 0.6035548448562622, 0.6035548448562622, 0.599690854549408, 0.6027820706367493, 0.599690854549408, 0.6035548448562622, 0.5981453061103821, 0.6012364625930786], "all_token_val_accuracy": [0.009273570030927658, 0.4219474494457245, 0.4953632056713104, 0.5085007548332214, 0.5347759127616882, 0.5139103531837463, 0.5625966191291809, 0.5069552063941956, 0.5355486869812012, 0.5340030789375305, 0.5695517659187317, 0.5695517659187317, 0.5641421675682068, 0.5911900997161865, 0.5803709626197815, 0.5695517659187317, 0.5896444916725159, 0.5857805013656616, 0.5656877756118774, 0.5911900997161865, 0.5950540900230408, 0.5904173254966736, 0.5695517659187317, 0.5965996980667114, 0.5819165110588074, 0.5803709626197815, 0.5942813158035278, 0.5958268642425537, 0.599690854549408, 0.5896444916725159, 0.599690854549408, 0.6004636883735657, 0.6035548448562622, 0.6035548448562622, 0.599690854549408, 0.6027820706367493, 0.599690854549408, 0.6035548448562622, 0.5981453061103821, 0.6012364625930786]}}