{"scitail_b_train_0_16": {"num_of_epochs": 30, "learning_rate": 0.0005, "training_ds_fpath": "_train_0_16", "first_token_val_accuracy": [0.5486862659454346, 0.5054095983505249, 0.5, 0.5054095983505249, 0.5510046482086182, 0.5332303047180176, 0.5927357077598572, 0.5772797465324402, 0.5842349529266357, 0.5765069723129272, 0.6097372770309448, 0.5873261094093323, 0.6174651980400085, 0.6159196496009827, 0.6074188351631165, 0.5973724722862244, 0.6089644432067871, 0.6081916689872742, 0.6105100512504578, 0.6105100512504578, 0.6027820706367493, 0.5973724722862244, 0.598918080329895, 0.6097372770309448, 0.6329211592674255, 0.6391035318374634, 0.6051004528999329, 0.6035548448562622, 0.615146815776825, 0.614374041557312], "all_token_val_accuracy": [0.5486862659454346, 0.5054095983505249, 0.5, 0.5054095983505249, 0.5510046482086182, 0.5332303047180176, 0.5927357077598572, 0.5772797465324402, 0.5842349529266357, 0.5765069723129272, 0.6097372770309448, 0.5873261094093323, 0.6174651980400085, 0.6159196496009827, 0.6074188351631165, 0.5973724722862244, 0.6089644432067871, 0.6081916689872742, 0.6105100512504578, 0.6105100512504578, 0.6027820706367493, 0.5973724722862244, 0.598918080329895, 0.6097372770309448, 0.6329211592674255, 0.6391035318374634, 0.6051004528999329, 0.6035548448562622, 0.615146815776825, 0.614374041557312]}}