{"scitail_b_train_3_32": {"num_of_epochs": 10, "learning_rate": 0.001, "training_ds_fpath": "_train_3_32", "first_token_val_accuracy": [0.5, 0.5, 0.5687789916992188, 0.5239567160606384, 0.557959794998169, 0.5927357077598572, 0.6128284335136414, 0.58809894323349, 0.5811437368392944, 0.599690854549408], "all_token_val_accuracy": [0.5, 0.5, 0.5687789916992188, 0.5239567160606384, 0.557959794998169, 0.5927357077598572, 0.6128284335136414, 0.58809894323349, 0.5811437368392944, 0.599690854549408]}}