{"scitail_b_train_3_4": {"num_of_epochs": 30, "learning_rate": 0.0005, "training_ds_fpath": "_train_3_4", "first_token_val_accuracy": [0.03554868698120117, 0.3601236343383789, 0.4459041655063629, 0.484544038772583, 0.5703245997428894, 0.5278207063674927, 0.5471406579017639, 0.5757341384887695, 0.5687789916992188, 0.5749613642692566, 0.5749613642692566, 0.572642982006073, 0.5703245997428894, 0.5710973739624023, 0.5741885900497437, 0.568006157875061, 0.5656877756118774, 0.5618237853050232, 0.5610510110855103, 0.557187020778656, 0.5564142465591431, 0.5587326288223267, 0.557959794998169, 0.5587326288223267, 0.5595054030418396, 0.5610510110855103, 0.5625966191291809, 0.5641421675682068, 0.5703245997428894, 0.5695517659187317], "all_token_val_accuracy": [0.03554868698120117, 0.3601236343383789, 0.4459041655063629, 0.484544038772583, 0.5703245997428894, 0.5278207063674927, 0.5471406579017639, 0.5757341384887695, 0.5687789916992188, 0.5749613642692566, 0.5749613642692566, 0.572642982006073, 0.5703245997428894, 0.5710973739624023, 0.5741885900497437, 0.568006157875061, 0.5656877756118774, 0.5618237853050232, 0.5610510110855103, 0.557187020778656, 0.5564142465591431, 0.5587326288223267, 0.557959794998169, 0.5587326288223267, 0.5595054030418396, 0.5610510110855103, 0.5625966191291809, 0.5641421675682068, 0.5703245997428894, 0.5695517659187317]}}