{"scitail_b_train_3_8": {"num_of_epochs": 30, "learning_rate": 0.0001, "training_ds_fpath": "_train_3_8", "first_token_val_accuracy": [0.0, 0.0023183925077319145, 0.2457496076822281, 0.36089643836021423, 0.4227202534675598, 0.4760432839393616, 0.5038639903068542, 0.5595054030418396, 0.5092735886573792, 0.4969088137149811, 0.5030912160873413, 0.5548686385154724, 0.5533230304718018, 0.5193199515342712, 0.5069552063941956, 0.5162287354469299, 0.5301390886306763, 0.5115919709205627, 0.5007727742195129, 0.5046367645263672, 0.5170015692710876, 0.5216383337974548, 0.5340030789375305, 0.5347759127616882, 0.5347759127616882, 0.5340030789375305, 0.5270479321479797, 0.5324574708938599, 0.5432766675949097, 0.5432766675949097], "all_token_val_accuracy": [0.0, 0.0023183925077319145, 0.2457496076822281, 0.36089643836021423, 0.4227202534675598, 0.4760432839393616, 0.5038639903068542, 0.5595054030418396, 0.5092735886573792, 0.4969088137149811, 0.5030912160873413, 0.5548686385154724, 0.5533230304718018, 0.5193199515342712, 0.5069552063941956, 0.5162287354469299, 0.5301390886306763, 0.5115919709205627, 0.5007727742195129, 0.5046367645263672, 0.5170015692710876, 0.5216383337974548, 0.5340030789375305, 0.5347759127616882, 0.5347759127616882, 0.5340030789375305, 0.5270479321479797, 0.5324574708938599, 0.5432766675949097, 0.5432766675949097]}}