{"scitail_b_train_0_8": {"num_of_epochs": 40, "learning_rate": 0.001, "training_ds_fpath": "_train_0_8", "first_token_val_accuracy": [0.5170015692710876, 0.4969088137149811, 0.5, 0.49613600969314575, 0.5448222756385803, 0.5386399030685425, 0.5378670692443848, 0.5625966191291809, 0.5703245997428894, 0.5193199515342712, 0.5765069723129272, 0.5749613642692566, 0.5772797465324402, 0.5788253545761108, 0.5749613642692566, 0.5749613642692566, 0.5695517659187317, 0.5664606094360352, 0.5649150013923645, 0.5664606094360352, 0.5656877756118774, 0.5672333836555481, 0.5649150013923645, 0.5672333836555481, 0.5703245997428894, 0.5687789916992188, 0.5718701481819153, 0.5656877756118774, 0.5649150013923645, 0.5687789916992188, 0.5687789916992188, 0.5695517659187317, 0.5703245997428894, 0.568006157875061, 0.5641421675682068, 0.5649150013923645, 0.5649150013923645, 0.5656877756118774, 0.5656877756118774, 0.5656877756118774], "all_token_val_accuracy": [0.5170015692710876, 0.4969088137149811, 0.5, 0.49613600969314575, 0.5448222756385803, 0.5386399030685425, 0.5378670692443848, 0.5625966191291809, 0.5703245997428894, 0.5193199515342712, 0.5765069723129272, 0.5749613642692566, 0.5772797465324402, 0.5788253545761108, 0.5749613642692566, 0.5749613642692566, 0.5695517659187317, 0.5664606094360352, 0.5649150013923645, 0.5664606094360352, 0.5656877756118774, 0.5672333836555481, 0.5649150013923645, 0.5672333836555481, 0.5703245997428894, 0.5687789916992188, 0.5718701481819153, 0.5656877756118774, 0.5649150013923645, 0.5687789916992188, 0.5687789916992188, 0.5695517659187317, 0.5703245997428894, 0.568006157875061, 0.5641421675682068, 0.5649150013923645, 0.5649150013923645, 0.5656877756118774, 0.5656877756118774, 0.5656877756118774]}}