{"scitail_b_train_4_8": {"num_of_epochs": 5, "learning_rate": 0.0005, "training_ds_fpath": "_train_4_8", "first_token_val_accuracy": [0.4976816177368164, 0.5425038933753967, 0.5324574708938599, 0.5741885900497437, 0.5255023241043091], "all_token_val_accuracy": [0.4953632056713104, 0.5425038933753967, 0.5324574708938599, 0.5741885900497437, 0.5255023241043091]}}