{"scitail_b_train_5_16": {"num_of_epochs": 20, "learning_rate": 1e-05, "training_ds_fpath": "_train_5_16", "first_token_val_accuracy": [0.0, 0.0, 0.0, 0.0, 0.0, 0.0, 0.0007727975025773048, 0.0007727975025773048, 0.0023183925077319145, 0.006182380020618439, 0.010046367533504963, 0.020865533500909805, 0.04173106700181961, 0.07109737396240234, 0.12364760786294937, 0.18856260180473328, 0.2511591911315918, 0.30989181995391846, 0.3554868698120117, 0.38717156648635864], "all_token_val_accuracy": [0.0, 0.0, 0.0, 0.0, 0.0, 0.0, 0.0007727975025773048, 0.0007727975025773048, 0.0023183925077319145, 0.005409582518041134, 0.009273570030927658, 0.020092735067009926, 0.04095827043056488, 0.07032457739114761, 0.12287480384111404, 0.18778979778289795, 0.25038638710975647, 0.30911901593208313, 0.3547140657901764, 0.38717156648635864]}}