{"scitail_b_train_4_32": {"num_of_epochs": 40, "learning_rate": 0.0001, "training_ds_fpath": "_train_4_32", "first_token_val_accuracy": [0.3632148504257202, 0.4945904314517975, 0.5046367645263672, 0.5193199515342712, 0.568006157875061, 0.5873261094093323, 0.58809894323349, 0.6012364625930786, 0.557959794998169, 0.5695517659187317, 0.5765069723129272, 0.6128284335136414, 0.614374041557312, 0.6166924238204956, 0.614374041557312, 0.6120556592941284, 0.6213291883468628, 0.6259660124778748, 0.6190108060836792, 0.6035548448562622, 0.6128284335136414, 0.5958268642425537, 0.6105100512504578, 0.5919629335403442, 0.6282843947410583, 0.6313755512237549, 0.6166924238204956, 0.6174651980400085, 0.6290571689605713, 0.6035548448562622, 0.6221020221710205, 0.6089644432067871, 0.625193178653717, 0.6336939930915833, 0.6383307576179504, 0.6391035318374634, 0.6383307576179504, 0.6244204044342041, 0.6282843947410583, 0.6313755512237549], "all_token_val_accuracy": [0.3632148504257202, 0.4945904314517975, 0.5046367645263672, 0.5193199515342712, 0.568006157875061, 0.5873261094093323, 0.58809894323349, 0.6012364625930786, 0.557959794998169, 0.5695517659187317, 0.5765069723129272, 0.6128284335136414, 0.614374041557312, 0.6166924238204956, 0.614374041557312, 0.6120556592941284, 0.6213291883468628, 0.6259660124778748, 0.6190108060836792, 0.6035548448562622, 0.6128284335136414, 0.5958268642425537, 0.6105100512504578, 0.5919629335403442, 0.6282843947410583, 0.6313755512237549, 0.6166924238204956, 0.6174651980400085, 0.6290571689605713, 0.6035548448562622, 0.6221020221710205, 0.6089644432067871, 0.625193178653717, 0.6336939930915833, 0.6383307576179504, 0.6391035318374634, 0.6383307576179504, 0.6244204044342041, 0.6282843947410583, 0.6313755512237549]}}