{"scitail_b_train_4_8": {"num_of_epochs": 40, "learning_rate": 0.0005, "training_ds_fpath": "_train_4_8", "first_token_val_accuracy": [0.3338485360145569, 0.49845439195632935, 0.5146831274032593, 0.5401854515075684, 0.5301390886306763, 0.568006157875061, 0.5610510110855103, 0.583462119102478, 0.5811437368392944, 0.5850077271461487, 0.5935084819793701, 0.5510046482086182, 0.5340030789375305, 0.5471406579017639, 0.5595054030418396, 0.5602782368659973, 0.5602782368659973, 0.5587326288223267, 0.568006157875061, 0.5780525207519531, 0.5795981287956238, 0.5780525207519531, 0.5641421675682068, 0.5633693933486938, 0.5602782368659973, 0.5618237853050232, 0.5618237853050232, 0.5602782368659973, 0.5803709626197815, 0.5896444916725159, 0.5919629335403442, 0.5911900997161865, 0.5857805013656616, 0.5819165110588074, 0.5772797465324402, 0.5633693933486938, 0.5633693933486938, 0.5633693933486938, 0.5633693933486938, 0.5618237853050232], "all_token_val_accuracy": [0.3338485360145569, 0.49845439195632935, 0.5146831274032593, 0.5401854515075684, 0.5301390886306763, 0.568006157875061, 0.5610510110855103, 0.583462119102478, 0.5811437368392944, 0.5850077271461487, 0.5935084819793701, 0.5510046482086182, 0.5340030789375305, 0.5471406579017639, 0.5595054030418396, 0.5602782368659973, 0.5602782368659973, 0.5587326288223267, 0.568006157875061, 0.5780525207519531, 0.5795981287956238, 0.5780525207519531, 0.5641421675682068, 0.5633693933486938, 0.5602782368659973, 0.5618237853050232, 0.5618237853050232, 0.5602782368659973, 0.5803709626197815, 0.5896444916725159, 0.5919629335403442, 0.5911900997161865, 0.5857805013656616, 0.5819165110588074, 0.5772797465324402, 0.5633693933486938, 0.5633693933486938, 0.5633693933486938, 0.5633693933486938, 0.5618237853050232]}}