{"scitail_b_train_1_4": {"num_of_epochs": 50, "learning_rate": 0.0005, "training_ds_fpath": "_train_1_4", "first_token_val_accuracy": [0.0, 0.46986088156700134, 0.4822256565093994, 0.4992271959781647, 0.5208655595779419, 0.5293663144111633, 0.5463678240776062, 0.5641421675682068, 0.5479134321212769, 0.5394126772880554, 0.5656877756118774, 0.5819165110588074, 0.5811437368392944, 0.5772797465324402, 0.572642982006073, 0.5710973739624023, 0.572642982006073, 0.5734157562255859, 0.5788253545761108, 0.5873261094093323, 0.5842349529266357, 0.5842349529266357, 0.5803709626197815, 0.5811437368392944, 0.5788253545761108, 0.5749613642692566, 0.5749613642692566, 0.5749613642692566, 0.5780525207519531, 0.5826893448829651, 0.5811437368392944, 0.5795981287956238, 0.5780525207519531, 0.5780525207519531, 0.5803709626197815, 0.5803709626197815, 0.5842349529266357, 0.583462119102478, 0.5857805013656616, 0.5857805013656616, 0.5826893448829651, 0.5826893448829651, 0.5811437368392944, 0.5811437368392944, 0.5811437368392944, 0.5842349529266357, 0.5865533351898193, 0.5857805013656616, 0.5819165110588074, 0.5819165110588074], "all_token_val_accuracy": [0.0, 0.46986088156700134, 0.4822256565093994, 0.4992271959781647, 0.5208655595779419, 0.5293663144111633, 0.5463678240776062, 0.5641421675682068, 0.5479134321212769, 0.5394126772880554, 0.5656877756118774, 0.5819165110588074, 0.5811437368392944, 0.5772797465324402, 0.572642982006073, 0.5710973739624023, 0.572642982006073, 0.5734157562255859, 0.5788253545761108, 0.5873261094093323, 0.5842349529266357, 0.5842349529266357, 0.5803709626197815, 0.5811437368392944, 0.5788253545761108, 0.5749613642692566, 0.5749613642692566, 0.5749613642692566, 0.5780525207519531, 0.5826893448829651, 0.5811437368392944, 0.5795981287956238, 0.5780525207519531, 0.5780525207519531, 0.5803709626197815, 0.5803709626197815, 0.5842349529266357, 0.583462119102478, 0.5857805013656616, 0.5857805013656616, 0.5826893448829651, 0.5826893448829651, 0.5811437368392944, 0.5811437368392944, 0.5811437368392944, 0.5842349529266357, 0.5865533351898193, 0.5857805013656616, 0.5819165110588074, 0.5819165110588074]}}