{"scitail_b_train_7_16": {"num_of_epochs": 50, "learning_rate": 1e-05, "training_ds_fpath": "_train_7_16", "first_token_val_accuracy": [0.0, 0.0, 0.0, 0.0, 0.0, 0.0, 0.0, 0.0, 0.0007727975025773048, 0.0015455950051546097, 0.0030911900103092194, 0.0069551775231957436, 0.013910355046391487, 0.0363214835524559, 0.06646058708429337, 0.11282844096422195, 0.16151468455791473, 0.24806800484657288, 0.31221020221710205, 0.3493044674396515, 0.37480679154396057, 0.40262749791145325, 0.4219474494457245, 0.4435857832431793, 0.45440495014190674, 0.45981451869010925, 0.4683153033256531, 0.4791344702243805, 0.48608964681625366, 0.4899536371231079, 0.4945904314517975, 0.4969088137149811, 0.49845439195632935, 0.49845439195632935, 0.49845439195632935, 0.49845439195632935, 0.4992271959781647, 0.4992271959781647, 0.4992271959781647, 0.4992271959781647, 0.5007727742195129, 0.5007727742195129, 0.5023183822631836, 0.5077279806137085, 0.5170015692710876, 0.5293663144111633, 0.5479134321212769, 0.5540958046913147, 0.5672333836555481, 0.5633693933486938], "all_token_val_accuracy": [0.0, 0.0, 0.0, 0.0, 0.0, 0.0, 0.0, 0.0, 0.0007727975025773048, 0.0007727975025773048, 0.0023183925077319145, 0.006182380020618439, 0.013137557543814182, 0.03554868698120117, 0.06568779051303864, 0.11205564439296722, 0.1607418805360794, 0.24729521572589874, 0.3114373981952667, 0.34853169322013855, 0.37403401732444763, 0.4018547236919403, 0.42117464542388916, 0.4435857832431793, 0.45440495014190674, 0.45981451869010925, 0.4683153033256531, 0.4791344702243805, 0.48608964681625366, 0.4899536371231079, 0.4945904314517975, 0.4969088137149811, 0.49845439195632935, 0.49845439195632935, 0.49845439195632935, 0.49845439195632935, 0.4992271959781647, 0.4992271959781647, 0.4992271959781647, 0.4992271959781647, 0.5007727742195129, 0.5007727742195129, 0.5023183822631836, 0.5077279806137085, 0.5170015692710876, 0.5293663144111633, 0.5479134321212769, 0.5540958046913147, 0.5672333836555481, 0.5633693933486938]}}