{"scitail_b_train_3_8": {"num_of_epochs": 30, "learning_rate": 1e-05, "training_ds_fpath": "_train_3_8", "first_token_val_accuracy": [0.0, 0.0, 0.0, 0.0, 0.0, 0.0, 0.0, 0.0, 0.0, 0.0, 0.0, 0.0, 0.0, 0.0, 0.0, 0.0, 0.0, 0.0, 0.0007727975025773048, 0.0007727975025773048, 0.0007727975025773048, 0.0023183925077319145, 0.0030911900103092194, 0.003863987745717168, 0.004636785015463829, 0.0069551775231957436, 0.013910355046391487, 0.017774343490600586, 0.024729520082473755, 0.027820710092782974], "all_token_val_accuracy": [0.0, 0.0, 0.0, 0.0, 0.0, 0.0, 0.0, 0.0, 0.0, 0.0, 0.0, 0.0, 0.0, 0.0, 0.0, 0.0, 0.0, 0.0, 0.0007727975025773048, 0.0007727975025773048, 0.0007727975025773048, 0.0023183925077319145, 0.0023183925077319145, 0.0030911900103092194, 0.003863987745717168, 0.006182380020618439, 0.013137557543814182, 0.017001545056700706, 0.023956723511219025, 0.027047913521528244]}}