{"scitail_b_train_8_32": {"num_of_epochs": 30, "learning_rate": 0.0001, "training_ds_fpath": "_train_8_32", "first_token_val_accuracy": [0.41576507687568665, 0.5007727742195129, 0.5030912160873413, 0.5695517659187317, 0.5007727742195129, 0.5494590401649475, 0.5919629335403442, 0.599690854549408, 0.557959794998169, 0.614374041557312, 0.5757341384887695, 0.6383307576179504, 0.615146815776825, 0.6352395415306091, 0.6004636883735657, 0.6483771204948425, 0.6383307576179504, 0.6545594930648804, 0.615146815776825, 0.6653786897659302, 0.6352395415306091, 0.6615146994590759, 0.6445131301879883, 0.6522411108016968, 0.6313755512237549, 0.6437403559684753, 0.6514683365821838, 0.6267387866973877, 0.6259660124778748, 0.629830002784729], "all_token_val_accuracy": [0.41576507687568665, 0.5007727742195129, 0.5030912160873413, 0.5695517659187317, 0.5007727742195129, 0.5494590401649475, 0.5919629335403442, 0.599690854549408, 0.557959794998169, 0.614374041557312, 0.5757341384887695, 0.6383307576179504, 0.615146815776825, 0.6352395415306091, 0.6004636883735657, 0.6483771204948425, 0.6383307576179504, 0.6545594930648804, 0.615146815776825, 0.6653786897659302, 0.6352395415306091, 0.6615146994590759, 0.6445131301879883, 0.6522411108016968, 0.6313755512237549, 0.6437403559684753, 0.6514683365821838, 0.6267387866973877, 0.6259660124778748, 0.629830002784729]}}