{"scitail_b_train_9_32": {"num_of_epochs": 50, "learning_rate": 0.0005, "training_ds_fpath": "_train_9_32", "first_token_val_accuracy": [0.5, 0.5193199515342712, 0.6313755512237549, 0.5888717174530029, 0.6421947479248047, 0.6097372770309448, 0.6313755512237549, 0.6630603075027466, 0.6638330817222595, 0.6514683365821838, 0.6576507091522217, 0.671561062335968, 0.6676970720291138, 0.6522411108016968, 0.6676970720291138, 0.6607418656349182, 0.6622874736785889, 0.6684698462486267, 0.6615146994590759, 0.6754250526428223, 0.6738794445991516, 0.6692426800727844, 0.6731066703796387, 0.6731066703796387, 0.671561062335968, 0.6707882285118103, 0.6684698462486267, 0.6700154542922974, 0.6738794445991516, 0.6754250526428223, 0.6707882285118103, 0.6731066703796387, 0.672333836555481, 0.671561062335968, 0.6738794445991516, 0.6746522188186646, 0.6738794445991516, 0.6746522188186646, 0.6731066703796387, 0.6738794445991516, 0.6761978268623352, 0.6746522188186646, 0.6769706606864929, 0.672333836555481, 0.6738794445991516, 0.6792890429496765, 0.6785162091255188, 0.6785162091255188, 0.6800618171691895, 0.6792890429496765], "all_token_val_accuracy": [0.5, 0.5193199515342712, 0.6313755512237549, 0.5888717174530029, 0.6421947479248047, 0.6097372770309448, 0.6313755512237549, 0.6630603075027466, 0.6638330817222595, 0.6514683365821838, 0.6576507091522217, 0.671561062335968, 0.6676970720291138, 0.6522411108016968, 0.6676970720291138, 0.6607418656349182, 0.6622874736785889, 0.6684698462486267, 0.6615146994590759, 0.6754250526428223, 0.6738794445991516, 0.6692426800727844, 0.6731066703796387, 0.6731066703796387, 0.671561062335968, 0.6707882285118103, 0.6684698462486267, 0.6700154542922974, 0.6738794445991516, 0.6754250526428223, 0.6707882285118103, 0.6731066703796387, 0.672333836555481, 0.671561062335968, 0.6738794445991516, 0.6746522188186646, 0.6738794445991516, 0.6746522188186646, 0.6731066703796387, 0.6738794445991516, 0.6761978268623352, 0.6746522188186646, 0.6769706606864929, 0.672333836555481, 0.6738794445991516, 0.6792890429496765, 0.6785162091255188, 0.6785162091255188, 0.6800618171691895, 0.6792890429496765]}}