{"scitail_b_train_4_4": {"num_of_epochs": 5, "learning_rate": 0.001, "training_ds_fpath": "_train_4_4", "first_token_val_accuracy": [0.06955178081989288, 0.21947449445724487, 0.4976816177368164, 0.49381762742996216, 0.4945904314517975], "all_token_val_accuracy": [0.06955178081989288, 0.21947449445724487, 0.4976816177368164, 0.49381762742996216, 0.4945904314517975]}}