{"scitail_b_train_3_4": {"num_of_epochs": 10, "learning_rate": 0.0001, "training_ds_fpath": "_train_3_4", "first_token_val_accuracy": [0.0, 0.0, 0.0, 0.0023183925077319145, 0.04095827043056488, 0.26584234833717346, 0.35857805609703064, 0.3778979778289795, 0.40030911564826965, 0.42658424377441406], "all_token_val_accuracy": [0.0, 0.0, 0.0, 0.0015455950051546097, 0.04095827043056488, 0.26584234833717346, 0.35857805609703064, 0.3778979778289795, 0.40030911564826965, 0.42658424377441406]}}