{"scitail_b_train_1_16": {"num_of_epochs": 40, "learning_rate": 0.0001, "training_ds_fpath": "_train_1_16", "first_token_val_accuracy": [0.0007727975025773048, 0.37480679154396057, 0.4922720193862915, 0.5, 0.5077279806137085, 0.5162287354469299, 0.5007727742195129, 0.5749613642692566, 0.5610510110855103, 0.5069552063941956, 0.5162287354469299, 0.5332303047180176, 0.5811437368392944, 0.5649150013923645, 0.5162287354469299, 0.5587326288223267, 0.5873261094093323, 0.5649150013923645, 0.5803709626197815, 0.5540958046913147, 0.5316846966743469, 0.5664606094360352, 0.5741885900497437, 0.5610510110855103, 0.5633693933486938, 0.5672333836555481, 0.5765069723129272, 0.572642982006073, 0.5664606094360352, 0.5710973739624023, 0.5502318143844604, 0.5471406579017639, 0.5479134321212769, 0.5502318143844604, 0.5703245997428894, 0.5873261094093323, 0.5525502562522888, 0.5873261094093323, 0.6043276786804199, 0.6097372770309448], "all_token_val_accuracy": [0.0007727975025773048, 0.37480679154396057, 0.4922720193862915, 0.5, 0.5077279806137085, 0.5162287354469299, 0.5007727742195129, 0.5749613642692566, 0.5610510110855103, 0.5069552063941956, 0.5162287354469299, 0.5332303047180176, 0.5811437368392944, 0.5649150013923645, 0.5162287354469299, 0.5587326288223267, 0.5873261094093323, 0.5649150013923645, 0.5803709626197815, 0.5540958046913147, 0.5316846966743469, 0.5664606094360352, 0.5741885900497437, 0.5610510110855103, 0.5633693933486938, 0.5672333836555481, 0.5765069723129272, 0.572642982006073, 0.5664606094360352, 0.5710973739624023, 0.5502318143844604, 0.5471406579017639, 0.5479134321212769, 0.5502318143844604, 0.5703245997428894, 0.5873261094093323, 0.5525502562522888, 0.5873261094093323, 0.6043276786804199, 0.6097372770309448]}}