{"scitail_b_train_2_16": {"num_of_epochs": 20, "learning_rate": 0.001, "training_ds_fpath": "_train_2_16", "first_token_val_accuracy": [0.5471406579017639, 0.49613600969314575, 0.6499227285385132, 0.6476043462753296, 0.629830002784729, 0.5587326288223267, 0.6313755512237549, 0.5965996980667114, 0.6236476302146912, 0.625193178653717, 0.6282843947410583, 0.6282843947410583, 0.6306027770042419, 0.6306027770042419, 0.6228747963905334, 0.6166924238204956, 0.6159196496009827, 0.6228747963905334, 0.6043276786804199, 0.6159196496009827], "all_token_val_accuracy": [0.5471406579017639, 0.49613600969314575, 0.6499227285385132, 0.6476043462753296, 0.629830002784729, 0.5587326288223267, 0.6313755512237549, 0.5965996980667114, 0.6236476302146912, 0.625193178653717, 0.6282843947410583, 0.6282843947410583, 0.6306027770042419, 0.6306027770042419, 0.6228747963905334, 0.6166924238204956, 0.6159196496009827, 0.6228747963905334, 0.6043276786804199, 0.6159196496009827]}}