{"scitail_b_train_3_16": {"num_of_epochs": 50, "learning_rate": 0.0005, "training_ds_fpath": "_train_3_16", "first_token_val_accuracy": [0.5015456080436707, 0.5370942950248718, 0.5772797465324402, 0.5772797465324402, 0.5510046482086182, 0.5888717174530029, 0.5919629335403442, 0.5973724722862244, 0.5935084819793701, 0.5811437368392944, 0.5850077271461487, 0.5788253545761108, 0.5795981287956238, 0.5904173254966736, 0.58809894323349, 0.5896444916725159, 0.5911900997161865, 0.58809894323349, 0.5788253545761108, 0.5850077271461487, 0.5865533351898193, 0.5865533351898193, 0.5819165110588074, 0.5904173254966736, 0.583462119102478, 0.583462119102478, 0.572642982006073, 0.5842349529266357, 0.5865533351898193, 0.557959794998169, 0.5162287354469299, 0.5873261094093323, 0.5927357077598572, 0.5942813158035278, 0.6051004528999329, 0.6027820706367493, 0.6035548448562622, 0.6066460609436035, 0.6058732867240906, 0.6066460609436035, 0.6027820706367493, 0.6035548448562622, 0.6035548448562622, 0.6043276786804199, 0.6020092964172363, 0.6066460609436035, 0.6074188351631165, 0.6081916689872742, 0.6051004528999329, 0.6097372770309448], "all_token_val_accuracy": [0.5015456080436707, 0.5370942950248718, 0.5772797465324402, 0.5772797465324402, 0.5510046482086182, 0.5888717174530029, 0.5919629335403442, 0.5973724722862244, 0.5935084819793701, 0.5811437368392944, 0.5850077271461487, 0.5788253545761108, 0.5795981287956238, 0.5904173254966736, 0.58809894323349, 0.5896444916725159, 0.5911900997161865, 0.58809894323349, 0.5788253545761108, 0.5850077271461487, 0.5865533351898193, 0.5865533351898193, 0.5819165110588074, 0.5904173254966736, 0.583462119102478, 0.583462119102478, 0.572642982006073, 0.5842349529266357, 0.5865533351898193, 0.557959794998169, 0.5162287354469299, 0.5873261094093323, 0.5927357077598572, 0.5942813158035278, 0.6051004528999329, 0.6027820706367493, 0.6035548448562622, 0.6066460609436035, 0.6058732867240906, 0.6066460609436035, 0.6027820706367493, 0.6035548448562622, 0.6035548448562622, 0.6043276786804199, 0.6020092964172363, 0.6066460609436035, 0.6074188351631165, 0.6081916689872742, 0.6051004528999329, 0.6097372770309448]}}