{"scitail_b_train_6_32": {"num_of_epochs": 40, "learning_rate": 1e-05, "training_ds_fpath": "_train_6_32", "first_token_val_accuracy": [0.0, 0.0, 0.0, 0.0, 0.0007727975025773048, 0.0030911900103092194, 0.013910355046391487, 0.04327666014432907, 0.12210200726985931, 0.23647604882717133, 0.3400309085845947, 0.3786707818508148, 0.42581143975257874, 0.4505409598350525, 0.46213293075561523, 0.471406489610672, 0.4768160879611969, 0.484544038772583, 0.49613600969314575, 0.49613600969314575, 0.4969088137149811, 0.4992271959781647, 0.4992271959781647, 0.5007727742195129, 0.5030912160873413, 0.5061823725700378, 0.5177743434906006, 0.5370942950248718, 0.5479134321212769, 0.557959794998169, 0.5425038933753967, 0.5386399030685425, 0.5208655595779419, 0.5162287354469299, 0.526275098323822, 0.5193199515342712, 0.5146831274032593, 0.5131375789642334, 0.5208655595779419, 0.5200927257537842], "all_token_val_accuracy": [0.0, 0.0, 0.0, 0.0, 0.0007727975025773048, 0.0023183925077319145, 0.013137557543814182, 0.04250386357307434, 0.12132921069860458, 0.23647604882717133, 0.3400309085845947, 0.3786707818508148, 0.42581143975257874, 0.4505409598350525, 0.46213293075561523, 0.471406489610672, 0.4768160879611969, 0.484544038772583, 0.49613600969314575, 0.49613600969314575, 0.4969088137149811, 0.4992271959781647, 0.4992271959781647, 0.5007727742195129, 0.5030912160873413, 0.5061823725700378, 0.5177743434906006, 0.5370942950248718, 0.5479134321212769, 0.557959794998169, 0.5425038933753967, 0.5386399030685425, 0.5208655595779419, 0.5162287354469299, 0.526275098323822, 0.5193199515342712, 0.5146831274032593, 0.5131375789642334, 0.5208655595779419, 0.5200927257537842]}}