{"scitail_b_train_7_16": {"num_of_epochs": 20, "learning_rate": 0.0001, "training_ds_fpath": "_train_7_16", "first_token_val_accuracy": [0.020092735067009926, 0.3647604286670685, 0.4791344702243805, 0.5015456080436707, 0.5672333836555481, 0.5007727742195129, 0.5085007548332214, 0.5355486869812012, 0.5540958046913147, 0.5185471177101135, 0.5455950498580933, 0.5919629335403442, 0.5850077271461487, 0.5479134321212769, 0.5718701481819153, 0.58809894323349, 0.5811437368392944, 0.568006157875061, 0.6267387866973877, 0.6120556592941284], "all_token_val_accuracy": [0.020092735067009926, 0.3647604286670685, 0.4791344702243805, 0.5015456080436707, 0.5672333836555481, 0.5007727742195129, 0.5085007548332214, 0.5355486869812012, 0.5540958046913147, 0.5185471177101135, 0.5455950498580933, 0.5919629335403442, 0.5850077271461487, 0.5479134321212769, 0.5718701481819153, 0.58809894323349, 0.5811437368392944, 0.568006157875061, 0.6267387866973877, 0.6120556592941284]}}