{"scitail_b_train_5_32": {"num_of_epochs": 5, "learning_rate": 0.0001, "training_ds_fpath": "_train_5_32", "first_token_val_accuracy": [0.38253477215766907, 0.5, 0.5054095983505249, 0.5386399030685425, 0.5819165110588074], "all_token_val_accuracy": [0.38253477215766907, 0.5, 0.5054095983505249, 0.5386399030685425, 0.5819165110588074]}}