{"scitail_b_train_2_16": {"num_of_epochs": 50, "learning_rate": 0.0005, "training_ds_fpath": "_train_2_16", "first_token_val_accuracy": [0.5100463628768921, 0.5625966191291809, 0.5826893448829651, 0.5718701481819153, 0.6081916689872742, 0.6190108060836792, 0.6120556592941284, 0.6051004528999329, 0.6043276786804199, 0.5780525207519531, 0.6035548448562622, 0.6035548448562622, 0.6020092964172363, 0.5927357077598572, 0.6205564141273499, 0.6259660124778748, 0.6097372770309448, 0.599690854549408, 0.5958268642425537, 0.6066460609436035, 0.6128284335136414, 0.6081916689872742, 0.6035548448562622, 0.6190108060836792, 0.6352395415306091, 0.6468315124511719, 0.6445131301879883, 0.6228747963905334, 0.6499227285385132, 0.6421947479248047, 0.6468315124511719, 0.6460587382316589, 0.6483771204948425, 0.6429675221443176, 0.5927357077598572, 0.615146815776825, 0.6221020221710205, 0.6221020221710205, 0.6244204044342041, 0.6306027770042419, 0.6306027770042419, 0.6375579833984375, 0.6375579833984375, 0.6360123753547668, 0.6336939930915833, 0.6290571689605713, 0.6344667673110962, 0.629830002784729, 0.629830002784729, 0.6321483850479126], "all_token_val_accuracy": [0.5100463628768921, 0.5625966191291809, 0.5826893448829651, 0.5718701481819153, 0.6081916689872742, 0.6190108060836792, 0.6120556592941284, 0.6051004528999329, 0.6043276786804199, 0.5780525207519531, 0.6035548448562622, 0.6035548448562622, 0.6020092964172363, 0.5927357077598572, 0.6205564141273499, 0.6259660124778748, 0.6097372770309448, 0.599690854549408, 0.5958268642425537, 0.6066460609436035, 0.6128284335136414, 0.6081916689872742, 0.6035548448562622, 0.6190108060836792, 0.6352395415306091, 0.6468315124511719, 0.6445131301879883, 0.6228747963905334, 0.6499227285385132, 0.6421947479248047, 0.6468315124511719, 0.6460587382316589, 0.6483771204948425, 0.6429675221443176, 0.5927357077598572, 0.615146815776825, 0.6221020221710205, 0.6221020221710205, 0.6244204044342041, 0.6306027770042419, 0.6306027770042419, 0.6375579833984375, 0.6375579833984375, 0.6360123753547668, 0.6336939930915833, 0.6290571689605713, 0.6344667673110962, 0.629830002784729, 0.629830002784729, 0.6321483850479126]}}