{"scitail_b_train_4_8": {"num_of_epochs": 30, "learning_rate": 1e-05, "training_ds_fpath": "_train_4_8", "first_token_val_accuracy": [0.0, 0.0, 0.0, 0.0, 0.0, 0.0, 0.0, 0.0, 0.0, 0.0, 0.0, 0.0, 0.0, 0.0, 0.0, 0.0, 0.0, 0.0, 0.0, 0.0, 0.0007727975025773048, 0.0007727975025773048, 0.0007727975025773048, 0.0015455950051546097, 0.003863987745717168, 0.003863987745717168, 0.004636785015463829, 0.007727975491434336, 0.013137557543814182, 0.017774343490600586], "all_token_val_accuracy": [0.0, 0.0, 0.0, 0.0, 0.0, 0.0, 0.0, 0.0, 0.0, 0.0, 0.0, 0.0, 0.0, 0.0, 0.0, 0.0, 0.0, 0.0, 0.0, 0.0, 0.0007727975025773048, 0.0007727975025773048, 0.0007727975025773048, 0.0015455950051546097, 0.0030911900103092194, 0.0030911900103092194, 0.003863987745717168, 0.0069551775231957436, 0.012364760041236877, 0.017001545056700706]}}