{"scitail_b_train_2_16": {"num_of_epochs": 5, "learning_rate": 0.001, "training_ds_fpath": "_train_2_16", "first_token_val_accuracy": [0.5, 0.5, 0.5131375789642334, 0.5131375789642334, 0.6074188351631165], "all_token_val_accuracy": [0.5, 0.5, 0.5131375789642334, 0.5131375789642334, 0.6074188351631165]}}