{"scitail_b_train_9_32": {"num_of_epochs": 30, "learning_rate": 0.001, "training_ds_fpath": "_train_9_32", "first_token_val_accuracy": [0.5007727742195129, 0.5015456080436707, 0.5, 0.5780525207519531, 0.5324574708938599, 0.5904173254966736, 0.6205564141273499, 0.5687789916992188, 0.6190108060836792, 0.6136012077331543, 0.6313755512237549, 0.6429675221443176, 0.6522411108016968, 0.6282843947410583, 0.6483771204948425, 0.6375579833984375, 0.6421947479248047, 0.6367851495742798, 0.6468315124511719, 0.656877875328064, 0.6537867188453674, 0.6530138850212097, 0.6537867188453674, 0.6483771204948425, 0.6491498947143555, 0.6499227285385132, 0.6530138850212097, 0.6514683365821838, 0.6468315124511719, 0.6460587382316589], "all_token_val_accuracy": [0.5007727742195129, 0.5015456080436707, 0.5, 0.5780525207519531, 0.5324574708938599, 0.5904173254966736, 0.6205564141273499, 0.5687789916992188, 0.6190108060836792, 0.6136012077331543, 0.6313755512237549, 0.6429675221443176, 0.6522411108016968, 0.6282843947410583, 0.6483771204948425, 0.6375579833984375, 0.6421947479248047, 0.6367851495742798, 0.6468315124511719, 0.656877875328064, 0.6537867188453674, 0.6530138850212097, 0.6537867188453674, 0.6483771204948425, 0.6491498947143555, 0.6499227285385132, 0.6530138850212097, 0.6514683365821838, 0.6468315124511719, 0.6460587382316589]}}