{"scitail_b_train_3_8": {"num_of_epochs": 5, "learning_rate": 0.0005, "training_ds_fpath": "_train_3_8", "first_token_val_accuracy": [0.3863987624645233, 0.510819137096405, 0.5046367645263672, 0.583462119102478, 0.5703245997428894], "all_token_val_accuracy": [0.3863987624645233, 0.510819137096405, 0.5046367645263672, 0.583462119102478, 0.5703245997428894]}}