{"scitail_b_train_9_4": {"num_of_epochs": 20, "learning_rate": 0.0001, "training_ds_fpath": "_train_9_4", "first_token_val_accuracy": [0.0, 0.0, 0.0, 0.0030911900103092194, 0.013137557543814182, 0.149922713637352, 0.3469860851764679, 0.39258113503456116, 0.4304482340812683, 0.48377126455307007, 0.49613600969314575, 0.4992271959781647, 0.4992271959781647, 0.5007727742195129, 0.5255023241043091, 0.5401854515075684, 0.5038639903068542, 0.4992271959781647, 0.4976816177368164, 0.5046367645263672], "all_token_val_accuracy": [0.0, 0.0, 0.0, 0.0030911900103092194, 0.013137557543814182, 0.149922713637352, 0.3469860851764679, 0.39258113503456116, 0.4304482340812683, 0.48377126455307007, 0.49613600969314575, 0.4992271959781647, 0.4992271959781647, 0.5007727742195129, 0.5255023241043091, 0.5401854515075684, 0.5038639903068542, 0.4992271959781647, 0.4976816177368164, 0.5046367645263672]}}