{"scitail_b_train_7_8": {"num_of_epochs": 40, "learning_rate": 0.0001, "training_ds_fpath": "_train_7_8", "first_token_val_accuracy": [0.0007727975025773048, 0.1553322970867157, 0.2843894958496094, 0.3887171447277069, 0.43663060665130615, 0.484544038772583, 0.4953632056713104, 0.5061823725700378, 0.5672333836555481, 0.5247295498847961, 0.5100463628768921, 0.5162287354469299, 0.5363214612007141, 0.5455950498580933, 0.5672333836555481, 0.5610510110855103, 0.5664606094360352, 0.568006157875061, 0.5664606094360352, 0.5741885900497437, 0.5695517659187317, 0.5734157562255859, 0.5625966191291809, 0.5618237853050232, 0.5703245997428894, 0.5695517659187317, 0.568006157875061, 0.5749613642692566, 0.5749613642692566, 0.5741885900497437, 0.5795981287956238, 0.572642982006073, 0.5749613642692566, 0.5749613642692566, 0.5710973739624023, 0.5780525207519531, 0.5795981287956238, 0.5842349529266357, 0.5795981287956238, 0.5788253545761108], "all_token_val_accuracy": [0.0, 0.15455950796604156, 0.2843894958496094, 0.3887171447277069, 0.43663060665130615, 0.484544038772583, 0.4953632056713104, 0.5061823725700378, 0.5672333836555481, 0.5247295498847961, 0.5100463628768921, 0.5162287354469299, 0.5363214612007141, 0.5455950498580933, 0.5672333836555481, 0.5610510110855103, 0.5664606094360352, 0.568006157875061, 0.5664606094360352, 0.5741885900497437, 0.5695517659187317, 0.5734157562255859, 0.5625966191291809, 0.5618237853050232, 0.5703245997428894, 0.5695517659187317, 0.568006157875061, 0.5749613642692566, 0.5749613642692566, 0.5741885900497437, 0.5795981287956238, 0.572642982006073, 0.5749613642692566, 0.5749613642692566, 0.5710973739624023, 0.5780525207519531, 0.5795981287956238, 0.5842349529266357, 0.5795981287956238, 0.5788253545761108]}}