{"scitail_b_train_0_16": {"num_of_epochs": 50, "learning_rate": 0.0001, "training_ds_fpath": "_train_0_16", "first_token_val_accuracy": [0.007727975491434336, 0.4412674009799957, 0.49072644114494324, 0.4891808331012726, 0.5, 0.5069552063941956, 0.5023183822631836, 0.5077279806137085, 0.5007727742195129, 0.5193199515342712, 0.5123647451400757, 0.515455961227417, 0.5185471177101135, 0.5193199515342712, 0.5332303047180176, 0.5625966191291809, 0.5085007548332214, 0.5471406579017639, 0.5548686385154724, 0.5363214612007141, 0.5425038933753967, 0.5486862659454346, 0.599690854549408, 0.5625966191291809, 0.5819165110588074, 0.5432766675949097, 0.5911900997161865, 0.5510046482086182, 0.5564142465591431, 0.5664606094360352, 0.5440494418144226, 0.5904173254966736, 0.5950540900230408, 0.5780525207519531, 0.5911900997161865, 0.5973724722862244, 0.5765069723129272, 0.5857805013656616, 0.5950540900230408, 0.5904173254966736, 0.6058732867240906, 0.6136012077331543, 0.6182380318641663, 0.6120556592941284, 0.6089644432067871, 0.5780525207519531, 0.5757341384887695, 0.6020092964172363, 0.6012364625930786, 0.6020092964172363], "all_token_val_accuracy": [0.006182380020618439, 0.4412674009799957, 0.49072644114494324, 0.4891808331012726, 0.5, 0.5069552063941956, 0.5023183822631836, 0.5077279806137085, 0.5007727742195129, 0.5193199515342712, 0.5123647451400757, 0.515455961227417, 0.5185471177101135, 0.5193199515342712, 0.5332303047180176, 0.5625966191291809, 0.5085007548332214, 0.5471406579017639, 0.5548686385154724, 0.5363214612007141, 0.5425038933753967, 0.5486862659454346, 0.599690854549408, 0.5625966191291809, 0.5819165110588074, 0.5432766675949097, 0.5911900997161865, 0.5510046482086182, 0.5564142465591431, 0.5664606094360352, 0.5440494418144226, 0.5904173254966736, 0.5950540900230408, 0.5780525207519531, 0.5911900997161865, 0.5973724722862244, 0.5765069723129272, 0.5857805013656616, 0.5950540900230408, 0.5904173254966736, 0.6058732867240906, 0.6136012077331543, 0.6182380318641663, 0.6120556592941284, 0.6089644432067871, 0.5780525207519531, 0.5757341384887695, 0.6020092964172363, 0.6012364625930786, 0.6020092964172363]}}