{"scitail_b_train_5_8": {"num_of_epochs": 10, "learning_rate": 0.001, "training_ds_fpath": "_train_5_8", "first_token_val_accuracy": [0.5301390886306763, 0.6043276786804199, 0.526275098323822, 0.5100463628768921, 0.5355486869812012, 0.5054095983505249, 0.5525502562522888, 0.6128284335136414, 0.5672333836555481, 0.6020092964172363], "all_token_val_accuracy": [0.5301390886306763, 0.6043276786804199, 0.526275098323822, 0.5100463628768921, 0.5355486869812012, 0.5054095983505249, 0.5525502562522888, 0.6128284335136414, 0.5672333836555481, 0.6020092964172363]}}