{"scitail_b_train_0_8": {"num_of_epochs": 40, "learning_rate": 0.0001, "training_ds_fpath": "_train_0_8", "first_token_val_accuracy": [0.0, 0.0, 0.0, 0.0, 0.0, 0.0007727975025773048, 0.04945904016494751, 0.2148377150297165, 0.3887171447277069, 0.4528593420982361, 0.4737248718738556, 0.484544038772583, 0.4992271959781647, 0.5162287354469299, 0.5370942950248718, 0.5409582853317261, 0.5370942950248718, 0.5463678240776062, 0.5448222756385803, 0.5463678240776062, 0.5448222756385803, 0.5479134321212769, 0.5471406579017639, 0.5432766675949097, 0.5502318143844604, 0.5486862659454346, 0.5494590401649475, 0.5494590401649475, 0.5486862659454346, 0.5440494418144226, 0.5525502562522888, 0.5525502562522888, 0.557187020778656, 0.5564142465591431, 0.5587326288223267, 0.5548686385154724, 0.5587326288223267, 0.5587326288223267, 0.557187020778656, 0.5618237853050232], "all_token_val_accuracy": [0.0, 0.0, 0.0, 0.0, 0.0, 0.0007727975025773048, 0.04868624359369278, 0.2148377150297165, 0.3887171447277069, 0.4528593420982361, 0.4737248718738556, 0.484544038772583, 0.4992271959781647, 0.5162287354469299, 0.5370942950248718, 0.5409582853317261, 0.5370942950248718, 0.5463678240776062, 0.5448222756385803, 0.5463678240776062, 0.5448222756385803, 0.5479134321212769, 0.5471406579017639, 0.5432766675949097, 0.5502318143844604, 0.5486862659454346, 0.5494590401649475, 0.5494590401649475, 0.5486862659454346, 0.5440494418144226, 0.5525502562522888, 0.5525502562522888, 0.557187020778656, 0.5564142465591431, 0.5587326288223267, 0.5548686385154724, 0.5587326288223267, 0.5587326288223267, 0.557187020778656, 0.5618237853050232]}}