{"scitail_b_train_8_32": {"num_of_epochs": 20, "learning_rate": 1e-05, "training_ds_fpath": "_train_8_32", "first_token_val_accuracy": [0.0, 0.0, 0.0, 0.0, 0.0, 0.0, 0.0, 0.0, 0.0, 0.0, 0.0, 0.0, 0.0, 0.0, 0.0, 0.009273570030927658, 0.03554868698120117, 0.10510046035051346, 0.19397218525409698, 0.29675424098968506], "all_token_val_accuracy": [0.0, 0.0, 0.0, 0.0, 0.0, 0.0, 0.0, 0.0, 0.0, 0.0, 0.0, 0.0, 0.0, 0.0, 0.0, 0.009273570030927658, 0.03554868698120117, 0.10432766377925873, 0.19319938123226166, 0.2959814667701721]}}