{"scitail_b_train_2_4": {"num_of_epochs": 40, "learning_rate": 0.001, "training_ds_fpath": "_train_2_4", "first_token_val_accuracy": [0.0, 0.3833075761795044, 0.48299846053123474, 0.486862450838089, 0.47063368558883667, 0.48608964681625366, 0.48377126455307007, 0.4799072742462158, 0.48763522505760193, 0.48608964681625366, 0.48763522505760193, 0.486862450838089, 0.48377126455307007, 0.48531684279441833, 0.48763522505760193, 0.4899536371231079, 0.49304482340812683, 0.49381762742996216, 0.49304482340812683, 0.4914992153644562, 0.4914992153644562, 0.4953632056713104, 0.4953632056713104, 0.49304482340812683, 0.49304482340812683, 0.49072644114494324, 0.48608964681625366, 0.484544038772583, 0.48299846053123474, 0.48299846053123474, 0.48531684279441833, 0.48608964681625366, 0.48608964681625366, 0.48608964681625366, 0.48531684279441833, 0.48531684279441833, 0.48299846053123474, 0.484544038772583, 0.48840802907943726, 0.4899536371231079], "all_token_val_accuracy": [0.0, 0.3833075761795044, 0.48299846053123474, 0.486862450838089, 0.47063368558883667, 0.48608964681625366, 0.48377126455307007, 0.4799072742462158, 0.48763522505760193, 0.48608964681625366, 0.48763522505760193, 0.486862450838089, 0.48377126455307007, 0.48531684279441833, 0.48763522505760193, 0.4899536371231079, 0.49304482340812683, 0.49381762742996216, 0.49304482340812683, 0.4914992153644562, 0.4914992153644562, 0.4953632056713104, 0.4953632056713104, 0.49304482340812683, 0.49304482340812683, 0.49072644114494324, 0.48608964681625366, 0.484544038772583, 0.48299846053123474, 0.48299846053123474, 0.48531684279441833, 0.48608964681625366, 0.48608964681625366, 0.48608964681625366, 0.48531684279441833, 0.48531684279441833, 0.48299846053123474, 0.484544038772583, 0.48840802907943726, 0.4899536371231079]}}