{"scitail_b_train_6_4": {"num_of_epochs": 20, "learning_rate": 0.0001, "training_ds_fpath": "_train_6_4", "first_token_val_accuracy": [0.0, 0.0, 0.0, 0.0, 0.0, 0.0, 0.0, 0.0, 0.0, 0.0, 0.0030911900103092194, 0.015455950982868671, 0.06877897679805756, 0.17928902804851532, 0.3006182312965393, 0.3887171447277069, 0.42658424377441406, 0.4505409598350525, 0.458268940448761, 0.47063368558883667], "all_token_val_accuracy": [0.0, 0.0, 0.0, 0.0, 0.0, 0.0, 0.0, 0.0, 0.0, 0.0, 0.0030911900103092194, 0.015455950982868671, 0.0672333836555481, 0.17851622402668, 0.299845427274704, 0.38794437050819397, 0.42581143975257874, 0.44899535179138184, 0.45672333240509033, 0.4690881073474884]}}