{"scitail_b_train_0_16": {"num_of_epochs": 5, "learning_rate": 0.001, "training_ds_fpath": "_train_0_16", "first_token_val_accuracy": [0.5, 0.49845439195632935, 0.5208655595779419, 0.5973724722862244, 0.6004636883735657], "all_token_val_accuracy": [0.5, 0.49845439195632935, 0.5208655595779419, 0.5973724722862244, 0.6004636883735657]}}