{"scitail_b_train_3_16": {"num_of_epochs": 40, "learning_rate": 0.0001, "training_ds_fpath": "_train_3_16", "first_token_val_accuracy": [0.0, 0.0, 0.004636785015463829, 0.32302936911582947, 0.4683153033256531, 0.4690881073474884, 0.471406489610672, 0.4969088137149811, 0.48763522505760193, 0.5247295498847961, 0.5370942950248718, 0.5510046482086182, 0.5780525207519531, 0.5904173254966736, 0.5710973739624023, 0.5741885900497437, 0.5826893448829651, 0.5919629335403442, 0.5973724722862244, 0.58809894323349, 0.5896444916725159, 0.5587326288223267, 0.5610510110855103, 0.5857805013656616, 0.5919629335403442, 0.58809894323349, 0.5664606094360352, 0.58809894323349, 0.6221020221710205, 0.6081916689872742, 0.6174651980400085, 0.5973724722862244, 0.6027820706367493, 0.6020092964172363, 0.6166924238204956, 0.6190108060836792, 0.625193178653717, 0.6205564141273499, 0.6197836399078369, 0.6213291883468628], "all_token_val_accuracy": [0.0, 0.0, 0.004636785015463829, 0.32225656509399414, 0.46754249930381775, 0.4683153033256531, 0.471406489610672, 0.4969088137149811, 0.48763522505760193, 0.5247295498847961, 0.5370942950248718, 0.5510046482086182, 0.5780525207519531, 0.5904173254966736, 0.5710973739624023, 0.5741885900497437, 0.5826893448829651, 0.5919629335403442, 0.5973724722862244, 0.58809894323349, 0.5896444916725159, 0.5587326288223267, 0.5610510110855103, 0.5857805013656616, 0.5919629335403442, 0.58809894323349, 0.5664606094360352, 0.58809894323349, 0.6221020221710205, 0.6081916689872742, 0.6174651980400085, 0.5973724722862244, 0.6027820706367493, 0.6020092964172363, 0.6166924238204956, 0.6190108060836792, 0.625193178653717, 0.6205564141273499, 0.6197836399078369, 0.6213291883468628]}}