{"scitail_b_train_0_16": {"num_of_epochs": 5, "learning_rate": 0.0001, "training_ds_fpath": "_train_0_16", "first_token_val_accuracy": [0.0, 0.0, 0.0007727975025773048, 0.22488407790660858, 0.46522411704063416], "all_token_val_accuracy": [0.0, 0.0, 0.0007727975025773048, 0.22411128878593445, 0.46445131301879883]}}