{"scitail_b_train_1_16": {"num_of_epochs": 5, "learning_rate": 0.001, "training_ds_fpath": "_train_1_16", "first_token_val_accuracy": [0.48299846053123474, 0.484544038772583, 0.5332303047180176, 0.5425038933753967, 0.5486862659454346], "all_token_val_accuracy": [0.48299846053123474, 0.484544038772583, 0.5332303047180176, 0.5425038933753967, 0.5486862659454346]}}