{"scitail_b_train_7_8": {"num_of_epochs": 5, "learning_rate": 0.001, "training_ds_fpath": "_train_7_8", "first_token_val_accuracy": [0.486862450838089, 0.568006157875061, 0.5625966191291809, 0.5409582853317261, 0.5255023241043091], "all_token_val_accuracy": [0.486862450838089, 0.568006157875061, 0.5625966191291809, 0.5409582853317261, 0.5255023241043091]}}