{"scitail_b_train_4_4": {"num_of_epochs": 40, "learning_rate": 0.0001, "training_ds_fpath": "_train_4_4", "first_token_val_accuracy": [0.0, 0.0, 0.0, 0.0, 0.0, 0.0, 0.0, 0.0, 0.0, 0.0, 0.009273570030927658, 0.0440494604408741, 0.1298299878835678, 0.24188563227653503, 0.3647604286670685, 0.4304482340812683, 0.46445131301879883, 0.47836166620254517, 0.49381762742996216, 0.5030912160873413, 0.5224111080169678, 0.526275098323822, 0.5301390886306763, 0.5255023241043091, 0.5247295498847961, 0.5316846966743469, 0.5324574708938599, 0.5347759127616882, 0.530911922454834, 0.5324574708938599, 0.5347759127616882, 0.5370942950248718, 0.5370942950248718, 0.5332303047180176, 0.5355486869812012, 0.5370942950248718, 0.5340030789375305, 0.5347759127616882, 0.5394126772880554, 0.541731059551239], "all_token_val_accuracy": [0.0, 0.0, 0.0, 0.0, 0.0, 0.0, 0.0, 0.0, 0.0, 0.0, 0.009273570030927658, 0.04327666014432907, 0.1298299878835678, 0.24188563227653503, 0.3647604286670685, 0.4304482340812683, 0.46445131301879883, 0.47758886218070984, 0.49304482340812683, 0.5030912160873413, 0.5224111080169678, 0.526275098323822, 0.5301390886306763, 0.5255023241043091, 0.5239567160606384, 0.5316846966743469, 0.5324574708938599, 0.5347759127616882, 0.530911922454834, 0.5324574708938599, 0.5347759127616882, 0.5370942950248718, 0.5370942950248718, 0.5332303047180176, 0.5355486869812012, 0.5370942950248718, 0.5340030789375305, 0.5347759127616882, 0.5394126772880554, 0.541731059551239]}}