{"scitail_b_train_3_4": {"num_of_epochs": 10, "learning_rate": 0.0005, "training_ds_fpath": "_train_3_4", "first_token_val_accuracy": [0.0, 0.0, 0.20401854813098907, 0.48068004846572876, 0.4768160879611969, 0.4721792936325073, 0.47758886218070984, 0.48531684279441833, 0.49072644114494324, 0.5030912160873413], "all_token_val_accuracy": [0.0, 0.0, 0.20401854813098907, 0.48068004846572876, 0.4768160879611969, 0.4721792936325073, 0.47758886218070984, 0.48531684279441833, 0.49072644114494324, 0.5030912160873413]}}