{"scitail_b_train_1_4": {"num_of_epochs": 10, "learning_rate": 0.001, "training_ds_fpath": "_train_1_4", "first_token_val_accuracy": [0.0015455950051546097, 0.48531684279441833, 0.5177743434906006, 0.510819137096405, 0.5146831274032593, 0.5293663144111633, 0.5540958046913147, 0.5463678240776062, 0.5432766675949097, 0.5494590401649475], "all_token_val_accuracy": [0.0015455950051546097, 0.48531684279441833, 0.5177743434906006, 0.510819137096405, 0.5146831274032593, 0.5293663144111633, 0.5540958046913147, 0.5463678240776062, 0.5432766675949097, 0.5494590401649475]}}