{"scitail_b_train_0_16": {"num_of_epochs": 50, "learning_rate": 0.0005, "training_ds_fpath": "_train_0_16", "first_token_val_accuracy": [0.4891808331012726, 0.5038639903068542, 0.5061823725700378, 0.5301390886306763, 0.5270479321479797, 0.5486862659454346, 0.5664606094360352, 0.5865533351898193, 0.5981453061103821, 0.5911900997161865, 0.5950540900230408, 0.6066460609436035, 0.6089644432067871, 0.5888717174530029, 0.58809894323349, 0.5911900997161865, 0.5911900997161865, 0.583462119102478, 0.5942813158035278, 0.5981453061103821, 0.5965996980667114, 0.598918080329895, 0.5935084819793701, 0.5927357077598572, 0.5958268642425537, 0.5958268642425537, 0.5965996980667114, 0.5958268642425537, 0.5973724722862244, 0.598918080329895, 0.5981453061103821, 0.5981453061103821, 0.5865533351898193, 0.5865533351898193, 0.5857805013656616, 0.5826893448829651, 0.5857805013656616, 0.5904173254966736, 0.58809894323349, 0.5873261094093323, 0.58809894323349, 0.5896444916725159, 0.5896444916725159, 0.5927357077598572, 0.5873261094093323, 0.5888717174530029, 0.5919629335403442, 0.5904173254966736, 0.5819165110588074, 0.5819165110588074], "all_token_val_accuracy": [0.4891808331012726, 0.5038639903068542, 0.5061823725700378, 0.5301390886306763, 0.5270479321479797, 0.5486862659454346, 0.5664606094360352, 0.5865533351898193, 0.5981453061103821, 0.5911900997161865, 0.5950540900230408, 0.6066460609436035, 0.6089644432067871, 0.5888717174530029, 0.58809894323349, 0.5911900997161865, 0.5911900997161865, 0.583462119102478, 0.5942813158035278, 0.5981453061103821, 0.5965996980667114, 0.598918080329895, 0.5935084819793701, 0.5927357077598572, 0.5958268642425537, 0.5958268642425537, 0.5965996980667114, 0.5958268642425537, 0.5973724722862244, 0.598918080329895, 0.5981453061103821, 0.5981453061103821, 0.5865533351898193, 0.5865533351898193, 0.5857805013656616, 0.5826893448829651, 0.5857805013656616, 0.5904173254966736, 0.58809894323349, 0.5873261094093323, 0.58809894323349, 0.5896444916725159, 0.5896444916725159, 0.5927357077598572, 0.5873261094093323, 0.5888717174530029, 0.5919629335403442, 0.5904173254966736, 0.5819165110588074, 0.5819165110588074]}}