{"scitail_b_train_4_8": {"num_of_epochs": 50, "learning_rate": 0.0005, "training_ds_fpath": "_train_4_8", "first_token_val_accuracy": [0.0, 0.4659969210624695, 0.4536321461200714, 0.5023183822631836, 0.5046367645263672, 0.5208655595779419, 0.5278207063674927, 0.5370942950248718, 0.5324574708938599, 0.5370942950248718, 0.5324574708938599, 0.5425038933753967, 0.541731059551239, 0.5324574708938599, 0.5378670692443848, 0.5471406579017639, 0.5440494418144226, 0.5409582853317261, 0.5409582853317261, 0.5502318143844604, 0.5510046482086182, 0.5455950498580933, 0.5463678240776062, 0.5471406579017639, 0.5471406579017639, 0.5510046482086182, 0.5502318143844604, 0.5587326288223267, 0.5540958046913147, 0.5564142465591431, 0.5502318143844604, 0.5533230304718018, 0.5540958046913147, 0.5533230304718018, 0.5540958046913147, 0.5517774224281311, 0.5517774224281311, 0.5517774224281311, 0.5517774224281311, 0.5525502562522888, 0.5525502562522888, 0.5517774224281311, 0.5533230304718018, 0.5540958046913147, 0.5533230304718018, 0.5625966191291809, 0.5564142465591431, 0.557187020778656, 0.5564142465591431, 0.5494590401649475], "all_token_val_accuracy": [0.0, 0.4659969210624695, 0.4536321461200714, 0.5023183822631836, 0.5046367645263672, 0.5208655595779419, 0.5278207063674927, 0.5370942950248718, 0.5324574708938599, 0.5370942950248718, 0.5324574708938599, 0.5425038933753967, 0.541731059551239, 0.5324574708938599, 0.5378670692443848, 0.5471406579017639, 0.5440494418144226, 0.5409582853317261, 0.5409582853317261, 0.5502318143844604, 0.5510046482086182, 0.5455950498580933, 0.5463678240776062, 0.5471406579017639, 0.5471406579017639, 0.5510046482086182, 0.5502318143844604, 0.5587326288223267, 0.5540958046913147, 0.5564142465591431, 0.5502318143844604, 0.5533230304718018, 0.5540958046913147, 0.5533230304718018, 0.5540958046913147, 0.5517774224281311, 0.5517774224281311, 0.5517774224281311, 0.5517774224281311, 0.5525502562522888, 0.5525502562522888, 0.5517774224281311, 0.5533230304718018, 0.5540958046913147, 0.5533230304718018, 0.5625966191291809, 0.5564142465591431, 0.557187020778656, 0.5564142465591431, 0.5494590401649475]}}