{"scitail_b_train_1_32": {"num_of_epochs": 50, "learning_rate": 0.0001, "training_ds_fpath": "_train_1_32", "first_token_val_accuracy": [0.0, 0.2982998490333557, 0.4814528524875641, 0.5355486869812012, 0.5564142465591431, 0.5633693933486938, 0.5502318143844604, 0.5641421675682068, 0.5625966191291809, 0.572642982006073, 0.5741885900497437, 0.5718701481819153, 0.5749613642692566, 0.5710973739624023, 0.5795981287956238, 0.5765069723129272, 0.5842349529266357, 0.5741885900497437, 0.5780525207519531, 0.5710973739624023, 0.583462119102478, 0.6066460609436035, 0.6051004528999329, 0.5935084819793701, 0.5842349529266357, 0.5965996980667114, 0.598918080329895, 0.599690854549408, 0.5958268642425537, 0.599690854549408, 0.6058732867240906, 0.6020092964172363, 0.6074188351631165, 0.6058732867240906, 0.6074188351631165, 0.6043276786804199, 0.6058732867240906, 0.6136012077331543, 0.615146815776825, 0.6066460609436035, 0.6051004528999329, 0.6081916689872742, 0.6081916689872742, 0.598918080329895, 0.6035548448562622, 0.6066460609436035, 0.6012364625930786, 0.5911900997161865, 0.6004636883735657, 0.6020092964172363], "all_token_val_accuracy": [0.0, 0.2982998490333557, 0.4814528524875641, 0.5355486869812012, 0.5564142465591431, 0.5633693933486938, 0.5502318143844604, 0.5641421675682068, 0.5625966191291809, 0.572642982006073, 0.5741885900497437, 0.5718701481819153, 0.5749613642692566, 0.5710973739624023, 0.5795981287956238, 0.5765069723129272, 0.5842349529266357, 0.5741885900497437, 0.5780525207519531, 0.5710973739624023, 0.583462119102478, 0.6066460609436035, 0.6051004528999329, 0.5935084819793701, 0.5842349529266357, 0.5965996980667114, 0.598918080329895, 0.599690854549408, 0.5958268642425537, 0.599690854549408, 0.6058732867240906, 0.6020092964172363, 0.6074188351631165, 0.6058732867240906, 0.6074188351631165, 0.6043276786804199, 0.6058732867240906, 0.6136012077331543, 0.615146815776825, 0.6066460609436035, 0.6051004528999329, 0.6081916689872742, 0.6081916689872742, 0.598918080329895, 0.6035548448562622, 0.6066460609436035, 0.6012364625930786, 0.5911900997161865, 0.6004636883735657, 0.6020092964172363]}}