{"scitail_b_train_4_32": {"num_of_epochs": 20, "learning_rate": 1e-05, "training_ds_fpath": "_train_4_32", "first_token_val_accuracy": [0.0, 0.0, 0.0, 0.0, 0.0, 0.0, 0.0, 0.0, 0.0, 0.0, 0.0, 0.0, 0.0, 0.0, 0.0023183925077319145, 0.017774343490600586, 0.07032457739114761, 0.18006181716918945, 0.28670787811279297, 0.3709428012371063], "all_token_val_accuracy": [0.0, 0.0, 0.0, 0.0, 0.0, 0.0, 0.0, 0.0, 0.0, 0.0, 0.0, 0.0, 0.0, 0.0, 0.0023183925077319145, 0.017774343490600586, 0.06955178081989288, 0.17928902804851532, 0.28593507409095764, 0.3701700270175934]}}