{"scitail_b_train_5_16": {"num_of_epochs": 30, "learning_rate": 0.001, "training_ds_fpath": "_train_5_16", "first_token_val_accuracy": [0.48531684279441833, 0.5069552063941956, 0.530911922454834, 0.4976816177368164, 0.5208655595779419, 0.5409582853317261, 0.5324574708938599, 0.5425038933753967, 0.5332303047180176, 0.530911922454834, 0.5378670692443848, 0.5409582853317261, 0.5440494418144226, 0.541731059551239, 0.5463678240776062, 0.5455950498580933, 0.5494590401649475, 0.5471406579017639, 0.5463678240776062, 0.5448222756385803, 0.5479134321212769, 0.5471406579017639, 0.5587326288223267, 0.5556414127349854, 0.557959794998169, 0.5595054030418396, 0.5587326288223267, 0.5540958046913147, 0.5502318143844604, 0.5486862659454346], "all_token_val_accuracy": [0.48531684279441833, 0.5069552063941956, 0.530911922454834, 0.4976816177368164, 0.5208655595779419, 0.5409582853317261, 0.5324574708938599, 0.5425038933753967, 0.5332303047180176, 0.530911922454834, 0.5378670692443848, 0.5409582853317261, 0.5440494418144226, 0.541731059551239, 0.5463678240776062, 0.5455950498580933, 0.5494590401649475, 0.5471406579017639, 0.5463678240776062, 0.5448222756385803, 0.5479134321212769, 0.5471406579017639, 0.5587326288223267, 0.5556414127349854, 0.557959794998169, 0.5595054030418396, 0.5587326288223267, 0.5540958046913147, 0.5502318143844604, 0.5486862659454346]}}