{"scitail_b_train_8_8": {"num_of_epochs": 30, "learning_rate": 0.0005, "training_ds_fpath": "_train_8_8", "first_token_val_accuracy": [0.0, 0.458268940448761, 0.48531684279441833, 0.5687789916992188, 0.5170015692710876, 0.5247295498847961, 0.5494590401649475, 0.5819165110588074, 0.5479134321212769, 0.5355486869812012, 0.5324574708938599, 0.5301390886306763, 0.5224111080169678, 0.5347759127616882, 0.5332303047180176, 0.5293663144111633, 0.526275098323822, 0.5301390886306763, 0.5363214612007141, 0.5479134321212769, 0.557959794998169, 0.5533230304718018, 0.5540958046913147, 0.5533230304718018, 0.5540958046913147, 0.5455950498580933, 0.5401854515075684, 0.5409582853317261, 0.5432766675949097, 0.5432766675949097], "all_token_val_accuracy": [0.0, 0.458268940448761, 0.48531684279441833, 0.5687789916992188, 0.5170015692710876, 0.5247295498847961, 0.5494590401649475, 0.5819165110588074, 0.5479134321212769, 0.5355486869812012, 0.5324574708938599, 0.5301390886306763, 0.5224111080169678, 0.5347759127616882, 0.5332303047180176, 0.5293663144111633, 0.526275098323822, 0.5301390886306763, 0.5363214612007141, 0.5479134321212769, 0.557959794998169, 0.5533230304718018, 0.5540958046913147, 0.5533230304718018, 0.5540958046913147, 0.5455950498580933, 0.5401854515075684, 0.5409582853317261, 0.5432766675949097, 0.5432766675949097]}}