{"scitail_b_train_6_16": {"num_of_epochs": 10, "learning_rate": 0.0001, "training_ds_fpath": "_train_6_16", "first_token_val_accuracy": [0.0, 0.0, 0.007727975491434336, 0.30139103531837463, 0.4744976758956909, 0.49381762742996216, 0.5123647451400757, 0.526275098323822, 0.526275098323822, 0.5239567160606384], "all_token_val_accuracy": [0.0, 0.0, 0.007727975491434336, 0.30139103531837463, 0.4744976758956909, 0.49381762742996216, 0.5123647451400757, 0.526275098323822, 0.526275098323822, 0.5239567160606384]}}