{"scitail_b_train_1_16": {"num_of_epochs": 40, "learning_rate": 0.0001, "training_ds_fpath": "_train_1_16", "first_token_val_accuracy": [0.0, 0.0, 0.0, 0.31761977076530457, 0.4690881073474884, 0.4822256565093994, 0.5069552063941956, 0.5200927257537842, 0.5540958046913147, 0.5463678240776062, 0.5386399030685425, 0.5394126772880554, 0.5409582853317261, 0.5401854515075684, 0.5502318143844604, 0.5440494418144226, 0.5301390886306763, 0.5370942950248718, 0.5347759127616882, 0.5355486869812012, 0.5401854515075684, 0.5502318143844604, 0.5479134321212769, 0.5548686385154724, 0.5525502562522888, 0.5525502562522888, 0.5540958046913147, 0.5587326288223267, 0.5610510110855103, 0.5625966191291809, 0.5656877756118774, 0.5656877756118774, 0.5656877756118774, 0.568006157875061, 0.5664606094360352, 0.5710973739624023, 0.5695517659187317, 0.5718701481819153, 0.5741885900497437, 0.5649150013923645], "all_token_val_accuracy": [0.0, 0.0, 0.0, 0.31761977076530457, 0.4683153033256531, 0.4822256565093994, 0.5069552063941956, 0.5200927257537842, 0.5540958046913147, 0.5463678240776062, 0.5386399030685425, 0.5394126772880554, 0.5409582853317261, 0.5401854515075684, 0.5502318143844604, 0.5440494418144226, 0.5301390886306763, 0.5370942950248718, 0.5347759127616882, 0.5355486869812012, 0.5401854515075684, 0.5502318143844604, 0.5479134321212769, 0.5548686385154724, 0.5525502562522888, 0.5525502562522888, 0.5540958046913147, 0.5587326288223267, 0.5610510110855103, 0.5625966191291809, 0.5656877756118774, 0.5656877756118774, 0.5656877756118774, 0.568006157875061, 0.5664606094360352, 0.5710973739624023, 0.5695517659187317, 0.5718701481819153, 0.5741885900497437, 0.5649150013923645]}}