{"scitail_b_train_4_32": {"num_of_epochs": 40, "learning_rate": 0.001, "training_ds_fpath": "_train_4_32", "first_token_val_accuracy": [0.5023183822631836, 0.5479134321212769, 0.4721792936325073, 0.5301390886306763, 0.5347759127616882, 0.5595054030418396, 0.5826893448829651, 0.4953632056713104, 0.4992271959781647, 0.5780525207519531, 0.5625966191291809, 0.5525502562522888, 0.5533230304718018, 0.5517774224281311, 0.5525502562522888, 0.5533230304718018, 0.5517774224281311, 0.5525502562522888, 0.557959794998169, 0.5656877756118774, 0.5618237853050232, 0.5548686385154724, 0.5525502562522888, 0.5564142465591431, 0.5540958046913147, 0.5564142465591431, 0.5610510110855103, 0.5649150013923645, 0.5664606094360352, 0.5633693933486938, 0.5618237853050232, 0.5641421675682068, 0.5664606094360352, 0.5687789916992188, 0.5695517659187317, 0.5703245997428894, 0.5556414127349854, 0.5540958046913147, 0.5556414127349854, 0.5556414127349854], "all_token_val_accuracy": [0.5023183822631836, 0.5479134321212769, 0.4721792936325073, 0.5301390886306763, 0.5347759127616882, 0.5595054030418396, 0.5826893448829651, 0.4953632056713104, 0.4992271959781647, 0.5780525207519531, 0.5625966191291809, 0.5525502562522888, 0.5533230304718018, 0.5517774224281311, 0.5525502562522888, 0.5533230304718018, 0.5517774224281311, 0.5525502562522888, 0.557959794998169, 0.5656877756118774, 0.5618237853050232, 0.5548686385154724, 0.5525502562522888, 0.5564142465591431, 0.5540958046913147, 0.5564142465591431, 0.5610510110855103, 0.5649150013923645, 0.5664606094360352, 0.5633693933486938, 0.5618237853050232, 0.5641421675682068, 0.5664606094360352, 0.5687789916992188, 0.5695517659187317, 0.5703245997428894, 0.5556414127349854, 0.5540958046913147, 0.5556414127349854, 0.5556414127349854]}}