{"scitail_b_train_0_16": {"num_of_epochs": 30, "learning_rate": 0.001, "training_ds_fpath": "_train_0_16", "first_token_val_accuracy": [0.5085007548332214, 0.5687789916992188, 0.6020092964172363, 0.5919629335403442, 0.568006157875061, 0.58809894323349, 0.5919629335403442, 0.5795981287956238, 0.5811437368392944, 0.5795981287956238, 0.5826893448829651, 0.5857805013656616, 0.5826893448829651, 0.583462119102478, 0.5850077271461487, 0.5888717174530029, 0.5896444916725159, 0.5850077271461487, 0.5819165110588074, 0.5819165110588074, 0.5780525207519531, 0.5780525207519531, 0.5803709626197815, 0.5819165110588074, 0.5795981287956238, 0.583462119102478, 0.5865533351898193, 0.5865533351898193, 0.5888717174530029, 0.5919629335403442], "all_token_val_accuracy": [0.5085007548332214, 0.5687789916992188, 0.6020092964172363, 0.5919629335403442, 0.568006157875061, 0.58809894323349, 0.5919629335403442, 0.5795981287956238, 0.5811437368392944, 0.5795981287956238, 0.5826893448829651, 0.5857805013656616, 0.5826893448829651, 0.583462119102478, 0.5850077271461487, 0.5888717174530029, 0.5896444916725159, 0.5850077271461487, 0.5819165110588074, 0.5819165110588074, 0.5780525207519531, 0.5780525207519531, 0.5803709626197815, 0.5819165110588074, 0.5795981287956238, 0.583462119102478, 0.5865533351898193, 0.5865533351898193, 0.5888717174530029, 0.5919629335403442]}}