{"scitail_b_train_6_16": {"num_of_epochs": 20, "learning_rate": 0.0001, "training_ds_fpath": "_train_6_16", "first_token_val_accuracy": [0.0, 0.0, 0.09891808032989502, 0.47063368558883667, 0.4721792936325073, 0.5092735886573792, 0.5525502562522888, 0.5370942950248718, 0.5347759127616882, 0.5440494418144226, 0.5564142465591431, 0.5510046482086182, 0.5479134321212769, 0.5618237853050232, 0.5610510110855103, 0.5618237853050232, 0.5540958046913147, 0.5340030789375305, 0.5595054030418396, 0.5587326288223267], "all_token_val_accuracy": [0.0, 0.0, 0.09814528375864029, 0.46986088156700134, 0.4721792936325073, 0.5092735886573792, 0.5525502562522888, 0.5370942950248718, 0.5347759127616882, 0.5440494418144226, 0.5564142465591431, 0.5510046482086182, 0.5479134321212769, 0.5618237853050232, 0.5610510110855103, 0.5618237853050232, 0.5540958046913147, 0.5340030789375305, 0.5595054030418396, 0.5587326288223267]}}