{"scitail_b_train_9_16": {"num_of_epochs": 40, "learning_rate": 0.0005, "training_ds_fpath": "_train_9_16", "first_token_val_accuracy": [0.2279752641916275, 0.4899536371231079, 0.5092735886573792, 0.5224111080169678, 0.5255023241043091, 0.526275098323822, 0.526275098323822, 0.5208655595779419, 0.5347759127616882, 0.5231839418411255, 0.5224111080169678, 0.5231839418411255, 0.5324574708938599, 0.5301390886306763, 0.5316846966743469, 0.5363214612007141, 0.5324574708938599, 0.5332303047180176, 0.5363214612007141, 0.5409582853317261, 0.541731059551239, 0.5409582853317261, 0.5401854515075684, 0.5409582853317261, 0.541731059551239, 0.5448222756385803, 0.5432766675949097, 0.5440494418144226, 0.5432766675949097, 0.5448222756385803, 0.5409582853317261, 0.5448222756385803, 0.5455950498580933, 0.5440494418144226, 0.5425038933753967, 0.5425038933753967, 0.5440494418144226, 0.5432766675949097, 0.5440494418144226, 0.5440494418144226], "all_token_val_accuracy": [0.2279752641916275, 0.4899536371231079, 0.5092735886573792, 0.5224111080169678, 0.5255023241043091, 0.526275098323822, 0.526275098323822, 0.5208655595779419, 0.5347759127616882, 0.5231839418411255, 0.5224111080169678, 0.5231839418411255, 0.5324574708938599, 0.5301390886306763, 0.5316846966743469, 0.5363214612007141, 0.5324574708938599, 0.5332303047180176, 0.5363214612007141, 0.5409582853317261, 0.541731059551239, 0.5409582853317261, 0.5401854515075684, 0.5409582853317261, 0.541731059551239, 0.5448222756385803, 0.5432766675949097, 0.5440494418144226, 0.5432766675949097, 0.5448222756385803, 0.5409582853317261, 0.5448222756385803, 0.5455950498580933, 0.5440494418144226, 0.5425038933753967, 0.5425038933753967, 0.5440494418144226, 0.5432766675949097, 0.5440494418144226, 0.5440494418144226]}}