{"scitail_b_train_7_4": {"num_of_epochs": 40, "learning_rate": 0.001, "training_ds_fpath": "_train_7_4", "first_token_val_accuracy": [0.0, 0.3670788109302521, 0.47836166620254517, 0.4513137638568878, 0.414219468832016, 0.4358578026294708, 0.44899535179138184, 0.4505409598350525, 0.4528593420982361, 0.44667696952819824, 0.44667696952819824, 0.45208656787872314, 0.45208656787872314, 0.4536321461200714, 0.45440495014190674, 0.45517775416374207, 0.45440495014190674, 0.45517775416374207, 0.4536321461200714, 0.4528593420982361, 0.4536321461200714, 0.45749613642692566, 0.455950528383255, 0.4536321461200714, 0.4505409598350525, 0.4528593420982361, 0.4505409598350525, 0.4505409598350525, 0.4513137638568878, 0.4513137638568878, 0.45208656787872314, 0.4513137638568878, 0.4528593420982361, 0.45440495014190674, 0.4528593420982361, 0.4528593420982361, 0.4536321461200714, 0.45440495014190674, 0.45517775416374207, 0.45517775416374207], "all_token_val_accuracy": [0.0, 0.3670788109302521, 0.47836166620254517, 0.4513137638568878, 0.414219468832016, 0.4358578026294708, 0.44899535179138184, 0.4505409598350525, 0.4528593420982361, 0.44667696952819824, 0.44667696952819824, 0.45208656787872314, 0.45208656787872314, 0.4536321461200714, 0.45440495014190674, 0.45517775416374207, 0.45440495014190674, 0.45517775416374207, 0.4536321461200714, 0.4528593420982361, 0.4536321461200714, 0.45749613642692566, 0.455950528383255, 0.4536321461200714, 0.4505409598350525, 0.4528593420982361, 0.4505409598350525, 0.4505409598350525, 0.4513137638568878, 0.4513137638568878, 0.45208656787872314, 0.4513137638568878, 0.4528593420982361, 0.45440495014190674, 0.4528593420982361, 0.4528593420982361, 0.4536321461200714, 0.45440495014190674, 0.45517775416374207, 0.45517775416374207]}}