{"scitail_b_train_8_4": {"num_of_epochs": 20, "learning_rate": 0.0005, "training_ds_fpath": "_train_8_4", "first_token_val_accuracy": [0.0, 0.0030911900103092194, 0.29366305470466614, 0.4799072742462158, 0.4791344702243805, 0.48531684279441833, 0.486862450838089, 0.48377126455307007, 0.4814528524875641, 0.4822256565093994, 0.48531684279441833, 0.48608964681625366, 0.49072644114494324, 0.49613600969314575, 0.4922720193862915, 0.49381762742996216, 0.49304482340812683, 0.4891808331012726, 0.5038639903068542, 0.5061823725700378], "all_token_val_accuracy": [0.0, 0.0030911900103092194, 0.29366305470466614, 0.4799072742462158, 0.4791344702243805, 0.48531684279441833, 0.486862450838089, 0.48377126455307007, 0.4814528524875641, 0.4822256565093994, 0.48531684279441833, 0.48608964681625366, 0.49072644114494324, 0.49613600969314575, 0.4922720193862915, 0.49381762742996216, 0.49304482340812683, 0.4891808331012726, 0.5038639903068542, 0.5061823725700378]}}