{"scitail_b_train_4_32": {"num_of_epochs": 30, "learning_rate": 0.0001, "training_ds_fpath": "_train_4_32", "first_token_val_accuracy": [0.0, 0.416537880897522, 0.4799072742462158, 0.5409582853317261, 0.5672333836555481, 0.5672333836555481, 0.5780525207519531, 0.5672333836555481, 0.5811437368392944, 0.5749613642692566, 0.5873261094093323, 0.5865533351898193, 0.5788253545761108, 0.5780525207519531, 0.5911900997161865, 0.5919629335403442, 0.5896444916725159, 0.583462119102478, 0.5865533351898193, 0.5911900997161865, 0.5819165110588074, 0.5865533351898193, 0.5865533351898193, 0.58809894323349, 0.5935084819793701, 0.5857805013656616, 0.5888717174530029, 0.5935084819793701, 0.5857805013656616, 0.5772797465324402], "all_token_val_accuracy": [0.0, 0.41576507687568665, 0.4799072742462158, 0.5409582853317261, 0.5672333836555481, 0.5672333836555481, 0.5780525207519531, 0.5672333836555481, 0.5811437368392944, 0.5749613642692566, 0.5873261094093323, 0.5865533351898193, 0.5788253545761108, 0.5780525207519531, 0.5911900997161865, 0.5919629335403442, 0.5896444916725159, 0.583462119102478, 0.5865533351898193, 0.5911900997161865, 0.5819165110588074, 0.5865533351898193, 0.5865533351898193, 0.58809894323349, 0.5935084819793701, 0.5857805013656616, 0.5888717174530029, 0.5935084819793701, 0.5857805013656616, 0.5772797465324402]}}