{"scitail_b_train_3_32": {"num_of_epochs": 50, "learning_rate": 0.001, "training_ds_fpath": "_train_3_32", "first_token_val_accuracy": [0.4992271959781647, 0.4899536371231079, 0.5533230304718018, 0.5548686385154724, 0.5757341384887695, 0.5965996980667114, 0.5904173254966736, 0.5935084819793701, 0.6035548448562622, 0.6004636883735657, 0.5973724722862244, 0.5958268642425537, 0.5950540900230408, 0.5973724722862244, 0.5935084819793701, 0.5935084819793701, 0.5935084819793701, 0.5958268642425537, 0.5958268642425537, 0.5950540900230408, 0.5965996980667114, 0.5958268642425537, 0.5973724722862244, 0.5942813158035278, 0.5247295498847961, 0.6004636883735657, 0.5100463628768921, 0.5363214612007141, 0.5502318143844604, 0.5873261094093323, 0.5873261094093323, 0.5873261094093323, 0.583462119102478, 0.572642982006073, 0.5649150013923645, 0.5734157562255859, 0.5765069723129272, 0.5757341384887695, 0.5765069723129272, 0.5757341384887695, 0.572642982006073, 0.572642982006073, 0.5765069723129272, 0.5811437368392944, 0.5788253545761108, 0.5795981287956238, 0.5803709626197815, 0.5672333836555481, 0.5687789916992188, 0.5757341384887695], "all_token_val_accuracy": [0.4992271959781647, 0.4899536371231079, 0.5533230304718018, 0.5548686385154724, 0.5757341384887695, 0.5965996980667114, 0.5904173254966736, 0.5935084819793701, 0.6035548448562622, 0.6004636883735657, 0.5973724722862244, 0.5958268642425537, 0.5950540900230408, 0.5973724722862244, 0.5935084819793701, 0.5935084819793701, 0.5935084819793701, 0.5958268642425537, 0.5958268642425537, 0.5950540900230408, 0.5965996980667114, 0.5958268642425537, 0.5973724722862244, 0.5942813158035278, 0.5247295498847961, 0.6004636883735657, 0.5100463628768921, 0.5363214612007141, 0.5502318143844604, 0.5873261094093323, 0.5873261094093323, 0.5873261094093323, 0.583462119102478, 0.572642982006073, 0.5649150013923645, 0.5734157562255859, 0.5765069723129272, 0.5757341384887695, 0.5765069723129272, 0.5757341384887695, 0.572642982006073, 0.572642982006073, 0.5765069723129272, 0.5811437368392944, 0.5788253545761108, 0.5795981287956238, 0.5803709626197815, 0.5672333836555481, 0.5687789916992188, 0.5757341384887695]}}