{"scitail_b_train_3_32": {"num_of_epochs": 10, "learning_rate": 0.0001, "training_ds_fpath": "_train_3_32", "first_token_val_accuracy": [0.0, 0.43353942036628723, 0.4976816177368164, 0.5193199515342712, 0.568006157875061, 0.5401854515075684, 0.5432766675949097, 0.5703245997428894, 0.5695517659187317, 0.5734157562255859], "all_token_val_accuracy": [0.0, 0.4327666163444519, 0.4976816177368164, 0.5193199515342712, 0.568006157875061, 0.5401854515075684, 0.5432766675949097, 0.5703245997428894, 0.5695517659187317, 0.5734157562255859]}}