{"scitail_b_train_9_4": {"num_of_epochs": 5, "learning_rate": 0.0005, "training_ds_fpath": "_train_9_4", "first_token_val_accuracy": [0.0, 0.021638330072164536, 0.4505409598350525, 0.45440495014190674, 0.4505409598350525], "all_token_val_accuracy": [0.0, 0.021638330072164536, 0.44976815581321716, 0.45440495014190674, 0.4505409598350525]}}