{"scitail_b_train_2_16": {"num_of_epochs": 30, "learning_rate": 0.001, "training_ds_fpath": "_train_2_16", "first_token_val_accuracy": [0.5, 0.5363214612007141, 0.5440494418144226, 0.5510046482086182, 0.5927357077598572, 0.6499227285385132, 0.6429675221443176, 0.6058732867240906, 0.6290571689605713, 0.6445131301879883, 0.6344667673110962, 0.6290571689605713, 0.6306027770042419, 0.629830002784729, 0.6313755512237549, 0.6336939930915833, 0.6429675221443176, 0.6553323268890381, 0.656877875328064, 0.6514683365821838, 0.6352395415306091, 0.6383307576179504, 0.6336939930915833, 0.6344667673110962, 0.6375579833984375, 0.666924238204956, 0.6707882285118103, 0.6707882285118103, 0.671561062335968, 0.6661514639854431], "all_token_val_accuracy": [0.5, 0.5363214612007141, 0.5440494418144226, 0.5510046482086182, 0.5927357077598572, 0.6499227285385132, 0.6429675221443176, 0.6058732867240906, 0.6290571689605713, 0.6445131301879883, 0.6344667673110962, 0.6290571689605713, 0.6306027770042419, 0.629830002784729, 0.6313755512237549, 0.6336939930915833, 0.6429675221443176, 0.6553323268890381, 0.656877875328064, 0.6514683365821838, 0.6352395415306091, 0.6383307576179504, 0.6336939930915833, 0.6344667673110962, 0.6375579833984375, 0.666924238204956, 0.6707882285118103, 0.6707882285118103, 0.671561062335968, 0.6661514639854431]}}