{"scitail_b_train_9_32": {"num_of_epochs": 20, "learning_rate": 1e-05, "training_ds_fpath": "_train_9_32", "first_token_val_accuracy": [0.0, 0.0, 0.0, 0.0, 0.0, 0.0, 0.0, 0.0, 0.0, 0.0, 0.0, 0.0, 0.0, 0.0, 0.006182380020618439, 0.030911901965737343, 0.10123647749423981, 0.19010819494724274, 0.28902626037597656, 0.3547140657901764], "all_token_val_accuracy": [0.0, 0.0, 0.0, 0.0, 0.0, 0.0, 0.0, 0.0, 0.0, 0.0, 0.0, 0.0, 0.0, 0.0, 0.006182380020618439, 0.030911901965737343, 0.10046368092298508, 0.18856260180473328, 0.2874806821346283, 0.35316845774650574]}}