{"scitail_b_train_1_32": {"num_of_epochs": 30, "learning_rate": 0.001, "training_ds_fpath": "_train_1_32", "first_token_val_accuracy": [0.4992271959781647, 0.5, 0.5054095983505249, 0.5425038933753967, 0.583462119102478, 0.5865533351898193, 0.5448222756385803, 0.5139103531837463, 0.5479134321212769, 0.5556414127349854, 0.5587326288223267, 0.5602782368659973, 0.5610510110855103, 0.5595054030418396, 0.5718701481819153, 0.5649150013923645, 0.5540958046913147, 0.5687789916992188, 0.5710973739624023, 0.572642982006073, 0.5741885900497437, 0.5780525207519531, 0.5772797465324402, 0.5749613642692566, 0.5772797465324402, 0.5765069723129272, 0.5772797465324402, 0.5765069723129272, 0.5710973739624023, 0.568006157875061], "all_token_val_accuracy": [0.4992271959781647, 0.5, 0.5054095983505249, 0.5425038933753967, 0.583462119102478, 0.5865533351898193, 0.5448222756385803, 0.5139103531837463, 0.5479134321212769, 0.5556414127349854, 0.5587326288223267, 0.5602782368659973, 0.5610510110855103, 0.5595054030418396, 0.5718701481819153, 0.5649150013923645, 0.5540958046913147, 0.5687789916992188, 0.5710973739624023, 0.572642982006073, 0.5741885900497437, 0.5780525207519531, 0.5772797465324402, 0.5749613642692566, 0.5772797465324402, 0.5765069723129272, 0.5772797465324402, 0.5765069723129272, 0.5710973739624023, 0.568006157875061]}}