{"scitail_b_train_4_32": {"num_of_epochs": 50, "learning_rate": 0.001, "training_ds_fpath": "_train_4_32", "first_token_val_accuracy": [0.49613600969314575, 0.5115919709205627, 0.5347759127616882, 0.5046367645263672, 0.5548686385154724, 0.557959794998169, 0.5633693933486938, 0.5664606094360352, 0.5649150013923645, 0.557959794998169, 0.5556414127349854, 0.5602782368659973, 0.5664606094360352, 0.5533230304718018, 0.5471406579017639, 0.5618237853050232, 0.5548686385154724, 0.5564142465591431, 0.5587326288223267, 0.557959794998169, 0.5672333836555481, 0.5556414127349854, 0.5564142465591431, 0.5548686385154724, 0.5548686385154724, 0.5595054030418396, 0.5595054030418396, 0.5587326288223267, 0.557187020778656, 0.5564142465591431, 0.5394126772880554, 0.5425038933753967, 0.5602782368659973, 0.5602782368659973, 0.5625966191291809, 0.5587326288223267, 0.5602782368659973, 0.5587326288223267, 0.557959794998169, 0.557959794998169, 0.5564142465591431, 0.557187020778656, 0.557187020778656, 0.557959794998169, 0.5587326288223267, 0.5587326288223267, 0.5587326288223267, 0.557959794998169, 0.5595054030418396, 0.5595054030418396], "all_token_val_accuracy": [0.49613600969314575, 0.5115919709205627, 0.5347759127616882, 0.5046367645263672, 0.5548686385154724, 0.557959794998169, 0.5633693933486938, 0.5664606094360352, 0.5649150013923645, 0.557959794998169, 0.5556414127349854, 0.5602782368659973, 0.5664606094360352, 0.5533230304718018, 0.5471406579017639, 0.5618237853050232, 0.5548686385154724, 0.5564142465591431, 0.5587326288223267, 0.557959794998169, 0.5672333836555481, 0.5556414127349854, 0.5564142465591431, 0.5548686385154724, 0.5548686385154724, 0.5595054030418396, 0.5595054030418396, 0.5587326288223267, 0.557187020778656, 0.5564142465591431, 0.5394126772880554, 0.5425038933753967, 0.5602782368659973, 0.5602782368659973, 0.5625966191291809, 0.5587326288223267, 0.5602782368659973, 0.5587326288223267, 0.557959794998169, 0.557959794998169, 0.5564142465591431, 0.557187020778656, 0.557187020778656, 0.557959794998169, 0.5587326288223267, 0.5587326288223267, 0.5587326288223267, 0.557959794998169, 0.5595054030418396, 0.5595054030418396]}}