{"scitail_b_train_7_16": {"num_of_epochs": 10, "learning_rate": 0.0005, "training_ds_fpath": "_train_7_16", "first_token_val_accuracy": [0.4969088137149811, 0.4969088137149811, 0.530911922454834, 0.5587326288223267, 0.5664606094360352, 0.5865533351898193, 0.6004636883735657, 0.6112828254699707, 0.6097372770309448, 0.6089644432067871], "all_token_val_accuracy": [0.4969088137149811, 0.4969088137149811, 0.530911922454834, 0.5587326288223267, 0.5664606094360352, 0.5865533351898193, 0.6004636883735657, 0.6112828254699707, 0.6097372770309448, 0.6089644432067871]}}