{"scitail_b_train_1_32": {"num_of_epochs": 40, "learning_rate": 0.0001, "training_ds_fpath": "_train_1_32", "first_token_val_accuracy": [0.0, 0.18006181716918945, 0.47758886218070984, 0.5115919709205627, 0.5440494418144226, 0.5177743434906006, 0.5479134321212769, 0.5610510110855103, 0.5687789916992188, 0.5672333836555481, 0.5811437368392944, 0.5819165110588074, 0.5865533351898193, 0.5795981287956238, 0.5710973739624023, 0.5819165110588074, 0.5788253545761108, 0.5826893448829651, 0.583462119102478, 0.5803709626197815, 0.5896444916725159, 0.5873261094093323, 0.5919629335403442, 0.5950540900230408, 0.6004636883735657, 0.6089644432067871, 0.5973724722862244, 0.6043276786804199, 0.6058732867240906, 0.599690854549408, 0.6043276786804199, 0.6043276786804199, 0.5958268642425537, 0.5950540900230408, 0.5911900997161865, 0.5904173254966736, 0.5927357077598572, 0.5973724722862244, 0.5919629335403442, 0.5950540900230408], "all_token_val_accuracy": [0.0, 0.18006181716918945, 0.47758886218070984, 0.5115919709205627, 0.5440494418144226, 0.5177743434906006, 0.5479134321212769, 0.5610510110855103, 0.5687789916992188, 0.5672333836555481, 0.5811437368392944, 0.5819165110588074, 0.5865533351898193, 0.5795981287956238, 0.5710973739624023, 0.5819165110588074, 0.5788253545761108, 0.5826893448829651, 0.583462119102478, 0.5803709626197815, 0.5896444916725159, 0.5873261094093323, 0.5919629335403442, 0.5950540900230408, 0.6004636883735657, 0.6089644432067871, 0.5973724722862244, 0.6043276786804199, 0.6058732867240906, 0.599690854549408, 0.6043276786804199, 0.6043276786804199, 0.5958268642425537, 0.5950540900230408, 0.5911900997161865, 0.5904173254966736, 0.5927357077598572, 0.5973724722862244, 0.5919629335403442, 0.5950540900230408]}}