{"scitail_b_train_6_16": {"num_of_epochs": 50, "learning_rate": 0.001, "training_ds_fpath": "_train_6_16", "first_token_val_accuracy": [0.4891808331012726, 0.49845439195632935, 0.5208655595779419, 0.5177743434906006, 0.5285934805870056, 0.530911922454834, 0.5216383337974548, 0.5231839418411255, 0.5533230304718018, 0.557187020778656, 0.5548686385154724, 0.5556414127349854, 0.557187020778656, 0.5533230304718018, 0.5602782368659973, 0.5664606094360352, 0.568006157875061, 0.5641421675682068, 0.5633693933486938, 0.5633693933486938, 0.5641421675682068, 0.5664606094360352, 0.5649150013923645, 0.5649150013923645, 0.5625966191291809, 0.5625966191291809, 0.5656877756118774, 0.5633693933486938, 0.5610510110855103, 0.557187020778656, 0.5556414127349854, 0.5564142465591431, 0.557187020778656, 0.557187020778656, 0.557187020778656, 0.557187020778656, 0.5564142465591431, 0.5564142465591431, 0.5587326288223267, 0.557959794998169, 0.557959794998169, 0.557959794998169, 0.557959794998169, 0.557187020778656, 0.5595054030418396, 0.5595054030418396, 0.5595054030418396, 0.5595054030418396, 0.5595054030418396, 0.5587326288223267], "all_token_val_accuracy": [0.4891808331012726, 0.49845439195632935, 0.5208655595779419, 0.5177743434906006, 0.5285934805870056, 0.530911922454834, 0.5216383337974548, 0.5231839418411255, 0.5533230304718018, 0.557187020778656, 0.5548686385154724, 0.5556414127349854, 0.557187020778656, 0.5533230304718018, 0.5602782368659973, 0.5664606094360352, 0.568006157875061, 0.5641421675682068, 0.5633693933486938, 0.5633693933486938, 0.5641421675682068, 0.5664606094360352, 0.5649150013923645, 0.5649150013923645, 0.5625966191291809, 0.5625966191291809, 0.5656877756118774, 0.5633693933486938, 0.5610510110855103, 0.557187020778656, 0.5556414127349854, 0.5564142465591431, 0.557187020778656, 0.557187020778656, 0.557187020778656, 0.557187020778656, 0.5564142465591431, 0.5564142465591431, 0.5587326288223267, 0.557959794998169, 0.557959794998169, 0.557959794998169, 0.557959794998169, 0.557187020778656, 0.5595054030418396, 0.5595054030418396, 0.5595054030418396, 0.5595054030418396, 0.5595054030418396, 0.5587326288223267]}}