{"scitail_b_train_9_32": {"num_of_epochs": 50, "learning_rate": 0.0005, "training_ds_fpath": "_train_9_32", "first_token_val_accuracy": [0.5347759127616882, 0.5826893448829651, 0.5425038933753967, 0.5911900997161865, 0.6004636883735657, 0.6097372770309448, 0.5965996980667114, 0.6213291883468628, 0.625193178653717, 0.6228747963905334, 0.6205564141273499, 0.6282843947410583, 0.6352395415306091, 0.6352395415306091, 0.6282843947410583, 0.6313755512237549, 0.6244204044342041, 0.625193178653717, 0.6182380318641663, 0.6267387866973877, 0.6259660124778748, 0.6244204044342041, 0.6352395415306091, 0.6352395415306091, 0.6329211592674255, 0.6336939930915833, 0.6336939930915833, 0.6244204044342041, 0.6244204044342041, 0.6275116205215454, 0.6267387866973877, 0.5981453061103821, 0.6027820706367493, 0.6027820706367493, 0.6089644432067871, 0.6197836399078369, 0.6221020221710205, 0.6236476302146912, 0.6282843947410583, 0.5981453061103821, 0.598918080329895, 0.6306027770042419, 0.6329211592674255, 0.6329211592674255, 0.6244204044342041, 0.6282843947410583, 0.625193178653717, 0.6267387866973877, 0.6259660124778748, 0.6306027770042419], "all_token_val_accuracy": [0.5347759127616882, 0.5826893448829651, 0.5425038933753967, 0.5911900997161865, 0.6004636883735657, 0.6097372770309448, 0.5965996980667114, 0.6213291883468628, 0.625193178653717, 0.6228747963905334, 0.6205564141273499, 0.6282843947410583, 0.6352395415306091, 0.6352395415306091, 0.6282843947410583, 0.6313755512237549, 0.6244204044342041, 0.625193178653717, 0.6182380318641663, 0.6267387866973877, 0.6259660124778748, 0.6244204044342041, 0.6352395415306091, 0.6352395415306091, 0.6329211592674255, 0.6336939930915833, 0.6336939930915833, 0.6244204044342041, 0.6244204044342041, 0.6275116205215454, 0.6267387866973877, 0.5981453061103821, 0.6027820706367493, 0.6027820706367493, 0.6089644432067871, 0.6197836399078369, 0.6221020221710205, 0.6236476302146912, 0.6282843947410583, 0.5981453061103821, 0.598918080329895, 0.6306027770042419, 0.6329211592674255, 0.6329211592674255, 0.6244204044342041, 0.6282843947410583, 0.625193178653717, 0.6267387866973877, 0.6259660124778748, 0.6306027770042419]}}