{"scitail_b_train_4_4": {"num_of_epochs": 30, "learning_rate": 0.0001, "training_ds_fpath": "_train_4_4", "first_token_val_accuracy": [0.0, 0.0, 0.0, 0.0, 0.0, 0.0, 0.0, 0.0, 0.0, 0.0, 0.0030911900103092194, 0.024729520082473755, 0.07959814369678497, 0.1970633715391159, 0.31452858448028564, 0.41035547852516174, 0.43894898891448975, 0.4590417444705963, 0.4721792936325073, 0.48608964681625366, 0.484544038772583, 0.5023183822631836, 0.5162287354469299, 0.5146831274032593, 0.5115919709205627, 0.5193199515342712, 0.5231839418411255, 0.5231839418411255, 0.5255023241043091, 0.5255023241043091], "all_token_val_accuracy": [0.0, 0.0, 0.0, 0.0, 0.0, 0.0, 0.0, 0.0, 0.0, 0.0, 0.0030911900103092194, 0.024729520082473755, 0.07959814369678497, 0.1970633715391159, 0.31221020221710205, 0.4064914882183075, 0.4381761848926544, 0.458268940448761, 0.4721792936325073, 0.48608964681625366, 0.484544038772583, 0.5015456080436707, 0.515455961227417, 0.5139103531837463, 0.510819137096405, 0.5185471177101135, 0.5224111080169678, 0.5224111080169678, 0.5247295498847961, 0.5247295498847961]}}