{"scitail_b_train_8_4": {"num_of_epochs": 5, "learning_rate": 0.0005, "training_ds_fpath": "_train_8_4", "first_token_val_accuracy": [0.0, 0.0, 0.26352396607398987, 0.484544038772583, 0.4683153033256531], "all_token_val_accuracy": [0.0, 0.0, 0.26352396607398987, 0.484544038772583, 0.4683153033256531]}}