{"scitail_b_train_2_4": {"num_of_epochs": 30, "learning_rate": 0.0001, "training_ds_fpath": "_train_2_4", "first_token_val_accuracy": [0.0, 0.0, 0.0, 0.0, 0.0, 0.0, 0.0, 0.0, 0.0, 0.0, 0.0, 0.0, 0.0030911900103092194, 0.009273570030927658, 0.017774343490600586, 0.051777433604002, 0.10741885751485825, 0.16383308172225952, 0.23647604882717133, 0.29907265305519104, 0.34080371260643005, 0.3709428012371063, 0.40494590997695923, 0.42581143975257874, 0.4412674009799957, 0.4513137638568878, 0.4590417444705963, 0.4721792936325073, 0.4737248718738556, 0.46986088156700134], "all_token_val_accuracy": [0.0, 0.0, 0.0, 0.0, 0.0, 0.0, 0.0, 0.0, 0.0, 0.0, 0.0, 0.0, 0.0030911900103092194, 0.009273570030927658, 0.017774343490600586, 0.05023184046149254, 0.10587326437234879, 0.16228747367858887, 0.23493044078350067, 0.2975270450115204, 0.3392581045627594, 0.36939722299575806, 0.4034003019332886, 0.4242658317089081, 0.4397217929363251, 0.44976815581321716, 0.45749613642692566, 0.47063368558883667, 0.4721792936325073, 0.4683153033256531]}}