{"scitail_b_train_5_4": {"num_of_epochs": 30, "learning_rate": 0.0001, "training_ds_fpath": "_train_5_4", "first_token_val_accuracy": [0.0, 0.0, 0.0, 0.0, 0.0, 0.0, 0.0, 0.0, 0.0, 0.007727975491434336, 0.05100463703274727, 0.18315301835536957, 0.3106645941734314, 0.38794437050819397, 0.4304482340812683, 0.4482225775718689, 0.4590417444705963, 0.4659969210624695, 0.47063368558883667, 0.46445131301879883, 0.48068004846572876, 0.49845439195632935, 0.5293663144111633, 0.5285934805870056, 0.5316846966743469, 0.5401854515075684, 0.5432766675949097, 0.5401854515075684, 0.5378670692443848, 0.5363214612007141], "all_token_val_accuracy": [0.0, 0.0, 0.0, 0.0, 0.0, 0.0, 0.0, 0.0, 0.0, 0.007727975491434336, 0.05023184046149254, 0.1816074252128601, 0.30911901593208313, 0.3863987624645233, 0.429675430059433, 0.4482225775718689, 0.4590417444705963, 0.4659969210624695, 0.47063368558883667, 0.46445131301879883, 0.48068004846572876, 0.49845439195632935, 0.5293663144111633, 0.5285934805870056, 0.5316846966743469, 0.5401854515075684, 0.5432766675949097, 0.5401854515075684, 0.5378670692443848, 0.5363214612007141]}}