{"scitail_b_train_5_8": {"num_of_epochs": 20, "learning_rate": 0.001, "training_ds_fpath": "_train_5_8", "first_token_val_accuracy": [0.458268940448761, 0.5170015692710876, 0.5185471177101135, 0.5115919709205627, 0.5077279806137085, 0.5278207063674927, 0.5231839418411255, 0.5193199515342712, 0.5139103531837463, 0.5115919709205627, 0.5170015692710876, 0.5177743434906006, 0.5208655595779419, 0.5208655595779419, 0.5193199515342712, 0.5185471177101135, 0.5216383337974548, 0.5193199515342712, 0.515455961227417, 0.5146831274032593], "all_token_val_accuracy": [0.458268940448761, 0.5170015692710876, 0.5185471177101135, 0.5115919709205627, 0.5077279806137085, 0.5278207063674927, 0.5231839418411255, 0.5193199515342712, 0.5139103531837463, 0.5115919709205627, 0.5170015692710876, 0.5177743434906006, 0.5208655595779419, 0.5208655595779419, 0.5193199515342712, 0.5185471177101135, 0.5216383337974548, 0.5193199515342712, 0.515455961227417, 0.5146831274032593]}}