{"scitail_b_train_8_8": {"num_of_epochs": 5, "learning_rate": 0.0001, "training_ds_fpath": "_train_8_8", "first_token_val_accuracy": [0.0, 0.0, 0.0, 0.0, 0.022411128506064415], "all_token_val_accuracy": [0.0, 0.0, 0.0, 0.0, 0.021638330072164536]}}