{"scitail_b_train_4_8": {"num_of_epochs": 40, "learning_rate": 0.0001, "training_ds_fpath": "_train_4_8", "first_token_val_accuracy": [0.0, 0.0, 0.0, 0.0, 0.0, 0.022411128506064415, 0.15069551765918732, 0.3887171447277069, 0.4768160879611969, 0.4899536371231079, 0.4976816177368164, 0.5061823725700378, 0.5100463628768921, 0.5216383337974548, 0.5293663144111633, 0.530911922454834, 0.5370942950248718, 0.5355486869812012, 0.5332303047180176, 0.5401854515075684, 0.530911922454834, 0.5363214612007141, 0.5440494418144226, 0.5448222756385803, 0.5316846966743469, 0.5340030789375305, 0.5409582853317261, 0.5425038933753967, 0.5386399030685425, 0.541731059551239, 0.5378670692443848, 0.5378670692443848, 0.5440494418144226, 0.5463678240776062, 0.5440494418144226, 0.5471406579017639, 0.5494590401649475, 0.5463678240776062, 0.5471406579017639, 0.5510046482086182], "all_token_val_accuracy": [0.0, 0.0, 0.0, 0.0, 0.0, 0.022411128506064415, 0.15069551765918732, 0.3887171447277069, 0.4768160879611969, 0.4899536371231079, 0.4976816177368164, 0.5061823725700378, 0.5100463628768921, 0.5216383337974548, 0.5293663144111633, 0.530911922454834, 0.5370942950248718, 0.5355486869812012, 0.5332303047180176, 0.5401854515075684, 0.530911922454834, 0.5363214612007141, 0.5440494418144226, 0.5448222756385803, 0.5316846966743469, 0.5340030789375305, 0.5409582853317261, 0.5425038933753967, 0.5386399030685425, 0.541731059551239, 0.5378670692443848, 0.5378670692443848, 0.5440494418144226, 0.5463678240776062, 0.5440494418144226, 0.5471406579017639, 0.5494590401649475, 0.5463678240776062, 0.5471406579017639, 0.5510046482086182]}}