{"scitail_b_train_7_16": {"num_of_epochs": 5, "learning_rate": 0.001, "training_ds_fpath": "_train_7_16", "first_token_val_accuracy": [0.5054095983505249, 0.530911922454834, 0.526275098323822, 0.5595054030418396, 0.5757341384887695], "all_token_val_accuracy": [0.5054095983505249, 0.530911922454834, 0.526275098323822, 0.5595054030418396, 0.5757341384887695]}}