{"scitail_b_train_0_32": {"num_of_epochs": 50, "learning_rate": 1e-05, "training_ds_fpath": "_train_0_32", "first_token_val_accuracy": [0.0, 0.0, 0.0, 0.0, 0.0, 0.0, 0.0, 0.0, 0.0, 0.0, 0.0, 0.0, 0.0, 0.0, 0.007727975491434336, 0.024729520082473755, 0.07727975398302078, 0.16537867486476898, 0.2612055540084839, 0.36166924238204956, 0.414219468832016, 0.442812979221344, 0.45517775416374207, 0.4613601267337799, 0.46213293075561523, 0.46445131301879883, 0.46986088156700134, 0.4721792936325073, 0.4799072742462158, 0.48377126455307007, 0.48840802907943726, 0.4914992153644562, 0.49072644114494324, 0.4976816177368164, 0.49845439195632935, 0.5007727742195129, 0.510819137096405, 0.5139103531837463, 0.5139103531837463, 0.5231839418411255, 0.5231839418411255, 0.5247295498847961, 0.5200927257537842, 0.5270479321479797, 0.530911922454834, 0.5401854515075684, 0.5432766675949097, 0.5448222756385803, 0.5440494418144226, 0.5471406579017639], "all_token_val_accuracy": [0.0, 0.0, 0.0, 0.0, 0.0, 0.0, 0.0, 0.0, 0.0, 0.0, 0.0, 0.0, 0.0, 0.0, 0.007727975491434336, 0.024729520082473755, 0.07650695741176605, 0.16537867486476898, 0.2612055540084839, 0.36166924238204956, 0.414219468832016, 0.442812979221344, 0.45517775416374207, 0.4613601267337799, 0.46213293075561523, 0.46445131301879883, 0.46986088156700134, 0.4721792936325073, 0.4799072742462158, 0.48377126455307007, 0.48840802907943726, 0.4914992153644562, 0.49072644114494324, 0.4976816177368164, 0.49845439195632935, 0.5007727742195129, 0.510819137096405, 0.5139103531837463, 0.5139103531837463, 0.5231839418411255, 0.5231839418411255, 0.5247295498847961, 0.5200927257537842, 0.5270479321479797, 0.530911922454834, 0.5401854515075684, 0.5432766675949097, 0.5448222756385803, 0.5440494418144226, 0.5471406579017639]}}