{"scitail_b_train_1_8": {"num_of_epochs": 50, "learning_rate": 0.0005, "training_ds_fpath": "_train_1_8", "first_token_val_accuracy": [0.0007727975025773048, 0.4629057049751282, 0.4976816177368164, 0.5239567160606384, 0.5363214612007141, 0.5200927257537842, 0.5324574708938599, 0.5401854515075684, 0.5432766675949097, 0.5440494418144226, 0.5432766675949097, 0.5463678240776062, 0.5533230304718018, 0.5517774224281311, 0.557187020778656, 0.5525502562522888, 0.5556414127349854, 0.5540958046913147, 0.557959794998169, 0.5618237853050232, 0.557959794998169, 0.557959794998169, 0.557187020778656, 0.5525502562522888, 0.5540958046913147, 0.5525502562522888, 0.5587326288223267, 0.5595054030418396, 0.5602782368659973, 0.5595054030418396, 0.5602782368659973, 0.5595054030418396, 0.5587326288223267, 0.5602782368659973, 0.5595054030418396, 0.5587326288223267, 0.5587326288223267, 0.5564142465591431, 0.5602782368659973, 0.5625966191291809, 0.5610510110855103, 0.5618237853050232, 0.5602782368659973, 0.5602782368659973, 0.5610510110855103, 0.5595054030418396, 0.5602782368659973, 0.5618237853050232, 0.5641421675682068, 0.5633693933486938], "all_token_val_accuracy": [0.0007727975025773048, 0.4629057049751282, 0.4976816177368164, 0.5239567160606384, 0.5363214612007141, 0.5200927257537842, 0.5324574708938599, 0.5401854515075684, 0.5432766675949097, 0.5440494418144226, 0.5432766675949097, 0.5463678240776062, 0.5533230304718018, 0.5517774224281311, 0.557187020778656, 0.5525502562522888, 0.5556414127349854, 0.5540958046913147, 0.557959794998169, 0.5618237853050232, 0.557959794998169, 0.557959794998169, 0.557187020778656, 0.5525502562522888, 0.5540958046913147, 0.5525502562522888, 0.5587326288223267, 0.5595054030418396, 0.5602782368659973, 0.5595054030418396, 0.5602782368659973, 0.5595054030418396, 0.5587326288223267, 0.5602782368659973, 0.5595054030418396, 0.5587326288223267, 0.5587326288223267, 0.5564142465591431, 0.5602782368659973, 0.5625966191291809, 0.5610510110855103, 0.5618237853050232, 0.5602782368659973, 0.5602782368659973, 0.5610510110855103, 0.5595054030418396, 0.5602782368659973, 0.5618237853050232, 0.5641421675682068, 0.5633693933486938]}}