{"scitail_b_train_4_8": {"num_of_epochs": 40, "learning_rate": 0.0005, "training_ds_fpath": "_train_4_8", "first_token_val_accuracy": [0.0007727975025773048, 0.48840802907943726, 0.4891808331012726, 0.49072644114494324, 0.5224111080169678, 0.5131375789642334, 0.515455961227417, 0.5278207063674927, 0.526275098323822, 0.5239567160606384, 0.5316846966743469, 0.530911922454834, 0.526275098323822, 0.5247295498847961, 0.5332303047180176, 0.541731059551239, 0.5347759127616882, 0.530911922454834, 0.5463678240776062, 0.5448222756385803, 0.5510046482086182, 0.5479134321212769, 0.5432766675949097, 0.5432766675949097, 0.5455950498580933, 0.5455950498580933, 0.5463678240776062, 0.5455950498580933, 0.5401854515075684, 0.541731059551239, 0.5401854515075684, 0.5386399030685425, 0.5425038933753967, 0.5432766675949097, 0.5425038933753967, 0.5386399030685425, 0.5425038933753967, 0.5401854515075684, 0.5370942950248718, 0.5386399030685425], "all_token_val_accuracy": [0.0007727975025773048, 0.48840802907943726, 0.4891808331012726, 0.49072644114494324, 0.5224111080169678, 0.5131375789642334, 0.515455961227417, 0.5278207063674927, 0.526275098323822, 0.5239567160606384, 0.5316846966743469, 0.530911922454834, 0.526275098323822, 0.5247295498847961, 0.5332303047180176, 0.541731059551239, 0.5347759127616882, 0.530911922454834, 0.5463678240776062, 0.5448222756385803, 0.5510046482086182, 0.5479134321212769, 0.5432766675949097, 0.5432766675949097, 0.5455950498580933, 0.5455950498580933, 0.5463678240776062, 0.5455950498580933, 0.5401854515075684, 0.541731059551239, 0.5401854515075684, 0.5386399030685425, 0.5425038933753967, 0.5432766675949097, 0.5425038933753967, 0.5386399030685425, 0.5425038933753967, 0.5401854515075684, 0.5370942950248718, 0.5386399030685425]}}