{"scitail_b_train_7_4": {"num_of_epochs": 30, "learning_rate": 0.001, "training_ds_fpath": "_train_7_4", "first_token_val_accuracy": [0.0, 0.23879443109035492, 0.48299846053123474, 0.4791344702243805, 0.46522411704063416, 0.45749613642692566, 0.45981451869010925, 0.4459041655063629, 0.4605873227119446, 0.4629057049751282, 0.4636785089969635, 0.4636785089969635, 0.45440495014190674, 0.45517775416374207, 0.455950528383255, 0.4605873227119446, 0.45517775416374207, 0.4536321461200714, 0.45517775416374207, 0.45749613642692566, 0.46445131301879883, 0.46522411704063416, 0.46522411704063416, 0.4659969210624695, 0.46986088156700134, 0.47295209765434265, 0.47063368558883667, 0.4690881073474884, 0.4690881073474884, 0.4667696952819824], "all_token_val_accuracy": [0.0, 0.23879443109035492, 0.48299846053123474, 0.4791344702243805, 0.46522411704063416, 0.45749613642692566, 0.45981451869010925, 0.4459041655063629, 0.4605873227119446, 0.4629057049751282, 0.4636785089969635, 0.4636785089969635, 0.45440495014190674, 0.45517775416374207, 0.455950528383255, 0.4605873227119446, 0.45517775416374207, 0.4536321461200714, 0.45517775416374207, 0.45749613642692566, 0.46445131301879883, 0.46522411704063416, 0.46522411704063416, 0.4659969210624695, 0.46986088156700134, 0.47295209765434265, 0.47063368558883667, 0.4690881073474884, 0.4690881073474884, 0.4667696952819824]}}