{"scitail_b_train_6_32": {"num_of_epochs": 40, "learning_rate": 0.0001, "training_ds_fpath": "_train_6_32", "first_token_val_accuracy": [0.0, 0.22411128878593445, 0.4768160879611969, 0.5301390886306763, 0.557959794998169, 0.5795981287956238, 0.6035548448562622, 0.6120556592941284, 0.5857805013656616, 0.599690854549408, 0.6128284335136414, 0.6120556592941284, 0.6136012077331543, 0.6290571689605713, 0.6336939930915833, 0.645285964012146, 0.656105101108551, 0.6553323268890381, 0.6607418656349182, 0.6584234833717346, 0.6738794445991516, 0.666924238204956, 0.6646058559417725, 0.672333836555481, 0.6653786897659302, 0.6816074252128601, 0.6862441897392273, 0.6893354058265686, 0.6816074252128601, 0.6839258074760437, 0.687017023563385, 0.6831530332565308, 0.6785162091255188, 0.6754250526428223, 0.6839258074760437, 0.6846985816955566, 0.6893354058265686, 0.6901081800460815, 0.6854714155197144, 0.687789797782898], "all_token_val_accuracy": [0.0, 0.22411128878593445, 0.4768160879611969, 0.5301390886306763, 0.557959794998169, 0.5795981287956238, 0.6035548448562622, 0.6120556592941284, 0.5857805013656616, 0.599690854549408, 0.6128284335136414, 0.6120556592941284, 0.6136012077331543, 0.6290571689605713, 0.6336939930915833, 0.645285964012146, 0.656105101108551, 0.6553323268890381, 0.6607418656349182, 0.6584234833717346, 0.6738794445991516, 0.666924238204956, 0.6646058559417725, 0.672333836555481, 0.6653786897659302, 0.6816074252128601, 0.6862441897392273, 0.6893354058265686, 0.6816074252128601, 0.6839258074760437, 0.687017023563385, 0.6831530332565308, 0.6785162091255188, 0.6754250526428223, 0.6839258074760437, 0.6846985816955566, 0.6893354058265686, 0.6901081800460815, 0.6854714155197144, 0.687789797782898]}}