{"scitail_b_train_8_32": {"num_of_epochs": 30, "learning_rate": 1e-05, "training_ds_fpath": "_train_8_32", "first_token_val_accuracy": [0.0, 0.0, 0.0, 0.0, 0.0, 0.0, 0.0, 0.0, 0.0, 0.0, 0.0, 0.0, 0.0, 0.0, 0.0, 0.007727975491434336, 0.0363214835524559, 0.10123647749423981, 0.1839258074760437, 0.28129830956459045, 0.36089643836021423, 0.4064914882183075, 0.4358578026294708, 0.45517775416374207, 0.4636785089969635, 0.46522411704063416, 0.46445131301879883, 0.46445131301879883, 0.4683153033256531, 0.4667696952819824], "all_token_val_accuracy": [0.0, 0.0, 0.0, 0.0, 0.0, 0.0, 0.0, 0.0, 0.0, 0.0, 0.0, 0.0, 0.0, 0.0, 0.0, 0.007727975491434336, 0.0363214835524559, 0.10046368092298508, 0.18315301835536957, 0.2805255055427551, 0.3601236343383789, 0.40571871399879456, 0.4350849986076355, 0.45440495014190674, 0.4629057049751282, 0.46445131301879883, 0.4636785089969635, 0.4636785089969635, 0.46754249930381775, 0.4659969210624695]}}