{"scitail_b_train_0_4": {"num_of_epochs": 40, "learning_rate": 0.0001, "training_ds_fpath": "_train_0_4", "first_token_val_accuracy": [0.0, 0.0, 0.0, 0.0, 0.0, 0.0, 0.0, 0.0, 0.0, 0.0, 0.012364760041236877, 0.07341576367616653, 0.18006181716918945, 0.3168469965457916, 0.4126738905906677, 0.4459041655063629, 0.45517775416374207, 0.4636785089969635, 0.4737248718738556, 0.4791344702243805, 0.49304482340812683, 0.5131375789642334, 0.5347759127616882, 0.5409582853317261, 0.5471406579017639, 0.5602782368659973, 0.5610510110855103, 0.5656877756118774, 0.5718701481819153, 0.5703245997428894, 0.572642982006073, 0.572642982006073, 0.5749613642692566, 0.5765069723129272, 0.5765069723129272, 0.5795981287956238, 0.5788253545761108, 0.5788253545761108, 0.5795981287956238, 0.5811437368392944], "all_token_val_accuracy": [0.0, 0.0, 0.0, 0.0, 0.0, 0.0, 0.0, 0.0, 0.0, 0.0, 0.012364760041236877, 0.07341576367616653, 0.17928902804851532, 0.3160741925239563, 0.4119010865688324, 0.4451313614845276, 0.45440495014190674, 0.4629057049751282, 0.47295209765434265, 0.47836166620254517, 0.4922720193862915, 0.5131375789642334, 0.5347759127616882, 0.5409582853317261, 0.5471406579017639, 0.5602782368659973, 0.5610510110855103, 0.5649150013923645, 0.5710973739624023, 0.5695517659187317, 0.5710973739624023, 0.5718701481819153, 0.5741885900497437, 0.5749613642692566, 0.5749613642692566, 0.5788253545761108, 0.5780525207519531, 0.5780525207519531, 0.5780525207519531, 0.5795981287956238]}}