{"scitail_b_train_6_16": {"num_of_epochs": 30, "learning_rate": 0.0005, "training_ds_fpath": "_train_6_16", "first_token_val_accuracy": [0.4922720193862915, 0.4969088137149811, 0.5162287354469299, 0.515455961227417, 0.5162287354469299, 0.4992271959781647, 0.5139103531837463, 0.510819137096405, 0.5100463628768921, 0.5123647451400757, 0.5162287354469299, 0.5139103531837463, 0.5224111080169678, 0.5162287354469299, 0.5162287354469299, 0.515455961227417, 0.5162287354469299, 0.5239567160606384, 0.5216383337974548, 0.5139103531837463, 0.5278207063674927, 0.5278207063674927, 0.5270479321479797, 0.5278207063674927, 0.5255023241043091, 0.5255023241043091, 0.5285934805870056, 0.5285934805870056, 0.5278207063674927, 0.5324574708938599], "all_token_val_accuracy": [0.4922720193862915, 0.4969088137149811, 0.5162287354469299, 0.515455961227417, 0.5162287354469299, 0.4992271959781647, 0.5139103531837463, 0.510819137096405, 0.5100463628768921, 0.5123647451400757, 0.5162287354469299, 0.5139103531837463, 0.5224111080169678, 0.5162287354469299, 0.5162287354469299, 0.515455961227417, 0.5162287354469299, 0.5239567160606384, 0.5216383337974548, 0.5139103531837463, 0.5278207063674927, 0.5278207063674927, 0.5270479321479797, 0.5278207063674927, 0.5255023241043091, 0.5255023241043091, 0.5285934805870056, 0.5285934805870056, 0.5278207063674927, 0.5324574708938599]}}