{"scitail_b_train_7_4": {"num_of_epochs": 20, "learning_rate": 0.001, "training_ds_fpath": "_train_7_4", "first_token_val_accuracy": [0.0, 0.30911901593208313, 0.4459041655063629, 0.46445131301879883, 0.46986088156700134, 0.471406489610672, 0.44899535179138184, 0.44976815581321716, 0.4459041655063629, 0.45517775416374207, 0.4513137638568878, 0.45672333240509033, 0.4605873227119446, 0.4435857832431793, 0.458268940448761, 0.45672333240509033, 0.4590417444705963, 0.4605873227119446, 0.4629057049751282, 0.4528593420982361], "all_token_val_accuracy": [0.0, 0.30911901593208313, 0.4459041655063629, 0.46445131301879883, 0.46986088156700134, 0.471406489610672, 0.44899535179138184, 0.44976815581321716, 0.4459041655063629, 0.45517775416374207, 0.4513137638568878, 0.45672333240509033, 0.4605873227119446, 0.4435857832431793, 0.458268940448761, 0.45672333240509033, 0.4590417444705963, 0.4605873227119446, 0.4629057049751282, 0.4528593420982361]}}