{"scitail_b_train_7_4": {"num_of_epochs": 5, "learning_rate": 0.001, "training_ds_fpath": "_train_7_4", "first_token_val_accuracy": [0.0, 0.4690881073474884, 0.4891808331012726, 0.47836166620254517, 0.4953632056713104], "all_token_val_accuracy": [0.0, 0.4690881073474884, 0.4891808331012726, 0.47836166620254517, 0.4953632056713104]}}