{"scitail_b_train_4_8": {"num_of_epochs": 50, "learning_rate": 0.0001, "training_ds_fpath": "_train_4_8", "first_token_val_accuracy": [0.0, 0.0, 0.0, 0.0, 0.0, 0.024729520082473755, 0.24265842139720917, 0.44976815581321716, 0.46986088156700134, 0.46986088156700134, 0.47063368558883667, 0.4814528524875641, 0.484544038772583, 0.4891808331012726, 0.49072644114494324, 0.4976816177368164, 0.4969088137149811, 0.4969088137149811, 0.4953632056713104, 0.4992271959781647, 0.4992271959781647, 0.5038639903068542, 0.5023183822631836, 0.5046367645263672, 0.5023183822631836, 0.5069552063941956, 0.5077279806137085, 0.5069552063941956, 0.4976816177368164, 0.49845439195632935, 0.4953632056713104, 0.49072644114494324, 0.49072644114494324, 0.49304482340812683, 0.4969088137149811, 0.4922720193862915, 0.4976816177368164, 0.5015456080436707, 0.4992271959781647, 0.49613600969314575, 0.4992271959781647, 0.5015456080436707, 0.5007727742195129, 0.4976816177368164, 0.4992271959781647, 0.4976816177368164, 0.49845439195632935, 0.49845439195632935, 0.4976816177368164, 0.4969088137149811], "all_token_val_accuracy": [0.0, 0.0, 0.0, 0.0, 0.0, 0.024729520082473755, 0.24188563227653503, 0.4482225775718689, 0.4683153033256531, 0.4683153033256531, 0.4690881073474884, 0.4799072742462158, 0.48299846053123474, 0.48763522505760193, 0.49072644114494324, 0.4976816177368164, 0.4969088137149811, 0.4969088137149811, 0.4953632056713104, 0.4992271959781647, 0.4992271959781647, 0.5038639903068542, 0.5023183822631836, 0.5046367645263672, 0.5023183822631836, 0.5069552063941956, 0.5077279806137085, 0.5069552063941956, 0.4976816177368164, 0.49845439195632935, 0.4953632056713104, 0.49072644114494324, 0.49072644114494324, 0.49304482340812683, 0.4969088137149811, 0.4922720193862915, 0.4976816177368164, 0.5015456080436707, 0.4992271959781647, 0.49613600969314575, 0.4992271959781647, 0.5015456080436707, 0.5007727742195129, 0.4976816177368164, 0.4992271959781647, 0.4976816177368164, 0.49845439195632935, 0.49845439195632935, 0.4976816177368164, 0.4969088137149811]}}