{"scitail_b_train_5_16": {"num_of_epochs": 20, "learning_rate": 0.0005, "training_ds_fpath": "_train_5_16", "first_token_val_accuracy": [0.5123647451400757, 0.5239567160606384, 0.5193199515342712, 0.5494590401649475, 0.5595054030418396, 0.5533230304718018, 0.5486862659454346, 0.5765069723129272, 0.5440494418144226, 0.541731059551239, 0.5448222756385803, 0.5432766675949097, 0.5455950498580933, 0.5463678240776062, 0.5401854515075684, 0.5448222756385803, 0.5463678240776062, 0.5440494418144226, 0.5471406579017639, 0.5448222756385803], "all_token_val_accuracy": [0.5123647451400757, 0.5239567160606384, 0.5193199515342712, 0.5494590401649475, 0.5595054030418396, 0.5533230304718018, 0.5486862659454346, 0.5765069723129272, 0.5440494418144226, 0.541731059551239, 0.5448222756385803, 0.5432766675949097, 0.5455950498580933, 0.5463678240776062, 0.5401854515075684, 0.5448222756385803, 0.5463678240776062, 0.5440494418144226, 0.5471406579017639, 0.5448222756385803]}}