{"scitail_b_train_0_32": {"num_of_epochs": 10, "learning_rate": 0.0005, "training_ds_fpath": "_train_0_32", "first_token_val_accuracy": [0.5023183822631836, 0.5919629335403442, 0.5502318143844604, 0.6089644432067871, 0.6244204044342041, 0.6159196496009827, 0.6398763656616211, 0.6429675221443176, 0.656105101108551, 0.6290571689605713], "all_token_val_accuracy": [0.5023183822631836, 0.5919629335403442, 0.5502318143844604, 0.6089644432067871, 0.6244204044342041, 0.6159196496009827, 0.6398763656616211, 0.6429675221443176, 0.656105101108551, 0.6290571689605713]}}