{"scitail_b_train_0_16": {"num_of_epochs": 30, "learning_rate": 0.0001, "training_ds_fpath": "_train_0_16", "first_token_val_accuracy": [0.0, 0.0, 0.010819165036082268, 0.43663060665130615, 0.4744976758956909, 0.4822256565093994, 0.5, 0.5255023241043091, 0.5587326288223267, 0.5510046482086182, 0.557959794998169, 0.5502318143844604, 0.5548686385154724, 0.5641421675682068, 0.5656877756118774, 0.5664606094360352, 0.5664606094360352, 0.5695517659187317, 0.5710973739624023, 0.5710973739624023, 0.5710973739624023, 0.5780525207519531, 0.5819165110588074, 0.5795981287956238, 0.5788253545761108, 0.5803709626197815, 0.583462119102478, 0.5850077271461487, 0.5780525207519531, 0.5780525207519531], "all_token_val_accuracy": [0.0, 0.0, 0.010819165036082268, 0.4358578026294708, 0.4737248718738556, 0.48068004846572876, 0.49845439195632935, 0.5239567160606384, 0.5587326288223267, 0.5510046482086182, 0.557959794998169, 0.5502318143844604, 0.5548686385154724, 0.5641421675682068, 0.5656877756118774, 0.5664606094360352, 0.5664606094360352, 0.5695517659187317, 0.5710973739624023, 0.5710973739624023, 0.5710973739624023, 0.5780525207519531, 0.5819165110588074, 0.5795981287956238, 0.5788253545761108, 0.5803709626197815, 0.583462119102478, 0.5850077271461487, 0.5780525207519531, 0.5780525207519531]}}