{"scitail_b_train_0_8": {"num_of_epochs": 20, "learning_rate": 0.001, "training_ds_fpath": "_train_0_8", "first_token_val_accuracy": [0.4814528524875641, 0.5193199515342712, 0.4953632056713104, 0.5239567160606384, 0.5401854515075684, 0.5239567160606384, 0.5193199515342712, 0.5115919709205627, 0.5255023241043091, 0.5425038933753967, 0.5494590401649475, 0.5401854515075684, 0.5363214612007141, 0.5301390886306763, 0.5293663144111633, 0.5324574708938599, 0.5347759127616882, 0.5324574708938599, 0.5301390886306763, 0.5293663144111633], "all_token_val_accuracy": [0.4814528524875641, 0.5193199515342712, 0.4953632056713104, 0.5239567160606384, 0.5401854515075684, 0.5239567160606384, 0.5193199515342712, 0.5115919709205627, 0.5255023241043091, 0.5425038933753967, 0.5494590401649475, 0.5401854515075684, 0.5363214612007141, 0.5301390886306763, 0.5293663144111633, 0.5324574708938599, 0.5347759127616882, 0.5324574708938599, 0.5301390886306763, 0.5293663144111633]}}