{"scitail_b_train_8_16": {"num_of_epochs": 50, "learning_rate": 0.0005, "training_ds_fpath": "_train_8_16", "first_token_val_accuracy": [0.47758886218070984, 0.5100463628768921, 0.5448222756385803, 0.5494590401649475, 0.5494590401649475, 0.5510046482086182, 0.5540958046913147, 0.5533230304718018, 0.5602782368659973, 0.557959794998169, 0.541731059551239, 0.5540958046913147, 0.5510046482086182, 0.5595054030418396, 0.5610510110855103, 0.5556414127349854, 0.5610510110855103, 0.5649150013923645, 0.5633693933486938, 0.5610510110855103, 0.5641421675682068, 0.5664606094360352, 0.5672333836555481, 0.5672333836555481, 0.568006157875061, 0.5710973739624023, 0.5687789916992188, 0.5633693933486938, 0.5625966191291809, 0.5656877756118774, 0.5672333836555481, 0.568006157875061, 0.5703245997428894, 0.568006157875061, 0.5710973739624023, 0.5741885900497437, 0.5734157562255859, 0.5734157562255859, 0.572642982006073, 0.5602782368659973, 0.5610510110855103, 0.5625966191291809, 0.5587326288223267, 0.5587326288223267, 0.5649150013923645, 0.5649150013923645, 0.5672333836555481, 0.5710973739624023, 0.5649150013923645, 0.568006157875061], "all_token_val_accuracy": [0.47758886218070984, 0.5100463628768921, 0.5448222756385803, 0.5494590401649475, 0.5494590401649475, 0.5510046482086182, 0.5540958046913147, 0.5533230304718018, 0.5602782368659973, 0.557959794998169, 0.541731059551239, 0.5540958046913147, 0.5510046482086182, 0.5595054030418396, 0.5610510110855103, 0.5556414127349854, 0.5610510110855103, 0.5649150013923645, 0.5633693933486938, 0.5610510110855103, 0.5641421675682068, 0.5664606094360352, 0.5672333836555481, 0.5672333836555481, 0.568006157875061, 0.5710973739624023, 0.5687789916992188, 0.5633693933486938, 0.5625966191291809, 0.5656877756118774, 0.5672333836555481, 0.568006157875061, 0.5703245997428894, 0.568006157875061, 0.5710973739624023, 0.5741885900497437, 0.5734157562255859, 0.5734157562255859, 0.572642982006073, 0.5602782368659973, 0.5610510110855103, 0.5625966191291809, 0.5587326288223267, 0.5587326288223267, 0.5649150013923645, 0.5649150013923645, 0.5672333836555481, 0.5710973739624023, 0.5649150013923645, 0.568006157875061]}}