{"scitail_b_train_4_8": {"num_of_epochs": 10, "learning_rate": 0.001, "training_ds_fpath": "_train_4_8", "first_token_val_accuracy": [0.48840802907943726, 0.4945904314517975, 0.4922720193862915, 0.5061823725700378, 0.5324574708938599, 0.5332303047180176, 0.5548686385154724, 0.5602782368659973, 0.5641421675682068, 0.5641421675682068], "all_token_val_accuracy": [0.48840802907943726, 0.4945904314517975, 0.4922720193862915, 0.5061823725700378, 0.5324574708938599, 0.5332303047180176, 0.5548686385154724, 0.5602782368659973, 0.5641421675682068, 0.5641421675682068]}}