{"scitail_b_train_1_4": {"num_of_epochs": 20, "learning_rate": 0.0001, "training_ds_fpath": "_train_1_4", "first_token_val_accuracy": [0.0, 0.0, 0.0, 0.0, 0.0, 0.0, 0.0, 0.0, 0.0, 0.0, 0.0069551775231957436, 0.04173106700181961, 0.11591962724924088, 0.2380216419696808, 0.35857805609703064, 0.42812982201576233, 0.4482225775718689, 0.45981451869010925, 0.4636785089969635, 0.4822256565093994], "all_token_val_accuracy": [0.0, 0.0, 0.0, 0.0, 0.0, 0.0, 0.0, 0.0, 0.0, 0.0, 0.0069551775231957436, 0.04018547013401985, 0.11437403410673141, 0.23647604882717133, 0.35703244805336, 0.42658424377441406, 0.44744977355003357, 0.45981451869010925, 0.4636785089969635, 0.4822256565093994]}}