{"scitail_b_train_3_4": {"num_of_epochs": 40, "learning_rate": 0.001, "training_ds_fpath": "_train_3_4", "first_token_val_accuracy": [0.0, 0.42040184140205383, 0.4922720193862915, 0.5015456080436707, 0.5030912160873413, 0.4969088137149811, 0.5054095983505249, 0.5023183822631836, 0.4814528524875641, 0.4791344702243805, 0.48377126455307007, 0.48531684279441833, 0.486862450838089, 0.4945904314517975, 0.4953632056713104, 0.4899536371231079, 0.49304482340812683, 0.49381762742996216, 0.49613600969314575, 0.5, 0.4976816177368164, 0.4976816177368164, 0.49381762742996216, 0.49304482340812683, 0.49381762742996216, 0.4914992153644562, 0.48840802907943726, 0.48531684279441833, 0.484544038772583, 0.47836166620254517, 0.48299846053123474, 0.48299846053123474, 0.486862450838089, 0.484544038772583, 0.49072644114494324, 0.4914992153644562, 0.49304482340812683, 0.4922720193862915, 0.4914992153644562, 0.49304482340812683], "all_token_val_accuracy": [0.0, 0.42040184140205383, 0.4922720193862915, 0.5015456080436707, 0.5030912160873413, 0.4969088137149811, 0.5054095983505249, 0.5023183822631836, 0.4814528524875641, 0.4791344702243805, 0.48377126455307007, 0.48531684279441833, 0.486862450838089, 0.4945904314517975, 0.4953632056713104, 0.4899536371231079, 0.49304482340812683, 0.49381762742996216, 0.49613600969314575, 0.5, 0.4976816177368164, 0.4976816177368164, 0.49381762742996216, 0.49304482340812683, 0.49381762742996216, 0.4914992153644562, 0.48840802907943726, 0.48531684279441833, 0.484544038772583, 0.47836166620254517, 0.48299846053123474, 0.48299846053123474, 0.486862450838089, 0.484544038772583, 0.49072644114494324, 0.4914992153644562, 0.49304482340812683, 0.4922720193862915, 0.4914992153644562, 0.49304482340812683]}}