{"scitail_b_train_6_16": {"num_of_epochs": 30, "learning_rate": 0.001, "training_ds_fpath": "_train_6_16", "first_token_val_accuracy": [0.5030912160873413, 0.5061823725700378, 0.5139103531837463, 0.5378670692443848, 0.5440494418144226, 0.5293663144111633, 0.5278207063674927, 0.5208655595779419, 0.5316846966743469, 0.5332303047180176, 0.5324574708938599, 0.530911922454834, 0.5347759127616882, 0.530911922454834, 0.5316846966743469, 0.5324574708938599, 0.530911922454834, 0.530911922454834, 0.5324574708938599, 0.5316846966743469, 0.5316846966743469, 0.530911922454834, 0.530911922454834, 0.5301390886306763, 0.5301390886306763, 0.5278207063674927, 0.5278207063674927, 0.5293663144111633, 0.5270479321479797, 0.530911922454834], "all_token_val_accuracy": [0.5030912160873413, 0.5061823725700378, 0.5139103531837463, 0.5378670692443848, 0.5440494418144226, 0.5293663144111633, 0.5278207063674927, 0.5208655595779419, 0.5316846966743469, 0.5332303047180176, 0.5324574708938599, 0.530911922454834, 0.5347759127616882, 0.530911922454834, 0.5316846966743469, 0.5324574708938599, 0.530911922454834, 0.530911922454834, 0.5324574708938599, 0.5316846966743469, 0.5316846966743469, 0.530911922454834, 0.530911922454834, 0.5301390886306763, 0.5301390886306763, 0.5278207063674927, 0.5278207063674927, 0.5293663144111633, 0.5270479321479797, 0.530911922454834]}}