{"scitail_b_train_9_32": {"num_of_epochs": 50, "learning_rate": 0.0001, "training_ds_fpath": "_train_9_32", "first_token_val_accuracy": [0.0, 0.3214837610721588, 0.47527047991752625, 0.557959794998169, 0.572642982006073, 0.5772797465324402, 0.5633693933486938, 0.5734157562255859, 0.5780525207519531, 0.5927357077598572, 0.5795981287956238, 0.5757341384887695, 0.5850077271461487, 0.5958268642425537, 0.6027820706367493, 0.6020092964172363, 0.6275116205215454, 0.6221020221710205, 0.6352395415306091, 0.6213291883468628, 0.6445131301879883, 0.6491498947143555, 0.6360123753547668, 0.6267387866973877, 0.6506955027580261, 0.6329211592674255, 0.6414219737052917, 0.6483771204948425, 0.6514683365821838, 0.640649139881134, 0.6468315124511719, 0.6460587382316589, 0.6391035318374634, 0.6336939930915833, 0.6437403559684753, 0.6445131301879883, 0.6476043462753296, 0.6468315124511719, 0.645285964012146, 0.6530138850212097, 0.6483771204948425, 0.6483771204948425, 0.6491498947143555, 0.6460587382316589, 0.6476043462753296, 0.6491498947143555, 0.6491498947143555, 0.6468315124511719, 0.6468315124511719, 0.6506955027580261], "all_token_val_accuracy": [0.0, 0.3207109868526459, 0.47527047991752625, 0.557959794998169, 0.572642982006073, 0.5772797465324402, 0.5633693933486938, 0.5734157562255859, 0.5780525207519531, 0.5927357077598572, 0.5795981287956238, 0.5757341384887695, 0.5850077271461487, 0.5958268642425537, 0.6027820706367493, 0.6020092964172363, 0.6275116205215454, 0.6221020221710205, 0.6352395415306091, 0.6213291883468628, 0.6445131301879883, 0.6491498947143555, 0.6360123753547668, 0.6267387866973877, 0.6506955027580261, 0.6329211592674255, 0.6414219737052917, 0.6483771204948425, 0.6514683365821838, 0.640649139881134, 0.6468315124511719, 0.6460587382316589, 0.6391035318374634, 0.6336939930915833, 0.6437403559684753, 0.6445131301879883, 0.6476043462753296, 0.6468315124511719, 0.645285964012146, 0.6530138850212097, 0.6483771204948425, 0.6483771204948425, 0.6491498947143555, 0.6460587382316589, 0.6476043462753296, 0.6491498947143555, 0.6491498947143555, 0.6468315124511719, 0.6468315124511719, 0.6506955027580261]}}