{"scitail_b_train_3_16": {"num_of_epochs": 20, "learning_rate": 0.001, "training_ds_fpath": "_train_3_16", "first_token_val_accuracy": [0.4969088137149811, 0.5038639903068542, 0.515455961227417, 0.5625966191291809, 0.5610510110855103, 0.5587326288223267, 0.5857805013656616, 0.599690854549408, 0.5850077271461487, 0.598918080329895, 0.5850077271461487, 0.5865533351898193, 0.5664606094360352, 0.568006157875061, 0.5718701481819153, 0.5757341384887695, 0.5819165110588074, 0.5942813158035278, 0.5927357077598572, 0.5865533351898193], "all_token_val_accuracy": [0.4969088137149811, 0.5038639903068542, 0.515455961227417, 0.5625966191291809, 0.5610510110855103, 0.5587326288223267, 0.5857805013656616, 0.599690854549408, 0.5850077271461487, 0.598918080329895, 0.5850077271461487, 0.5865533351898193, 0.5664606094360352, 0.568006157875061, 0.5718701481819153, 0.5757341384887695, 0.5819165110588074, 0.5942813158035278, 0.5927357077598572, 0.5865533351898193]}}