{"scitail_b_train_3_4": {"num_of_epochs": 40, "learning_rate": 0.0005, "training_ds_fpath": "_train_3_4", "first_token_val_accuracy": [0.0, 0.0007727975025773048, 0.44899535179138184, 0.48840802907943726, 0.5030912160873413, 0.5092735886573792, 0.5162287354469299, 0.5069552063941956, 0.4953632056713104, 0.48377126455307007, 0.5038639903068542, 0.5092735886573792, 0.5069552063941956, 0.4914992153644562, 0.4914992153644562, 0.4899536371231079, 0.4899536371231079, 0.48840802907943726, 0.4922720193862915, 0.4814528524875641, 0.4945904314517975, 0.5038639903068542, 0.5085007548332214, 0.5038639903068542, 0.5077279806137085, 0.5085007548332214, 0.5085007548332214, 0.5007727742195129, 0.49381762742996216, 0.49381762742996216, 0.4945904314517975, 0.4953632056713104, 0.5007727742195129, 0.49613600969314575, 0.4976816177368164, 0.49845439195632935, 0.5007727742195129, 0.5061823725700378, 0.5061823725700378, 0.5069552063941956], "all_token_val_accuracy": [0.0, 0.0007727975025773048, 0.4482225775718689, 0.48840802907943726, 0.5030912160873413, 0.5092735886573792, 0.5162287354469299, 0.5069552063941956, 0.4953632056713104, 0.48377126455307007, 0.5038639903068542, 0.5092735886573792, 0.5069552063941956, 0.4914992153644562, 0.4914992153644562, 0.4899536371231079, 0.4899536371231079, 0.48840802907943726, 0.4922720193862915, 0.4814528524875641, 0.4945904314517975, 0.5038639903068542, 0.5085007548332214, 0.5038639903068542, 0.5077279806137085, 0.5085007548332214, 0.5085007548332214, 0.5007727742195129, 0.49381762742996216, 0.49381762742996216, 0.4945904314517975, 0.4953632056713104, 0.5007727742195129, 0.49613600969314575, 0.4976816177368164, 0.49845439195632935, 0.5007727742195129, 0.5061823725700378, 0.5061823725700378, 0.5069552063941956]}}