{"scitail_b_train_2_8": {"num_of_epochs": 20, "learning_rate": 0.0001, "training_ds_fpath": "_train_2_8", "first_token_val_accuracy": [0.0, 0.0, 0.0, 0.0, 0.0, 0.04482225701212883, 0.23493044078350067, 0.3887171447277069, 0.4381761848926544, 0.4659969210624695, 0.4605873227119446, 0.47758886218070984, 0.4976816177368164, 0.5200927257537842, 0.526275098323822, 0.5247295498847961, 0.5208655595779419, 0.5200927257537842, 0.5115919709205627, 0.5007727742195129], "all_token_val_accuracy": [0.0, 0.0, 0.0, 0.0, 0.0, 0.0440494604408741, 0.23415765166282654, 0.38717156648635864, 0.43663060665130615, 0.46445131301879883, 0.4590417444705963, 0.4760432839393616, 0.4976816177368164, 0.5200927257537842, 0.526275098323822, 0.5247295498847961, 0.5208655595779419, 0.5200927257537842, 0.5115919709205627, 0.5007727742195129]}}