{"scitail_b_train_6_4": {"num_of_epochs": 20, "learning_rate": 0.001, "training_ds_fpath": "_train_6_4", "first_token_val_accuracy": [0.0, 0.4976816177368164, 0.5069552063941956, 0.5409582853317261, 0.5394126772880554, 0.5332303047180176, 0.5463678240776062, 0.5703245997428894, 0.5695517659187317, 0.5710973739624023, 0.5587326288223267, 0.5618237853050232, 0.557187020778656, 0.5502318143844604, 0.5455950498580933, 0.5401854515075684, 0.5370942950248718, 0.5363214612007141, 0.5363214612007141, 0.5363214612007141], "all_token_val_accuracy": [0.0, 0.4976816177368164, 0.5069552063941956, 0.5409582853317261, 0.5394126772880554, 0.5332303047180176, 0.5463678240776062, 0.5703245997428894, 0.5695517659187317, 0.5710973739624023, 0.5587326288223267, 0.5618237853050232, 0.557187020778656, 0.5502318143844604, 0.5455950498580933, 0.5401854515075684, 0.5370942950248718, 0.5363214612007141, 0.5363214612007141, 0.5363214612007141]}}