{"scitail_b_train_2_16": {"num_of_epochs": 50, "learning_rate": 1e-05, "training_ds_fpath": "_train_2_16", "first_token_val_accuracy": [0.0, 0.0, 0.0, 0.0, 0.0, 0.0, 0.0, 0.0, 0.0, 0.0, 0.0, 0.0, 0.0, 0.0, 0.0, 0.0, 0.0, 0.0, 0.0, 0.0, 0.0, 0.0, 0.0, 0.0, 0.0, 0.0, 0.0, 0.0, 0.0023183925077319145, 0.010819165036082268, 0.017774343490600586, 0.03786708042025566, 0.06646058708429337, 0.10510046035051346, 0.14837712049484253, 0.19088098406791687, 0.24188563227653503, 0.29134467244148254, 0.3238021731376648, 0.36398762464523315, 0.3964451253414154, 0.4173106551170349, 0.42658424377441406, 0.4435857832431793, 0.4482225775718689, 0.45208656787872314, 0.4613601267337799, 0.46522411704063416, 0.4667696952819824, 0.4690881073474884], "all_token_val_accuracy": [0.0, 0.0, 0.0, 0.0, 0.0, 0.0, 0.0, 0.0, 0.0, 0.0, 0.0, 0.0, 0.0, 0.0, 0.0, 0.0, 0.0, 0.0, 0.0, 0.0, 0.0, 0.0, 0.0, 0.0, 0.0, 0.0, 0.0, 0.0, 0.0023183925077319145, 0.010819165036082268, 0.017001545056700706, 0.03709428012371063, 0.06568779051303864, 0.10432766377925873, 0.1476043313741684, 0.19010819494724274, 0.2411128282546997, 0.2905718684196472, 0.32302936911582947, 0.3632148504257202, 0.3956723213195801, 0.416537880897522, 0.42581143975257874, 0.442812979221344, 0.4482225775718689, 0.45208656787872314, 0.4613601267337799, 0.46522411704063416, 0.4667696952819824, 0.4690881073474884]}}