{"scitail_b_train_6_32": {"num_of_epochs": 10, "learning_rate": 0.001, "training_ds_fpath": "_train_6_32", "first_token_val_accuracy": [0.5046367645263672, 0.6136012077331543, 0.6908810138702393, 0.6383307576179504, 0.6962905526161194, 0.6414219737052917, 0.6468315124511719, 0.6321483850479126, 0.6862441897392273, 0.6391035318374634], "all_token_val_accuracy": [0.5046367645263672, 0.6136012077331543, 0.6908810138702393, 0.6383307576179504, 0.6962905526161194, 0.6414219737052917, 0.6468315124511719, 0.6321483850479126, 0.6862441897392273, 0.6391035318374634]}}