{"scitail_b_train_5_8": {"num_of_epochs": 10, "learning_rate": 0.0001, "training_ds_fpath": "_train_5_8", "first_token_val_accuracy": [0.0, 0.0, 0.0, 0.0, 0.0, 0.09428130090236664, 0.35625967383384705, 0.4505409598350525, 0.4659969210624695, 0.4791344702243805], "all_token_val_accuracy": [0.0, 0.0, 0.0, 0.0, 0.0, 0.09428130090236664, 0.35625967383384705, 0.4505409598350525, 0.4659969210624695, 0.4791344702243805]}}