{"scitail_b_train_2_32": {"num_of_epochs": 20, "learning_rate": 0.001, "training_ds_fpath": "_train_2_32", "first_token_val_accuracy": [0.5471406579017639, 0.5332303047180176, 0.5595054030418396, 0.5455950498580933, 0.6097372770309448, 0.5734157562255859, 0.6128284335136414, 0.6166924238204956, 0.5765069723129272, 0.6236476302146912, 0.6275116205215454, 0.6182380318641663, 0.6190108060836792, 0.6182380318641663, 0.6190108060836792, 0.6182380318641663, 0.6221020221710205, 0.6182380318641663, 0.6205564141273499, 0.6089644432067871], "all_token_val_accuracy": [0.5471406579017639, 0.5332303047180176, 0.5595054030418396, 0.5455950498580933, 0.6097372770309448, 0.5734157562255859, 0.6128284335136414, 0.6166924238204956, 0.5765069723129272, 0.6236476302146912, 0.6275116205215454, 0.6182380318641663, 0.6190108060836792, 0.6182380318641663, 0.6190108060836792, 0.6182380318641663, 0.6221020221710205, 0.6182380318641663, 0.6205564141273499, 0.6089644432067871]}}