{"scitail_b_train_9_4": {"num_of_epochs": 30, "learning_rate": 0.001, "training_ds_fpath": "_train_9_4", "first_token_val_accuracy": [0.0, 0.5054095983505249, 0.46522411704063416, 0.5131375789642334, 0.4976816177368164, 0.5038639903068542, 0.5100463628768921, 0.47758886218070984, 0.4737248718738556, 0.46754249930381775, 0.4690881073474884, 0.4659969210624695, 0.4636785089969635, 0.48299846053123474, 0.484544038772583, 0.471406489610672, 0.47527047991752625, 0.4744976758956909, 0.48068004846572876, 0.48377126455307007, 0.48299846053123474, 0.484544038772583, 0.47758886218070984, 0.46754249930381775, 0.46213293075561523, 0.46754249930381775, 0.4737248718738556, 0.4744976758956909, 0.4744976758956909, 0.47527047991752625], "all_token_val_accuracy": [0.0, 0.5054095983505249, 0.46522411704063416, 0.5131375789642334, 0.4976816177368164, 0.5038639903068542, 0.5100463628768921, 0.47758886218070984, 0.4737248718738556, 0.46754249930381775, 0.4690881073474884, 0.4659969210624695, 0.4636785089969635, 0.48299846053123474, 0.484544038772583, 0.471406489610672, 0.47527047991752625, 0.4744976758956909, 0.48068004846572876, 0.48377126455307007, 0.48299846053123474, 0.484544038772583, 0.47758886218070984, 0.46754249930381775, 0.46213293075561523, 0.46754249930381775, 0.4737248718738556, 0.4744976758956909, 0.4744976758956909, 0.47527047991752625]}}