{"scitail_b_train_4_8": {"num_of_epochs": 5, "learning_rate": 0.001, "training_ds_fpath": "_train_4_8", "first_token_val_accuracy": [0.4799072742462158, 0.49845439195632935, 0.5193199515342712, 0.5054095983505249, 0.5], "all_token_val_accuracy": [0.4799072742462158, 0.49845439195632935, 0.5193199515342712, 0.5054095983505249, 0.5]}}