{"scitail_b_train_0_32": {"num_of_epochs": 30, "learning_rate": 1e-05, "training_ds_fpath": "_train_0_32", "first_token_val_accuracy": [0.0, 0.0, 0.0, 0.0, 0.0, 0.0, 0.0, 0.0, 0.0, 0.0, 0.0, 0.0, 0.0, 0.0, 0.0, 0.006182380020618439, 0.022411128506064415, 0.07032457739114761, 0.14296753704547882, 0.235703244805336, 0.34312209486961365, 0.4072642922401428, 0.44435858726501465, 0.45517775416374207, 0.458268940448761, 0.4613601267337799, 0.46445131301879883, 0.4667696952819824, 0.47063368558883667, 0.471406489610672], "all_token_val_accuracy": [0.0, 0.0, 0.0, 0.0, 0.0, 0.0, 0.0, 0.0, 0.0, 0.0, 0.0, 0.0, 0.0, 0.0, 0.0, 0.006182380020618439, 0.022411128506064415, 0.06955178081989288, 0.1421947479248047, 0.23493044078350067, 0.3423492908477783, 0.4064914882183075, 0.4435857832431793, 0.45440495014190674, 0.45749613642692566, 0.4605873227119446, 0.4636785089969635, 0.4659969210624695, 0.46986088156700134, 0.47063368558883667]}}