{"scitail_b_train_6_8": {"num_of_epochs": 10, "learning_rate": 0.001, "training_ds_fpath": "_train_6_8", "first_token_val_accuracy": [0.48608964681625366, 0.5170015692710876, 0.5394126772880554, 0.5370942950248718, 0.5270479321479797, 0.5285934805870056, 0.5170015692710876, 0.510819137096405, 0.5100463628768921, 0.5092735886573792], "all_token_val_accuracy": [0.484544038772583, 0.5170015692710876, 0.5394126772880554, 0.5370942950248718, 0.5270479321479797, 0.5285934805870056, 0.5170015692710876, 0.510819137096405, 0.5100463628768921, 0.5092735886573792]}}