{"scitail_b_train_1_16": {"num_of_epochs": 50, "learning_rate": 0.0001, "training_ds_fpath": "_train_1_16", "first_token_val_accuracy": [0.0, 0.0, 0.0069551775231957436, 0.4196290671825409, 0.46754249930381775, 0.48299846053123474, 0.5401854515075684, 0.5564142465591431, 0.5625966191291809, 0.5687789916992188, 0.5703245997428894, 0.5757341384887695, 0.5479134321212769, 0.5641421675682068, 0.5486862659454346, 0.557187020778656, 0.5602782368659973, 0.5664606094360352, 0.5633693933486938, 0.5595054030418396, 0.5656877756118774, 0.5649150013923645, 0.5672333836555481, 0.5703245997428894, 0.5602782368659973, 0.5548686385154724, 0.5641421675682068, 0.5710973739624023, 0.5649150013923645, 0.5525502562522888, 0.5641421675682068, 0.5734157562255859, 0.5857805013656616, 0.5842349529266357, 0.5811437368392944, 0.5842349529266357, 0.5795981287956238, 0.5803709626197815, 0.5757341384887695, 0.5850077271461487, 0.5865533351898193, 0.5842349529266357, 0.5765069723129272, 0.5710973739624023, 0.5710973739624023, 0.5718701481819153, 0.5656877756118774, 0.572642982006073, 0.5803709626197815, 0.5795981287956238], "all_token_val_accuracy": [0.0, 0.0, 0.0069551775231957436, 0.41885626316070557, 0.46522411704063416, 0.4822256565093994, 0.5401854515075684, 0.5564142465591431, 0.5625966191291809, 0.5687789916992188, 0.5703245997428894, 0.5757341384887695, 0.5479134321212769, 0.5641421675682068, 0.5486862659454346, 0.557187020778656, 0.5602782368659973, 0.5664606094360352, 0.5633693933486938, 0.5595054030418396, 0.5656877756118774, 0.5649150013923645, 0.5672333836555481, 0.5703245997428894, 0.5602782368659973, 0.5548686385154724, 0.5641421675682068, 0.5710973739624023, 0.5649150013923645, 0.5525502562522888, 0.5641421675682068, 0.5734157562255859, 0.5857805013656616, 0.5842349529266357, 0.5811437368392944, 0.5842349529266357, 0.5795981287956238, 0.5803709626197815, 0.5757341384887695, 0.5850077271461487, 0.5865533351898193, 0.5842349529266357, 0.5765069723129272, 0.5710973739624023, 0.5710973739624023, 0.5718701481819153, 0.5656877756118774, 0.572642982006073, 0.5803709626197815, 0.5795981287956238]}}