{"scitail_b_train_2_32": {"num_of_epochs": 20, "learning_rate": 0.0001, "training_ds_fpath": "_train_2_32", "first_token_val_accuracy": [0.0, 0.2588871717453003, 0.47295209765434265, 0.526275098323822, 0.5734157562255859, 0.5587326288223267, 0.5842349529266357, 0.5803709626197815, 0.6012364625930786, 0.6136012077331543, 0.6012364625930786, 0.5873261094093323, 0.6020092964172363, 0.6020092964172363, 0.6275116205215454, 0.6282843947410583, 0.6159196496009827, 0.6120556592941284, 0.6159196496009827, 0.6120556592941284], "all_token_val_accuracy": [0.0, 0.25811436772346497, 0.4721792936325073, 0.526275098323822, 0.5734157562255859, 0.5587326288223267, 0.5842349529266357, 0.5803709626197815, 0.6012364625930786, 0.6136012077331543, 0.6012364625930786, 0.5873261094093323, 0.6020092964172363, 0.6020092964172363, 0.6275116205215454, 0.6282843947410583, 0.6159196496009827, 0.6120556592941284, 0.6159196496009827, 0.6120556592941284]}}