{"scitail_b_train_1_16": {"num_of_epochs": 50, "learning_rate": 0.0005, "training_ds_fpath": "_train_1_16", "first_token_val_accuracy": [0.5, 0.5548686385154724, 0.557959794998169, 0.5695517659187317, 0.5625966191291809, 0.5819165110588074, 0.557187020778656, 0.557959794998169, 0.5873261094093323, 0.5819165110588074, 0.5656877756118774, 0.5749613642692566, 0.5734157562255859, 0.5811437368392944, 0.5780525207519531, 0.5780525207519531, 0.5888717174530029, 0.5819165110588074, 0.5795981287956238, 0.5795981287956238, 0.5842349529266357, 0.5888717174530029, 0.5780525207519531, 0.5757341384887695, 0.5695517659187317, 0.568006157875061, 0.5749613642692566, 0.5734157562255859, 0.5710973739624023, 0.5772797465324402, 0.5772797465324402, 0.5780525207519531, 0.5780525207519531, 0.5788253545761108, 0.5788253545761108, 0.5772797465324402, 0.5765069723129272, 0.5765069723129272, 0.5780525207519531, 0.5772797465324402, 0.5788253545761108, 0.5795981287956238, 0.5780525207519531, 0.5780525207519531, 0.5788253545761108, 0.5780525207519531, 0.5795981287956238, 0.5795981287956238, 0.5795981287956238, 0.5873261094093323], "all_token_val_accuracy": [0.5, 0.5548686385154724, 0.557959794998169, 0.5695517659187317, 0.5625966191291809, 0.5819165110588074, 0.557187020778656, 0.557959794998169, 0.5873261094093323, 0.5819165110588074, 0.5656877756118774, 0.5749613642692566, 0.5734157562255859, 0.5811437368392944, 0.5780525207519531, 0.5780525207519531, 0.5888717174530029, 0.5819165110588074, 0.5795981287956238, 0.5795981287956238, 0.5842349529266357, 0.5888717174530029, 0.5780525207519531, 0.5757341384887695, 0.5695517659187317, 0.568006157875061, 0.5749613642692566, 0.5734157562255859, 0.5710973739624023, 0.5772797465324402, 0.5772797465324402, 0.5780525207519531, 0.5780525207519531, 0.5788253545761108, 0.5788253545761108, 0.5772797465324402, 0.5765069723129272, 0.5765069723129272, 0.5780525207519531, 0.5772797465324402, 0.5788253545761108, 0.5795981287956238, 0.5780525207519531, 0.5780525207519531, 0.5788253545761108, 0.5780525207519531, 0.5795981287956238, 0.5795981287956238, 0.5795981287956238, 0.5873261094093323]}}