{"scitail_b_train_1_16": {"num_of_epochs": 10, "learning_rate": 0.001, "training_ds_fpath": "_train_1_16", "first_token_val_accuracy": [0.4891808331012726, 0.49613600969314575, 0.5270479321479797, 0.5185471177101135, 0.5664606094360352, 0.5425038933753967, 0.5479134321212769, 0.5494590401649475, 0.5448222756385803, 0.5471406579017639], "all_token_val_accuracy": [0.4891808331012726, 0.49613600969314575, 0.5270479321479797, 0.5185471177101135, 0.5664606094360352, 0.5425038933753967, 0.5479134321212769, 0.5494590401649475, 0.5448222756385803, 0.5471406579017639]}}