{"scitail_b_train_7_8": {"num_of_epochs": 40, "learning_rate": 0.0001, "training_ds_fpath": "_train_7_8", "first_token_val_accuracy": [0.0, 0.0, 0.0, 0.0, 0.0, 0.008500772528350353, 0.16537867486476898, 0.38794437050819397, 0.4636785089969635, 0.47758886218070984, 0.4791344702243805, 0.4799072742462158, 0.4822256565093994, 0.4899536371231079, 0.5023183822631836, 0.5247295498847961, 0.530911922454834, 0.541731059551239, 0.5510046482086182, 0.5664606094360352, 0.5625966191291809, 0.5602782368659973, 0.5710973739624023, 0.5788253545761108, 0.5896444916725159, 0.58809894323349, 0.5911900997161865, 0.5950540900230408, 0.5981453061103821, 0.6004636883735657, 0.5965996980667114, 0.5919629335403442, 0.5842349529266357, 0.5772797465324402, 0.5703245997428894, 0.5695517659187317, 0.5718701481819153, 0.5772797465324402, 0.5811437368392944, 0.5788253545761108], "all_token_val_accuracy": [0.0, 0.0, 0.0, 0.0, 0.0, 0.008500772528350353, 0.16383308172225952, 0.3863987624645233, 0.46213293075561523, 0.47758886218070984, 0.4791344702243805, 0.4799072742462158, 0.4822256565093994, 0.4899536371231079, 0.5023183822631836, 0.5247295498847961, 0.530911922454834, 0.541731059551239, 0.5510046482086182, 0.5664606094360352, 0.5625966191291809, 0.5602782368659973, 0.5710973739624023, 0.5788253545761108, 0.5896444916725159, 0.58809894323349, 0.5911900997161865, 0.5950540900230408, 0.5981453061103821, 0.6004636883735657, 0.5965996980667114, 0.5919629335403442, 0.5842349529266357, 0.5772797465324402, 0.5703245997428894, 0.5695517659187317, 0.5718701481819153, 0.5772797465324402, 0.5811437368392944, 0.5788253545761108]}}