{"scitail_b_train_1_16": {"num_of_epochs": 40, "learning_rate": 0.0005, "training_ds_fpath": "_train_1_16", "first_token_val_accuracy": [0.4799072742462158, 0.5054095983505249, 0.5332303047180176, 0.5115919709205627, 0.5687789916992188, 0.5803709626197815, 0.5347759127616882, 0.5656877756118774, 0.5757341384887695, 0.5664606094360352, 0.5695517659187317, 0.5765069723129272, 0.6027820706367493, 0.5958268642425537, 0.5765069723129272, 0.5710973739624023, 0.5625966191291809, 0.5625966191291809, 0.5595054030418396, 0.5633693933486938, 0.572642982006073, 0.5819165110588074, 0.5873261094093323, 0.5703245997428894, 0.5687789916992188, 0.5649150013923645, 0.5718701481819153, 0.5741885900497437, 0.572642982006073, 0.5919629335403442, 0.6004636883735657, 0.5965996980667114, 0.5911900997161865, 0.6027820706367493, 0.6004636883735657, 0.6027820706367493, 0.599690854549408, 0.6012364625930786, 0.6012364625930786, 0.598918080329895], "all_token_val_accuracy": [0.4799072742462158, 0.5054095983505249, 0.5332303047180176, 0.5115919709205627, 0.5687789916992188, 0.5803709626197815, 0.5347759127616882, 0.5656877756118774, 0.5757341384887695, 0.5664606094360352, 0.5695517659187317, 0.5765069723129272, 0.6027820706367493, 0.5958268642425537, 0.5765069723129272, 0.5710973739624023, 0.5625966191291809, 0.5625966191291809, 0.5595054030418396, 0.5633693933486938, 0.572642982006073, 0.5819165110588074, 0.5873261094093323, 0.5703245997428894, 0.5687789916992188, 0.5649150013923645, 0.5718701481819153, 0.5741885900497437, 0.572642982006073, 0.5919629335403442, 0.6004636883735657, 0.5965996980667114, 0.5911900997161865, 0.6027820706367493, 0.6004636883735657, 0.6027820706367493, 0.599690854549408, 0.6012364625930786, 0.6012364625930786, 0.598918080329895]}}