{"scitail_b_train_5_16": {"num_of_epochs": 10, "learning_rate": 0.0001, "training_ds_fpath": "_train_5_16", "first_token_val_accuracy": [0.0, 0.0, 0.04945904016494751, 0.4737248718738556, 0.48531684279441833, 0.49072644114494324, 0.5023183822631836, 0.5146831274032593, 0.5463678240776062, 0.5293663144111633], "all_token_val_accuracy": [0.0, 0.0, 0.04868624359369278, 0.4721792936325073, 0.48377126455307007, 0.49072644114494324, 0.5023183822631836, 0.5146831274032593, 0.5463678240776062, 0.5293663144111633]}}