{"scitail_b_train_3_32": {"num_of_epochs": 40, "learning_rate": 0.001, "training_ds_fpath": "_train_3_32", "first_token_val_accuracy": [0.5054095983505249, 0.5525502562522888, 0.5749613642692566, 0.5795981287956238, 0.6074188351631165, 0.5873261094093323, 0.6004636883735657, 0.5904173254966736, 0.5803709626197815, 0.5973724722862244, 0.6035548448562622, 0.6097372770309448, 0.6120556592941284, 0.6081916689872742, 0.6159196496009827, 0.6182380318641663, 0.614374041557312, 0.6174651980400085, 0.6174651980400085, 0.6182380318641663, 0.6197836399078369, 0.6197836399078369, 0.6182380318641663, 0.6174651980400085, 0.6197836399078369, 0.6120556592941284, 0.6136012077331543, 0.615146815776825, 0.615146815776825, 0.6136012077331543, 0.614374041557312, 0.615146815776825, 0.6120556592941284, 0.614374041557312, 0.614374041557312, 0.6166924238204956, 0.6182380318641663, 0.6097372770309448, 0.6043276786804199, 0.6182380318641663], "all_token_val_accuracy": [0.5054095983505249, 0.5525502562522888, 0.5749613642692566, 0.5795981287956238, 0.6074188351631165, 0.5873261094093323, 0.6004636883735657, 0.5904173254966736, 0.5803709626197815, 0.5973724722862244, 0.6035548448562622, 0.6097372770309448, 0.6120556592941284, 0.6081916689872742, 0.6159196496009827, 0.6182380318641663, 0.614374041557312, 0.6174651980400085, 0.6174651980400085, 0.6182380318641663, 0.6197836399078369, 0.6197836399078369, 0.6182380318641663, 0.6174651980400085, 0.6197836399078369, 0.6120556592941284, 0.6136012077331543, 0.615146815776825, 0.615146815776825, 0.6136012077331543, 0.614374041557312, 0.615146815776825, 0.6120556592941284, 0.614374041557312, 0.614374041557312, 0.6166924238204956, 0.6182380318641663, 0.6097372770309448, 0.6043276786804199, 0.6182380318641663]}}