{"scitail_b_train_5_32": {"num_of_epochs": 40, "learning_rate": 0.0005, "training_ds_fpath": "_train_5_32", "first_token_val_accuracy": [0.5378670692443848, 0.5540958046913147, 0.5819165110588074, 0.6213291883468628, 0.6383307576179504, 0.6421947479248047, 0.6421947479248047, 0.6074188351631165, 0.6360123753547668, 0.6190108060836792, 0.6259660124778748, 0.6329211592674255, 0.6336939930915833, 0.6275116205215454, 0.6336939930915833, 0.6290571689605713, 0.6282843947410583, 0.6275116205215454, 0.629830002784729, 0.6306027770042419, 0.6321483850479126, 0.6313755512237549, 0.6282843947410583, 0.6313755512237549, 0.6313755512237549, 0.6360123753547668, 0.6329211592674255, 0.6344667673110962, 0.6329211592674255, 0.6344667673110962, 0.6352395415306091, 0.6329211592674255, 0.6313755512237549, 0.6321483850479126, 0.6313755512237549, 0.6329211592674255, 0.6344667673110962, 0.6336939930915833, 0.6352395415306091, 0.6336939930915833], "all_token_val_accuracy": [0.5378670692443848, 0.5540958046913147, 0.5819165110588074, 0.6213291883468628, 0.6383307576179504, 0.6421947479248047, 0.6421947479248047, 0.6074188351631165, 0.6360123753547668, 0.6190108060836792, 0.6259660124778748, 0.6329211592674255, 0.6336939930915833, 0.6275116205215454, 0.6336939930915833, 0.6290571689605713, 0.6282843947410583, 0.6275116205215454, 0.629830002784729, 0.6306027770042419, 0.6321483850479126, 0.6313755512237549, 0.6282843947410583, 0.6313755512237549, 0.6313755512237549, 0.6360123753547668, 0.6329211592674255, 0.6344667673110962, 0.6329211592674255, 0.6344667673110962, 0.6352395415306091, 0.6329211592674255, 0.6313755512237549, 0.6321483850479126, 0.6313755512237549, 0.6329211592674255, 0.6344667673110962, 0.6336939930915833, 0.6352395415306091, 0.6336939930915833]}}