{"scitail_b_train_0_4": {"num_of_epochs": 5, "learning_rate": 0.001, "training_ds_fpath": "_train_0_4", "first_token_val_accuracy": [0.0015455950051546097, 0.5139103531837463, 0.5, 0.5270479321479797, 0.5409582853317261], "all_token_val_accuracy": [0.0015455950051546097, 0.5139103531837463, 0.5, 0.5270479321479797, 0.5409582853317261]}}