{"scitail_b_train_2_4": {"num_of_epochs": 20, "learning_rate": 0.0001, "training_ds_fpath": "_train_2_4", "first_token_val_accuracy": [0.0, 0.0, 0.0, 0.0, 0.0, 0.0, 0.0, 0.0, 0.0, 0.0, 0.0, 0.0030911900103092194, 0.012364760041236877, 0.061823803931474686, 0.1553322970867157, 0.25270479917526245, 0.3292117416858673, 0.39026275277137756, 0.41808345913887024, 0.4350849986076355], "all_token_val_accuracy": [0.0, 0.0, 0.0, 0.0, 0.0, 0.0, 0.0, 0.0, 0.0, 0.0, 0.0, 0.0030911900103092194, 0.012364760041236877, 0.06105100363492966, 0.15378670394420624, 0.2511591911315918, 0.32766616344451904, 0.3887171447277069, 0.41808345913887024, 0.4350849986076355]}}