{"scitail_b_train_7_4": {"num_of_epochs": 20, "learning_rate": 0.0005, "training_ds_fpath": "_train_7_4", "first_token_val_accuracy": [0.0, 0.0, 0.34544050693511963, 0.455950528383255, 0.4629057049751282, 0.4683153033256531, 0.45981451869010925, 0.46522411704063416, 0.4659969210624695, 0.46986088156700134, 0.4744976758956909, 0.4683153033256531, 0.46754249930381775, 0.45981451869010925, 0.46445131301879883, 0.4667696952819824, 0.47063368558883667, 0.46986088156700134, 0.47063368558883667, 0.4737248718738556], "all_token_val_accuracy": [0.0, 0.0, 0.34544050693511963, 0.455950528383255, 0.4629057049751282, 0.4683153033256531, 0.45981451869010925, 0.46522411704063416, 0.4659969210624695, 0.46986088156700134, 0.4744976758956909, 0.4683153033256531, 0.46754249930381775, 0.45981451869010925, 0.46445131301879883, 0.4667696952819824, 0.47063368558883667, 0.46986088156700134, 0.47063368558883667, 0.4737248718738556]}}