{"scitail_b_train_1_4": {"num_of_epochs": 10, "learning_rate": 0.0005, "training_ds_fpath": "_train_1_4", "first_token_val_accuracy": [0.0, 0.0023183925077319145, 0.4196290671825409, 0.47063368558883667, 0.5200927257537842, 0.5224111080169678, 0.5131375789642334, 0.5162287354469299, 0.5409582853317261, 0.5540958046913147], "all_token_val_accuracy": [0.0, 0.0023183925077319145, 0.4196290671825409, 0.47063368558883667, 0.5200927257537842, 0.5224111080169678, 0.5131375789642334, 0.5162287354469299, 0.5409582853317261, 0.5540958046913147]}}