{"scitail_b_train_0_4": {"num_of_epochs": 40, "learning_rate": 0.0005, "training_ds_fpath": "_train_0_4", "first_token_val_accuracy": [0.0, 0.0, 0.19319938123226166, 0.5030912160873413, 0.5162287354469299, 0.5386399030685425, 0.5486862659454346, 0.5448222756385803, 0.5471406579017639, 0.5479134321212769, 0.5479134321212769, 0.5455950498580933, 0.5440494418144226, 0.5448222756385803, 0.5486862659454346, 0.5510046482086182, 0.5486862659454346, 0.5471406579017639, 0.5432766675949097, 0.5432766675949097, 0.5448222756385803, 0.5471406579017639, 0.5494590401649475, 0.5525502562522888, 0.5517774224281311, 0.5533230304718018, 0.5502318143844604, 0.5533230304718018, 0.5533230304718018, 0.5540958046913147, 0.5540958046913147, 0.5540958046913147, 0.5517774224281311, 0.5525502562522888, 0.5479134321212769, 0.5494590401649475, 0.5479134321212769, 0.5471406579017639, 0.5463678240776062, 0.5471406579017639], "all_token_val_accuracy": [0.0, 0.0, 0.19319938123226166, 0.5030912160873413, 0.5162287354469299, 0.5386399030685425, 0.5486862659454346, 0.5448222756385803, 0.5471406579017639, 0.5479134321212769, 0.5479134321212769, 0.5455950498580933, 0.5440494418144226, 0.5448222756385803, 0.5486862659454346, 0.5510046482086182, 0.5486862659454346, 0.5471406579017639, 0.5432766675949097, 0.5432766675949097, 0.5448222756385803, 0.5471406579017639, 0.5494590401649475, 0.5525502562522888, 0.5517774224281311, 0.5533230304718018, 0.5502318143844604, 0.5533230304718018, 0.5533230304718018, 0.5540958046913147, 0.5540958046913147, 0.5540958046913147, 0.5517774224281311, 0.5525502562522888, 0.5479134321212769, 0.5494590401649475, 0.5479134321212769, 0.5471406579017639, 0.5463678240776062, 0.5471406579017639]}}