{"scitail_b_train_5_16": {"num_of_epochs": 30, "learning_rate": 0.0001, "training_ds_fpath": "_train_5_16", "first_token_val_accuracy": [0.0, 0.0, 0.005409582518041134, 0.4404945969581604, 0.484544038772583, 0.48068004846572876, 0.4945904314517975, 0.5131375789642334, 0.5378670692443848, 0.5401854515075684, 0.5479134321212769, 0.5533230304718018, 0.5602782368659973, 0.5765069723129272, 0.5795981287956238, 0.5757341384887695, 0.5904173254966736, 0.5973724722862244, 0.6089644432067871, 0.6035548448562622, 0.5857805013656616, 0.5811437368392944, 0.6020092964172363, 0.598918080329895, 0.6051004528999329, 0.6120556592941284, 0.6105100512504578, 0.6066460609436035, 0.6136012077331543, 0.6081916689872742], "all_token_val_accuracy": [0.0, 0.0, 0.005409582518041134, 0.43894898891448975, 0.48299846053123474, 0.48068004846572876, 0.4945904314517975, 0.5131375789642334, 0.5378670692443848, 0.5401854515075684, 0.5479134321212769, 0.5533230304718018, 0.5602782368659973, 0.5765069723129272, 0.5795981287956238, 0.5757341384887695, 0.5904173254966736, 0.5973724722862244, 0.6089644432067871, 0.6035548448562622, 0.5857805013656616, 0.5811437368392944, 0.6020092964172363, 0.598918080329895, 0.6051004528999329, 0.6120556592941284, 0.6105100512504578, 0.6066460609436035, 0.6136012077331543, 0.6081916689872742]}}