{"scitail_b_train_2_32": {"num_of_epochs": 10, "learning_rate": 0.0001, "training_ds_fpath": "_train_2_32", "first_token_val_accuracy": [0.0, 0.48377126455307007, 0.5131375789642334, 0.5517774224281311, 0.5641421675682068, 0.58809894323349, 0.6035548448562622, 0.5981453061103821, 0.598918080329895, 0.6105100512504578], "all_token_val_accuracy": [0.0, 0.4822256565093994, 0.5131375789642334, 0.5517774224281311, 0.5641421675682068, 0.58809894323349, 0.6035548448562622, 0.5981453061103821, 0.598918080329895, 0.6105100512504578]}}