{"scitail_b_train_9_16": {"num_of_epochs": 30, "learning_rate": 0.0005, "training_ds_fpath": "_train_9_16", "first_token_val_accuracy": [0.471406489610672, 0.5432766675949097, 0.5432766675949097, 0.5123647451400757, 0.5533230304718018, 0.5425038933753967, 0.5533230304718018, 0.5510046482086182, 0.5386399030685425, 0.5556414127349854, 0.5510046482086182, 0.5540958046913147, 0.5517774224281311, 0.5525502562522888, 0.5540958046913147, 0.5533230304718018, 0.5517774224281311, 0.5533230304718018, 0.5517774224281311, 0.5540958046913147, 0.5533230304718018, 0.5540958046913147, 0.557187020778656, 0.557187020778656, 0.5610510110855103, 0.5556414127349854, 0.5548686385154724, 0.5556414127349854, 0.5556414127349854, 0.5564142465591431], "all_token_val_accuracy": [0.471406489610672, 0.5432766675949097, 0.5432766675949097, 0.5123647451400757, 0.5533230304718018, 0.5425038933753967, 0.5533230304718018, 0.5510046482086182, 0.5386399030685425, 0.5556414127349854, 0.5510046482086182, 0.5540958046913147, 0.5517774224281311, 0.5525502562522888, 0.5540958046913147, 0.5533230304718018, 0.5517774224281311, 0.5533230304718018, 0.5517774224281311, 0.5540958046913147, 0.5533230304718018, 0.5540958046913147, 0.557187020778656, 0.557187020778656, 0.5610510110855103, 0.5556414127349854, 0.5548686385154724, 0.5556414127349854, 0.5556414127349854, 0.5564142465591431]}}