{"scitail_b_train_2_8": {"num_of_epochs": 5, "learning_rate": 0.0005, "training_ds_fpath": "_train_2_8", "first_token_val_accuracy": [0.011591962538659573, 0.4683153033256531, 0.515455961227417, 0.5046367645263672, 0.48377126455307007], "all_token_val_accuracy": [0.011591962538659573, 0.43894898891448975, 0.515455961227417, 0.5046367645263672, 0.48377126455307007]}}