{"scitail_b_train_5_4": {"num_of_epochs": 20, "learning_rate": 0.001, "training_ds_fpath": "_train_5_4", "first_token_val_accuracy": [0.03245749697089195, 0.5007727742195129, 0.5231839418411255, 0.4822256565093994, 0.48068004846572876, 0.5270479321479797, 0.5502318143844604, 0.5355486869812012, 0.5131375789642334, 0.5061823725700378, 0.5061823725700378, 0.5054095983505249, 0.5123647451400757, 0.5239567160606384, 0.5270479321479797, 0.5355486869812012, 0.5502318143844604, 0.5772797465324402, 0.5819165110588074, 0.5649150013923645], "all_token_val_accuracy": [0.03245749697089195, 0.5007727742195129, 0.5231839418411255, 0.4822256565093994, 0.48068004846572876, 0.5270479321479797, 0.5502318143844604, 0.5355486869812012, 0.5131375789642334, 0.5061823725700378, 0.5061823725700378, 0.5054095983505249, 0.5123647451400757, 0.5239567160606384, 0.5270479321479797, 0.5355486869812012, 0.5502318143844604, 0.5772797465324402, 0.5819165110588074, 0.5649150013923645]}}