{"scitail_b_train_6_32": {"num_of_epochs": 30, "learning_rate": 0.0005, "training_ds_fpath": "_train_6_32", "first_token_val_accuracy": [0.5077279806137085, 0.5741885900497437, 0.5687789916992188, 0.6205564141273499, 0.6537867188453674, 0.583462119102478, 0.6831530332565308, 0.6313755512237549, 0.671561062335968, 0.6391035318374634, 0.6491498947143555, 0.6476043462753296, 0.6136012077331543, 0.6591963171958923, 0.6731066703796387, 0.656877875328064, 0.6885625720024109, 0.6731066703796387, 0.6754250526428223, 0.6777434349060059, 0.6491498947143555, 0.6792890429496765, 0.6931993961334229, 0.6939721703529358, 0.6120556592941284, 0.5819165110588074, 0.6731066703796387, 0.6862441897392273, 0.6854714155197144, 0.687789797782898], "all_token_val_accuracy": [0.5077279806137085, 0.5741885900497437, 0.5687789916992188, 0.6205564141273499, 0.6537867188453674, 0.583462119102478, 0.6831530332565308, 0.6313755512237549, 0.671561062335968, 0.6391035318374634, 0.6491498947143555, 0.6476043462753296, 0.6136012077331543, 0.6591963171958923, 0.6731066703796387, 0.656877875328064, 0.6885625720024109, 0.6731066703796387, 0.6754250526428223, 0.6777434349060059, 0.6491498947143555, 0.6792890429496765, 0.6931993961334229, 0.6939721703529358, 0.6120556592941284, 0.5819165110588074, 0.6731066703796387, 0.6862441897392273, 0.6854714155197144, 0.687789797782898]}}