{"scitail_b_train_2_16": {"num_of_epochs": 20, "learning_rate": 0.001, "training_ds_fpath": "_train_2_16", "first_token_val_accuracy": [0.4945904314517975, 0.6004636883735657, 0.5625966191291809, 0.6221020221710205, 0.6174651980400085, 0.6112828254699707, 0.6128284335136414, 0.6105100512504578, 0.5850077271461487, 0.6136012077331543, 0.6213291883468628, 0.6174651980400085, 0.6205564141273499, 0.6182380318641663, 0.6182380318641663, 0.6182380318641663, 0.6228747963905334, 0.6205564141273499, 0.6166924238204956, 0.6166924238204956], "all_token_val_accuracy": [0.4945904314517975, 0.6004636883735657, 0.5625966191291809, 0.6221020221710205, 0.6174651980400085, 0.6112828254699707, 0.6128284335136414, 0.6105100512504578, 0.5850077271461487, 0.6136012077331543, 0.6213291883468628, 0.6174651980400085, 0.6205564141273499, 0.6182380318641663, 0.6182380318641663, 0.6182380318641663, 0.6228747963905334, 0.6205564141273499, 0.6166924238204956, 0.6166924238204956]}}