{"scitail_b_train_8_4": {"num_of_epochs": 20, "learning_rate": 0.001, "training_ds_fpath": "_train_8_4", "first_token_val_accuracy": [0.0, 0.4629057049751282, 0.5200927257537842, 0.5085007548332214, 0.5185471177101135, 0.5162287354469299, 0.49304482340812683, 0.484544038772583, 0.49072644114494324, 0.4914992153644562, 0.4891808331012726, 0.4914992153644562, 0.49304482340812683, 0.4992271959781647, 0.5030912160873413, 0.5061823725700378, 0.5092735886573792, 0.5100463628768921, 0.5123647451400757, 0.5115919709205627], "all_token_val_accuracy": [0.0, 0.4629057049751282, 0.5200927257537842, 0.5085007548332214, 0.5185471177101135, 0.5162287354469299, 0.49304482340812683, 0.484544038772583, 0.49072644114494324, 0.4914992153644562, 0.4891808331012726, 0.4914992153644562, 0.49304482340812683, 0.4992271959781647, 0.5030912160873413, 0.5061823725700378, 0.5092735886573792, 0.5100463628768921, 0.5123647451400757, 0.5115919709205627]}}