{"scitail_b_train_8_32": {"num_of_epochs": 10, "learning_rate": 0.001, "training_ds_fpath": "_train_8_32", "first_token_val_accuracy": [0.5177743434906006, 0.5795981287956238, 0.5602782368659973, 0.6514683365821838, 0.6738794445991516, 0.6352395415306091, 0.629830002784729, 0.6244204044342041, 0.615146815776825, 0.6043276786804199], "all_token_val_accuracy": [0.5177743434906006, 0.5795981287956238, 0.5602782368659973, 0.6514683365821838, 0.6738794445991516, 0.6352395415306091, 0.629830002784729, 0.6244204044342041, 0.615146815776825, 0.6043276786804199]}}