{"scitail_b_train_7_32": {"num_of_epochs": 40, "learning_rate": 0.001, "training_ds_fpath": "_train_7_32", "first_token_val_accuracy": [0.5, 0.4953632056713104, 0.5046367645263672, 0.5401854515075684, 0.5146831274032593, 0.5363214612007141, 0.5386399030685425, 0.5162287354469299, 0.5146831274032593, 0.5123647451400757, 0.5139103531837463, 0.5162287354469299, 0.5139103531837463, 0.5177743434906006, 0.5185471177101135, 0.5386399030685425, 0.5340030789375305, 0.5332303047180176, 0.4814528524875641, 0.5363214612007141, 0.5370942950248718, 0.5231839418411255, 0.515455961227417, 0.5162287354469299, 0.5092735886573792, 0.5085007548332214, 0.5030912160873413, 0.49845439195632935, 0.49845439195632935, 0.5023183822631836, 0.5007727742195129, 0.5100463628768921, 0.5085007548332214, 0.5069552063941956, 0.5085007548332214, 0.5100463628768921, 0.5092735886573792, 0.5139103531837463, 0.5139103531837463, 0.5131375789642334], "all_token_val_accuracy": [0.5, 0.4953632056713104, 0.5046367645263672, 0.5401854515075684, 0.5146831274032593, 0.5363214612007141, 0.5386399030685425, 0.5162287354469299, 0.5146831274032593, 0.5123647451400757, 0.5139103531837463, 0.5162287354469299, 0.5139103531837463, 0.5177743434906006, 0.5185471177101135, 0.5386399030685425, 0.5340030789375305, 0.5332303047180176, 0.4814528524875641, 0.5363214612007141, 0.5370942950248718, 0.5231839418411255, 0.515455961227417, 0.5162287354469299, 0.5092735886573792, 0.5085007548332214, 0.5030912160873413, 0.49845439195632935, 0.49845439195632935, 0.5023183822631836, 0.5007727742195129, 0.5100463628768921, 0.5085007548332214, 0.5069552063941956, 0.5085007548332214, 0.5100463628768921, 0.5092735886573792, 0.5139103531837463, 0.5139103531837463, 0.5131375789642334]}}