{"scitail_b_train_5_4": {"num_of_epochs": 40, "learning_rate": 0.0005, "training_ds_fpath": "_train_5_4", "first_token_val_accuracy": [0.0, 0.0, 0.23493044078350067, 0.48608964681625366, 0.49304482340812683, 0.4914992153644562, 0.5061823725700378, 0.5363214612007141, 0.5208655595779419, 0.5177743434906006, 0.5285934805870056, 0.5394126772880554, 0.5378670692443848, 0.5502318143844604, 0.5517774224281311, 0.5556414127349854, 0.5494590401649475, 0.5510046482086182, 0.5556414127349854, 0.5564142465591431, 0.5486862659454346, 0.5486862659454346, 0.5479134321212769, 0.557959794998169, 0.557959794998169, 0.5502318143844604, 0.5463678240776062, 0.5471406579017639, 0.5463678240776062, 0.5455950498580933, 0.5455950498580933, 0.5463678240776062, 0.5471406579017639, 0.5471406579017639, 0.5471406579017639, 0.5455950498580933, 0.5409582853317261, 0.5370942950248718, 0.5193199515342712, 0.5085007548332214], "all_token_val_accuracy": [0.0, 0.0, 0.23493044078350067, 0.48608964681625366, 0.49304482340812683, 0.4914992153644562, 0.5061823725700378, 0.5363214612007141, 0.5208655595779419, 0.5177743434906006, 0.5285934805870056, 0.5394126772880554, 0.5378670692443848, 0.5502318143844604, 0.5517774224281311, 0.5556414127349854, 0.5494590401649475, 0.5510046482086182, 0.5556414127349854, 0.5564142465591431, 0.5486862659454346, 0.5486862659454346, 0.5479134321212769, 0.557959794998169, 0.557959794998169, 0.5502318143844604, 0.5463678240776062, 0.5471406579017639, 0.5463678240776062, 0.5455950498580933, 0.5455950498580933, 0.5463678240776062, 0.5471406579017639, 0.5471406579017639, 0.5471406579017639, 0.5455950498580933, 0.5409582853317261, 0.5370942950248718, 0.5193199515342712, 0.5085007548332214]}}