{"scitail_b_train_4_32": {"num_of_epochs": 30, "learning_rate": 0.001, "training_ds_fpath": "_train_4_32", "first_token_val_accuracy": [0.46445131301879883, 0.5115919709205627, 0.5170015692710876, 0.5332303047180176, 0.5479134321212769, 0.5347759127616882, 0.5533230304718018, 0.5355486869812012, 0.530911922454834, 0.5131375789642334, 0.530911922454834, 0.5046367645263672, 0.4976816177368164, 0.5100463628768921, 0.5177743434906006, 0.5061823725700378, 0.4976816177368164, 0.49072644114494324, 0.4899536371231079, 0.49072644114494324, 0.4922720193862915, 0.4914992153644562, 0.4914992153644562, 0.49304482340812683, 0.48763522505760193, 0.4899536371231079, 0.5533230304718018, 0.471406489610672, 0.5270479321479797, 0.47836166620254517], "all_token_val_accuracy": [0.46445131301879883, 0.5115919709205627, 0.5170015692710876, 0.5332303047180176, 0.5479134321212769, 0.5347759127616882, 0.5533230304718018, 0.5355486869812012, 0.530911922454834, 0.5131375789642334, 0.530911922454834, 0.5046367645263672, 0.4976816177368164, 0.5100463628768921, 0.5177743434906006, 0.5061823725700378, 0.4976816177368164, 0.49072644114494324, 0.4899536371231079, 0.49072644114494324, 0.4922720193862915, 0.4914992153644562, 0.4914992153644562, 0.49304482340812683, 0.48763522505760193, 0.4899536371231079, 0.5533230304718018, 0.471406489610672, 0.5270479321479797, 0.47836166620254517]}}