{"scitail_b_train_5_32": {"num_of_epochs": 20, "learning_rate": 1e-05, "training_ds_fpath": "_train_5_32", "first_token_val_accuracy": [0.0, 0.0, 0.0, 0.0, 0.0, 0.0, 0.0, 0.0, 0.0, 0.0, 0.0, 0.0, 0.0, 0.0, 0.0, 0.004636785015463829, 0.027047913521528244, 0.09659969061613083, 0.20015455782413483, 0.3083462119102478], "all_token_val_accuracy": [0.0, 0.0, 0.0, 0.0, 0.0, 0.0, 0.0, 0.0, 0.0, 0.0, 0.0, 0.0, 0.0, 0.0, 0.0, 0.004636785015463829, 0.026275115087628365, 0.0958268940448761, 0.1993817687034607, 0.3075734078884125]}}