{"scitail_b_train_0_8": {"num_of_epochs": 50, "learning_rate": 0.0001, "training_ds_fpath": "_train_0_8", "first_token_val_accuracy": [0.0, 0.0, 0.0, 0.0, 0.0, 0.017001545056700706, 0.1375579535961151, 0.32766616344451904, 0.44435858726501465, 0.4814528524875641, 0.5092735886573792, 0.5247295498847961, 0.5340030789375305, 0.5255023241043091, 0.526275098323822, 0.5278207063674927, 0.5316846966743469, 0.5316846966743469, 0.5332303047180176, 0.5347759127616882, 0.5386399030685425, 0.5432766675949097, 0.5378670692443848, 0.5440494418144226, 0.5409582853317261, 0.5386399030685425, 0.5378670692443848, 0.5301390886306763, 0.5324574708938599, 0.530911922454834, 0.530911922454834, 0.5270479321479797, 0.5270479321479797, 0.5324574708938599, 0.5332303047180176, 0.526275098323822, 0.5247295498847961, 0.526275098323822, 0.5285934805870056, 0.5332303047180176, 0.5340030789375305, 0.5316846966743469, 0.5278207063674927, 0.5278207063674927, 0.5293663144111633, 0.5278207063674927, 0.526275098323822, 0.5278207063674927, 0.5255023241043091, 0.5255023241043091], "all_token_val_accuracy": [0.0, 0.0, 0.0, 0.0, 0.0, 0.017001545056700706, 0.1375579535961151, 0.32766616344451904, 0.44435858726501465, 0.4814528524875641, 0.5092735886573792, 0.5247295498847961, 0.5340030789375305, 0.5255023241043091, 0.526275098323822, 0.5278207063674927, 0.5316846966743469, 0.5316846966743469, 0.5332303047180176, 0.5347759127616882, 0.5386399030685425, 0.5432766675949097, 0.5378670692443848, 0.5440494418144226, 0.5409582853317261, 0.5386399030685425, 0.5378670692443848, 0.5301390886306763, 0.5324574708938599, 0.530911922454834, 0.530911922454834, 0.5270479321479797, 0.5270479321479797, 0.5324574708938599, 0.5332303047180176, 0.526275098323822, 0.5247295498847961, 0.526275098323822, 0.5285934805870056, 0.5332303047180176, 0.5340030789375305, 0.5316846966743469, 0.5278207063674927, 0.5278207063674927, 0.5293663144111633, 0.5278207063674927, 0.526275098323822, 0.5278207063674927, 0.5255023241043091, 0.5255023241043091]}}