{"scitail_b_train_8_16": {"num_of_epochs": 50, "learning_rate": 0.001, "training_ds_fpath": "_train_8_16", "first_token_val_accuracy": [0.5007727742195129, 0.5347759127616882, 0.5332303047180176, 0.5239567160606384, 0.5046367645263672, 0.5139103531837463, 0.5061823725700378, 0.49613600969314575, 0.5432766675949097, 0.5432766675949097, 0.5316846966743469, 0.5471406579017639, 0.5162287354469299, 0.515455961227417, 0.5324574708938599, 0.5162287354469299, 0.5486862659454346, 0.5455950498580933, 0.5448222756385803, 0.5494590401649475, 0.5448222756385803, 0.5455950498580933, 0.5440494418144226, 0.5409582853317261, 0.541731059551239, 0.5401854515075684, 0.5401854515075684, 0.5409582853317261, 0.541731059551239, 0.5440494418144226, 0.5440494418144226, 0.5432766675949097, 0.5425038933753967, 0.5440494418144226, 0.5425038933753967, 0.541731059551239, 0.541731059551239, 0.5486862659454346, 0.5517774224281311, 0.5510046482086182, 0.5525502562522888, 0.5533230304718018, 0.5471406579017639, 0.5486862659454346, 0.5486862659454346, 0.5486862659454346, 0.5471406579017639, 0.5471406579017639, 0.5486862659454346, 0.5463678240776062], "all_token_val_accuracy": [0.5007727742195129, 0.5347759127616882, 0.5332303047180176, 0.5239567160606384, 0.5046367645263672, 0.5139103531837463, 0.5061823725700378, 0.49613600969314575, 0.5432766675949097, 0.5432766675949097, 0.5316846966743469, 0.5471406579017639, 0.5162287354469299, 0.515455961227417, 0.5324574708938599, 0.5162287354469299, 0.5486862659454346, 0.5455950498580933, 0.5448222756385803, 0.5494590401649475, 0.5448222756385803, 0.5455950498580933, 0.5440494418144226, 0.5409582853317261, 0.541731059551239, 0.5401854515075684, 0.5401854515075684, 0.5409582853317261, 0.541731059551239, 0.5440494418144226, 0.5440494418144226, 0.5432766675949097, 0.5425038933753967, 0.5440494418144226, 0.5425038933753967, 0.541731059551239, 0.541731059551239, 0.5486862659454346, 0.5517774224281311, 0.5510046482086182, 0.5525502562522888, 0.5533230304718018, 0.5471406579017639, 0.5486862659454346, 0.5486862659454346, 0.5486862659454346, 0.5471406579017639, 0.5471406579017639, 0.5486862659454346, 0.5463678240776062]}}