{"scitail_b_train_0_32": {"num_of_epochs": 10, "learning_rate": 0.001, "training_ds_fpath": "_train_0_32", "first_token_val_accuracy": [0.5023183822631836, 0.5239567160606384, 0.6352395415306091, 0.6027820706367493, 0.6414219737052917, 0.6530138850212097, 0.645285964012146, 0.6491498947143555, 0.6514683365821838, 0.6499227285385132], "all_token_val_accuracy": [0.5023183822631836, 0.5239567160606384, 0.6352395415306091, 0.6027820706367493, 0.6414219737052917, 0.6530138850212097, 0.645285964012146, 0.6491498947143555, 0.6514683365821838, 0.6499227285385132]}}