{"scitail_b_train_8_32": {"num_of_epochs": 50, "learning_rate": 0.0001, "training_ds_fpath": "_train_8_32", "first_token_val_accuracy": [0.0, 0.42581143975257874, 0.4799072742462158, 0.5401854515075684, 0.5587326288223267, 0.5710973739624023, 0.5927357077598572, 0.5927357077598572, 0.5958268642425537, 0.6089644432067871, 0.6043276786804199, 0.6213291883468628, 0.6282843947410583, 0.6414219737052917, 0.6375579833984375, 0.6383307576179504, 0.6421947479248047, 0.6499227285385132, 0.6545594930648804, 0.6499227285385132, 0.6506955027580261, 0.6537867188453674, 0.6514683365821838, 0.6576507091522217, 0.6584234833717346, 0.6483771204948425, 0.656105101108551, 0.6537867188453674, 0.6622874736785889, 0.6599690914154053, 0.6622874736785889, 0.6684698462486267, 0.6421947479248047, 0.6646058559417725, 0.672333836555481, 0.6707882285118103, 0.666924238204956, 0.6700154542922974, 0.6777434349060059, 0.6738794445991516, 0.6746522188186646, 0.6653786897659302, 0.6584234833717346, 0.6576507091522217, 0.656877875328064, 0.672333836555481, 0.6785162091255188, 0.6638330817222595, 0.6638330817222595, 0.6630603075027466], "all_token_val_accuracy": [0.0, 0.42581143975257874, 0.4799072742462158, 0.5401854515075684, 0.5587326288223267, 0.5710973739624023, 0.5927357077598572, 0.5927357077598572, 0.5958268642425537, 0.6089644432067871, 0.6043276786804199, 0.6213291883468628, 0.6282843947410583, 0.6414219737052917, 0.6375579833984375, 0.6383307576179504, 0.6421947479248047, 0.6499227285385132, 0.6545594930648804, 0.6499227285385132, 0.6506955027580261, 0.6537867188453674, 0.6514683365821838, 0.6576507091522217, 0.6584234833717346, 0.6483771204948425, 0.656105101108551, 0.6537867188453674, 0.6622874736785889, 0.6599690914154053, 0.6622874736785889, 0.6684698462486267, 0.6421947479248047, 0.6646058559417725, 0.672333836555481, 0.6707882285118103, 0.666924238204956, 0.6700154542922974, 0.6777434349060059, 0.6738794445991516, 0.6746522188186646, 0.6653786897659302, 0.6584234833717346, 0.6576507091522217, 0.656877875328064, 0.672333836555481, 0.6785162091255188, 0.6638330817222595, 0.6638330817222595, 0.6630603075027466]}}