{"scitail_b_train_5_32": {"num_of_epochs": 30, "learning_rate": 1e-05, "training_ds_fpath": "_train_5_32", "first_token_val_accuracy": [0.0, 0.0, 0.0, 0.0, 0.0, 0.0, 0.0, 0.0, 0.0, 0.0, 0.0, 0.0, 0.0, 0.0, 0.0, 0.005409582518041134, 0.023183925077319145, 0.06568779051303864, 0.15069551765918732, 0.25270479917526245, 0.3601236343383789, 0.41885626316070557, 0.4459041655063629, 0.4536321461200714, 0.45749613642692566, 0.45672333240509033, 0.46213293075561523, 0.46986088156700134, 0.4737248718738556, 0.471406489610672], "all_token_val_accuracy": [0.0, 0.0, 0.0, 0.0, 0.0, 0.0, 0.0, 0.0, 0.0, 0.0, 0.0, 0.0, 0.0, 0.0, 0.0, 0.005409582518041134, 0.023183925077319145, 0.0649149939417839, 0.149922713637352, 0.2519319951534271, 0.35935086011886597, 0.41808345913887024, 0.4451313614845276, 0.4528593420982361, 0.45672333240509033, 0.455950528383255, 0.4613601267337799, 0.4690881073474884, 0.4737248718738556, 0.471406489610672]}}