{"scitail_b_train_5_4": {"num_of_epochs": 10, "learning_rate": 0.001, "training_ds_fpath": "_train_5_4", "first_token_val_accuracy": [0.0, 0.484544038772583, 0.4914992153644562, 0.5401854515075684, 0.5, 0.4914992153644562, 0.5224111080169678, 0.5324574708938599, 0.5340030789375305, 0.5363214612007141], "all_token_val_accuracy": [0.0, 0.429675430059433, 0.4914992153644562, 0.5401854515075684, 0.5, 0.4914992153644562, 0.5224111080169678, 0.5324574708938599, 0.5340030789375305, 0.5363214612007141]}}