{"scitail_b_train_4_16": {"num_of_epochs": 30, "learning_rate": 0.0001, "training_ds_fpath": "_train_4_16", "first_token_val_accuracy": [0.0, 0.0, 0.0363214835524559, 0.4358578026294708, 0.4799072742462158, 0.5077279806137085, 0.5494590401649475, 0.5850077271461487, 0.5904173254966736, 0.5942813158035278, 0.5942813158035278, 0.6089644432067871, 0.6081916689872742, 0.6012364625930786, 0.6190108060836792, 0.6120556592941284, 0.6159196496009827, 0.6166924238204956, 0.6120556592941284, 0.6097372770309448, 0.6236476302146912, 0.6228747963905334, 0.6352395415306091, 0.6105100512504578, 0.5958268642425537, 0.6020092964172363, 0.6058732867240906, 0.6221020221710205, 0.6221020221710205, 0.6282843947410583], "all_token_val_accuracy": [0.0, 0.0, 0.0363214835524559, 0.4358578026294708, 0.4799072742462158, 0.5077279806137085, 0.5494590401649475, 0.5850077271461487, 0.5904173254966736, 0.5942813158035278, 0.5942813158035278, 0.6089644432067871, 0.6081916689872742, 0.6012364625930786, 0.6190108060836792, 0.6120556592941284, 0.6159196496009827, 0.6166924238204956, 0.6120556592941284, 0.6097372770309448, 0.6236476302146912, 0.6228747963905334, 0.6352395415306091, 0.6105100512504578, 0.5958268642425537, 0.6020092964172363, 0.6058732867240906, 0.6221020221710205, 0.6221020221710205, 0.6282843947410583]}}