{"scitail_b_train_3_4": {"num_of_epochs": 50, "learning_rate": 0.0005, "training_ds_fpath": "_train_3_4", "first_token_val_accuracy": [0.0, 0.004636785015463829, 0.4459041655063629, 0.4791344702243805, 0.471406489610672, 0.5030912160873413, 0.5494590401649475, 0.5208655595779419, 0.5216383337974548, 0.5170015692710876, 0.5139103531837463, 0.5146831274032593, 0.49845439195632935, 0.5015456080436707, 0.4976816177368164, 0.49304482340812683, 0.4976816177368164, 0.5, 0.49845439195632935, 0.5030912160873413, 0.5038639903068542, 0.49845439195632935, 0.48840802907943726, 0.4969088137149811, 0.5069552063941956, 0.5046367645263672, 0.5030912160873413, 0.5123647451400757, 0.5146831274032593, 0.5131375789642334, 0.515455961227417, 0.5115919709205627, 0.5146831274032593, 0.5185471177101135, 0.5200927257537842, 0.5216383337974548, 0.5208655595779419, 0.5193199515342712, 0.5208655595779419, 0.5177743434906006, 0.5170015692710876, 0.5170015692710876, 0.5224111080169678, 0.5200927257537842, 0.5170015692710876, 0.5170015692710876, 0.5170015692710876, 0.5177743434906006, 0.5208655595779419, 0.5231839418411255], "all_token_val_accuracy": [0.0, 0.004636785015463829, 0.4459041655063629, 0.4791344702243805, 0.471406489610672, 0.5030912160873413, 0.5494590401649475, 0.5208655595779419, 0.5216383337974548, 0.5170015692710876, 0.5139103531837463, 0.5146831274032593, 0.49845439195632935, 0.5015456080436707, 0.4976816177368164, 0.49304482340812683, 0.4976816177368164, 0.5, 0.49845439195632935, 0.5030912160873413, 0.5038639903068542, 0.49845439195632935, 0.48840802907943726, 0.4969088137149811, 0.5069552063941956, 0.5046367645263672, 0.5030912160873413, 0.5123647451400757, 0.5146831274032593, 0.5131375789642334, 0.515455961227417, 0.5115919709205627, 0.5146831274032593, 0.5185471177101135, 0.5200927257537842, 0.5216383337974548, 0.5208655595779419, 0.5193199515342712, 0.5208655595779419, 0.5177743434906006, 0.5170015692710876, 0.5170015692710876, 0.5224111080169678, 0.5200927257537842, 0.5170015692710876, 0.5170015692710876, 0.5170015692710876, 0.5177743434906006, 0.5208655595779419, 0.5231839418411255]}}