{"scitail_b_train_6_8": {"num_of_epochs": 50, "learning_rate": 0.0005, "training_ds_fpath": "_train_6_8", "first_token_val_accuracy": [0.0, 0.4505409598350525, 0.4822256565093994, 0.4922720193862915, 0.49845439195632935, 0.5131375789642334, 0.5077279806137085, 0.5100463628768921, 0.5061823725700378, 0.5, 0.5, 0.4976816177368164, 0.5007727742195129, 0.5, 0.4976816177368164, 0.4945904314517975, 0.49613600969314575, 0.4953632056713104, 0.4976816177368164, 0.5, 0.5, 0.4992271959781647, 0.5015456080436707, 0.4969088137149811, 0.4976816177368164, 0.4976816177368164, 0.4953632056713104, 0.49613600969314575, 0.49613600969314575, 0.4976816177368164, 0.4969088137149811, 0.49613600969314575, 0.4976816177368164, 0.49845439195632935, 0.49845439195632935, 0.49845439195632935, 0.4992271959781647, 0.49845439195632935, 0.49845439195632935, 0.4976816177368164, 0.49845439195632935, 0.5, 0.5015456080436707, 0.5015456080436707, 0.5023183822631836, 0.5015456080436707, 0.5007727742195129, 0.5015456080436707, 0.5023183822631836, 0.5007727742195129], "all_token_val_accuracy": [0.0, 0.4505409598350525, 0.4822256565093994, 0.4922720193862915, 0.49845439195632935, 0.5131375789642334, 0.5077279806137085, 0.5100463628768921, 0.5061823725700378, 0.5, 0.5, 0.4976816177368164, 0.5007727742195129, 0.5, 0.4976816177368164, 0.4945904314517975, 0.49613600969314575, 0.4953632056713104, 0.4976816177368164, 0.5, 0.5, 0.4992271959781647, 0.5015456080436707, 0.4969088137149811, 0.4976816177368164, 0.4976816177368164, 0.4953632056713104, 0.49613600969314575, 0.49613600969314575, 0.4976816177368164, 0.4969088137149811, 0.49613600969314575, 0.4976816177368164, 0.49845439195632935, 0.49845439195632935, 0.49845439195632935, 0.4992271959781647, 0.49845439195632935, 0.49845439195632935, 0.4976816177368164, 0.49845439195632935, 0.5, 0.5015456080436707, 0.5015456080436707, 0.5023183822631836, 0.5015456080436707, 0.5007727742195129, 0.5015456080436707, 0.5023183822631836, 0.5007727742195129]}}