{"scitail_b_train_0_8": {"num_of_epochs": 20, "learning_rate": 0.0001, "training_ds_fpath": "_train_0_8", "first_token_val_accuracy": [0.0, 0.0, 0.0, 0.0, 0.0007727975025773048, 0.022411128506064415, 0.16228747367858887, 0.3670788109302521, 0.45749613642692566, 0.48299846053123474, 0.5015456080436707, 0.5231839418411255, 0.530911922454834, 0.5347759127616882, 0.5324574708938599, 0.5293663144111633, 0.5293663144111633, 0.5316846966743469, 0.5278207063674927, 0.5285934805870056], "all_token_val_accuracy": [0.0, 0.0, 0.0, 0.0, 0.0007727975025773048, 0.022411128506064415, 0.16228747367858887, 0.3670788109302521, 0.45672333240509033, 0.4814528524875641, 0.5015456080436707, 0.5231839418411255, 0.530911922454834, 0.5347759127616882, 0.5324574708938599, 0.5293663144111633, 0.5293663144111633, 0.5316846966743469, 0.5278207063674927, 0.5285934805870056]}}