{"scitail_b_train_6_32": {"num_of_epochs": 20, "learning_rate": 0.0001, "training_ds_fpath": "_train_6_32", "first_token_val_accuracy": [0.0, 0.4721792936325073, 0.49072644114494324, 0.5672333836555481, 0.5672333836555481, 0.599690854549408, 0.5904173254966736, 0.6166924238204956, 0.6267387866973877, 0.629830002784729, 0.6460587382316589, 0.645285964012146, 0.6506955027580261, 0.6468315124511719, 0.6460587382316589, 0.6491498947143555, 0.6514683365821838, 0.6429675221443176, 0.6414219737052917, 0.6460587382316589], "all_token_val_accuracy": [0.0, 0.4721792936325073, 0.49072644114494324, 0.5672333836555481, 0.5672333836555481, 0.599690854549408, 0.5904173254966736, 0.6166924238204956, 0.6267387866973877, 0.629830002784729, 0.6460587382316589, 0.645285964012146, 0.6506955027580261, 0.6468315124511719, 0.6460587382316589, 0.6491498947143555, 0.6514683365821838, 0.6429675221443176, 0.6414219737052917, 0.6460587382316589]}}