{"scitail_b_train_8_8": {"num_of_epochs": 30, "learning_rate": 0.001, "training_ds_fpath": "_train_8_8", "first_token_val_accuracy": [0.48608964681625366, 0.5054095983505249, 0.5123647451400757, 0.5370942950248718, 0.5502318143844604, 0.5432766675949097, 0.5316846966743469, 0.5548686385154724, 0.5625966191291809, 0.5610510110855103, 0.5602782368659973, 0.5602782368659973, 0.5595054030418396, 0.5633693933486938, 0.5610510110855103, 0.5618237853050232, 0.5649150013923645, 0.5633693933486938, 0.5625966191291809, 0.5633693933486938, 0.5649150013923645, 0.5633693933486938, 0.5649150013923645, 0.5625966191291809, 0.5618237853050232, 0.5641421675682068, 0.5618237853050232, 0.5595054030418396, 0.5587326288223267, 0.5587326288223267], "all_token_val_accuracy": [0.48299846053123474, 0.5054095983505249, 0.5123647451400757, 0.5370942950248718, 0.5502318143844604, 0.5432766675949097, 0.5316846966743469, 0.5548686385154724, 0.5625966191291809, 0.5610510110855103, 0.5602782368659973, 0.5602782368659973, 0.5595054030418396, 0.5633693933486938, 0.5610510110855103, 0.5618237853050232, 0.5649150013923645, 0.5633693933486938, 0.5625966191291809, 0.5633693933486938, 0.5649150013923645, 0.5633693933486938, 0.5649150013923645, 0.5625966191291809, 0.5618237853050232, 0.5641421675682068, 0.5618237853050232, 0.5595054030418396, 0.5587326288223267, 0.5587326288223267]}}