{"scitail_b_train_9_32": {"num_of_epochs": 40, "learning_rate": 0.001, "training_ds_fpath": "_train_9_32", "first_token_val_accuracy": [0.5355486869812012, 0.6004636883735657, 0.6020092964172363, 0.6344667673110962, 0.6684698462486267, 0.6576507091522217, 0.6638330817222595, 0.6615146994590759, 0.6676970720291138, 0.6638330817222595, 0.672333836555481, 0.6707882285118103, 0.666924238204956, 0.666924238204956, 0.6761978268623352, 0.672333836555481, 0.6676970720291138, 0.6676970720291138, 0.6707882285118103, 0.6684698462486267, 0.6653786897659302, 0.6653786897659302, 0.6684698462486267, 0.666924238204956, 0.6661514639854431, 0.6676970720291138, 0.6676970720291138, 0.6684698462486267, 0.6700154542922974, 0.6700154542922974, 0.6700154542922974, 0.6676970720291138, 0.6684698462486267, 0.6692426800727844, 0.6692426800727844, 0.671561062335968, 0.6707882285118103, 0.6707882285118103, 0.6700154542922974, 0.672333836555481], "all_token_val_accuracy": [0.5355486869812012, 0.6004636883735657, 0.6020092964172363, 0.6344667673110962, 0.6684698462486267, 0.6576507091522217, 0.6638330817222595, 0.6615146994590759, 0.6676970720291138, 0.6638330817222595, 0.672333836555481, 0.6707882285118103, 0.666924238204956, 0.666924238204956, 0.6761978268623352, 0.672333836555481, 0.6676970720291138, 0.6676970720291138, 0.6707882285118103, 0.6684698462486267, 0.6653786897659302, 0.6653786897659302, 0.6684698462486267, 0.666924238204956, 0.6661514639854431, 0.6676970720291138, 0.6676970720291138, 0.6684698462486267, 0.6700154542922974, 0.6700154542922974, 0.6700154542922974, 0.6676970720291138, 0.6684698462486267, 0.6692426800727844, 0.6692426800727844, 0.671561062335968, 0.6707882285118103, 0.6707882285118103, 0.6700154542922974, 0.672333836555481]}}