{"scitail_b_train_1_8": {"num_of_epochs": 50, "learning_rate": 0.001, "training_ds_fpath": "_train_1_8", "first_token_val_accuracy": [0.44435858726501465, 0.5363214612007141, 0.5270479321479797, 0.557187020778656, 0.515455961227417, 0.5455950498580933, 0.5757341384887695, 0.5780525207519531, 0.5803709626197815, 0.5649150013923645, 0.5533230304718018, 0.5479134321212769, 0.5510046482086182, 0.5687789916992188, 0.5664606094360352, 0.5687789916992188, 0.5687789916992188, 0.5703245997428894, 0.5672333836555481, 0.568006157875061, 0.5687789916992188, 0.568006157875061, 0.5687789916992188, 0.568006157875061, 0.568006157875061, 0.5641421675682068, 0.5625966191291809, 0.557959794998169, 0.5564142465591431, 0.5564142465591431, 0.557959794998169, 0.557959794998169, 0.5595054030418396, 0.5602782368659973, 0.5610510110855103, 0.5595054030418396, 0.5595054030418396, 0.5610510110855103, 0.5602782368659973, 0.5602782368659973, 0.5602782368659973, 0.5602782368659973, 0.5595054030418396, 0.5602782368659973, 0.5602782368659973, 0.5610510110855103, 0.5602782368659973, 0.5602782368659973, 0.5602782368659973, 0.5595054030418396], "all_token_val_accuracy": [0.44435858726501465, 0.5363214612007141, 0.5270479321479797, 0.557187020778656, 0.515455961227417, 0.5455950498580933, 0.5757341384887695, 0.5780525207519531, 0.5803709626197815, 0.5649150013923645, 0.5533230304718018, 0.5479134321212769, 0.5510046482086182, 0.5687789916992188, 0.5664606094360352, 0.5687789916992188, 0.5687789916992188, 0.5703245997428894, 0.5672333836555481, 0.568006157875061, 0.5687789916992188, 0.568006157875061, 0.5687789916992188, 0.568006157875061, 0.568006157875061, 0.5641421675682068, 0.5625966191291809, 0.557959794998169, 0.5564142465591431, 0.5564142465591431, 0.557959794998169, 0.557959794998169, 0.5595054030418396, 0.5602782368659973, 0.5610510110855103, 0.5595054030418396, 0.5595054030418396, 0.5610510110855103, 0.5602782368659973, 0.5602782368659973, 0.5602782368659973, 0.5602782368659973, 0.5595054030418396, 0.5602782368659973, 0.5602782368659973, 0.5610510110855103, 0.5602782368659973, 0.5602782368659973, 0.5602782368659973, 0.5595054030418396]}}