{"scitail_b_train_9_4": {"num_of_epochs": 50, "learning_rate": 0.001, "training_ds_fpath": "_train_9_4", "first_token_val_accuracy": [0.0, 0.38717156648635864, 0.4397217929363251, 0.45981451869010925, 0.4605873227119446, 0.458268940448761, 0.42812982201576233, 0.41344666481018066, 0.41344666481018066, 0.4149922728538513, 0.4149922728538513, 0.4126738905906677, 0.41035547852516174, 0.4088099002838135, 0.4072642922401428, 0.41035547852516174, 0.41112828254699707, 0.4088099002838135, 0.41035547852516174, 0.41344666481018066, 0.4149922728538513, 0.41576507687568665, 0.414219468832016, 0.414219468832016, 0.414219468832016, 0.4126738905906677, 0.416537880897522, 0.41576507687568665, 0.416537880897522, 0.4173106551170349, 0.41885626316070557, 0.41885626316070557, 0.41808345913887024, 0.41808345913887024, 0.4173106551170349, 0.416537880897522, 0.416537880897522, 0.416537880897522, 0.41808345913887024, 0.4219474494457245, 0.42040184140205383, 0.42040184140205383, 0.42040184140205383, 0.42040184140205383, 0.42040184140205383, 0.4219474494457245, 0.4219474494457245, 0.4227202534675598, 0.4242658317089081, 0.4242658317089081], "all_token_val_accuracy": [0.0, 0.38717156648635864, 0.4397217929363251, 0.45981451869010925, 0.4605873227119446, 0.458268940448761, 0.42812982201576233, 0.41344666481018066, 0.41344666481018066, 0.4149922728538513, 0.4149922728538513, 0.4126738905906677, 0.41035547852516174, 0.4088099002838135, 0.4072642922401428, 0.41035547852516174, 0.41112828254699707, 0.4088099002838135, 0.41035547852516174, 0.41344666481018066, 0.4149922728538513, 0.41576507687568665, 0.414219468832016, 0.414219468832016, 0.414219468832016, 0.4126738905906677, 0.416537880897522, 0.41576507687568665, 0.416537880897522, 0.4173106551170349, 0.41885626316070557, 0.41885626316070557, 0.41808345913887024, 0.41808345913887024, 0.4173106551170349, 0.416537880897522, 0.416537880897522, 0.416537880897522, 0.41808345913887024, 0.4219474494457245, 0.42040184140205383, 0.42040184140205383, 0.42040184140205383, 0.42040184140205383, 0.42040184140205383, 0.4219474494457245, 0.4219474494457245, 0.4227202534675598, 0.4242658317089081, 0.4242658317089081]}}