{"scitail_b_train_6_8": {"num_of_epochs": 40, "learning_rate": 0.001, "training_ds_fpath": "_train_6_8", "first_token_val_accuracy": [0.4605873227119446, 0.5, 0.5115919709205627, 0.5023183822631836, 0.5030912160873413, 0.4914992153644562, 0.4969088137149811, 0.5038639903068542, 0.5061823725700378, 0.5077279806137085, 0.5069552063941956, 0.5123647451400757, 0.5193199515342712, 0.5200927257537842, 0.5170015692710876, 0.5177743434906006, 0.515455961227417, 0.5131375789642334, 0.5085007548332214, 0.5092735886573792, 0.5069552063941956, 0.5077279806137085, 0.510819137096405, 0.5100463628768921, 0.5092735886573792, 0.5085007548332214, 0.5092735886573792, 0.4922720193862915, 0.49613600969314575, 0.5007727742195129, 0.4953632056713104, 0.48840802907943726, 0.47836166620254517, 0.5077279806137085, 0.4799072742462158, 0.4636785089969635, 0.4992271959781647, 0.5061823725700378, 0.49845439195632935, 0.4976816177368164], "all_token_val_accuracy": [0.4605873227119446, 0.5, 0.5115919709205627, 0.5023183822631836, 0.5030912160873413, 0.4914992153644562, 0.4969088137149811, 0.5038639903068542, 0.5061823725700378, 0.5077279806137085, 0.5069552063941956, 0.5123647451400757, 0.5193199515342712, 0.5200927257537842, 0.5170015692710876, 0.5177743434906006, 0.515455961227417, 0.5131375789642334, 0.5085007548332214, 0.5092735886573792, 0.5069552063941956, 0.5077279806137085, 0.510819137096405, 0.5100463628768921, 0.5092735886573792, 0.5085007548332214, 0.5092735886573792, 0.4922720193862915, 0.49613600969314575, 0.5007727742195129, 0.4953632056713104, 0.48840802907943726, 0.47836166620254517, 0.5077279806137085, 0.4799072742462158, 0.4636785089969635, 0.4992271959781647, 0.5061823725700378, 0.49845439195632935, 0.4976816177368164]}}