{"scitail_b_train_4_4": {"num_of_epochs": 30, "learning_rate": 0.0005, "training_ds_fpath": "_train_4_4", "first_token_val_accuracy": [0.0, 0.0, 0.10123647749423981, 0.48763522505760193, 0.48840802907943726, 0.5061823725700378, 0.5293663144111633, 0.5340030789375305, 0.5340030789375305, 0.5370942950248718, 0.5409582853317261, 0.5378670692443848, 0.5139103531837463, 0.49845439195632935, 0.4899536371231079, 0.4899536371231079, 0.49613600969314575, 0.49613600969314575, 0.5054095983505249, 0.5092735886573792, 0.5100463628768921, 0.5100463628768921, 0.5069552063941956, 0.5092735886573792, 0.5046367645263672, 0.5046367645263672, 0.5077279806137085, 0.510819137096405, 0.5123647451400757, 0.5123647451400757], "all_token_val_accuracy": [0.0, 0.0, 0.10123647749423981, 0.48763522505760193, 0.48840802907943726, 0.5061823725700378, 0.5293663144111633, 0.5340030789375305, 0.5340030789375305, 0.5370942950248718, 0.5409582853317261, 0.5378670692443848, 0.5139103531837463, 0.49845439195632935, 0.4899536371231079, 0.4899536371231079, 0.49613600969314575, 0.49613600969314575, 0.5054095983505249, 0.5092735886573792, 0.5100463628768921, 0.5100463628768921, 0.5069552063941956, 0.5092735886573792, 0.5046367645263672, 0.5046367645263672, 0.5077279806137085, 0.510819137096405, 0.5123647451400757, 0.5123647451400757]}}