{"scitail_b_train_2_32": {"num_of_epochs": 50, "learning_rate": 0.0005, "training_ds_fpath": "_train_2_32", "first_token_val_accuracy": [0.5200927257537842, 0.5247295498847961, 0.5958268642425537, 0.5803709626197815, 0.5610510110855103, 0.6051004528999329, 0.5942813158035278, 0.6081916689872742, 0.6081916689872742, 0.5904173254966736, 0.6051004528999329, 0.6043276786804199, 0.6058732867240906, 0.6012364625930786, 0.6074188351631165, 0.5625966191291809, 0.5819165110588074, 0.5780525207519531, 0.5587326288223267, 0.572642982006073, 0.5958268642425537, 0.6004636883735657, 0.6012364625930786, 0.6012364625930786, 0.598918080329895, 0.599690854549408, 0.6074188351631165, 0.6043276786804199, 0.6035548448562622, 0.6058732867240906, 0.6051004528999329, 0.6074188351631165, 0.6058732867240906, 0.6058732867240906, 0.6058732867240906, 0.6066460609436035, 0.6081916689872742, 0.6066460609436035, 0.6120556592941284, 0.6136012077331543, 0.6159196496009827, 0.6166924238204956, 0.6128284335136414, 0.6097372770309448, 0.6159196496009827, 0.6089644432067871, 0.6089644432067871, 0.6105100512504578, 0.6128284335136414, 0.6112828254699707], "all_token_val_accuracy": [0.5200927257537842, 0.5247295498847961, 0.5958268642425537, 0.5803709626197815, 0.5610510110855103, 0.6051004528999329, 0.5942813158035278, 0.6081916689872742, 0.6081916689872742, 0.5904173254966736, 0.6051004528999329, 0.6043276786804199, 0.6058732867240906, 0.6012364625930786, 0.6074188351631165, 0.5625966191291809, 0.5819165110588074, 0.5780525207519531, 0.5587326288223267, 0.572642982006073, 0.5958268642425537, 0.6004636883735657, 0.6012364625930786, 0.6012364625930786, 0.598918080329895, 0.599690854549408, 0.6074188351631165, 0.6043276786804199, 0.6035548448562622, 0.6058732867240906, 0.6051004528999329, 0.6074188351631165, 0.6058732867240906, 0.6058732867240906, 0.6058732867240906, 0.6066460609436035, 0.6081916689872742, 0.6066460609436035, 0.6120556592941284, 0.6136012077331543, 0.6159196496009827, 0.6166924238204956, 0.6128284335136414, 0.6097372770309448, 0.6159196496009827, 0.6089644432067871, 0.6089644432067871, 0.6105100512504578, 0.6128284335136414, 0.6112828254699707]}}