{"scitail_b_train_3_32": {"num_of_epochs": 50, "learning_rate": 1e-05, "training_ds_fpath": "_train_3_32", "first_token_val_accuracy": [0.0, 0.0, 0.0, 0.0, 0.0, 0.0, 0.0, 0.0, 0.0, 0.0, 0.0, 0.0, 0.0, 0.0007727975025773048, 0.010046367533504963, 0.05255023017525673, 0.12828439474105835, 0.22179289162158966, 0.3160741925239563, 0.3956723213195801, 0.4327666163444519, 0.44744977355003357, 0.45672333240509033, 0.4629057049751282, 0.4667696952819824, 0.46213293075561523, 0.4667696952819824, 0.46754249930381775, 0.47295209765434265, 0.47758886218070984, 0.47836166620254517, 0.4799072742462158, 0.48840802907943726, 0.48608964681625366, 0.4899536371231079, 0.49381762742996216, 0.4922720193862915, 0.49304482340812683, 0.49304482340812683, 0.49613600969314575, 0.49613600969314575, 0.4992271959781647, 0.5054095983505249, 0.5069552063941956, 0.4992271959781647, 0.5007727742195129, 0.5054095983505249, 0.5054095983505249, 0.5030912160873413, 0.5061823725700378], "all_token_val_accuracy": [0.0, 0.0, 0.0, 0.0, 0.0, 0.0, 0.0, 0.0, 0.0, 0.0, 0.0, 0.0, 0.0, 0.0007727975025773048, 0.010046367533504963, 0.051777433604002, 0.12751159071922302, 0.22102008759975433, 0.31530138850212097, 0.39489954710006714, 0.4319938123226166, 0.44667696952819824, 0.455950528383255, 0.46213293075561523, 0.4659969210624695, 0.4613601267337799, 0.4659969210624695, 0.4667696952819824, 0.47295209765434265, 0.47758886218070984, 0.47836166620254517, 0.4799072742462158, 0.48840802907943726, 0.48608964681625366, 0.4899536371231079, 0.49381762742996216, 0.4922720193862915, 0.49304482340812683, 0.49304482340812683, 0.49613600969314575, 0.49613600969314575, 0.4992271959781647, 0.5054095983505249, 0.5069552063941956, 0.4992271959781647, 0.5007727742195129, 0.5054095983505249, 0.5054095983505249, 0.5030912160873413, 0.5061823725700378]}}