{"scitail_b_train_4_8": {"num_of_epochs": 30, "learning_rate": 0.001, "training_ds_fpath": "_train_4_8", "first_token_val_accuracy": [0.47758886218070984, 0.5015456080436707, 0.5200927257537842, 0.49072644114494324, 0.484544038772583, 0.4822256565093994, 0.486862450838089, 0.48840802907943726, 0.49845439195632935, 0.4822256565093994, 0.49072644114494324, 0.5069552063941956, 0.5054095983505249, 0.5023183822631836, 0.49845439195632935, 0.4945904314517975, 0.49381762742996216, 0.4945904314517975, 0.4953632056713104, 0.4922720193862915, 0.5023183822631836, 0.49381762742996216, 0.4922720193862915, 0.49304482340812683, 0.4922720193862915, 0.49845439195632935, 0.4953632056713104, 0.49381762742996216, 0.4945904314517975, 0.49845439195632935], "all_token_val_accuracy": [0.47758886218070984, 0.5015456080436707, 0.5200927257537842, 0.49072644114494324, 0.484544038772583, 0.4822256565093994, 0.486862450838089, 0.48840802907943726, 0.49845439195632935, 0.4822256565093994, 0.49072644114494324, 0.5069552063941956, 0.5054095983505249, 0.5023183822631836, 0.49845439195632935, 0.4945904314517975, 0.49381762742996216, 0.4945904314517975, 0.4953632056713104, 0.4922720193862915, 0.5023183822631836, 0.49381762742996216, 0.4922720193862915, 0.49304482340812683, 0.4922720193862915, 0.49845439195632935, 0.4953632056713104, 0.49381762742996216, 0.4945904314517975, 0.49845439195632935]}}