{"scitail_b_train_2_4": {"num_of_epochs": 30, "learning_rate": 0.001, "training_ds_fpath": "_train_2_4", "first_token_val_accuracy": [0.0, 0.3477588891983032, 0.46213293075561523, 0.4768160879611969, 0.48068004846572876, 0.4976816177368164, 0.49072644114494324, 0.47836166620254517, 0.4690881073474884, 0.46986088156700134, 0.4721792936325073, 0.4760432839393616, 0.4744976758956909, 0.47527047991752625, 0.4760432839393616, 0.4768160879611969, 0.47758886218070984, 0.48299846053123474, 0.48299846053123474, 0.48377126455307007, 0.4799072742462158, 0.48068004846572876, 0.48299846053123474, 0.48377126455307007, 0.484544038772583, 0.48608964681625366, 0.48299846053123474, 0.4814528524875641, 0.484544038772583, 0.48299846053123474], "all_token_val_accuracy": [0.0, 0.3446677029132843, 0.46213293075561523, 0.4768160879611969, 0.48068004846572876, 0.4976816177368164, 0.49072644114494324, 0.47836166620254517, 0.4690881073474884, 0.46986088156700134, 0.4721792936325073, 0.4760432839393616, 0.4744976758956909, 0.47527047991752625, 0.4760432839393616, 0.4768160879611969, 0.47758886218070984, 0.48299846053123474, 0.48299846053123474, 0.48377126455307007, 0.4799072742462158, 0.48068004846572876, 0.48299846053123474, 0.48377126455307007, 0.484544038772583, 0.48608964681625366, 0.48299846053123474, 0.4814528524875641, 0.484544038772583, 0.48299846053123474]}}