{"scitail_b_train_4_16": {"num_of_epochs": 50, "learning_rate": 1e-05, "training_ds_fpath": "_train_4_16", "first_token_val_accuracy": [0.0, 0.0, 0.0, 0.0, 0.0, 0.0, 0.0, 0.0, 0.0, 0.0, 0.0, 0.0, 0.0, 0.0, 0.0, 0.0, 0.0, 0.0, 0.0, 0.0, 0.0, 0.0, 0.0, 0.0, 0.0, 0.0, 0.0, 0.0, 0.0, 0.0, 0.0023183925077319145, 0.009273570030927658, 0.013910355046391487, 0.023956723511219025, 0.04482225701212883, 0.08114373683929443, 0.12364760786294937, 0.15765069425106049, 0.20865532755851746, 0.25734156370162964, 0.3075734078884125, 0.35085007548332214, 0.39026275277137756, 0.414219468832016, 0.43122100830078125, 0.4459041655063629, 0.4513137638568878, 0.4528593420982361, 0.45672333240509033, 0.4605873227119446], "all_token_val_accuracy": [0.0, 0.0, 0.0, 0.0, 0.0, 0.0, 0.0, 0.0, 0.0, 0.0, 0.0, 0.0, 0.0, 0.0, 0.0, 0.0, 0.0, 0.0, 0.0, 0.0, 0.0, 0.0, 0.0, 0.0, 0.0, 0.0, 0.0, 0.0, 0.0, 0.0, 0.0023183925077319145, 0.009273570030927658, 0.013910355046391487, 0.023956723511219025, 0.0440494604408741, 0.0803709402680397, 0.12287480384111404, 0.15687790513038635, 0.20788253843784332, 0.2565687894821167, 0.30680060386657715, 0.3500772714614868, 0.38948994874954224, 0.41344666481018066, 0.4304482340812683, 0.4451313614845276, 0.4505409598350525, 0.45208656787872314, 0.455950528383255, 0.45981451869010925]}}