{"airline_train_2_8": {"num_of_epochs": 20, "learning_rate": 0.0005, "training_ds_fpath": "_train_2_8", "first_token_val_accuracy": [0.687158465385437, 0.5890710353851318, 0.5822404623031616, 0.6547814011573792, 0.6706284284591675, 0.6377049088478088, 0.6512295007705688, 0.66557377576828, 0.6632513403892517, 0.5868852734565735, 0.6763660907745361, 0.652732253074646, 0.5397540926933289, 0.6159836053848267, 0.6508196592330933, 0.6605191230773926, 0.6883879899978638, 0.6998633742332458, 0.7017759680747986, 0.7002732157707214], "all_token_val_accuracy": [0.687158465385437, 0.5890710353851318, 0.5822404623031616, 0.6547814011573792, 0.6706284284591675, 0.6377049088478088, 0.6512295007705688, 0.66557377576828, 0.6632513403892517, 0.5868852734565735, 0.6763660907745361, 0.652732253074646, 0.5397540926933289, 0.6159836053848267, 0.6508196592330933, 0.6605191230773926, 0.6883879899978638, 0.6998633742332458, 0.7017759680747986, 0.7002732157707214]}}