{"airline_train_6_4": {"num_of_epochs": 20, "learning_rate": 0.0005, "training_ds_fpath": "_train_6_4", "first_token_val_accuracy": [0.0, 0.3547814190387726, 0.6510928869247437, 0.5939890742301941, 0.2856557369232178, 0.43265026807785034, 0.5057377219200134, 0.4797814190387726, 0.5784152746200562, 0.6222677826881409, 0.6549180150032043, 0.6795082092285156, 0.6747267842292786, 0.6724043488502502, 0.6592895984649658, 0.6282786726951599, 0.5915300250053406, 0.6096994280815125, 0.6228141784667969, 0.6431694030761719], "all_token_val_accuracy": [0.0, 0.3547814190387726, 0.6510928869247437, 0.5939890742301941, 0.2856557369232178, 0.43265026807785034, 0.5057377219200134, 0.4797814190387726, 0.5784152746200562, 0.6222677826881409, 0.6549180150032043, 0.6795082092285156, 0.6747267842292786, 0.6724043488502502, 0.6592895984649658, 0.6282786726951599, 0.5915300250053406, 0.6096994280815125, 0.6228141784667969, 0.6431694030761719]}}