{"airline_train_6_32": {"num_of_epochs": 10, "learning_rate": 1e-05, "training_ds_fpath": "_train_6_32", "first_token_val_accuracy": [0.0, 0.0, 0.0, 0.0, 0.0, 0.0, 0.0, 0.00027322405367158353, 0.0023224044125527143, 0.01939890719950199], "all_token_val_accuracy": [0.0, 0.0, 0.0, 0.0, 0.0, 0.0, 0.0, 0.00027322405367158353, 0.0023224044125527143, 0.01939890719950199]}}