{"airline_train_5_32": {"num_of_epochs": 50, "learning_rate": 1e-05, "training_ds_fpath": "_train_5_32", "first_token_val_accuracy": [0.0, 0.0, 0.0, 0.0, 0.0, 0.0, 0.0, 0.0013661201810464263, 0.015027322806417942, 0.18483605980873108, 0.5644809007644653, 0.6834699511528015, 0.6882513761520386, 0.6905737519264221, 0.6943988800048828, 0.6980874538421631, 0.7056010961532593, 0.7132513523101807, 0.7137978076934814, 0.7099726796150208, 0.6989070773124695, 0.6702185869216919, 0.6602458953857422, 0.65204918384552, 0.6515027284622192, 0.6348360776901245, 0.605327844619751, 0.6278688311576843, 0.602732241153717, 0.6379781365394592, 0.6424863338470459, 0.6612021923065186, 0.6519125699996948, 0.6602458953857422, 0.661475419998169, 0.5995901823043823, 0.6001366376876831, 0.647267758846283, 0.6562841534614563, 0.6710382699966431, 0.6651639342308044, 0.6445355415344238, 0.6438524723052979, 0.679781436920166, 0.6963114738464355, 0.658743143081665, 0.6709016561508179, 0.6673497557640076, 0.6700819730758667, 0.6904371380805969], "all_token_val_accuracy": [0.0, 0.0, 0.0, 0.0, 0.0, 0.0, 0.0, 0.0013661201810464263, 0.015027322806417942, 0.18483605980873108, 0.5644809007644653, 0.6834699511528015, 0.6882513761520386, 0.6905737519264221, 0.6943988800048828, 0.6980874538421631, 0.7056010961532593, 0.7132513523101807, 0.7137978076934814, 0.7099726796150208, 0.6989070773124695, 0.6702185869216919, 0.6602458953857422, 0.65204918384552, 0.6515027284622192, 0.6348360776901245, 0.605327844619751, 0.6278688311576843, 0.602732241153717, 0.6379781365394592, 0.6424863338470459, 0.6612021923065186, 0.6519125699996948, 0.6602458953857422, 0.661475419998169, 0.5995901823043823, 0.6001366376876831, 0.647267758846283, 0.6562841534614563, 0.6710382699966431, 0.6651639342308044, 0.6445355415344238, 0.6438524723052979, 0.679781436920166, 0.6963114738464355, 0.658743143081665, 0.6709016561508179, 0.6673497557640076, 0.6700819730758667, 0.6904371380805969]}}