{"airline_train_5_16": {"num_of_epochs": 40, "learning_rate": 0.001, "training_ds_fpath": "_train_5_16", "first_token_val_accuracy": [0.28620219230651855, 0.2565573751926422, 0.7557377219200134, 0.6338797807693481, 0.7527322173118591, 0.7178961634635925, 0.7163934707641602, 0.5937158465385437, 0.7129781246185303, 0.7225409746170044, 0.7204918265342712, 0.7166666388511658, 0.7174863219261169, 0.7427595853805542, 0.6928961873054504, 0.7301912307739258, 0.7315573692321777, 0.7198087573051453, 0.6841530203819275, 0.5416666865348816, 0.7329235076904297, 0.7348360419273376, 0.7327868938446045, 0.7331967353820801, 0.7325136661529541, 0.7319672107696533, 0.7322404384613037, 0.7286885380744934, 0.7258196473121643, 0.7251366376876831, 0.7248634099960327, 0.7244535684585571, 0.7245901823043823, 0.7256830334663391, 0.7263661026954651, 0.7259562611579895, 0.7269125580787659, 0.7265027165412903, 0.7262294888496399, 0.7263661026954651], "all_token_val_accuracy": [0.28620219230651855, 0.2565573751926422, 0.7557377219200134, 0.6338797807693481, 0.7527322173118591, 0.7178961634635925, 0.7163934707641602, 0.5937158465385437, 0.7129781246185303, 0.7225409746170044, 0.7204918265342712, 0.7166666388511658, 0.7174863219261169, 0.7427595853805542, 0.6928961873054504, 0.7301912307739258, 0.7315573692321777, 0.7198087573051453, 0.6841530203819275, 0.5416666865348816, 0.7329235076904297, 0.7348360419273376, 0.7327868938446045, 0.7331967353820801, 0.7325136661529541, 0.7319672107696533, 0.7322404384613037, 0.7286885380744934, 0.7258196473121643, 0.7251366376876831, 0.7248634099960327, 0.7244535684585571, 0.7245901823043823, 0.7256830334663391, 0.7263661026954651, 0.7259562611579895, 0.7269125580787659, 0.7265027165412903, 0.7262294888496399, 0.7263661026954651]}}