{"airline_train_2_4": {"num_of_epochs": 20, "learning_rate": 0.001, "training_ds_fpath": "_train_2_4", "first_token_val_accuracy": [0.6241803169250488, 0.568306028842926, 0.29713115096092224, 0.4274590015411377, 0.5960382223129272, 0.5114753842353821, 0.47650274634361267, 0.6199453473091125, 0.5792349576950073, 0.5042349696159363, 0.47759562730789185, 0.5071038007736206, 0.5278688669204712, 0.5457650423049927, 0.5640710592269897, 0.6000000238418579, 0.6229507923126221, 0.6341530084609985, 0.6454917788505554, 0.6467213034629822], "all_token_val_accuracy": [0.6241803169250488, 0.568306028842926, 0.29713115096092224, 0.4274590015411377, 0.5960382223129272, 0.5114753842353821, 0.47650274634361267, 0.6199453473091125, 0.5792349576950073, 0.5042349696159363, 0.47759562730789185, 0.5071038007736206, 0.5278688669204712, 0.5457650423049927, 0.5640710592269897, 0.6000000238418579, 0.6229507923126221, 0.6341530084609985, 0.6454917788505554, 0.6467213034629822]}}