{"airline_train_5_32": {"num_of_epochs": 10, "learning_rate": 0.0001, "training_ds_fpath": "_train_5_32", "first_token_val_accuracy": [0.6387978196144104, 0.422677606344223, 0.6826502680778503, 0.7360655665397644, 0.7241803407669067, 0.6368852257728577, 0.699999988079071, 0.61147540807724, 0.7355191111564636, 0.6599726676940918], "all_token_val_accuracy": [0.6387978196144104, 0.422677606344223, 0.6826502680778503, 0.7360655665397644, 0.7241803407669067, 0.6368852257728577, 0.699999988079071, 0.61147540807724, 0.7355191111564636, 0.6599726676940918]}}