{"airline_train_5_16": {"num_of_epochs": 30, "learning_rate": 0.0005, "training_ds_fpath": "_train_5_16", "first_token_val_accuracy": [0.7053278684616089, 0.6916666626930237, 0.5430327653884888, 0.6935792565345764, 0.45696720480918884, 0.7269125580787659, 0.6938524842262268, 0.6668033003807068, 0.7090163826942444, 0.6532787084579468, 0.6913934350013733, 0.735109269618988, 0.7053278684616089, 0.7210382223129272, 0.7321038246154785, 0.7084699273109436, 0.6964480876922607, 0.695218563079834, 0.6972677707672119, 0.7035518884658813, 0.7040983438491821, 0.7072404623031616, 0.7079234719276428, 0.7086065411567688, 0.7046447992324829, 0.5718579292297363, 0.6751366257667542, 0.6389344334602356, 0.7095628380775452, 0.7299180030822754], "all_token_val_accuracy": [0.7053278684616089, 0.6916666626930237, 0.5430327653884888, 0.6935792565345764, 0.45696720480918884, 0.7269125580787659, 0.6938524842262268, 0.6668033003807068, 0.7090163826942444, 0.6532787084579468, 0.6913934350013733, 0.735109269618988, 0.7053278684616089, 0.7210382223129272, 0.7321038246154785, 0.7084699273109436, 0.6964480876922607, 0.695218563079834, 0.6972677707672119, 0.7035518884658813, 0.7040983438491821, 0.7072404623031616, 0.7079234719276428, 0.7086065411567688, 0.7046447992324829, 0.5718579292297363, 0.6751366257667542, 0.6389344334602356, 0.7095628380775452, 0.7299180030822754]}}