{"airline_train_9_32": {"num_of_epochs": 50, "learning_rate": 0.0005, "training_ds_fpath": "_train_9_32", "first_token_val_accuracy": [0.7096994519233704, 0.7177595496177673, 0.7842895984649658, 0.7189890742301941, 0.7090163826942444, 0.7527322173118591, 0.7762295007705688, 0.7707650065422058, 0.7452185750007629, 0.7416666746139526, 0.7459016442298889, 0.7240437269210815, 0.7517759799957275, 0.7154371738433838, 0.7700819969177246, 0.7637978196144104, 0.73647540807724, 0.7308743000030518, 0.7594262361526489, 0.7336065769195557, 0.716803252696991, 0.7670764923095703, 0.6344262361526489, 0.7170764803886414, 0.7367486357688904, 0.7389343976974487, 0.5987704992294312, 0.6535519361495972, 0.7329235076904297, 0.7321038246154785, 0.7401639223098755, 0.7323770523071289, 0.7240437269210815, 0.723633885383606, 0.7262294888496399, 0.7250000238418579, 0.7312841415405273, 0.741939902305603, 0.7441256642341614, 0.7443988919258118, 0.7463114857673645, 0.7464480996131897, 0.7463114857673645, 0.7460382580757141, 0.7459016442298889, 0.7460382580757141, 0.7453551888465881, 0.7434425950050354, 0.7430328130722046, 0.7423497438430786], "all_token_val_accuracy": [0.7096994519233704, 0.7177595496177673, 0.7842895984649658, 0.7189890742301941, 0.7090163826942444, 0.7527322173118591, 0.7762295007705688, 0.7707650065422058, 0.7452185750007629, 0.7416666746139526, 0.7459016442298889, 0.7240437269210815, 0.7517759799957275, 0.7154371738433838, 0.7700819969177246, 0.7637978196144104, 0.73647540807724, 0.7308743000030518, 0.7594262361526489, 0.7336065769195557, 0.716803252696991, 0.7670764923095703, 0.6344262361526489, 0.7170764803886414, 0.7367486357688904, 0.7389343976974487, 0.5987704992294312, 0.6535519361495972, 0.7329235076904297, 0.7321038246154785, 0.7401639223098755, 0.7323770523071289, 0.7240437269210815, 0.723633885383606, 0.7262294888496399, 0.7250000238418579, 0.7312841415405273, 0.741939902305603, 0.7441256642341614, 0.7443988919258118, 0.7463114857673645, 0.7464480996131897, 0.7463114857673645, 0.7460382580757141, 0.7459016442298889, 0.7460382580757141, 0.7453551888465881, 0.7434425950050354, 0.7430328130722046, 0.7423497438430786]}}