{"airline_train_1_32": {"num_of_epochs": 10, "learning_rate": 0.0005, "training_ds_fpath": "_train_1_32", "first_token_val_accuracy": [0.23688524961471558, 0.2603825032711029, 0.7469945549964905, 0.7519125938415527, 0.6857923269271851, 0.7323770523071289, 0.7377049326896667, 0.6979508399963379, 0.7036885023117065, 0.7038251161575317], "all_token_val_accuracy": [0.23688524961471558, 0.2603825032711029, 0.7469945549964905, 0.7519125938415527, 0.6857923269271851, 0.7323770523071289, 0.7377049326896667, 0.6979508399963379, 0.7036885023117065, 0.7038251161575317]}}