{"airline_train_2_8": {"num_of_epochs": 20, "learning_rate": 0.0001, "training_ds_fpath": "_train_2_8", "first_token_val_accuracy": [0.0, 0.0, 0.07390710711479187, 0.7016393542289734, 0.6838797926902771, 0.49112021923065186, 0.6247267723083496, 0.577732264995575, 0.5366120338439941, 0.38770490884780884, 0.666939914226532, 0.6741803288459778, 0.6120218634605408, 0.6355191469192505, 0.5894808769226074, 0.6331967115402222, 0.577049195766449, 0.5672131180763245, 0.6493169665336609, 0.5913934707641602], "all_token_val_accuracy": [0.0, 0.0, 0.07390710711479187, 0.7016393542289734, 0.6838797926902771, 0.49112021923065186, 0.6247267723083496, 0.577732264995575, 0.5366120338439941, 0.38770490884780884, 0.666939914226532, 0.6741803288459778, 0.6120218634605408, 0.6355191469192505, 0.5894808769226074, 0.6331967115402222, 0.577049195766449, 0.5672131180763245, 0.6493169665336609, 0.5913934707641602]}}