{"airline_train_9_32": {"num_of_epochs": 10, "learning_rate": 0.001, "training_ds_fpath": "_train_9_32", "first_token_val_accuracy": [0.7157104015350342, 0.7612021565437317, 0.4676229655742645, 0.7193989157676697, 0.6647540926933289, 0.7472677826881409, 0.6635245680809021, 0.7039617300033569, 0.7136611938476562, 0.6387978196144104], "all_token_val_accuracy": [0.7157104015350342, 0.7612021565437317, 0.4676229655742645, 0.7193989157676697, 0.6647540926933289, 0.7472677826881409, 0.6635245680809021, 0.7039617300033569, 0.7136611938476562, 0.6387978196144104]}}