{"airline_train_5_16": {"num_of_epochs": 30, "learning_rate": 0.001, "training_ds_fpath": "_train_5_16", "first_token_val_accuracy": [0.26598361134529114, 0.6306011080741882, 0.22363388538360596, 0.5577868819236755, 0.7274590134620667, 0.6670765280723572, 0.6954917907714844, 0.44617486000061035, 0.7355191111564636, 0.6506830453872681, 0.735109269618988, 0.6517759561538696, 0.7255464196205139, 0.6938524842262268, 0.7322404384613037, 0.6651639342308044, 0.6363387703895569, 0.6606557369232178, 0.6646174788475037, 0.672267735004425, 0.6733606457710266, 0.6760929226875305, 0.6765027046203613, 0.6769125461578369, 0.6818305850028992, 0.6844262480735779, 0.685245931148529, 0.6855190992355347, 0.6853824853897095, 0.7374317049980164], "all_token_val_accuracy": [0.26598361134529114, 0.6306011080741882, 0.22363388538360596, 0.5577868819236755, 0.7274590134620667, 0.6670765280723572, 0.6954917907714844, 0.44617486000061035, 0.7355191111564636, 0.6506830453872681, 0.735109269618988, 0.6517759561538696, 0.7255464196205139, 0.6938524842262268, 0.7322404384613037, 0.6651639342308044, 0.6363387703895569, 0.6606557369232178, 0.6646174788475037, 0.672267735004425, 0.6733606457710266, 0.6760929226875305, 0.6765027046203613, 0.6769125461578369, 0.6818305850028992, 0.6844262480735779, 0.685245931148529, 0.6855190992355347, 0.6853824853897095, 0.7374317049980164]}}