{"airline_train_2_32": {"num_of_epochs": 40, "learning_rate": 0.001, "training_ds_fpath": "_train_2_32", "first_token_val_accuracy": [0.6545081734657288, 0.5413934588432312, 0.45040982961654663, 0.6437158584594727, 0.708060085773468, 0.6845628619194031, 0.7501366138458252, 0.7258196473121643, 0.7326502799987793, 0.7321038246154785, 0.7159836292266846, 0.7129781246185303, 0.7206284403800964, 0.7207650542259216, 0.7183060050010681, 0.7154371738433838, 0.7131147384643555, 0.707513689994812, 0.7077868580818176, 0.7177595496177673, 0.7178961634635925, 0.716803252696991, 0.7132513523101807, 0.7121584415435791, 0.7098360657691956, 0.7102459073066711, 0.7128415107727051, 0.7139344215393066, 0.7199453711509705, 0.7202185988426208, 0.7204918265342712, 0.7209016680717468, 0.7233606576919556, 0.7219945192337036, 0.7210382223129272, 0.7199453711509705, 0.7199453711509705, 0.7367486357688904, 0.6916666626930237, 0.7005464434623718], "all_token_val_accuracy": [0.6545081734657288, 0.5413934588432312, 0.45040982961654663, 0.6437158584594727, 0.708060085773468, 0.6845628619194031, 0.7501366138458252, 0.7258196473121643, 0.7326502799987793, 0.7321038246154785, 0.7159836292266846, 0.7129781246185303, 0.7206284403800964, 0.7207650542259216, 0.7183060050010681, 0.7154371738433838, 0.7131147384643555, 0.707513689994812, 0.7077868580818176, 0.7177595496177673, 0.7178961634635925, 0.716803252696991, 0.7132513523101807, 0.7121584415435791, 0.7098360657691956, 0.7102459073066711, 0.7128415107727051, 0.7139344215393066, 0.7199453711509705, 0.7202185988426208, 0.7204918265342712, 0.7209016680717468, 0.7233606576919556, 0.7219945192337036, 0.7210382223129272, 0.7199453711509705, 0.7199453711509705, 0.7367486357688904, 0.6916666626930237, 0.7005464434623718]}}