{"airline_train_9_8": {"num_of_epochs": 10, "learning_rate": 0.001, "training_ds_fpath": "_train_9_8", "first_token_val_accuracy": [0.6326502561569214, 0.20942622423171997, 0.31721311807632446, 0.5217213034629822, 0.4439890682697296, 0.4931693971157074, 0.616256833076477, 0.3991803228855133, 0.6811475157737732, 0.5015027523040771], "all_token_val_accuracy": [0.6326502561569214, 0.20942622423171997, 0.31721311807632446, 0.5217213034629822, 0.4439890682697296, 0.4931693971157074, 0.616256833076477, 0.3991803228855133, 0.6811475157737732, 0.5015027523040771]}}