{"airline_train_9_16": {"num_of_epochs": 40, "learning_rate": 1e-05, "training_ds_fpath": "_train_9_16", "first_token_val_accuracy": [0.0, 0.0, 0.0, 0.0, 0.0, 0.0, 0.0, 0.0, 0.0, 0.0, 0.0, 0.0, 0.0, 0.00013661202683579177, 0.0005464481073431671, 0.0016393442638218403, 0.006830601021647453, 0.02117486298084259, 0.08210382610559464, 0.23374317586421967, 0.43989071249961853, 0.5971311330795288, 0.6629781126976013, 0.6821038126945496, 0.6889344453811646, 0.6901639103889465, 0.6903005242347717, 0.6905737519264221, 0.6908469796180725, 0.6938524842262268, 0.6960382461547852, 0.7024590373039246, 0.7058743238449097, 0.7106557488441467, 0.7125682830810547, 0.7143442630767822, 0.7153005599975586, 0.7137978076934814, 0.7076502442359924, 0.7049180269241333], "all_token_val_accuracy": [0.0, 0.0, 0.0, 0.0, 0.0, 0.0, 0.0, 0.0, 0.0, 0.0, 0.0, 0.0, 0.0, 0.00013661202683579177, 0.0005464481073431671, 0.0016393442638218403, 0.006830601021647453, 0.02117486298084259, 0.08210382610559464, 0.23374317586421967, 0.43989071249961853, 0.5971311330795288, 0.6629781126976013, 0.6821038126945496, 0.6889344453811646, 0.6901639103889465, 0.6903005242347717, 0.6905737519264221, 0.6908469796180725, 0.6938524842262268, 0.6960382461547852, 0.7024590373039246, 0.7058743238449097, 0.7106557488441467, 0.7125682830810547, 0.7143442630767822, 0.7153005599975586, 0.7137978076934814, 0.7076502442359924, 0.7049180269241333]}}