{"airline_train_9_16": {"num_of_epochs": 5, "learning_rate": 0.0001, "training_ds_fpath": "_train_9_16", "first_token_val_accuracy": [0.0, 0.12937158346176147, 0.6941257119178772, 0.6830601096153259, 0.541939914226532], "all_token_val_accuracy": [0.0, 0.12937158346176147, 0.6941257119178772, 0.6830601096153259, 0.541939914226532]}}