{"airline_train_2_16": {"num_of_epochs": 40, "learning_rate": 0.0005, "training_ds_fpath": "_train_2_16", "first_token_val_accuracy": [0.6516393423080444, 0.6551912426948547, 0.7143442630767822, 0.7144808769226074, 0.6146174669265747, 0.7482240200042725, 0.6525956392288208, 0.7292349934577942, 0.731010913848877, 0.7192623019218445, 0.7129781246185303, 0.7195355296134949, 0.7009562849998474, 0.7049180269241333, 0.7042349576950073, 0.7153005599975586, 0.7166666388511658, 0.7144808769226074, 0.7176229357719421, 0.7158470153808594, 0.7146174907684326, 0.7143442630767822, 0.6998633742332458, 0.7024590373039246, 0.7161202430725098, 0.7001366019248962, 0.694535493850708, 0.6954917907714844, 0.6974043846130371, 0.6980874538421631, 0.7002732157707214, 0.7004098296165466, 0.6946721076965332, 0.693306028842926, 0.7505464553833008, 0.555464506149292, 0.6976776123046875, 0.7207650542259216, 0.72295081615448, 0.6968579292297363], "all_token_val_accuracy": [0.6516393423080444, 0.6551912426948547, 0.7143442630767822, 0.7144808769226074, 0.6146174669265747, 0.7482240200042725, 0.6525956392288208, 0.7292349934577942, 0.731010913848877, 0.7192623019218445, 0.7129781246185303, 0.7195355296134949, 0.7009562849998474, 0.7049180269241333, 0.7042349576950073, 0.7153005599975586, 0.7166666388511658, 0.7144808769226074, 0.7176229357719421, 0.7158470153808594, 0.7146174907684326, 0.7143442630767822, 0.6998633742332458, 0.7024590373039246, 0.7161202430725098, 0.7001366019248962, 0.694535493850708, 0.6954917907714844, 0.6974043846130371, 0.6980874538421631, 0.7002732157707214, 0.7004098296165466, 0.6946721076965332, 0.693306028842926, 0.7505464553833008, 0.555464506149292, 0.6976776123046875, 0.7207650542259216, 0.72295081615448, 0.6968579292297363]}}