{"airline_train_3_8": {"num_of_epochs": 10, "learning_rate": 0.001, "training_ds_fpath": "_train_3_8", "first_token_val_accuracy": [0.5206283926963806, 0.6025956273078918, 0.46366119384765625, 0.6901639103889465, 0.7127048969268799, 0.6862021684646606, 0.7016393542289734, 0.7139344215393066, 0.7165300250053406, 0.7288251519203186], "all_token_val_accuracy": [0.5206283926963806, 0.6025956273078918, 0.46366119384765625, 0.6901639103889465, 0.7127048969268799, 0.6862021684646606, 0.7016393542289734, 0.7139344215393066, 0.7165300250053406, 0.7288251519203186]}}