{"airline_train_1_16": {"num_of_epochs": 40, "learning_rate": 0.0005, "training_ds_fpath": "_train_1_16", "first_token_val_accuracy": [0.21038250625133514, 0.7140710353851318, 0.7136611938476562, 0.5338797569274902, 0.6848360896110535, 0.7596994638442993, 0.7703551650047302, 0.6726775765419006, 0.7165300250053406, 0.7352458834648132, 0.7534152865409851, 0.758743166923523, 0.7528688311576843, 0.7527322173118591, 0.7510929107666016, 0.7504098415374756, 0.7441256642341614, 0.743852436542511, 0.7439890503883362, 0.7442622780799866, 0.7413934469223022, 0.7407103776931763, 0.7408469915390015, 0.7379781603813171, 0.7262294888496399, 0.7363387942314148, 0.7489070892333984, 0.7495901584625244, 0.7495901584625244, 0.749316930770874, 0.7510929107666016, 0.7510929107666016, 0.7516393661499023, 0.7520492076873779, 0.7519125938415527, 0.7520492076873779, 0.7520492076873779, 0.7516393661499023, 0.751366138458252, 0.750683069229126], "all_token_val_accuracy": [0.21038250625133514, 0.7140710353851318, 0.7136611938476562, 0.5338797569274902, 0.6848360896110535, 0.7596994638442993, 0.7703551650047302, 0.6726775765419006, 0.7165300250053406, 0.7352458834648132, 0.7534152865409851, 0.758743166923523, 0.7528688311576843, 0.7527322173118591, 0.7510929107666016, 0.7504098415374756, 0.7441256642341614, 0.743852436542511, 0.7439890503883362, 0.7442622780799866, 0.7413934469223022, 0.7407103776931763, 0.7408469915390015, 0.7379781603813171, 0.7262294888496399, 0.7363387942314148, 0.7489070892333984, 0.7495901584625244, 0.7495901584625244, 0.749316930770874, 0.7510929107666016, 0.7510929107666016, 0.7516393661499023, 0.7520492076873779, 0.7519125938415527, 0.7520492076873779, 0.7520492076873779, 0.7516393661499023, 0.751366138458252, 0.750683069229126]}}