{"airline_train_3_16": {"num_of_epochs": 30, "learning_rate": 1e-05, "training_ds_fpath": "_train_3_16", "first_token_val_accuracy": [0.0, 0.0, 0.0, 0.0, 0.0, 0.0, 0.0, 0.0, 0.0, 0.0, 0.0, 0.0, 0.0, 0.0, 0.0, 0.00013661202683579177, 0.00040983606595546007, 0.0009562841732986271, 0.003961748443543911, 0.012978142127394676, 0.04617486521601677, 0.14754098653793335, 0.3269125819206238, 0.5355191230773926, 0.6516393423080444, 0.689754068851471, 0.6972677707672119, 0.6983606815338135, 0.7005464434623718, 0.7023224234580994], "all_token_val_accuracy": [0.0, 0.0, 0.0, 0.0, 0.0, 0.0, 0.0, 0.0, 0.0, 0.0, 0.0, 0.0, 0.0, 0.0, 0.0, 0.00013661202683579177, 0.00040983606595546007, 0.0009562841732986271, 0.003961748443543911, 0.012978142127394676, 0.04617486521601677, 0.14754098653793335, 0.3269125819206238, 0.5355191230773926, 0.6516393423080444, 0.689754068851471, 0.6972677707672119, 0.6983606815338135, 0.7005464434623718, 0.7023224234580994]}}