{"airline_train_9_32": {"num_of_epochs": 40, "learning_rate": 0.0001, "training_ds_fpath": "_train_9_32", "first_token_val_accuracy": [0.6659836173057556, 0.47691255807876587, 0.5271857976913452, 0.562841534614563, 0.6508196592330933, 0.6911202073097229, 0.7446721196174622, 0.7184426188468933, 0.7609289884567261, 0.664890706539154, 0.672950804233551, 0.7607923746109009, 0.6718579530715942, 0.7478141784667969, 0.7461748719215393, 0.749316930770874, 0.7482240200042725, 0.7618852257728577, 0.7286885380744934, 0.7299180030822754, 0.7468579411506653, 0.7459016442298889, 0.7381147742271423, 0.7457650303840637, 0.7129781246185303, 0.7411202192306519, 0.7443988919258118, 0.7202185988426208, 0.7377049326896667, 0.729781448841095, 0.7312841415405273, 0.7325136661529541, 0.7576502561569214, 0.7502732276916504, 0.7532786726951599, 0.7510929107666016, 0.7520492076873779, 0.7467213273048401, 0.6698087453842163, 0.7698087692260742], "all_token_val_accuracy": [0.6657103896141052, 0.47691255807876587, 0.5271857976913452, 0.5618852376937866, 0.6508196592330933, 0.6911202073097229, 0.7446721196174622, 0.7184426188468933, 0.7609289884567261, 0.664890706539154, 0.672950804233551, 0.7607923746109009, 0.6718579530715942, 0.7478141784667969, 0.7461748719215393, 0.749316930770874, 0.7482240200042725, 0.7618852257728577, 0.7286885380744934, 0.7299180030822754, 0.7468579411506653, 0.7459016442298889, 0.7381147742271423, 0.7457650303840637, 0.7129781246185303, 0.7411202192306519, 0.7443988919258118, 0.7202185988426208, 0.7377049326896667, 0.729781448841095, 0.7312841415405273, 0.7325136661529541, 0.7576502561569214, 0.7502732276916504, 0.7532786726951599, 0.7510929107666016, 0.7520492076873779, 0.7467213273048401, 0.6698087453842163, 0.7698087692260742]}}