{"airline_train_2_4": {"num_of_epochs": 5, "learning_rate": 0.0005, "training_ds_fpath": "_train_2_4", "first_token_val_accuracy": [0.0, 0.6800546646118164, 0.6554644703865051, 0.36352458596229553, 0.6922131180763245], "all_token_val_accuracy": [0.0, 0.6800546646118164, 0.6554644703865051, 0.36352458596229553, 0.6922131180763245]}}