{"airline_train_0_16": {"num_of_epochs": 20, "learning_rate": 1e-05, "training_ds_fpath": "_train_0_16", "first_token_val_accuracy": [0.0, 0.0, 0.0, 0.0, 0.0, 0.0, 0.0, 0.0, 0.0, 0.0, 0.0, 0.0, 0.0, 0.0, 0.00040983606595546007, 0.0015027322806417942, 0.005464480724185705, 0.030054645612835884, 0.12718579173088074, 0.35573771595954895], "all_token_val_accuracy": [0.0, 0.0, 0.0, 0.0, 0.0, 0.0, 0.0, 0.0, 0.0, 0.0, 0.0, 0.0, 0.0, 0.0, 0.00040983606595546007, 0.0015027322806417942, 0.005464480724185705, 0.030054645612835884, 0.12718579173088074, 0.35573771595954895]}}