{"airline_train_0_32": {"num_of_epochs": 50, "learning_rate": 0.0001, "training_ds_fpath": "_train_0_32", "first_token_val_accuracy": [0.030464481562376022, 0.6711748838424683, 0.7323770523071289, 0.7295082211494446, 0.7479507923126221, 0.7540983557701111, 0.7398906946182251, 0.7602459192276001, 0.7266393303871155, 0.700683057308197, 0.7560109496116638, 0.7487704753875732, 0.7560109496116638, 0.7527322173118591, 0.7386612296104431, 0.7450819611549377, 0.7387978434562683, 0.744535505771637, 0.7564207911491394, 0.7459016442298889, 0.7566940188407898, 0.7415300607681274, 0.7487704753875732, 0.7542349696159363, 0.7344262003898621, 0.7329235076904297, 0.7478141784667969, 0.758060097694397, 0.7669398784637451, 0.758743166923523, 0.7624316811561584, 0.758743166923523, 0.7568305730819702, 0.7400273084640503, 0.7535519003868103, 0.7556011080741882, 0.7621584534645081, 0.7653005719184875, 0.7655737996101379, 0.757377028465271, 0.7592896223068237, 0.7603825330734253, 0.7571038007736206, 0.7575136423110962, 0.7581967115402222, 0.7510929107666016, 0.7577868700027466, 0.7627049088478088, 0.7599726915359497, 0.7575136423110962], "all_token_val_accuracy": [0.030464481562376022, 0.6711748838424683, 0.7323770523071289, 0.7295082211494446, 0.7479507923126221, 0.7540983557701111, 0.7398906946182251, 0.7602459192276001, 0.7266393303871155, 0.700683057308197, 0.7560109496116638, 0.7487704753875732, 0.7560109496116638, 0.7527322173118591, 0.7386612296104431, 0.7450819611549377, 0.7387978434562683, 0.744535505771637, 0.7564207911491394, 0.7459016442298889, 0.7566940188407898, 0.7415300607681274, 0.7487704753875732, 0.7542349696159363, 0.7344262003898621, 0.7329235076904297, 0.7478141784667969, 0.758060097694397, 0.7669398784637451, 0.758743166923523, 0.7624316811561584, 0.758743166923523, 0.7568305730819702, 0.7400273084640503, 0.7535519003868103, 0.7556011080741882, 0.7621584534645081, 0.7653005719184875, 0.7655737996101379, 0.757377028465271, 0.7592896223068237, 0.7603825330734253, 0.7571038007736206, 0.7575136423110962, 0.7581967115402222, 0.7510929107666016, 0.7577868700027466, 0.7627049088478088, 0.7599726915359497, 0.7575136423110962]}}