{"airline_train_6_16": {"num_of_epochs": 5, "learning_rate": 0.0001, "training_ds_fpath": "_train_6_16", "first_token_val_accuracy": [0.0, 0.6668033003807068, 0.6969945430755615, 0.7090163826942444, 0.6494535803794861], "all_token_val_accuracy": [0.0, 0.6668033003807068, 0.6969945430755615, 0.7090163826942444, 0.6494535803794861]}}