{"airline_train_2_8": {"num_of_epochs": 50, "learning_rate": 0.001, "training_ds_fpath": "_train_2_8", "first_token_val_accuracy": [0.5978142023086548, 0.6728141903877258, 0.7114754319190979, 0.6241803169250488, 0.6796448230743408, 0.6818305850028992, 0.6823770403862, 0.5842896103858948, 0.569535493850708, 0.6122950911521912, 0.6419398784637451, 0.6550546288490295, 0.6586065292358398, 0.6605191230773926, 0.6596994400024414, 0.659426212310791, 0.6606557369232178, 0.6636611819267273, 0.6651639342308044, 0.6658470034599304, 0.6702185869216919, 0.6517759561538696, 0.6434426307678223, 0.6321038007736206, 0.6353825330734253, 0.6445355415344238, 0.6497267484664917, 0.6510928869247437, 0.6278688311576843, 0.6284152865409851, 0.5523223876953125, 0.4651639461517334, 0.6077868938446045, 0.35983607172966003, 0.5998634099960327, 0.6504098176956177, 0.63852459192276, 0.6356557607650757, 0.6327868700027466, 0.6325136423110962, 0.6319671869277954, 0.632377028465271, 0.633060097694397, 0.633060097694397, 0.6342896223068237, 0.6346994638442993, 0.6349726915359497, 0.6352459192276001, 0.6344262361526489, 0.6315574049949646], "all_token_val_accuracy": [0.5978142023086548, 0.6728141903877258, 0.7114754319190979, 0.6241803169250488, 0.6796448230743408, 0.6818305850028992, 0.6823770403862, 0.5842896103858948, 0.569535493850708, 0.6122950911521912, 0.6419398784637451, 0.6550546288490295, 0.6586065292358398, 0.6605191230773926, 0.6596994400024414, 0.659426212310791, 0.6606557369232178, 0.6636611819267273, 0.6651639342308044, 0.6658470034599304, 0.6702185869216919, 0.6517759561538696, 0.6434426307678223, 0.6321038007736206, 0.6353825330734253, 0.6445355415344238, 0.6497267484664917, 0.6510928869247437, 0.6270492076873779, 0.6284152865409851, 0.5523223876953125, 0.4651639461517334, 0.6077868938446045, 0.35983607172966003, 0.5998634099960327, 0.6504098176956177, 0.63852459192276, 0.6356557607650757, 0.6327868700027466, 0.6325136423110962, 0.6319671869277954, 0.632377028465271, 0.633060097694397, 0.633060097694397, 0.6342896223068237, 0.6346994638442993, 0.6349726915359497, 0.6352459192276001, 0.6344262361526489, 0.6315574049949646]}}