{"airline_train_5_16": {"num_of_epochs": 40, "learning_rate": 0.0001, "training_ds_fpath": "_train_5_16", "first_token_val_accuracy": [0.0, 0.6789617538452148, 0.6815573573112488, 0.6327868700027466, 0.5948087573051453, 0.3602459132671356, 0.7286885380744934, 0.6028688549995422, 0.7293716073036194, 0.5348360538482666, 0.6616120338439941, 0.6592895984649658, 0.6759563088417053, 0.6393442749977112, 0.702732264995575, 0.7073770761489868, 0.6775956153869629, 0.7106557488441467, 0.6846994757652283, 0.6911202073097229, 0.6953551769256592, 0.7271857857704163, 0.720355212688446, 0.7403005361557007, 0.7023224234580994, 0.6307377219200134, 0.6967213153839111, 0.7344262003898621, 0.6862021684646606, 0.6374316811561584, 0.7191256880760193, 0.7161202430725098, 0.6693989038467407, 0.6665300726890564, 0.714207649230957, 0.7280054688453674, 0.6807377338409424, 0.7034152746200562, 0.7136611938476562, 0.7095628380775452], "all_token_val_accuracy": [0.0, 0.6789617538452148, 0.6815573573112488, 0.6327868700027466, 0.5948087573051453, 0.3602459132671356, 0.7286885380744934, 0.6028688549995422, 0.7293716073036194, 0.5348360538482666, 0.6616120338439941, 0.6592895984649658, 0.6759563088417053, 0.6393442749977112, 0.702732264995575, 0.7073770761489868, 0.6775956153869629, 0.7106557488441467, 0.6846994757652283, 0.6911202073097229, 0.6953551769256592, 0.7271857857704163, 0.720355212688446, 0.7403005361557007, 0.7023224234580994, 0.6307377219200134, 0.6967213153839111, 0.7344262003898621, 0.6862021684646606, 0.6374316811561584, 0.7191256880760193, 0.7161202430725098, 0.6693989038467407, 0.6665300726890564, 0.714207649230957, 0.7280054688453674, 0.6807377338409424, 0.7034152746200562, 0.7136611938476562, 0.7095628380775452]}}