{"airline_train_5_4": {"num_of_epochs": 5, "learning_rate": 0.001, "training_ds_fpath": "_train_5_4", "first_token_val_accuracy": [0.019672131165862083, 0.6829234957695007, 0.20983606576919556, 0.6758196949958801, 0.5226776003837585], "all_token_val_accuracy": [0.019672131165862083, 0.6829234957695007, 0.20983606576919556, 0.6758196949958801, 0.5226776003837585]}}