{"airline_train_0_8": {"num_of_epochs": 10, "learning_rate": 0.0005, "training_ds_fpath": "_train_0_8", "first_token_val_accuracy": [0.4266393482685089, 0.5924863219261169, 0.45969945192337036, 0.5725409984588623, 0.6438524723052979, 0.6443989276885986, 0.6233606338500977, 0.6856557130813599, 0.6467213034629822, 0.674316942691803], "all_token_val_accuracy": [0.4266393482685089, 0.5924863219261169, 0.45969945192337036, 0.5725409984588623, 0.6438524723052979, 0.6443989276885986, 0.6233606338500977, 0.6856557130813599, 0.6467213034629822, 0.674316942691803]}}