{"airline_train_0_8": {"num_of_epochs": 30, "learning_rate": 0.0001, "training_ds_fpath": "_train_0_8", "first_token_val_accuracy": [0.0, 0.0, 0.011202185414731503, 0.6509562730789185, 0.6448087692260742, 0.6774590015411377, 0.4407103955745697, 0.5565573573112488, 0.48469945788383484, 0.6463114619255066, 0.6590163707733154, 0.6244535446166992, 0.6079235076904297, 0.6142076253890991, 0.6251366138458252, 0.6539617776870728, 0.6377049088478088, 0.6009562611579895, 0.6565573811531067, 0.6818305850028992, 0.6557376980781555, 0.617622971534729, 0.5848360657691956, 0.5978142023086548, 0.6254098415374756, 0.6366119980812073, 0.6274589896202087, 0.6166666746139526, 0.6773223876953125, 0.6741803288459778], "all_token_val_accuracy": [0.0, 0.0, 0.011202185414731503, 0.6509562730789185, 0.6448087692260742, 0.6774590015411377, 0.4407103955745697, 0.5565573573112488, 0.48469945788383484, 0.6463114619255066, 0.6590163707733154, 0.6244535446166992, 0.6079235076904297, 0.6142076253890991, 0.6251366138458252, 0.6539617776870728, 0.6377049088478088, 0.6009562611579895, 0.6565573811531067, 0.6818305850028992, 0.6557376980781555, 0.617622971534729, 0.5848360657691956, 0.5978142023086548, 0.6254098415374756, 0.6366119980812073, 0.6274589896202087, 0.6166666746139526, 0.6773223876953125, 0.6741803288459778]}}