{"airline_train_6_8": {"num_of_epochs": 20, "learning_rate": 0.0001, "training_ds_fpath": "_train_6_8", "first_token_val_accuracy": [0.0, 0.0, 0.010382513515651226, 0.6467213034629822, 0.6855190992355347, 0.7060109376907349, 0.6915300488471985, 0.5453552007675171, 0.6918032765388489, 0.7072404623031616, 0.6702185869216919, 0.6949453353881836, 0.6771857738494873, 0.7021858096122742, 0.7065573930740356, 0.7046447992324829, 0.7180327773094177, 0.7051912546157837, 0.6803278923034668, 0.6781420707702637], "all_token_val_accuracy": [0.0, 0.0, 0.010382513515651226, 0.6467213034629822, 0.6855190992355347, 0.7060109376907349, 0.6915300488471985, 0.5453552007675171, 0.6918032765388489, 0.7072404623031616, 0.6702185869216919, 0.6949453353881836, 0.6771857738494873, 0.7021858096122742, 0.7065573930740356, 0.7046447992324829, 0.7180327773094177, 0.7051912546157837, 0.6803278923034668, 0.6781420707702637]}}