{"airline_train_9_8": {"num_of_epochs": 50, "learning_rate": 1e-05, "training_ds_fpath": "_train_9_8", "first_token_val_accuracy": [0.0, 0.0, 0.0, 0.0, 0.0, 0.0, 0.0, 0.0, 0.0, 0.0, 0.0, 0.0, 0.0, 0.0, 0.0, 0.0, 0.0, 0.0, 0.0, 0.0, 0.0, 0.0, 0.0, 0.0, 0.0, 0.00027322405367158353, 0.0008196721319109201, 0.0017759562470018864, 0.004781420808285475, 0.01092896144837141, 0.029371583834290504, 0.0728142112493515, 0.1494535505771637, 0.26147541403770447, 0.3963114619255066, 0.5155737996101379, 0.5896174907684326, 0.6356557607650757, 0.6505464315414429, 0.6598360538482666, 0.6613388061523438, 0.6613388061523438, 0.6627049446105957, 0.6646174788475037, 0.6663934588432312, 0.666939914226532, 0.6668033003807068, 0.6700819730758667, 0.672267735004425, 0.6740437150001526], "all_token_val_accuracy": [0.0, 0.0, 0.0, 0.0, 0.0, 0.0, 0.0, 0.0, 0.0, 0.0, 0.0, 0.0, 0.0, 0.0, 0.0, 0.0, 0.0, 0.0, 0.0, 0.0, 0.0, 0.0, 0.0, 0.0, 0.0, 0.00027322405367158353, 0.0008196721319109201, 0.0017759562470018864, 0.004781420808285475, 0.01092896144837141, 0.029371583834290504, 0.0728142112493515, 0.1494535505771637, 0.26147541403770447, 0.3963114619255066, 0.5155737996101379, 0.5896174907684326, 0.6356557607650757, 0.6505464315414429, 0.6598360538482666, 0.6613388061523438, 0.6613388061523438, 0.6627049446105957, 0.6646174788475037, 0.6663934588432312, 0.666939914226532, 0.6668033003807068, 0.6700819730758667, 0.672267735004425, 0.6740437150001526]}}