{"airline_train_8_4": {"num_of_epochs": 30, "learning_rate": 0.001, "training_ds_fpath": "_train_8_4", "first_token_val_accuracy": [0.48019126057624817, 0.6961748600006104, 0.48114752769470215, 0.666256844997406, 0.5769125819206238, 0.6557376980781555, 0.6814207434654236, 0.6699453592300415, 0.6767759323120117, 0.6737704873085022, 0.6715847253799438, 0.6688524484634399, 0.6684426069259644, 0.6678961515426636, 0.6692622900009155, 0.668169379234314, 0.6646174788475037, 0.6647540926933289, 0.664890706539154, 0.6590163707733154, 0.6381147503852844, 0.6221311688423157, 0.6217213273048401, 0.6222677826881409, 0.6218579411506653, 0.6222677826881409, 0.6221311688423157, 0.6245901584625244, 0.6254098415374756, 0.6260929107666016], "all_token_val_accuracy": [0.48019126057624817, 0.6961748600006104, 0.48114752769470215, 0.666256844997406, 0.5769125819206238, 0.6557376980781555, 0.6814207434654236, 0.6699453592300415, 0.6767759323120117, 0.6737704873085022, 0.6715847253799438, 0.6688524484634399, 0.6684426069259644, 0.6678961515426636, 0.6692622900009155, 0.668169379234314, 0.6646174788475037, 0.6647540926933289, 0.664890706539154, 0.6590163707733154, 0.6381147503852844, 0.6221311688423157, 0.6217213273048401, 0.6222677826881409, 0.6218579411506653, 0.6222677826881409, 0.6221311688423157, 0.6245901584625244, 0.6254098415374756, 0.6260929107666016]}}