{"airline_train_2_8": {"num_of_epochs": 50, "learning_rate": 0.0001, "training_ds_fpath": "_train_2_8", "first_token_val_accuracy": [0.0, 0.00013661202683579177, 0.0870218575000763, 0.6877049207687378, 0.7086065411567688, 0.6168032884597778, 0.4549180269241333, 0.6245901584625244, 0.6307377219200134, 0.6239070892333984, 0.6099726557731628, 0.5353825092315674, 0.624316930770874, 0.6454917788505554, 0.6419398784637451, 0.6189890503883362, 0.618852436542511, 0.6312841773033142, 0.6438524723052979, 0.5886611938476562, 0.5569671988487244, 0.6713114976882935, 0.6844262480735779, 0.6849727034568787, 0.6629781126976013, 0.6259562969207764, 0.6282786726951599, 0.5908470153808594, 0.6068305969238281, 0.6180328130722046, 0.6247267723083496, 0.6010928750038147, 0.6147540807723999, 0.6043716073036194, 0.6210382580757141, 0.6650273203849792, 0.6688524484634399, 0.659426212310791, 0.6576502919197083, 0.6590163707733154, 0.5676229596138, 0.5833333134651184, 0.6255464553833008, 0.6494535803794861, 0.6521857976913452, 0.6523224115371704, 0.6423497200012207, 0.6450819969177246, 0.6478142142295837, 0.6482240557670593], "all_token_val_accuracy": [0.0, 0.00013661202683579177, 0.0870218575000763, 0.6877049207687378, 0.7086065411567688, 0.6168032884597778, 0.4549180269241333, 0.6245901584625244, 0.6307377219200134, 0.6239070892333984, 0.6099726557731628, 0.5353825092315674, 0.624316930770874, 0.6454917788505554, 0.6419398784637451, 0.6189890503883362, 0.618852436542511, 0.6312841773033142, 0.6438524723052979, 0.5886611938476562, 0.5569671988487244, 0.6713114976882935, 0.6844262480735779, 0.6849727034568787, 0.6629781126976013, 0.6259562969207764, 0.6282786726951599, 0.5908470153808594, 0.6068305969238281, 0.6180328130722046, 0.6247267723083496, 0.6010928750038147, 0.6147540807723999, 0.6043716073036194, 0.6210382580757141, 0.6650273203849792, 0.6688524484634399, 0.659426212310791, 0.6576502919197083, 0.6590163707733154, 0.5676229596138, 0.5833333134651184, 0.6255464553833008, 0.6494535803794861, 0.6521857976913452, 0.6523224115371704, 0.6423497200012207, 0.6450819969177246, 0.6478142142295837, 0.6482240557670593]}}