{"airline_train_8_4": {"num_of_epochs": 40, "learning_rate": 0.0001, "training_ds_fpath": "_train_8_4", "first_token_val_accuracy": [0.0, 0.0, 0.0, 0.0, 0.0, 0.0009562841732986271, 0.02185792289674282, 0.2908470034599304, 0.6461748480796814, 0.6683059930801392, 0.6687158346176147, 0.6784152984619141, 0.695218563079834, 0.6814207434654236, 0.6200819611549377, 0.535109281539917, 0.5465847253799438, 0.6005464196205139, 0.5956284403800964, 0.581830620765686, 0.5943989157676697, 0.5657103657722473, 0.5617486238479614, 0.5688524842262268, 0.5803278684616089, 0.6051912307739258, 0.6202185750007629, 0.6259562969207764, 0.6336065530776978, 0.6340163946151733, 0.6293715834617615, 0.5945355296134949, 0.5603824853897095, 0.5266393423080444, 0.5289617776870728, 0.6023223996162415, 0.6433060169219971, 0.6404371857643127, 0.6355191469192505, 0.6247267723083496], "all_token_val_accuracy": [0.0, 0.0, 0.0, 0.0, 0.0, 0.0009562841732986271, 0.02185792289674282, 0.2908470034599304, 0.6461748480796814, 0.6683059930801392, 0.6687158346176147, 0.6784152984619141, 0.695218563079834, 0.6814207434654236, 0.6200819611549377, 0.535109281539917, 0.5465847253799438, 0.6005464196205139, 0.5956284403800964, 0.581830620765686, 0.5943989157676697, 0.5657103657722473, 0.5617486238479614, 0.5688524842262268, 0.5803278684616089, 0.6051912307739258, 0.6202185750007629, 0.6259562969207764, 0.6336065530776978, 0.6340163946151733, 0.6293715834617615, 0.5945355296134949, 0.5603824853897095, 0.5266393423080444, 0.5289617776870728, 0.6023223996162415, 0.6433060169219971, 0.6404371857643127, 0.6355191469192505, 0.6247267723083496]}}