{"airline_train_1_4": {"num_of_epochs": 50, "learning_rate": 0.0001, "training_ds_fpath": "_train_1_4", "first_token_val_accuracy": [0.0, 0.0, 0.0, 0.0, 0.00013661202683579177, 0.0260928962379694, 0.37418031692504883, 0.6815573573112488, 0.701366126537323, 0.702732264995575, 0.6990436911582947, 0.6355191469192505, 0.5571038126945496, 0.5372951030731201, 0.5575136542320251, 0.5658469796180725, 0.5469945073127747, 0.4893442690372467, 0.5255464315414429, 0.5386611819267273, 0.5274590253829956, 0.5670765042304993, 0.5964480638504028, 0.5923497080802917, 0.6069672107696533, 0.6131147742271423, 0.5913934707641602, 0.5642076730728149, 0.5531420707702637, 0.55409836769104, 0.5483606457710266, 0.5454918146133423, 0.5326502919197083, 0.5245901346206665, 0.5102459192276001, 0.48756831884384155, 0.48715847730636597, 0.5098360776901245, 0.5448087453842163, 0.5512295365333557, 0.5525956153869629, 0.5532786846160889, 0.5510929226875305, 0.548633873462677, 0.5396174788475037, 0.5327869057655334, 0.5266393423080444, 0.5307376980781555, 0.5323770642280579, 0.535109281539917], "all_token_val_accuracy": [0.0, 0.0, 0.0, 0.0, 0.00013661202683579177, 0.0260928962379694, 0.37418031692504883, 0.6815573573112488, 0.701366126537323, 0.702732264995575, 0.6990436911582947, 0.6355191469192505, 0.5571038126945496, 0.5372951030731201, 0.5575136542320251, 0.5658469796180725, 0.5469945073127747, 0.4893442690372467, 0.5255464315414429, 0.5386611819267273, 0.5274590253829956, 0.5670765042304993, 0.5964480638504028, 0.5923497080802917, 0.6069672107696533, 0.6131147742271423, 0.5913934707641602, 0.5642076730728149, 0.5531420707702637, 0.55409836769104, 0.5483606457710266, 0.5454918146133423, 0.5326502919197083, 0.5245901346206665, 0.5102459192276001, 0.48756831884384155, 0.48715847730636597, 0.5098360776901245, 0.5448087453842163, 0.5512295365333557, 0.5525956153869629, 0.5532786846160889, 0.5510929226875305, 0.548633873462677, 0.5396174788475037, 0.5327869057655334, 0.5266393423080444, 0.5307376980781555, 0.5323770642280579, 0.535109281539917]}}