{"airline_train_9_4": {"num_of_epochs": 10, "learning_rate": 0.0001, "training_ds_fpath": "_train_9_4", "first_token_val_accuracy": [0.0, 0.0, 0.0, 0.0, 0.0, 0.008469945751130581, 0.19330601394176483, 0.6043716073036194, 0.6928961873054504, 0.7019125819206238], "all_token_val_accuracy": [0.0, 0.0, 0.0, 0.0, 0.0, 0.008469945751130581, 0.19330601394176483, 0.6043716073036194, 0.6928961873054504, 0.7019125819206238]}}