{"airline_train_1_16": {"num_of_epochs": 40, "learning_rate": 0.001, "training_ds_fpath": "_train_1_16", "first_token_val_accuracy": [0.6752732396125793, 0.7577868700027466, 0.5935792326927185, 0.6978142261505127, 0.7129781246185303, 0.7528688311576843, 0.7427595853805542, 0.7478141784667969, 0.6643442511558533, 0.758743166923523, 0.5937158465385437, 0.708743155002594, 0.5939890742301941, 0.6837431788444519, 0.647267758846283, 0.7072404623031616, 0.7377049326896667, 0.7387978434562683, 0.7180327773094177, 0.7143442630767822, 0.7140710353851318, 0.714207649230957, 0.7147541046142578, 0.715573787689209, 0.7153005599975586, 0.7146174907684326, 0.7140710353851318, 0.7143442630767822, 0.714890718460083, 0.7147541046142578, 0.7147541046142578, 0.7137978076934814, 0.7140710353851318, 0.714207649230957, 0.7143442630767822, 0.7143442630767822, 0.7157104015350342, 0.7158470153808594, 0.7150273323059082, 0.7144808769226074], "all_token_val_accuracy": [0.6752732396125793, 0.7577868700027466, 0.5935792326927185, 0.6978142261505127, 0.7129781246185303, 0.7528688311576843, 0.7427595853805542, 0.7478141784667969, 0.6643442511558533, 0.758743166923523, 0.5937158465385437, 0.708743155002594, 0.5939890742301941, 0.6837431788444519, 0.647267758846283, 0.7072404623031616, 0.7377049326896667, 0.7387978434562683, 0.7180327773094177, 0.7143442630767822, 0.7140710353851318, 0.714207649230957, 0.7147541046142578, 0.715573787689209, 0.7153005599975586, 0.7146174907684326, 0.7140710353851318, 0.7143442630767822, 0.714890718460083, 0.7147541046142578, 0.7147541046142578, 0.7137978076934814, 0.7140710353851318, 0.714207649230957, 0.7143442630767822, 0.7143442630767822, 0.7157104015350342, 0.7158470153808594, 0.7150273323059082, 0.7144808769226074]}}