{"airline_train_2_8": {"num_of_epochs": 5, "learning_rate": 0.001, "training_ds_fpath": "_train_2_8", "first_token_val_accuracy": [0.20942622423171997, 0.6327868700027466, 0.44316938519477844, 0.5183060169219971, 0.7147541046142578], "all_token_val_accuracy": [0.20942622423171997, 0.6327868700027466, 0.44316938519477844, 0.5183060169219971, 0.7147541046142578]}}