{"airline_train_8_4": {"num_of_epochs": 10, "learning_rate": 0.001, "training_ds_fpath": "_train_8_4", "first_token_val_accuracy": [0.5693988800048828, 0.632377028465271, 0.3464480936527252, 0.43852460384368896, 0.4676229655742645, 0.5383879542350769, 0.5226776003837585, 0.40450820326805115, 0.40519124269485474, 0.44617486000061035], "all_token_val_accuracy": [0.5693988800048828, 0.632377028465271, 0.3464480936527252, 0.43852460384368896, 0.4676229655742645, 0.5383879542350769, 0.5226776003837585, 0.40450820326805115, 0.40519124269485474, 0.44617486000061035]}}