{"airline_train_1_4": {"num_of_epochs": 20, "learning_rate": 0.0001, "training_ds_fpath": "_train_1_4", "first_token_val_accuracy": [0.0, 0.0, 0.0, 0.0, 0.0, 0.0009562841732986271, 0.05273224040865898, 0.589890718460083, 0.6934426426887512, 0.6706284284591675, 0.6560109257698059, 0.6685792207717896, 0.6620218753814697, 0.5474043488502502, 0.4659835994243622, 0.5245901346206665, 0.5598360896110535, 0.6265027523040771, 0.6401639580726624, 0.6288251280784607], "all_token_val_accuracy": [0.0, 0.0, 0.0, 0.0, 0.0, 0.0009562841732986271, 0.05273224040865898, 0.589890718460083, 0.6934426426887512, 0.6706284284591675, 0.6560109257698059, 0.6685792207717896, 0.6620218753814697, 0.5474043488502502, 0.4659835994243622, 0.5245901346206665, 0.5598360896110535, 0.6265027523040771, 0.6401639580726624, 0.6288251280784607]}}