{"airline_train_5_32": {"num_of_epochs": 50, "learning_rate": 0.0001, "training_ds_fpath": "_train_5_32", "first_token_val_accuracy": [0.09439890831708908, 0.7073770761489868, 0.6898906826972961, 0.7243169546127319, 0.6767759323120117, 0.6292349696159363, 0.6654371619224548, 0.6928961873054504, 0.6765027046203613, 0.6284152865409851, 0.6833333373069763, 0.7077868580818176, 0.7096994519233704, 0.6540983319282532, 0.701366126537323, 0.6903005242347717, 0.6252732276916504, 0.6905737519264221, 0.7084699273109436, 0.6640710234642029, 0.6434426307678223, 0.7181693911552429, 0.6684426069259644, 0.6523224115371704, 0.7081966996192932, 0.7065573930740356, 0.6799180507659912, 0.7289617657661438, 0.7057377099990845, 0.6777322292327881, 0.6815573573112488, 0.7086065411567688, 0.7083333134651184, 0.6851093173027039, 0.7245901823043823, 0.730327844619751, 0.7233606576919556, 0.7040983438491821, 0.714890718460083, 0.7102459073066711, 0.7112022042274475, 0.7025956511497498, 0.714890718460083, 0.6775956153869629, 0.6946721076965332, 0.7207650542259216, 0.7177595496177673, 0.7120218873023987, 0.70942622423172, 0.7107923626899719], "all_token_val_accuracy": [0.09439890831708908, 0.7073770761489868, 0.6898906826972961, 0.7243169546127319, 0.6767759323120117, 0.6292349696159363, 0.6654371619224548, 0.6928961873054504, 0.6765027046203613, 0.6284152865409851, 0.6833333373069763, 0.7077868580818176, 0.7096994519233704, 0.6540983319282532, 0.701366126537323, 0.6903005242347717, 0.6252732276916504, 0.6905737519264221, 0.7084699273109436, 0.6640710234642029, 0.6434426307678223, 0.7181693911552429, 0.6684426069259644, 0.6523224115371704, 0.7081966996192932, 0.7065573930740356, 0.6799180507659912, 0.7289617657661438, 0.7057377099990845, 0.6777322292327881, 0.6815573573112488, 0.7086065411567688, 0.7083333134651184, 0.6851093173027039, 0.7245901823043823, 0.730327844619751, 0.7233606576919556, 0.7040983438491821, 0.714890718460083, 0.7102459073066711, 0.7112022042274475, 0.7025956511497498, 0.714890718460083, 0.6775956153869629, 0.6946721076965332, 0.7207650542259216, 0.7177595496177673, 0.7120218873023987, 0.70942622423172, 0.7107923626899719]}}