{"airline_train_8_32": {"num_of_epochs": 10, "learning_rate": 0.0005, "training_ds_fpath": "_train_8_32", "first_token_val_accuracy": [0.7427595853805542, 0.6448087692260742, 0.7009562849998474, 0.7751365900039673, 0.7476776242256165, 0.6741803288459778, 0.748633861541748, 0.7147541046142578, 0.7286885380744934, 0.6974043846130371], "all_token_val_accuracy": [0.7427595853805542, 0.6448087692260742, 0.7009562849998474, 0.7751365900039673, 0.7476776242256165, 0.6741803288459778, 0.748633861541748, 0.7147541046142578, 0.7286885380744934, 0.6974043846130371]}}