{"airline_train_4_32": {"num_of_epochs": 10, "learning_rate": 0.0005, "training_ds_fpath": "_train_4_32", "first_token_val_accuracy": [0.7214480638504028, 0.5658469796180725, 0.6827868819236755, 0.6975409984588623, 0.7308743000030518, 0.742622971534729, 0.7613387703895569, 0.7273223996162415, 0.7099726796150208, 0.7247267961502075], "all_token_val_accuracy": [0.7214480638504028, 0.5658469796180725, 0.6827868819236755, 0.6975409984588623, 0.7308743000030518, 0.742622971534729, 0.7613387703895569, 0.7273223996162415, 0.7099726796150208, 0.7247267961502075]}}