{"airline_train_6_16": {"num_of_epochs": 10, "learning_rate": 0.0005, "training_ds_fpath": "_train_6_16", "first_token_val_accuracy": [0.7031420469284058, 0.539890706539154, 0.7113388180732727, 0.6009562611579895, 0.693306028842926, 0.6636611819267273, 0.6622951030731201, 0.6475409865379333, 0.6715847253799438, 0.6773223876953125], "all_token_val_accuracy": [0.7031420469284058, 0.539890706539154, 0.7113388180732727, 0.6009562611579895, 0.693306028842926, 0.6636611819267273, 0.6622951030731201, 0.6475409865379333, 0.6715847253799438, 0.6773223876953125]}}