{"airline_train_1_16": {"num_of_epochs": 30, "learning_rate": 1e-05, "training_ds_fpath": "_train_1_16", "first_token_val_accuracy": [0.0, 0.0, 0.0, 0.0, 0.0, 0.0, 0.0, 0.0, 0.0, 0.0, 0.0, 0.0, 0.0, 0.0, 0.00013661202683579177, 0.00040983606595546007, 0.0013661201810464263, 0.005874317139387131, 0.02117486298084259, 0.09521857649087906, 0.28975409269332886, 0.529644787311554, 0.6438524723052979, 0.6777322292327881, 0.6892076730728149, 0.6863387823104858, 0.6882513761520386, 0.689754068851471, 0.6920765042304993, 0.6938524842262268], "all_token_val_accuracy": [0.0, 0.0, 0.0, 0.0, 0.0, 0.0, 0.0, 0.0, 0.0, 0.0, 0.0, 0.0, 0.0, 0.0, 0.00013661202683579177, 0.00040983606595546007, 0.0013661201810464263, 0.005874317139387131, 0.02117486298084259, 0.09521857649087906, 0.28975409269332886, 0.529644787311554, 0.6438524723052979, 0.6777322292327881, 0.6892076730728149, 0.6863387823104858, 0.6882513761520386, 0.689754068851471, 0.6920765042304993, 0.6938524842262268]}}