{"airline_train_8_4": {"num_of_epochs": 20, "learning_rate": 0.0001, "training_ds_fpath": "_train_8_4", "first_token_val_accuracy": [0.0, 0.0, 0.0, 0.0, 0.0, 0.0010928962146863341, 0.011612022295594215, 0.20245902240276337, 0.6039617657661438, 0.6680327653884888, 0.6639344096183777, 0.6709016561508179, 0.6883879899978638, 0.6893442869186401, 0.6875683069229126, 0.6618852615356445, 0.5799180269241333, 0.564754068851471, 0.616939902305603, 0.6185792088508606], "all_token_val_accuracy": [0.0, 0.0, 0.0, 0.0, 0.0, 0.0010928962146863341, 0.011612022295594215, 0.20245902240276337, 0.6039617657661438, 0.6680327653884888, 0.6639344096183777, 0.6709016561508179, 0.6883879899978638, 0.6893442869186401, 0.6875683069229126, 0.6618852615356445, 0.5799180269241333, 0.564754068851471, 0.616939902305603, 0.6185792088508606]}}