{"airline_train_7_16": {"num_of_epochs": 5, "learning_rate": 0.0005, "training_ds_fpath": "_train_7_16", "first_token_val_accuracy": [0.22636611759662628, 0.5430327653884888, 0.7012295126914978, 0.7096994519233704, 0.6920765042304993], "all_token_val_accuracy": [0.22636611759662628, 0.5430327653884888, 0.7012295126914978, 0.7096994519233704, 0.6920765042304993]}}