{"airline_train_2_16": {"num_of_epochs": 30, "learning_rate": 0.0001, "training_ds_fpath": "_train_2_16", "first_token_val_accuracy": [0.0, 0.5658469796180725, 0.7040983438491821, 0.46366119384765625, 0.6393442749977112, 0.6758196949958801, 0.5948087573051453, 0.6493169665336609, 0.6766393184661865, 0.6423497200012207, 0.6368852257728577, 0.5696721076965332, 0.6666666865348816, 0.6199453473091125, 0.604781448841095, 0.6758196949958801, 0.645218551158905, 0.6844262480735779, 0.6814207434654236, 0.7021858096122742, 0.6445355415344238, 0.6782786846160889, 0.6786885261535645, 0.6811475157737732, 0.6822404265403748, 0.6647540926933289, 0.702732264995575, 0.6685792207717896, 0.6733606457710266, 0.7088797688484192], "all_token_val_accuracy": [0.0, 0.5658469796180725, 0.7040983438491821, 0.46366119384765625, 0.6393442749977112, 0.6758196949958801, 0.5948087573051453, 0.6493169665336609, 0.6766393184661865, 0.6423497200012207, 0.6368852257728577, 0.5696721076965332, 0.6666666865348816, 0.6199453473091125, 0.604781448841095, 0.6758196949958801, 0.645218551158905, 0.6844262480735779, 0.6814207434654236, 0.7021858096122742, 0.6445355415344238, 0.6782786846160889, 0.6786885261535645, 0.6811475157737732, 0.6822404265403748, 0.6647540926933289, 0.702732264995575, 0.6685792207717896, 0.6733606457710266, 0.7088797688484192]}}