{"airline_train_7_32": {"num_of_epochs": 50, "learning_rate": 1e-05, "training_ds_fpath": "_train_7_32", "first_token_val_accuracy": [0.0, 0.0, 0.0, 0.0, 0.0, 0.0, 0.00027322405367158353, 0.004918032791465521, 0.11393442749977112, 0.5807377099990845, 0.6834699511528015, 0.6806011199951172, 0.6830601096153259, 0.6877049207687378, 0.7019125819206238, 0.7113388180732727, 0.7166666388511658, 0.6946721076965332, 0.6319671869277954, 0.6551912426948547, 0.5978142023086548, 0.5739070773124695, 0.6525956392288208, 0.6531420946121216, 0.633743166923523, 0.6105191111564636, 0.6015027165412903, 0.5980874300003052, 0.6244535446166992, 0.5868852734565735, 0.6416666507720947, 0.646584689617157, 0.6497267484664917, 0.6021857857704163, 0.6650273203849792, 0.6792349815368652, 0.702049195766449, 0.6808742880821228, 0.7039617300033569, 0.6672131419181824, 0.6595628261566162, 0.6598360538482666, 0.672950804233551, 0.679781436920166, 0.6979508399963379, 0.6967213153839111, 0.6842896342277527, 0.6848360896110535, 0.6991803050041199, 0.6644808650016785], "all_token_val_accuracy": [0.0, 0.0, 0.0, 0.0, 0.0, 0.0, 0.00027322405367158353, 0.004918032791465521, 0.11393442749977112, 0.5807377099990845, 0.6834699511528015, 0.6806011199951172, 0.6830601096153259, 0.6877049207687378, 0.7019125819206238, 0.7113388180732727, 0.7166666388511658, 0.6946721076965332, 0.6319671869277954, 0.6551912426948547, 0.5978142023086548, 0.5739070773124695, 0.6525956392288208, 0.6531420946121216, 0.633743166923523, 0.6105191111564636, 0.6015027165412903, 0.5980874300003052, 0.6244535446166992, 0.5868852734565735, 0.6416666507720947, 0.646584689617157, 0.6497267484664917, 0.6021857857704163, 0.6650273203849792, 0.6792349815368652, 0.702049195766449, 0.6808742880821228, 0.7039617300033569, 0.6672131419181824, 0.6595628261566162, 0.6598360538482666, 0.672950804233551, 0.679781436920166, 0.6979508399963379, 0.6967213153839111, 0.6842896342277527, 0.6848360896110535, 0.6991803050041199, 0.6644808650016785]}}