{"airline_train_8_16": {"num_of_epochs": 40, "learning_rate": 0.001, "training_ds_fpath": "_train_8_16", "first_token_val_accuracy": [0.2856557369232178, 0.4592896103858948, 0.7349726557731628, 0.7270491719245911, 0.6480874419212341, 0.7143442630767822, 0.7015027403831482, 0.7475410103797913, 0.7128415107727051, 0.6739071011543274, 0.695218563079834, 0.7120218873023987, 0.7139344215393066, 0.7129781246185303, 0.7077868580818176, 0.7058743238449097, 0.7039617300033569, 0.7049180269241333, 0.7040983438491821, 0.7045081853866577, 0.707513689994812, 0.7092896103858948, 0.6928961873054504, 0.6907103657722473, 0.7072404623031616, 0.7091529965400696, 0.7110655903816223, 0.7133879661560059, 0.7128415107727051, 0.7121584415435791, 0.7125682830810547, 0.7139344215393066, 0.714207649230957, 0.714890718460083, 0.7136611938476562, 0.713524580001831, 0.7136611938476562, 0.7129781246185303, 0.7106557488441467, 0.7117486596107483], "all_token_val_accuracy": [0.2856557369232178, 0.4592896103858948, 0.7349726557731628, 0.7270491719245911, 0.6480874419212341, 0.7143442630767822, 0.7015027403831482, 0.7475410103797913, 0.7128415107727051, 0.6739071011543274, 0.695218563079834, 0.7120218873023987, 0.7139344215393066, 0.7129781246185303, 0.7077868580818176, 0.7058743238449097, 0.7039617300033569, 0.7049180269241333, 0.7040983438491821, 0.7045081853866577, 0.707513689994812, 0.7092896103858948, 0.6928961873054504, 0.6907103657722473, 0.7072404623031616, 0.7091529965400696, 0.7110655903816223, 0.7133879661560059, 0.7128415107727051, 0.7121584415435791, 0.7125682830810547, 0.7139344215393066, 0.714207649230957, 0.714890718460083, 0.7136611938476562, 0.713524580001831, 0.7136611938476562, 0.7129781246185303, 0.7106557488441467, 0.7117486596107483]}}