{"airline_train_1_8": {"num_of_epochs": 10, "learning_rate": 0.001, "training_ds_fpath": "_train_1_8", "first_token_val_accuracy": [0.624316930770874, 0.6639344096183777, 0.639890730381012, 0.7204918265342712, 0.7061475515365601, 0.6788251399993896, 0.7237704992294312, 0.7010928988456726, 0.6930328011512756, 0.6953551769256592], "all_token_val_accuracy": [0.624316930770874, 0.6639344096183777, 0.639890730381012, 0.7204918265342712, 0.7061475515365601, 0.6788251399993896, 0.7237704992294312, 0.7010928988456726, 0.6930328011512756, 0.6953551769256592]}}