{"airline_train_8_32": {"num_of_epochs": 30, "learning_rate": 1e-05, "training_ds_fpath": "_train_8_32", "first_token_val_accuracy": [0.0, 0.0, 0.0, 0.0, 0.0, 0.0, 0.00013661202683579177, 0.004508196841925383, 0.09849726408720016, 0.5728142261505127, 0.6659836173057556, 0.6698087453842163, 0.6700819730758667, 0.6808742880821228, 0.688524603843689, 0.6987704634666443, 0.7016393542289734, 0.7102459073066711, 0.6965847015380859, 0.6918032765388489, 0.6987704634666443, 0.693989098072052, 0.6748633980751038, 0.6860655546188354, 0.7036885023117065, 0.6915300488471985, 0.6840164065361023, 0.702732264995575, 0.7120218873023987, 0.7045081853866577], "all_token_val_accuracy": [0.0, 0.0, 0.0, 0.0, 0.0, 0.0, 0.00013661202683579177, 0.004508196841925383, 0.09849726408720016, 0.5728142261505127, 0.6659836173057556, 0.6698087453842163, 0.6700819730758667, 0.6808742880821228, 0.688524603843689, 0.6987704634666443, 0.7016393542289734, 0.7102459073066711, 0.6965847015380859, 0.6918032765388489, 0.6987704634666443, 0.693989098072052, 0.6748633980751038, 0.6860655546188354, 0.7036885023117065, 0.6915300488471985, 0.6840164065361023, 0.702732264995575, 0.7120218873023987, 0.7045081853866577]}}