{"airline_train_4_32": {"num_of_epochs": 50, "learning_rate": 0.001, "training_ds_fpath": "_train_4_32", "first_token_val_accuracy": [0.6943988800048828, 0.6775956153869629, 0.687841534614563, 0.6618852615356445, 0.5306010842323303, 0.6997267603874207, 0.6924863457679749, 0.6818305850028992, 0.6142076253890991, 0.723633885383606, 0.6796448230743408, 0.6684426069259644, 0.6460382342338562, 0.7040983438491821, 0.7188524603843689, 0.7060109376907349, 0.6995901465415955, 0.7262294888496399, 0.6758196949958801, 0.6307377219200134, 0.5366120338439941, 0.6576502919197083, 0.5233606696128845, 0.5024589896202087, 0.49112021923065186, 0.710109293460846, 0.7079234719276428, 0.6692622900009155, 0.6288251280784607, 0.7060109376907349, 0.633060097694397, 0.6490437388420105, 0.6650273203849792, 0.6666666865348816, 0.6979508399963379, 0.6908469796180725, 0.5816940069198608, 0.6918032765388489, 0.6949453353881836, 0.6807377338409424, 0.6886612176895142, 0.6306011080741882, 0.6349726915359497, 0.6413934230804443, 0.643989086151123, 0.3898907005786896, 0.7015027403831482, 0.6191256642341614, 0.5459016561508179, 0.596584677696228], "all_token_val_accuracy": [0.6943988800048828, 0.6775956153869629, 0.687841534614563, 0.6618852615356445, 0.5306010842323303, 0.6997267603874207, 0.6924863457679749, 0.6818305850028992, 0.6142076253890991, 0.723633885383606, 0.6796448230743408, 0.6684426069259644, 0.6460382342338562, 0.7040983438491821, 0.7188524603843689, 0.7060109376907349, 0.6995901465415955, 0.7262294888496399, 0.6758196949958801, 0.6307377219200134, 0.5366120338439941, 0.6576502919197083, 0.5233606696128845, 0.5024589896202087, 0.49112021923065186, 0.710109293460846, 0.7079234719276428, 0.6692622900009155, 0.6288251280784607, 0.7060109376907349, 0.633060097694397, 0.6490437388420105, 0.6650273203849792, 0.6666666865348816, 0.6979508399963379, 0.6908469796180725, 0.5816940069198608, 0.6918032765388489, 0.6949453353881836, 0.6807377338409424, 0.6886612176895142, 0.6306011080741882, 0.6349726915359497, 0.6413934230804443, 0.643989086151123, 0.3898907005786896, 0.7015027403831482, 0.6191256642341614, 0.5459016561508179, 0.596584677696228]}}