{"airline_train_5_4": {"num_of_epochs": 50, "learning_rate": 0.0005, "training_ds_fpath": "_train_5_4", "first_token_val_accuracy": [0.00013661202683579177, 0.6572404503822327, 0.6367486119270325, 0.43661201000213623, 0.5140710473060608, 0.666256844997406, 0.5631147623062134, 0.6405737996101379, 0.695218563079834, 0.6831967234611511, 0.6487705111503601, 0.6039617657661438, 0.570218563079834, 0.5607923269271851, 0.5840163826942444, 0.6116120219230652, 0.6322404146194458, 0.6448087692260742, 0.6475409865379333, 0.646584689617157, 0.6454917788505554, 0.6437158584594727, 0.6338797807693481, 0.6244535446166992, 0.6228141784667969, 0.6036885380744934, 0.5922130942344666, 0.5871584415435791, 0.6230874061584473, 0.6409835815429688, 0.6912568211555481, 0.6983606815338135, 0.6803278923034668, 0.6498633623123169, 0.6080601215362549, 0.58442622423172, 0.5755464434623718, 0.57090163230896, 0.5806010961532593, 0.5968579053878784, 0.6068305969238281, 0.6193988919258118, 0.6072404384613037, 0.6035519242286682, 0.6418032646179199, 0.646584689617157, 0.6586065292358398, 0.6603825092315674, 0.6596994400024414, 0.6693989038467407], "all_token_val_accuracy": [0.00013661202683579177, 0.6572404503822327, 0.6367486119270325, 0.43661201000213623, 0.5140710473060608, 0.666256844997406, 0.5631147623062134, 0.6405737996101379, 0.695218563079834, 0.6831967234611511, 0.6487705111503601, 0.6039617657661438, 0.570218563079834, 0.5607923269271851, 0.5840163826942444, 0.6116120219230652, 0.6322404146194458, 0.6448087692260742, 0.6475409865379333, 0.646584689617157, 0.6454917788505554, 0.6437158584594727, 0.6338797807693481, 0.6244535446166992, 0.6228141784667969, 0.6036885380744934, 0.5922130942344666, 0.5871584415435791, 0.6230874061584473, 0.6409835815429688, 0.6912568211555481, 0.6983606815338135, 0.6803278923034668, 0.6498633623123169, 0.6080601215362549, 0.58442622423172, 0.5755464434623718, 0.57090163230896, 0.5806010961532593, 0.5968579053878784, 0.6068305969238281, 0.6193988919258118, 0.6072404384613037, 0.6035519242286682, 0.6418032646179199, 0.646584689617157, 0.6586065292358398, 0.6603825092315674, 0.6596994400024414, 0.6693989038467407]}}