{"airline_train_5_8": {"num_of_epochs": 50, "learning_rate": 0.0005, "training_ds_fpath": "_train_5_8", "first_token_val_accuracy": [0.6860655546188354, 0.28346994519233704, 0.6377049088478088, 0.6862021684646606, 0.5151639580726624, 0.7230874300003052, 0.7271857857704163, 0.585109293460846, 0.7286885380744934, 0.7362021803855896, 0.7322404384613037, 0.730327844619751, 0.702732264995575, 0.6826502680778503, 0.7039617300033569, 0.7118852734565735, 0.7295082211494446, 0.7307376861572266, 0.7304644584655762, 0.7286885380744934, 0.728415310382843, 0.7292349934577942, 0.7069672346115112, 0.6868852376937866, 0.6963114738464355, 0.735792338848114, 0.7023224234580994, 0.7121584415435791, 0.7243169546127319, 0.7271857857704163, 0.7299180030822754, 0.7362021803855896, 0.7405737638473511, 0.7416666746139526, 0.7404371500015259, 0.7418032884597778, 0.7428961992263794, 0.7428961992263794, 0.7415300607681274, 0.7413934469223022, 0.7415300607681274, 0.7415300607681274, 0.7387978434562683, 0.7368852496147156, 0.7334699630737305, 0.7340164184570312, 0.7327868938446045, 0.7329235076904297, 0.7346994280815125, 0.7348360419273376], "all_token_val_accuracy": [0.6860655546188354, 0.28346994519233704, 0.6377049088478088, 0.6862021684646606, 0.5151639580726624, 0.7230874300003052, 0.7271857857704163, 0.585109293460846, 0.7286885380744934, 0.7362021803855896, 0.7322404384613037, 0.730327844619751, 0.702732264995575, 0.6826502680778503, 0.7039617300033569, 0.7118852734565735, 0.7295082211494446, 0.7307376861572266, 0.7304644584655762, 0.7286885380744934, 0.728415310382843, 0.7292349934577942, 0.7069672346115112, 0.6868852376937866, 0.6963114738464355, 0.735792338848114, 0.7023224234580994, 0.7121584415435791, 0.7243169546127319, 0.7271857857704163, 0.7299180030822754, 0.7362021803855896, 0.7405737638473511, 0.7416666746139526, 0.7404371500015259, 0.7418032884597778, 0.7428961992263794, 0.7428961992263794, 0.7415300607681274, 0.7413934469223022, 0.7415300607681274, 0.7415300607681274, 0.7387978434562683, 0.7368852496147156, 0.7334699630737305, 0.7340164184570312, 0.7327868938446045, 0.7329235076904297, 0.7346994280815125, 0.7348360419273376]}}