{"airline_train_2_8": {"num_of_epochs": 20, "learning_rate": 0.001, "training_ds_fpath": "_train_2_8", "first_token_val_accuracy": [0.624316930770874, 0.21338798105716705, 0.6498633623123169, 0.5845628380775452, 0.689754068851471, 0.7393442392349243, 0.7079234719276428, 0.7498633861541748, 0.602732241153717, 0.6340163946151733, 0.5374317169189453, 0.6509562730789185, 0.6718579530715942, 0.6821038126945496, 0.6766393184661865, 0.6625683307647705, 0.6506830453872681, 0.6474043726921082, 0.6504098176956177, 0.6521857976913452], "all_token_val_accuracy": [0.624316930770874, 0.21338798105716705, 0.6498633623123169, 0.5845628380775452, 0.689754068851471, 0.7393442392349243, 0.7079234719276428, 0.7498633861541748, 0.602732241153717, 0.6340163946151733, 0.5374317169189453, 0.6509562730789185, 0.6718579530715942, 0.6821038126945496, 0.6766393184661865, 0.6625683307647705, 0.6506830453872681, 0.6474043726921082, 0.6504098176956177, 0.6521857976913452]}}