{"airline_train_2_32": {"num_of_epochs": 50, "learning_rate": 0.001, "training_ds_fpath": "_train_2_32", "first_token_val_accuracy": [0.6602458953857422, 0.7631147503852844, 0.5904371738433838, 0.7543715834617615, 0.6467213034629822, 0.7446721196174622, 0.6881147623062134, 0.744535505771637, 0.6292349696159363, 0.7331967353820801, 0.6362021565437317, 0.7226775884628296, 0.6781420707702637, 0.5795081853866577, 0.6721311211585999, 0.6819671988487244, 0.7002732157707214, 0.6983606815338135, 0.6978142261505127, 0.6943988800048828, 0.6922131180763245, 0.6918032765388489, 0.6948087215423584, 0.6915300488471985, 0.6911202073097229, 0.6927595734596252, 0.6904371380805969, 0.6903005242347717, 0.6904371380805969, 0.6904371380805969, 0.6916666626930237, 0.6913934350013733, 0.6912568211555481, 0.6919398903846741, 0.6916666626930237, 0.6918032765388489, 0.6919398903846741, 0.6920765042304993, 0.6927595734596252, 0.6924863457679749, 0.693306028842926, 0.6926229596138, 0.6829234957695007, 0.6718579530715942, 0.671721339225769, 0.6867486238479614, 0.6872950792312622, 0.6868852376937866, 0.6863387823104858, 0.6868852376937866], "all_token_val_accuracy": [0.6602458953857422, 0.7631147503852844, 0.5904371738433838, 0.7543715834617615, 0.6467213034629822, 0.7446721196174622, 0.6881147623062134, 0.744535505771637, 0.6292349696159363, 0.7331967353820801, 0.6362021565437317, 0.7226775884628296, 0.6781420707702637, 0.5795081853866577, 0.6721311211585999, 0.6819671988487244, 0.7002732157707214, 0.6983606815338135, 0.6978142261505127, 0.6943988800048828, 0.6922131180763245, 0.6918032765388489, 0.6948087215423584, 0.6915300488471985, 0.6911202073097229, 0.6927595734596252, 0.6904371380805969, 0.6903005242347717, 0.6904371380805969, 0.6904371380805969, 0.6916666626930237, 0.6913934350013733, 0.6912568211555481, 0.6919398903846741, 0.6916666626930237, 0.6918032765388489, 0.6919398903846741, 0.6920765042304993, 0.6927595734596252, 0.6924863457679749, 0.693306028842926, 0.6926229596138, 0.6829234957695007, 0.6718579530715942, 0.671721339225769, 0.6867486238479614, 0.6872950792312622, 0.6868852376937866, 0.6863387823104858, 0.6868852376937866]}}