{"airline_train_8_4": {"num_of_epochs": 5, "learning_rate": 0.001, "training_ds_fpath": "_train_8_4", "first_token_val_accuracy": [0.19330601394176483, 0.699999988079071, 0.3439890742301941, 0.4657103717327118, 0.6170765161514282], "all_token_val_accuracy": [0.19330601394176483, 0.699999988079071, 0.3439890742301941, 0.4657103717327118, 0.6170765161514282]}}