{"airline_train_3_32": {"num_of_epochs": 20, "learning_rate": 0.001, "training_ds_fpath": "_train_3_32", "first_token_val_accuracy": [0.6949453353881836, 0.6928961873054504, 0.6571038365364075, 0.7064207792282104, 0.6336065530776978, 0.7459016442298889, 0.7453551888465881, 0.722267746925354, 0.7556011080741882, 0.6980874538421631, 0.7374317049980164, 0.7424863576889038, 0.751366138458252, 0.7558743357658386, 0.7550546526908875, 0.7527322173118591, 0.7599726915359497, 0.6062841415405273, 0.6185792088508606, 0.7009562849998474], "all_token_val_accuracy": [0.6949453353881836, 0.6928961873054504, 0.6571038365364075, 0.7064207792282104, 0.6336065530776978, 0.7459016442298889, 0.7453551888465881, 0.722267746925354, 0.7556011080741882, 0.6980874538421631, 0.7374317049980164, 0.7424863576889038, 0.751366138458252, 0.7558743357658386, 0.7550546526908875, 0.7527322173118591, 0.7599726915359497, 0.6062841415405273, 0.6185792088508606, 0.7009562849998474]}}