{"airline_train_7_8": {"num_of_epochs": 40, "learning_rate": 0.0005, "training_ds_fpath": "_train_7_8", "first_token_val_accuracy": [0.3991803228855133, 0.4790983498096466, 0.5989071130752563, 0.5816940069198608, 0.689754068851471, 0.6002732515335083, 0.6012294888496399, 0.6538251638412476, 0.6596994400024414, 0.588524580001831, 0.6158469915390015, 0.6725409626960754, 0.6512295007705688, 0.6234972476959229, 0.6267759799957275, 0.6314207911491394, 0.6420764923095703, 0.6457650065422058, 0.6155737638473511, 0.6129781603813171, 0.6483606696128845, 0.6732240319252014, 0.6801912784576416, 0.6811475157737732, 0.6751366257667542, 0.6618852615356445, 0.6591529846191406, 0.6479508280754089, 0.6493169665336609, 0.651366114616394, 0.6542349457740784, 0.6840164065361023, 0.687841534614563, 0.688524603843689, 0.6836065649986267, 0.6825136542320251, 0.6781420707702637, 0.6739071011543274, 0.6677595376968384, 0.6562841534614563], "all_token_val_accuracy": [0.3991803228855133, 0.4790983498096466, 0.5989071130752563, 0.5816940069198608, 0.689754068851471, 0.6002732515335083, 0.6012294888496399, 0.6538251638412476, 0.6596994400024414, 0.588524580001831, 0.6158469915390015, 0.6725409626960754, 0.6512295007705688, 0.6234972476959229, 0.6267759799957275, 0.6314207911491394, 0.6420764923095703, 0.6457650065422058, 0.6155737638473511, 0.6129781603813171, 0.6483606696128845, 0.6732240319252014, 0.6801912784576416, 0.6811475157737732, 0.6751366257667542, 0.6618852615356445, 0.6591529846191406, 0.6479508280754089, 0.6493169665336609, 0.651366114616394, 0.6542349457740784, 0.6840164065361023, 0.687841534614563, 0.688524603843689, 0.6836065649986267, 0.6825136542320251, 0.6781420707702637, 0.6739071011543274, 0.6677595376968384, 0.6562841534614563]}}