{"airline_train_4_32": {"num_of_epochs": 30, "learning_rate": 0.0001, "training_ds_fpath": "_train_4_32", "first_token_val_accuracy": [0.5784152746200562, 0.416256844997406, 0.6627049446105957, 0.737158477306366, 0.7039617300033569, 0.713524580001831, 0.6900272965431213, 0.702049195766449, 0.7605191469192505, 0.7329235076904297, 0.7219945192337036, 0.7081966996192932, 0.7590163946151733, 0.7209016680717468, 0.7434425950050354, 0.7352458834648132, 0.6975409984588623, 0.7588797807693481, 0.7468579411506653, 0.7545081973075867, 0.6407103538513184, 0.7077868580818176, 0.7053278684616089, 0.7378415465354919, 0.7128415107727051, 0.7187158465385437, 0.7240437269210815, 0.7114754319190979, 0.7206284403800964, 0.7367486357688904], "all_token_val_accuracy": [0.5784152746200562, 0.416256844997406, 0.6627049446105957, 0.737158477306366, 0.7039617300033569, 0.713524580001831, 0.6900272965431213, 0.702049195766449, 0.7605191469192505, 0.7329235076904297, 0.7219945192337036, 0.7081966996192932, 0.7590163946151733, 0.7209016680717468, 0.7434425950050354, 0.7352458834648132, 0.6975409984588623, 0.7588797807693481, 0.7468579411506653, 0.7545081973075867, 0.6407103538513184, 0.7077868580818176, 0.7053278684616089, 0.7378415465354919, 0.7128415107727051, 0.7187158465385437, 0.7240437269210815, 0.7114754319190979, 0.7206284403800964, 0.7367486357688904]}}