{"airline_train_1_16": {"num_of_epochs": 20, "learning_rate": 0.0005, "training_ds_fpath": "_train_1_16", "first_token_val_accuracy": [0.7015027403831482, 0.7058743238449097, 0.7133879661560059, 0.7401639223098755, 0.7196721434593201, 0.7386612296104431, 0.729098379611969, 0.7400273084640503, 0.7442622780799866, 0.749316930770874, 0.7441256642341614, 0.7386612296104431, 0.7442622780799866, 0.7428961992263794, 0.7416666746139526, 0.5618852376937866, 0.7125682830810547, 0.713524580001831, 0.7187158465385437, 0.7183060050010681], "all_token_val_accuracy": [0.7015027403831482, 0.7058743238449097, 0.7133879661560059, 0.7401639223098755, 0.7196721434593201, 0.7386612296104431, 0.729098379611969, 0.7400273084640503, 0.7442622780799866, 0.749316930770874, 0.7441256642341614, 0.7386612296104431, 0.7442622780799866, 0.7428961992263794, 0.7416666746139526, 0.5618852376937866, 0.7125682830810547, 0.713524580001831, 0.7187158465385437, 0.7183060050010681]}}