{"airline_train_4_4": {"num_of_epochs": 20, "learning_rate": 0.0001, "training_ds_fpath": "_train_4_4", "first_token_val_accuracy": [0.0, 0.0, 0.0, 0.0, 0.00040983606595546007, 0.05273224040865898, 0.4203552007675171, 0.6700819730758667, 0.6484972834587097, 0.6489071249961853, 0.660792350769043, 0.6834699511528015, 0.6673497557640076, 0.5415300726890564, 0.4340164065361023, 0.4334699511528015, 0.5034152865409851, 0.5538251399993896, 0.5939890742301941, 0.5684426426887512], "all_token_val_accuracy": [0.0, 0.0, 0.0, 0.0, 0.00040983606595546007, 0.05273224040865898, 0.4203552007675171, 0.6700819730758667, 0.6484972834587097, 0.6489071249961853, 0.660792350769043, 0.6834699511528015, 0.6673497557640076, 0.5415300726890564, 0.4340164065361023, 0.4334699511528015, 0.5034152865409851, 0.5538251399993896, 0.5939890742301941, 0.5684426426887512]}}