{"airline_train_1_8": {"num_of_epochs": 40, "learning_rate": 0.0005, "training_ds_fpath": "_train_1_8", "first_token_val_accuracy": [0.6510928869247437, 0.646584689617157, 0.6467213034629822, 0.5790983438491821, 0.6094262003898621, 0.6908469796180725, 0.6061475276947021, 0.6282786726951599, 0.6650273203849792, 0.6713114976882935, 0.6707650423049927, 0.6192622780799866, 0.5964480638504028, 0.6217213273048401, 0.6401639580726624, 0.6676229238510132, 0.6691256761550903, 0.6509562730789185, 0.66557377576828, 0.6165300607681274, 0.6792349815368652, 0.7120218873023987, 0.7065573930740356, 0.687841534614563, 0.6747267842292786, 0.6721311211585999, 0.6714481115341187, 0.6704918146133423, 0.6733606457710266, 0.6696721315383911, 0.654644787311554, 0.653415322303772, 0.6536885499954224, 0.6560109257698059, 0.6545081734657288, 0.6524590253829956, 0.6525956392288208, 0.6536885499954224, 0.6528688669204712, 0.6576502919197083], "all_token_val_accuracy": [0.6510928869247437, 0.646584689617157, 0.6467213034629822, 0.5790983438491821, 0.6094262003898621, 0.6908469796180725, 0.6061475276947021, 0.6282786726951599, 0.6650273203849792, 0.6713114976882935, 0.6707650423049927, 0.6192622780799866, 0.5964480638504028, 0.6217213273048401, 0.6401639580726624, 0.6676229238510132, 0.6691256761550903, 0.6509562730789185, 0.66557377576828, 0.6165300607681274, 0.6792349815368652, 0.7120218873023987, 0.7065573930740356, 0.687841534614563, 0.6747267842292786, 0.6721311211585999, 0.6714481115341187, 0.6704918146133423, 0.6733606457710266, 0.6696721315383911, 0.654644787311554, 0.653415322303772, 0.6536885499954224, 0.6560109257698059, 0.6545081734657288, 0.6524590253829956, 0.6525956392288208, 0.6536885499954224, 0.6528688669204712, 0.6576502919197083]}}