{"airline_train_2_4": {"num_of_epochs": 30, "learning_rate": 0.001, "training_ds_fpath": "_train_2_4", "first_token_val_accuracy": [0.70942622423172, 0.23524589836597443, 0.42923498153686523, 0.4266393482685089, 0.5609289407730103, 0.6303278803825378, 0.6497267484664917, 0.6558743119239807, 0.6569672226905823, 0.6560109257698059, 0.6562841534614563, 0.6612021923065186, 0.6572404503822327, 0.6561475396156311, 0.6525956392288208, 0.6502732038497925, 0.6427595615386963, 0.6321038007736206, 0.6299180388450623, 0.6349726915359497, 0.6338797807693481, 0.6327868700027466, 0.6331967115402222, 0.6310109496116638, 0.6315574049949646, 0.631147563457489, 0.6312841773033142, 0.633060097694397, 0.6355191469192505, 0.6363387703895569], "all_token_val_accuracy": [0.70942622423172, 0.23524589836597443, 0.42923498153686523, 0.4266393482685089, 0.5609289407730103, 0.6303278803825378, 0.6497267484664917, 0.6558743119239807, 0.6569672226905823, 0.6560109257698059, 0.6562841534614563, 0.6612021923065186, 0.6572404503822327, 0.6561475396156311, 0.6525956392288208, 0.6502732038497925, 0.6427595615386963, 0.6321038007736206, 0.6299180388450623, 0.6349726915359497, 0.6338797807693481, 0.6327868700027466, 0.6331967115402222, 0.6310109496116638, 0.6315574049949646, 0.631147563457489, 0.6312841773033142, 0.633060097694397, 0.6355191469192505, 0.6363387703895569]}}