{"airline_train_5_8": {"num_of_epochs": 50, "learning_rate": 0.0001, "training_ds_fpath": "_train_5_8", "first_token_val_accuracy": [0.0, 0.0, 0.0006830600905232131, 0.10013661533594131, 0.6433060169219971, 0.6430327892303467, 0.6603825092315674, 0.6968579292297363, 0.6841530203819275, 0.654644787311554, 0.6774590015411377, 0.7210382223129272, 0.6530054807662964, 0.7127048969268799, 0.7244535684585571, 0.6942622661590576, 0.7083333134651184, 0.6879781484603882, 0.707513689994812, 0.7143442630767822, 0.7183060050010681, 0.7117486596107483, 0.699999988079071, 0.7096994519233704, 0.7214480638504028, 0.7195355296134949, 0.7045081853866577, 0.6927595734596252, 0.6980874538421631, 0.7054644823074341, 0.7005464434623718, 0.703278660774231, 0.7184426188468933, 0.7060109376907349, 0.7012295126914978, 0.7250000238418579, 0.7243169546127319, 0.7240437269210815, 0.7256830334663391, 0.7267759442329407, 0.7259562611579895, 0.6531420946121216, 0.5911202430725098, 0.6911202073097229, 0.7202185988426208, 0.7200819849967957, 0.7132513523101807, 0.716803252696991, 0.7077868580818176, 0.6972677707672119], "all_token_val_accuracy": [0.0, 0.0, 0.0006830600905232131, 0.10013661533594131, 0.6433060169219971, 0.6430327892303467, 0.6603825092315674, 0.6968579292297363, 0.6841530203819275, 0.654644787311554, 0.6774590015411377, 0.7210382223129272, 0.6530054807662964, 0.7127048969268799, 0.7244535684585571, 0.6942622661590576, 0.7083333134651184, 0.6879781484603882, 0.707513689994812, 0.7143442630767822, 0.7183060050010681, 0.7117486596107483, 0.699999988079071, 0.7096994519233704, 0.7214480638504028, 0.7195355296134949, 0.7045081853866577, 0.6926229596138, 0.6980874538421631, 0.7054644823074341, 0.7005464434623718, 0.703278660774231, 0.7184426188468933, 0.7060109376907349, 0.7012295126914978, 0.7250000238418579, 0.7243169546127319, 0.7240437269210815, 0.7256830334663391, 0.7267759442329407, 0.7259562611579895, 0.6531420946121216, 0.5911202430725098, 0.6911202073097229, 0.7202185988426208, 0.7200819849967957, 0.7132513523101807, 0.716803252696991, 0.7077868580818176, 0.6972677707672119]}}