{"amazonr_electronics_train_1_16": {"num_of_epochs": 50, "learning_rate": 0.0001, "training_ds_fpath": "_train_1_16", "first_token_val_accuracy": [0.0, 0.001738374587148428, 0.34219905734062195, 0.47961756587028503, 0.5446327924728394, 0.5256844758987427, 0.5609734654426575, 0.5730552077293396, 0.5568882822990417, 0.555063009262085, 0.5468926429748535, 0.571056067943573, 0.5935680270195007, 0.5911343097686768, 0.5957409739494324, 0.5960017442703247, 0.5910473465919495, 0.5939157009124756, 0.5991308093070984, 0.6019122004508972, 0.5966970920562744, 0.5711429715156555, 0.5756627321243286, 0.5798348784446716, 0.5875706076622009, 0.5795741081237793, 0.5881790518760681, 0.5930464863777161, 0.6025206446647644, 0.5966101884841919, 0.5996523499488831, 0.5981746912002563, 0.6021729707717896, 0.598870038986206, 0.5935680270195007, 0.5873098373413086, 0.5940026044845581, 0.594350278377533, 0.5938287973403931, 0.589482843875885, 0.5898305177688599, 0.5867014527320862, 0.5917426943778992, 0.6007822751998901, 0.6013907194137573, 0.6033028960227966, 0.60130375623703, 0.5989570021629333, 0.5982616543769836, 0.5981746912002563], "all_token_val_accuracy": [0.0, 0.001738374587148428, 0.34219905734062195, 0.47961756587028503, 0.5445458292961121, 0.5255975723266602, 0.560886561870575, 0.5729683041572571, 0.5568013787269592, 0.5548892021179199, 0.546805739402771, 0.5709691643714905, 0.5935680270195007, 0.5911343097686768, 0.5957409739494324, 0.5960017442703247, 0.5910473465919495, 0.5939157009124756, 0.5991308093070984, 0.6019122004508972, 0.5966970920562744, 0.5711429715156555, 0.5756627321243286, 0.5798348784446716, 0.5875706076622009, 0.5795741081237793, 0.5881790518760681, 0.5930464863777161, 0.6025206446647644, 0.5966101884841919, 0.5996523499488831, 0.5981746912002563, 0.6021729707717896, 0.598870038986206, 0.5935680270195007, 0.5873098373413086, 0.5940026044845581, 0.594350278377533, 0.5938287973403931, 0.589482843875885, 0.5898305177688599, 0.5867014527320862, 0.5917426943778992, 0.6007822751998901, 0.6013907194137573, 0.6033028960227966, 0.60130375623703, 0.5989570021629333, 0.5982616543769836, 0.5981746912002563]}}