{"amazonr_electronics_train_8_32": {"num_of_epochs": 50, "learning_rate": 0.0001, "training_ds_fpath": "_train_8_32", "first_token_val_accuracy": [0.00643198611214757, 0.4782268702983856, 0.5060408711433411, 0.5970447659492493, 0.5590612888336182, 0.5379400253295898, 0.5939157009124756, 0.6043459177017212, 0.6111255884170532, 0.6215558648109436, 0.6036505699157715, 0.6259017586708069, 0.5927857160568237, 0.5933941602706909, 0.5888743996620178, 0.6182529330253601, 0.6032159924507141, 0.6068665981292725, 0.597740113735199, 0.6074749827384949, 0.6482399106025696, 0.5963494181632996, 0.5705345273017883, 0.5833116173744202, 0.5924380421638489, 0.5945241451263428, 0.6030421853065491, 0.6092134118080139, 0.6027814149856567, 0.5968708992004395, 0.6398087739944458, 0.643980860710144, 0.6461538672447205, 0.6027814149856567, 0.5984354615211487, 0.5822685956954956, 0.5997392535209656, 0.6065189242362976, 0.6102564334869385, 0.618600606918335, 0.614689290523529, 0.6128639578819275, 0.6066927313804626, 0.5993915796279907, 0.6209474205970764, 0.6188613772392273, 0.556192934513092, 0.601129949092865, 0.6192959547042847, 0.6276401281356812], "all_token_val_accuracy": [0.00643198611214757, 0.4781399369239807, 0.5060408711433411, 0.5970447659492493, 0.5590612888336182, 0.5379400253295898, 0.5939157009124756, 0.6043459177017212, 0.6111255884170532, 0.6215558648109436, 0.6036505699157715, 0.6259017586708069, 0.5927857160568237, 0.5933941602706909, 0.5888743996620178, 0.6182529330253601, 0.6032159924507141, 0.6068665981292725, 0.597740113735199, 0.6074749827384949, 0.6482399106025696, 0.5963494181632996, 0.5705345273017883, 0.5833116173744202, 0.5924380421638489, 0.5945241451263428, 0.6030421853065491, 0.6092134118080139, 0.6027814149856567, 0.5968708992004395, 0.6398087739944458, 0.643980860710144, 0.6461538672447205, 0.6027814149856567, 0.5984354615211487, 0.5822685956954956, 0.5997392535209656, 0.6065189242362976, 0.6102564334869385, 0.618600606918335, 0.614689290523529, 0.6128639578819275, 0.6066927313804626, 0.5993915796279907, 0.6209474205970764, 0.6188613772392273, 0.556192934513092, 0.601129949092865, 0.6192959547042847, 0.6276401281356812]}}