{"amazonr_electronics_train_7_16": {"num_of_epochs": 50, "learning_rate": 0.0001, "training_ds_fpath": "_train_7_16", "first_token_val_accuracy": [0.0, 8.691872790222988e-05, 0.20208604633808136, 0.44441547989845276, 0.5103867650032043, 0.5267274975776672, 0.5291612148284912, 0.5688831210136414, 0.5220338702201843, 0.5605388879776001, 0.575402021408081, 0.5643633008003235, 0.5719252228736877, 0.597913920879364, 0.5849630832672119, 0.5760104060173035, 0.583659291267395, 0.5803563594818115, 0.5765319466590881, 0.5789656639099121, 0.5789656639099121, 0.6030421853065491, 0.6083441972732544, 0.5953933000564575, 0.5980008840560913, 0.5869621634483337, 0.6005215048789978, 0.6009560823440552, 0.5891351699829102, 0.6026075482368469, 0.6021729707717896, 0.6009560823440552, 0.6061712503433228, 0.6130378246307373, 0.5978270173072815, 0.6192090511322021, 0.614689290523529, 0.6012168526649475, 0.5946979522705078, 0.5956540703773499, 0.6083441972732544, 0.613906979560852, 0.6083441972732544, 0.5892220735549927, 0.5755758285522461, 0.5790525674819946, 0.5831377506256104, 0.5847892165184021, 0.5893959403038025, 0.5978270173072815], "all_token_val_accuracy": [0.0, 8.691872790222988e-05, 0.20208604633808136, 0.44441547989845276, 0.5103867650032043, 0.5267274975776672, 0.5290743112564087, 0.5687092542648315, 0.5219469666481018, 0.5603650808334351, 0.5752281546592712, 0.564276397228241, 0.5718383193016052, 0.5978270173072815, 0.5848761200904846, 0.575923502445221, 0.5835723876953125, 0.580269455909729, 0.5764450430870056, 0.5788787603378296, 0.5788787603378296, 0.6029552221298218, 0.6083441972732544, 0.5953933000564575, 0.5980008840560913, 0.5869621634483337, 0.6005215048789978, 0.6009560823440552, 0.5891351699829102, 0.6026075482368469, 0.6021729707717896, 0.6009560823440552, 0.6061712503433228, 0.6130378246307373, 0.5978270173072815, 0.6191221475601196, 0.6146023273468018, 0.601129949092865, 0.5946110486984253, 0.5956540703773499, 0.6083441972732544, 0.613906979560852, 0.6083441972732544, 0.5892220735549927, 0.5755758285522461, 0.5790525674819946, 0.5831377506256104, 0.5847892165184021, 0.5893959403038025, 0.5978270173072815]}}