{"amazonr_electronics_train_5_4": {"num_of_epochs": 20, "learning_rate": 0.0005, "training_ds_fpath": "_train_5_4", "first_token_val_accuracy": [0.0, 0.002520643174648285, 0.5326379537582397, 0.5673185586929321, 0.5534115433692932, 0.49474141001701355, 0.46458062529563904, 0.48248589038848877, 0.5302042365074158, 0.5588005185127258, 0.571229875087738, 0.5721859931945801, 0.5567144751548767, 0.5482833385467529, 0.5182094573974609, 0.501868724822998, 0.49995654821395874, 0.5001303553581238, 0.499521940946579, 0.5005649924278259], "all_token_val_accuracy": [0.0, 0.002520643174648285, 0.5326379537582397, 0.5673185586929321, 0.5534115433692932, 0.49474141001701355, 0.46458062529563904, 0.48248589038848877, 0.5302042365074158, 0.5588005185127258, 0.571229875087738, 0.5721859931945801, 0.5567144751548767, 0.5482833385467529, 0.5182094573974609, 0.501868724822998, 0.49995654821395874, 0.5001303553581238, 0.499521940946579, 0.5005649924278259]}}