{"amazonr_electronics_train_3_4": {"num_of_epochs": 20, "learning_rate": 0.0005, "training_ds_fpath": "_train_3_4", "first_token_val_accuracy": [0.0, 0.16679704189300537, 0.461190789937973, 0.4742285907268524, 0.4484137296676636, 0.4310299754142761, 0.45867013931274414, 0.5574098229408264, 0.5749673843383789, 0.5756627321243286, 0.5737505555152893, 0.5679270029067993, 0.5667101144790649, 0.5641894936561584, 0.5655801892280579, 0.5641894936561584, 0.5641025900840759, 0.5624511241912842, 0.561842679977417, 0.5609734654426575], "all_token_val_accuracy": [0.0, 0.16679704189300537, 0.461190789937973, 0.4742285907268524, 0.4484137296676636, 0.4310299754142761, 0.45867013931274414, 0.5574098229408264, 0.5749673843383789, 0.5756627321243286, 0.5737505555152893, 0.5679270029067993, 0.5667101144790649, 0.5641894936561584, 0.5655801892280579, 0.5641894936561584, 0.5641025900840759, 0.5624511241912842, 0.561842679977417, 0.5609734654426575]}}