{"amazonr_electronics_train_2_32": {"num_of_epochs": 50, "learning_rate": 0.0001, "training_ds_fpath": "_train_2_32", "first_token_val_accuracy": [0.001390699646435678, 0.46345067024230957, 0.467014342546463, 0.528378963470459, 0.5581920742988586, 0.5567144751548767, 0.5382876992225647, 0.5658409595489502, 0.5663624405860901, 0.5179487466812134, 0.5329856872558594, 0.5339417457580566, 0.5647979378700256, 0.556019127368927, 0.5664493441581726, 0.562016487121582, 0.5750543475151062, 0.5619295835494995, 0.5547153353691101, 0.6000000238418579, 0.5377662181854248, 0.5470665097236633, 0.5689700245857239, 0.5737505555152893, 0.5715775489807129, 0.5695784687995911, 0.5543676614761353, 0.5702738165855408, 0.5739243626594543, 0.5707083940505981, 0.5773141980171204, 0.5795741081237793, 0.6232073307037354, 0.5276836156845093, 0.5643633008003235, 0.5745328068733215, 0.5634941458702087, 0.5651456117630005, 0.5415906310081482, 0.6252064108848572, 0.6003476977348328, 0.5693176984786987, 0.5832247138023376, 0.5695784687995911, 0.5800086855888367, 0.5792264342308044, 0.5824424028396606, 0.5853976607322693, 0.5847892165184021, 0.5760973691940308], "all_token_val_accuracy": [0.001390699646435678, 0.46345067024230957, 0.467014342546463, 0.528378963470459, 0.5581920742988586, 0.5567144751548767, 0.5382876992225647, 0.5658409595489502, 0.5663624405860901, 0.5179487466812134, 0.5329856872558594, 0.5339417457580566, 0.5647979378700256, 0.556019127368927, 0.5664493441581726, 0.562016487121582, 0.5750543475151062, 0.5619295835494995, 0.5547153353691101, 0.6000000238418579, 0.5377662181854248, 0.5470665097236633, 0.5689700245857239, 0.5737505555152893, 0.5715775489807129, 0.5695784687995911, 0.5543676614761353, 0.5702738165855408, 0.5739243626594543, 0.5707083940505981, 0.5773141980171204, 0.5795741081237793, 0.6232073307037354, 0.5276836156845093, 0.5643633008003235, 0.5745328068733215, 0.5634941458702087, 0.5651456117630005, 0.5415906310081482, 0.6252064108848572, 0.6003476977348328, 0.5693176984786987, 0.5832247138023376, 0.5695784687995911, 0.5800086855888367, 0.5792264342308044, 0.5824424028396606, 0.5853976607322693, 0.5847892165184021, 0.5760973691940308]}}