{"amazonr_electronics_train_9_16": {"num_of_epochs": 50, "learning_rate": 0.0001, "training_ds_fpath": "_train_9_16", "first_token_val_accuracy": [0.0, 0.004085180349647999, 0.4389396011829376, 0.5032594799995422, 0.5197740197181702, 0.5429813265800476, 0.5707083940505981, 0.5523685216903687, 0.5877444744110107, 0.5978270173072815, 0.5738374590873718, 0.5873968005180359, 0.5783572196960449, 0.5833985209465027, 0.6017383933067322, 0.5837461948394775, 0.5774011015892029, 0.5840938687324524, 0.6021729707717896, 0.6120817065238953, 0.5861799120903015, 0.5855714678764343, 0.6101694703102112, 0.6136462688446045, 0.6090395450592041, 0.6052151322364807, 0.614689290523529, 0.6059104800224304, 0.6066058278083801, 0.6114732623100281, 0.6139939427375793, 0.6106910109519958, 0.6077357530593872, 0.60712730884552, 0.6113863587379456, 0.6162537932395935, 0.6124293804168701, 0.6066927313804626, 0.6013907194137573, 0.6030421853065491, 0.6067796349525452, 0.6100825667381287, 0.6106041073799133, 0.610343337059021, 0.6099956631660461, 0.6091264486312866, 0.6049543619155884, 0.6052151322364807, 0.6073011755943298, 0.6078226566314697], "all_token_val_accuracy": [0.0, 0.004085180349647999, 0.4389396011829376, 0.5032594799995422, 0.5196001529693604, 0.5428944230079651, 0.5706214904785156, 0.5522816181182861, 0.5876575112342834, 0.597740113735199, 0.5737505555152893, 0.5873098373413086, 0.5783572196960449, 0.5833985209465027, 0.6017383933067322, 0.5837461948394775, 0.5774011015892029, 0.5840938687324524, 0.6021729707717896, 0.6120817065238953, 0.5861799120903015, 0.5855714678764343, 0.6101694703102112, 0.6136462688446045, 0.6090395450592041, 0.6052151322364807, 0.614689290523529, 0.6059104800224304, 0.6066058278083801, 0.6114732623100281, 0.6139939427375793, 0.6106910109519958, 0.6077357530593872, 0.60712730884552, 0.6113863587379456, 0.6162537932395935, 0.6124293804168701, 0.6066927313804626, 0.6013907194137573, 0.6030421853065491, 0.6067796349525452, 0.6100825667381287, 0.6106041073799133, 0.610343337059021, 0.6099956631660461, 0.6091264486312866, 0.6049543619155884, 0.6052151322364807, 0.6073011755943298, 0.6078226566314697]}}