{"amazonr_electronics_train_1_8": {"num_of_epochs": 50, "learning_rate": 0.0001, "training_ds_fpath": "_train_1_8", "first_token_val_accuracy": [0.0, 0.0, 8.691872790222988e-05, 0.004519774112850428, 0.1584528535604477, 0.4039982557296753, 0.46058234572410583, 0.4860495328903198, 0.4990873634815216, 0.515775740146637, 0.5091699361801147, 0.5247283577919006, 0.532724916934967, 0.5352455377578735, 0.5375054478645325, 0.550369381904602, 0.5674054622650146, 0.5559322237968445, 0.5629726052284241, 0.5672316551208496, 0.586266815662384, 0.589482843875885, 0.5829639434814453, 0.5847892165184021, 0.5835723876953125, 0.5839200615882874, 0.5847023129463196, 0.5832247138023376, 0.5786179900169373, 0.5767927169799805, 0.5820947289466858, 0.5784441828727722, 0.570099949836731, 0.5704476237297058, 0.5769665241241455, 0.5787048935890198, 0.5800955891609192, 0.5840938687324524, 0.5858322381973267, 0.5892220735549927, 0.5897436141967773, 0.5882659554481506, 0.583659291267395, 0.5809648036956787, 0.5841807723045349, 0.5830508470535278, 0.5876575112342834, 0.5892220735549927, 0.589482843875885, 0.5893089771270752], "all_token_val_accuracy": [0.0, 0.0, 8.691872790222988e-05, 0.004432855173945427, 0.1584528535604477, 0.4039982557296753, 0.46014776825904846, 0.4853541851043701, 0.49865275621414185, 0.5156888365745544, 0.5089960694313049, 0.5243806838989258, 0.5326379537582397, 0.5352455377578735, 0.5375054478645325, 0.550369381904602, 0.5674054622650146, 0.5558452606201172, 0.5628857016563416, 0.5671446919441223, 0.5861799120903015, 0.5893959403038025, 0.582876980304718, 0.5847023129463196, 0.5834854245185852, 0.5838330984115601, 0.5846154093742371, 0.5831377506256104, 0.5785310864448547, 0.5767057538032532, 0.5820078253746033, 0.5783572196960449, 0.5700130462646484, 0.5703607201576233, 0.576879620552063, 0.5786179900169373, 0.5800086855888367, 0.5840069651603699, 0.5857453346252441, 0.5891351699829102, 0.58965665102005, 0.5881790518760681, 0.5835723876953125, 0.5808779001235962, 0.5840938687324524, 0.5830508470535278, 0.5876575112342834, 0.5892220735549927, 0.589482843875885, 0.5893089771270752]}}