{"amazonr_electronics_train_6_4": {"num_of_epochs": 20, "learning_rate": 0.0005, "training_ds_fpath": "_train_6_4", "first_token_val_accuracy": [0.0, 0.07162103801965714, 0.5045632123947144, 0.560886561870575, 0.5386353731155396, 0.3149065673351288, 0.43198609352111816, 0.5538461804389954, 0.5775749683380127, 0.5760973691940308, 0.5625380277633667, 0.5343763828277588, 0.513168215751648, 0.5052585601806641, 0.5096914172172546, 0.5173403024673462, 0.5200347900390625, 0.5210778117179871, 0.5234246253967285, 0.524989128112793], "all_token_val_accuracy": [0.0, 0.07162103801965714, 0.5045632123947144, 0.560886561870575, 0.5386353731155396, 0.3149065673351288, 0.43198609352111816, 0.5538461804389954, 0.5775749683380127, 0.5760973691940308, 0.5625380277633667, 0.5343763828277588, 0.513168215751648, 0.5052585601806641, 0.5096914172172546, 0.5173403024673462, 0.5200347900390625, 0.5210778117179871, 0.5234246253967285, 0.524989128112793]}}