{"amazonr_electronics_train_9_8": {"num_of_epochs": 50, "learning_rate": 0.0001, "training_ds_fpath": "_train_9_8", "first_token_val_accuracy": [0.0, 0.0, 0.0, 0.004432855173945427, 0.1454150378704071, 0.395480215549469, 0.45684483647346497, 0.4863972067832947, 0.5042155385017395, 0.5274228453636169, 0.5426336526870728, 0.5721859931945801, 0.5808779001235962, 0.5769665241241455, 0.5621903538703918, 0.5763580799102783, 0.5916557908058167, 0.5834854245185852, 0.5621903538703918, 0.5699261426925659, 0.5888743996620178, 0.5899174213409424, 0.5824424028396606, 0.5647979378700256, 0.5674923658370972, 0.5764450430870056, 0.5869621634483337, 0.5991308093070984, 0.597913920879364, 0.5969578623771667, 0.5947848558425903, 0.5931334495544434, 0.5856584310531616, 0.585136890411377, 0.5940026044845581, 0.5952194929122925, 0.589482843875885, 0.589482843875885, 0.5878313779830933, 0.5887874960899353, 0.5906996726989746, 0.5918296575546265, 0.5922642350196838, 0.5935680270195007, 0.5933072566986084, 0.5946110486984253, 0.5917426943778992, 0.5912212133407593, 0.591916561126709, 0.5940895080566406], "all_token_val_accuracy": [0.0, 0.0, 0.0, 0.004432855173945427, 0.14524120092391968, 0.3933941721916199, 0.45145589113235474, 0.48509344458580017, 0.504128634929657, 0.5273359417915344, 0.5425466895103455, 0.5720990896224976, 0.5807909369468689, 0.576879620552063, 0.5621903538703918, 0.5763580799102783, 0.5916557908058167, 0.5834854245185852, 0.5621903538703918, 0.5699261426925659, 0.5888743996620178, 0.5899174213409424, 0.5824424028396606, 0.5647979378700256, 0.5674923658370972, 0.5764450430870056, 0.5869621634483337, 0.5991308093070984, 0.5978270173072815, 0.5968708992004395, 0.5946979522705078, 0.5930464863777161, 0.5855714678764343, 0.5850499868392944, 0.5939157009124756, 0.5951325297355652, 0.5893959403038025, 0.5893959403038025, 0.5877444744110107, 0.5887005925178528, 0.5906127691268921, 0.5917426943778992, 0.5921773314476013, 0.5934811234474182, 0.5932203531265259, 0.5945241451263428, 0.5916557908058167, 0.5912212133407593, 0.591916561126709, 0.5940895080566406]}}