{"amazon_electronics_c_train_9_16": {"num_of_epochs": 50, "learning_rate": 1e-05, "training_ds_fpath": "_train_9_16", "first_token_val_accuracy": [0.0, 0.0, 0.0, 0.0, 0.0, 0.0, 0.0, 0.0, 0.0, 0.0, 0.0, 0.0, 0.0, 0.0, 0.0, 0.0, 0.0, 0.0, 0.0, 0.0, 0.0, 0.0, 0.004999999888241291, 0.019999999552965164, 0.03500000014901161, 0.06499999761581421, 0.14000000059604645, 0.22499999403953552, 0.36500000953674316, 0.45500001311302185, 0.5450000166893005, 0.5899999737739563, 0.6200000047683716, 0.6549999713897705, 0.675000011920929, 0.699999988079071, 0.699999988079071, 0.7049999833106995, 0.7099999785423279, 0.7149999737739563, 0.7099999785423279, 0.7099999785423279, 0.7099999785423279, 0.7200000286102295, 0.7200000286102295, 0.7200000286102295, 0.7250000238418579, 0.7250000238418579, 0.7200000286102295, 0.7250000238418579], "all_token_val_accuracy": [0.0, 0.0, 0.0, 0.0, 0.0, 0.0, 0.0, 0.0, 0.0, 0.0, 0.0, 0.0, 0.0, 0.0, 0.0, 0.0, 0.0, 0.0, 0.0, 0.0, 0.0, 0.0, 0.004999999888241291, 0.019999999552965164, 0.03500000014901161, 0.06499999761581421, 0.14000000059604645, 0.22499999403953552, 0.36500000953674316, 0.45500001311302185, 0.5450000166893005, 0.5899999737739563, 0.6200000047683716, 0.6549999713897705, 0.675000011920929, 0.699999988079071, 0.699999988079071, 0.7049999833106995, 0.7099999785423279, 0.7149999737739563, 0.7099999785423279, 0.7099999785423279, 0.7099999785423279, 0.7200000286102295, 0.7200000286102295, 0.7200000286102295, 0.7250000238418579, 0.7250000238418579, 0.7200000286102295, 0.7250000238418579]}}