{"amazon_electronics_c_train_0_32": {"num_of_epochs": 20, "learning_rate": 0.0005, "training_ds_fpath": "_train_0_32", "first_token_val_accuracy": [0.7200000286102295, 0.7400000095367432, 0.8100000023841858, 0.7900000214576721, 0.7799999713897705, 0.7749999761581421, 0.8050000071525574, 0.7850000262260437, 0.7850000262260437, 0.7850000262260437, 0.7900000214576721, 0.7900000214576721, 0.7900000214576721, 0.7900000214576721, 0.7950000166893005, 0.8050000071525574, 0.7749999761581421, 0.6899999976158142, 0.8450000286102295, 0.8050000071525574], "all_token_val_accuracy": [0.7200000286102295, 0.7400000095367432, 0.8100000023841858, 0.7900000214576721, 0.7799999713897705, 0.7749999761581421, 0.8050000071525574, 0.7850000262260437, 0.7850000262260437, 0.7850000262260437, 0.7900000214576721, 0.7900000214576721, 0.7900000214576721, 0.7900000214576721, 0.7950000166893005, 0.8050000071525574, 0.7749999761581421, 0.6899999976158142, 0.8450000286102295, 0.8050000071525574]}}