{"amazon_electronics_c_train_8_16": {"num_of_epochs": 50, "learning_rate": 1e-05, "training_ds_fpath": "_train_8_16", "first_token_val_accuracy": [0.0, 0.0, 0.0, 0.0, 0.0, 0.0, 0.0, 0.0, 0.0, 0.0, 0.0, 0.0, 0.0, 0.0, 0.0, 0.0, 0.0, 0.0, 0.0, 0.0, 0.0, 0.0, 0.0, 0.0, 0.0, 0.004999999888241291, 0.009999999776482582, 0.029999999329447746, 0.05000000074505806, 0.0949999988079071, 0.14000000059604645, 0.23999999463558197, 0.3799999952316284, 0.4699999988079071, 0.5600000023841858, 0.6000000238418579, 0.6349999904632568, 0.6600000262260437, 0.6800000071525574, 0.6850000023841858, 0.699999988079071, 0.699999988079071, 0.6949999928474426, 0.6949999928474426, 0.6949999928474426, 0.7049999833106995, 0.7099999785423279, 0.7200000286102295, 0.7300000190734863, 0.7300000190734863], "all_token_val_accuracy": [0.0, 0.0, 0.0, 0.0, 0.0, 0.0, 0.0, 0.0, 0.0, 0.0, 0.0, 0.0, 0.0, 0.0, 0.0, 0.0, 0.0, 0.0, 0.0, 0.0, 0.0, 0.0, 0.0, 0.0, 0.0, 0.004999999888241291, 0.009999999776482582, 0.029999999329447746, 0.05000000074505806, 0.0949999988079071, 0.14000000059604645, 0.23999999463558197, 0.3799999952316284, 0.4699999988079071, 0.5600000023841858, 0.6000000238418579, 0.6349999904632568, 0.6600000262260437, 0.6800000071525574, 0.6850000023841858, 0.699999988079071, 0.699999988079071, 0.6949999928474426, 0.6949999928474426, 0.6949999928474426, 0.7049999833106995, 0.7099999785423279, 0.7200000286102295, 0.7300000190734863, 0.7300000190734863]}}