{"amazon_electronics_c_train_7_32": {"num_of_epochs": 20, "learning_rate": 0.001, "training_ds_fpath": "_train_7_32", "first_token_val_accuracy": [0.824999988079071, 0.6850000023841858, 0.8149999976158142, 0.824999988079071, 0.8199999928474426, 0.8149999976158142, 0.8299999833106995, 0.7850000262260437, 0.8050000071525574, 0.7450000047683716, 0.7749999761581421, 0.7850000262260437, 0.7149999737739563, 0.7549999952316284, 0.8149999976158142, 0.7950000166893005, 0.8100000023841858, 0.824999988079071, 0.8149999976158142, 0.824999988079071], "all_token_val_accuracy": [0.824999988079071, 0.6850000023841858, 0.8149999976158142, 0.824999988079071, 0.8199999928474426, 0.8149999976158142, 0.8299999833106995, 0.7850000262260437, 0.8050000071525574, 0.7450000047683716, 0.7749999761581421, 0.7850000262260437, 0.7149999737739563, 0.7549999952316284, 0.8149999976158142, 0.7950000166893005, 0.8100000023841858, 0.824999988079071, 0.8149999976158142, 0.824999988079071]}}