{"amazon_electronics_c_train_2_32": {"num_of_epochs": 10, "learning_rate": 0.001, "training_ds_fpath": "_train_2_32", "first_token_val_accuracy": [0.7049999833106995, 0.7549999952316284, 0.7850000262260437, 0.7950000166893005, 0.7799999713897705, 0.7400000095367432, 0.7599999904632568, 0.7549999952316284, 0.7649999856948853, 0.7699999809265137], "all_token_val_accuracy": [0.7049999833106995, 0.7549999952316284, 0.7850000262260437, 0.7950000166893005, 0.7799999713897705, 0.7400000095367432, 0.7599999904632568, 0.7549999952316284, 0.7649999856948853, 0.7699999809265137]}}