{"amazon_electronics_c_train_6_16": {"num_of_epochs": 50, "learning_rate": 0.001, "training_ds_fpath": "_train_6_16", "first_token_val_accuracy": [0.6000000238418579, 0.8100000023841858, 0.7699999809265137, 0.7749999761581421, 0.7649999856948853, 0.7950000166893005, 0.8349999785423279, 0.8450000286102295, 0.8349999785423279, 0.7950000166893005, 0.8050000071525574, 0.8050000071525574, 0.8050000071525574, 0.8100000023841858, 0.8100000023841858, 0.8100000023841858, 0.8100000023841858, 0.8100000023841858, 0.7950000166893005, 0.7799999713897705, 0.7900000214576721, 0.800000011920929, 0.8149999976158142, 0.8149999976158142, 0.8199999928474426, 0.7699999809265137, 0.7250000238418579, 0.7200000286102295, 0.5550000071525574, 0.8149999976158142, 0.7350000143051147, 0.8149999976158142, 0.824999988079071, 0.8399999737739563, 0.8399999737739563, 0.8399999737739563, 0.8450000286102295, 0.8450000286102295, 0.8450000286102295, 0.8450000286102295, 0.8450000286102295, 0.8450000286102295, 0.8450000286102295, 0.8450000286102295, 0.8450000286102295, 0.8450000286102295, 0.8450000286102295, 0.8450000286102295, 0.8450000286102295, 0.8450000286102295], "all_token_val_accuracy": [0.6000000238418579, 0.8100000023841858, 0.7699999809265137, 0.7749999761581421, 0.7649999856948853, 0.7950000166893005, 0.8349999785423279, 0.8450000286102295, 0.8349999785423279, 0.7950000166893005, 0.8050000071525574, 0.8050000071525574, 0.8050000071525574, 0.8100000023841858, 0.8100000023841858, 0.8100000023841858, 0.8100000023841858, 0.8100000023841858, 0.7950000166893005, 0.7799999713897705, 0.7900000214576721, 0.800000011920929, 0.8149999976158142, 0.8149999976158142, 0.8199999928474426, 0.7699999809265137, 0.7250000238418579, 0.7200000286102295, 0.5550000071525574, 0.8149999976158142, 0.7350000143051147, 0.8149999976158142, 0.824999988079071, 0.8399999737739563, 0.8399999737739563, 0.8399999737739563, 0.8450000286102295, 0.8450000286102295, 0.8450000286102295, 0.8450000286102295, 0.8450000286102295, 0.8450000286102295, 0.8450000286102295, 0.8450000286102295, 0.8450000286102295, 0.8450000286102295, 0.8450000286102295, 0.8450000286102295, 0.8450000286102295, 0.8450000286102295]}}