{"amazon_electronics_c_train_4_4": {"num_of_epochs": 40, "learning_rate": 0.001, "training_ds_fpath": "_train_4_4", "first_token_val_accuracy": [0.009999999776482582, 0.7699999809265137, 0.7099999785423279, 0.7149999737739563, 0.7549999952316284, 0.7300000190734863, 0.7400000095367432, 0.7200000286102295, 0.6650000214576721, 0.6349999904632568, 0.6499999761581421, 0.6449999809265137, 0.6399999856948853, 0.6349999904632568, 0.6449999809265137, 0.6399999856948853, 0.6399999856948853, 0.6399999856948853, 0.6449999809265137, 0.6449999809265137, 0.6499999761581421, 0.6399999856948853, 0.6299999952316284, 0.6299999952316284, 0.6299999952316284, 0.6299999952316284, 0.6299999952316284, 0.6299999952316284, 0.6299999952316284, 0.6299999952316284, 0.6299999952316284, 0.6299999952316284, 0.6299999952316284, 0.6299999952316284, 0.6299999952316284, 0.6299999952316284, 0.6299999952316284, 0.6299999952316284, 0.6299999952316284, 0.6299999952316284], "all_token_val_accuracy": [0.009999999776482582, 0.7699999809265137, 0.7099999785423279, 0.7149999737739563, 0.7549999952316284, 0.7250000238418579, 0.7350000143051147, 0.7149999737739563, 0.5799999833106995, 0.6349999904632568, 0.6499999761581421, 0.6449999809265137, 0.6399999856948853, 0.6349999904632568, 0.6449999809265137, 0.6399999856948853, 0.6399999856948853, 0.6399999856948853, 0.6449999809265137, 0.6449999809265137, 0.6499999761581421, 0.6399999856948853, 0.6299999952316284, 0.6299999952316284, 0.6299999952316284, 0.6299999952316284, 0.6299999952316284, 0.6299999952316284, 0.6299999952316284, 0.6299999952316284, 0.6299999952316284, 0.6299999952316284, 0.6299999952316284, 0.6299999952316284, 0.6299999952316284, 0.6299999952316284, 0.6299999952316284, 0.6299999952316284, 0.6299999952316284, 0.6299999952316284]}}