{"amazon_electronics_c_train_9_16": {"num_of_epochs": 40, "learning_rate": 0.001, "training_ds_fpath": "_train_9_16", "first_token_val_accuracy": [0.7799999713897705, 0.7450000047683716, 0.7850000262260437, 0.7549999952316284, 0.8050000071525574, 0.7900000214576721, 0.7900000214576721, 0.7950000166893005, 0.7699999809265137, 0.7549999952316284, 0.8100000023841858, 0.6050000190734863, 0.7350000143051147, 0.6650000214576721, 0.7049999833106995, 0.6949999928474426, 0.6899999976158142, 0.6899999976158142, 0.6850000023841858, 0.6850000023841858, 0.6899999976158142, 0.6899999976158142, 0.6850000023841858, 0.6899999976158142, 0.6899999976158142, 0.6850000023841858, 0.6850000023841858, 0.6800000071525574, 0.6800000071525574, 0.6800000071525574, 0.6800000071525574, 0.6800000071525574, 0.6800000071525574, 0.6800000071525574, 0.675000011920929, 0.675000011920929, 0.6700000166893005, 0.6700000166893005, 0.6700000166893005, 0.675000011920929], "all_token_val_accuracy": [0.7799999713897705, 0.7450000047683716, 0.7850000262260437, 0.7549999952316284, 0.8050000071525574, 0.7900000214576721, 0.7900000214576721, 0.7950000166893005, 0.7699999809265137, 0.7549999952316284, 0.8100000023841858, 0.6050000190734863, 0.7350000143051147, 0.6650000214576721, 0.7049999833106995, 0.6949999928474426, 0.6899999976158142, 0.6899999976158142, 0.6850000023841858, 0.6850000023841858, 0.6899999976158142, 0.6899999976158142, 0.6850000023841858, 0.6899999976158142, 0.6899999976158142, 0.6850000023841858, 0.6850000023841858, 0.6800000071525574, 0.6800000071525574, 0.6800000071525574, 0.6800000071525574, 0.6800000071525574, 0.6800000071525574, 0.6800000071525574, 0.675000011920929, 0.675000011920929, 0.6700000166893005, 0.6700000166893005, 0.6700000166893005, 0.675000011920929]}}