{"amazon_electronics_c_train_1_32": {"num_of_epochs": 50, "learning_rate": 1e-05, "training_ds_fpath": "_train_1_32", "first_token_val_accuracy": [0.0, 0.0, 0.0, 0.0, 0.0, 0.0, 0.0, 0.0, 0.0, 0.0, 0.009999999776482582, 0.05000000074505806, 0.20499999821186066, 0.5249999761581421, 0.6150000095367432, 0.6399999856948853, 0.6899999976158142, 0.6949999928474426, 0.7049999833106995, 0.7099999785423279, 0.7250000238418579, 0.7250000238418579, 0.7400000095367432, 0.75, 0.7850000262260437, 0.7850000262260437, 0.7850000262260437, 0.800000011920929, 0.800000011920929, 0.800000011920929, 0.800000011920929, 0.7950000166893005, 0.800000011920929, 0.7950000166893005, 0.7950000166893005, 0.7950000166893005, 0.800000011920929, 0.8100000023841858, 0.800000011920929, 0.8100000023841858, 0.8149999976158142, 0.8149999976158142, 0.8149999976158142, 0.8149999976158142, 0.8149999976158142, 0.8149999976158142, 0.824999988079071, 0.8199999928474426, 0.8349999785423279, 0.824999988079071], "all_token_val_accuracy": [0.0, 0.0, 0.0, 0.0, 0.0, 0.0, 0.0, 0.0, 0.0, 0.0, 0.009999999776482582, 0.05000000074505806, 0.20499999821186066, 0.5249999761581421, 0.6150000095367432, 0.6399999856948853, 0.6899999976158142, 0.6949999928474426, 0.7049999833106995, 0.7099999785423279, 0.7250000238418579, 0.7250000238418579, 0.7400000095367432, 0.75, 0.7850000262260437, 0.7850000262260437, 0.7850000262260437, 0.800000011920929, 0.800000011920929, 0.800000011920929, 0.800000011920929, 0.7950000166893005, 0.800000011920929, 0.7950000166893005, 0.7950000166893005, 0.7950000166893005, 0.800000011920929, 0.8100000023841858, 0.800000011920929, 0.8100000023841858, 0.8149999976158142, 0.8149999976158142, 0.8149999976158142, 0.8149999976158142, 0.8149999976158142, 0.8149999976158142, 0.824999988079071, 0.8199999928474426, 0.8349999785423279, 0.824999988079071]}}