{"amazon_electronics_c_train_8_32": {"num_of_epochs": 10, "learning_rate": 0.0001, "training_ds_fpath": "_train_8_32", "first_token_val_accuracy": [0.0, 0.7300000190734863, 0.7699999809265137, 0.8149999976158142, 0.8199999928474426, 0.8450000286102295, 0.8450000286102295, 0.8450000286102295, 0.8550000190734863, 0.8550000190734863], "all_token_val_accuracy": [0.0, 0.7300000190734863, 0.7699999809265137, 0.8149999976158142, 0.8199999928474426, 0.8450000286102295, 0.8450000286102295, 0.8450000286102295, 0.8550000190734863, 0.8550000190734863]}}