{"amazon_electronics_c_train_6_16": {"num_of_epochs": 5, "learning_rate": 0.0001, "training_ds_fpath": "_train_6_16", "first_token_val_accuracy": [0.0, 0.0, 0.6000000238418579, 0.7350000143051147, 0.7699999809265137], "all_token_val_accuracy": [0.0, 0.0, 0.6000000238418579, 0.7350000143051147, 0.7699999809265137]}}