{"amazon_electronics_c_train_1_4": {"num_of_epochs": 50, "learning_rate": 0.0005, "training_ds_fpath": "_train_1_4", "first_token_val_accuracy": [0.0, 0.004999999888241291, 0.6700000166893005, 0.7549999952316284, 0.7699999809265137, 0.7450000047683716, 0.7149999737739563, 0.699999988079071, 0.6949999928474426, 0.6949999928474426, 0.6949999928474426, 0.6949999928474426, 0.6949999928474426, 0.6949999928474426, 0.6949999928474426, 0.6949999928474426, 0.6850000023841858, 0.6899999976158142, 0.6899999976158142, 0.7049999833106995, 0.7099999785423279, 0.7099999785423279, 0.7149999737739563, 0.7149999737739563, 0.7200000286102295, 0.7250000238418579, 0.7250000238418579, 0.7250000238418579, 0.7250000238418579, 0.7250000238418579, 0.7250000238418579, 0.7250000238418579, 0.7250000238418579, 0.7250000238418579, 0.7250000238418579, 0.7149999737739563, 0.7149999737739563, 0.7149999737739563, 0.7099999785423279, 0.7099999785423279, 0.7099999785423279, 0.7099999785423279, 0.7099999785423279, 0.7049999833106995, 0.7049999833106995, 0.7049999833106995, 0.7099999785423279, 0.7049999833106995, 0.7049999833106995, 0.7049999833106995], "all_token_val_accuracy": [0.0, 0.004999999888241291, 0.6700000166893005, 0.7549999952316284, 0.7699999809265137, 0.7450000047683716, 0.7149999737739563, 0.699999988079071, 0.6949999928474426, 0.6949999928474426, 0.6949999928474426, 0.6949999928474426, 0.6949999928474426, 0.6949999928474426, 0.6949999928474426, 0.6949999928474426, 0.6850000023841858, 0.6899999976158142, 0.6899999976158142, 0.7049999833106995, 0.7099999785423279, 0.7099999785423279, 0.7149999737739563, 0.7149999737739563, 0.7200000286102295, 0.7250000238418579, 0.7250000238418579, 0.7250000238418579, 0.7250000238418579, 0.7250000238418579, 0.7250000238418579, 0.7250000238418579, 0.7250000238418579, 0.7250000238418579, 0.7250000238418579, 0.7149999737739563, 0.7149999737739563, 0.7149999737739563, 0.7099999785423279, 0.7099999785423279, 0.7099999785423279, 0.7099999785423279, 0.7099999785423279, 0.7049999833106995, 0.7049999833106995, 0.7049999833106995, 0.7099999785423279, 0.7049999833106995, 0.7049999833106995, 0.7049999833106995]}}