{"amazon_electronics_c_train_1_8": {"num_of_epochs": 20, "learning_rate": 0.0001, "training_ds_fpath": "_train_1_8", "first_token_val_accuracy": [0.0, 0.0, 0.0, 0.009999999776482582, 0.4749999940395355, 0.6200000047683716, 0.6650000214576721, 0.6949999928474426, 0.7749999761581421, 0.7950000166893005, 0.800000011920929, 0.7950000166893005, 0.8050000071525574, 0.8100000023841858, 0.8050000071525574, 0.8050000071525574, 0.8149999976158142, 0.824999988079071, 0.8299999833106995, 0.8199999928474426], "all_token_val_accuracy": [0.0, 0.0, 0.0, 0.009999999776482582, 0.4699999988079071, 0.6050000190734863, 0.6499999761581421, 0.6800000071525574, 0.7699999809265137, 0.7950000166893005, 0.800000011920929, 0.7950000166893005, 0.8050000071525574, 0.8100000023841858, 0.8050000071525574, 0.8050000071525574, 0.8149999976158142, 0.824999988079071, 0.8299999833106995, 0.8199999928474426]}}