{"amazon_electronics_c_train_0_4": {"num_of_epochs": 30, "learning_rate": 0.0001, "training_ds_fpath": "_train_0_4", "first_token_val_accuracy": [0.0, 0.0, 0.0, 0.0, 0.0, 0.0, 0.0, 0.0, 0.0, 0.009999999776482582, 0.0949999988079071, 0.3199999928474426, 0.5400000214576721, 0.6349999904632568, 0.6700000166893005, 0.6850000023841858, 0.6899999976158142, 0.699999988079071, 0.6899999976158142, 0.675000011920929, 0.6800000071525574, 0.6850000023841858, 0.6850000023841858, 0.6850000023841858, 0.6850000023841858, 0.6700000166893005, 0.6499999761581421, 0.6600000262260437, 0.6499999761581421, 0.6399999856948853], "all_token_val_accuracy": [0.0, 0.0, 0.0, 0.0, 0.0, 0.0, 0.0, 0.0, 0.0, 0.009999999776482582, 0.0949999988079071, 0.3149999976158142, 0.5350000262260437, 0.6299999952316284, 0.6600000262260437, 0.675000011920929, 0.6800000071525574, 0.6899999976158142, 0.6800000071525574, 0.6650000214576721, 0.6700000166893005, 0.675000011920929, 0.675000011920929, 0.675000011920929, 0.675000011920929, 0.6600000262260437, 0.6399999856948853, 0.6499999761581421, 0.6399999856948853, 0.6299999952316284]}}