{"amazon_electronics_c_train_2_4": {"num_of_epochs": 40, "learning_rate": 0.0001, "training_ds_fpath": "_train_2_4", "first_token_val_accuracy": [0.0, 0.0, 0.0, 0.0, 0.0, 0.0, 0.0, 0.0, 0.02500000037252903, 0.19499999284744263, 0.5550000071525574, 0.5899999737739563, 0.5950000286102295, 0.6100000143051147, 0.6200000047683716, 0.625, 0.6399999856948853, 0.6949999928474426, 0.7649999856948853, 0.7850000262260437, 0.824999988079071, 0.8349999785423279, 0.8299999833106995, 0.824999988079071, 0.8299999833106995, 0.8299999833106995, 0.824999988079071, 0.8299999833106995, 0.8299999833106995, 0.8399999737739563, 0.8399999737739563, 0.8349999785423279, 0.8299999833106995, 0.8299999833106995, 0.8299999833106995, 0.8299999833106995, 0.8299999833106995, 0.824999988079071, 0.824999988079071, 0.8299999833106995], "all_token_val_accuracy": [0.0, 0.0, 0.0, 0.0, 0.0, 0.0, 0.0, 0.0, 0.02500000037252903, 0.19499999284744263, 0.5550000071525574, 0.5899999737739563, 0.5950000286102295, 0.6050000190734863, 0.6150000095367432, 0.6200000047683716, 0.6349999904632568, 0.6899999976158142, 0.7649999856948853, 0.7850000262260437, 0.824999988079071, 0.8349999785423279, 0.8299999833106995, 0.824999988079071, 0.8299999833106995, 0.8299999833106995, 0.824999988079071, 0.8299999833106995, 0.8299999833106995, 0.8399999737739563, 0.8399999737739563, 0.8349999785423279, 0.8299999833106995, 0.8299999833106995, 0.8299999833106995, 0.8299999833106995, 0.8299999833106995, 0.824999988079071, 0.824999988079071, 0.8299999833106995]}}