{"amazon_electronics_c_train_2_32": {"num_of_epochs": 10, "learning_rate": 0.0005, "training_ds_fpath": "_train_2_32", "first_token_val_accuracy": [0.7350000143051147, 0.8199999928474426, 0.800000011920929, 0.8299999833106995, 0.824999988079071, 0.7799999713897705, 0.8500000238418579, 0.8149999976158142, 0.8700000047683716, 0.8700000047683716], "all_token_val_accuracy": [0.7350000143051147, 0.8199999928474426, 0.800000011920929, 0.8299999833106995, 0.824999988079071, 0.7799999713897705, 0.8500000238418579, 0.8149999976158142, 0.8700000047683716, 0.8700000047683716]}}