{"amazon_electronics_c_train_7_32": {"num_of_epochs": 5, "learning_rate": 0.001, "training_ds_fpath": "_train_7_32", "first_token_val_accuracy": [0.7799999713897705, 0.7599999904632568, 0.7850000262260437, 0.8149999976158142, 0.8149999976158142], "all_token_val_accuracy": [0.7799999713897705, 0.7599999904632568, 0.7850000262260437, 0.8149999976158142, 0.8149999976158142]}}