{"amazon_electronics_c_train_0_4": {"num_of_epochs": 40, "learning_rate": 0.001, "training_ds_fpath": "_train_0_4", "first_token_val_accuracy": [0.0, 0.7200000286102295, 0.7400000095367432, 0.699999988079071, 0.6899999976158142, 0.6949999928474426, 0.699999988079071, 0.6949999928474426, 0.6949999928474426, 0.6949999928474426, 0.6949999928474426, 0.6949999928474426, 0.699999988079071, 0.6949999928474426, 0.6949999928474426, 0.6949999928474426, 0.6899999976158142, 0.6899999976158142, 0.6850000023841858, 0.7049999833106995, 0.699999988079071, 0.7200000286102295, 0.7149999737739563, 0.7099999785423279, 0.7049999833106995, 0.7099999785423279, 0.6899999976158142, 0.6899999976158142, 0.6850000023841858, 0.6850000023841858, 0.6800000071525574, 0.6850000023841858, 0.6899999976158142, 0.6899999976158142, 0.6850000023841858, 0.6850000023841858, 0.6800000071525574, 0.6800000071525574, 0.6800000071525574, 0.6800000071525574], "all_token_val_accuracy": [0.0, 0.7200000286102295, 0.7400000095367432, 0.699999988079071, 0.6899999976158142, 0.6949999928474426, 0.699999988079071, 0.6949999928474426, 0.6949999928474426, 0.6949999928474426, 0.6949999928474426, 0.6949999928474426, 0.699999988079071, 0.6949999928474426, 0.6949999928474426, 0.6949999928474426, 0.6899999976158142, 0.6899999976158142, 0.6850000023841858, 0.7049999833106995, 0.699999988079071, 0.7200000286102295, 0.7149999737739563, 0.7099999785423279, 0.7049999833106995, 0.7099999785423279, 0.6899999976158142, 0.6899999976158142, 0.6850000023841858, 0.6850000023841858, 0.6800000071525574, 0.6850000023841858, 0.6899999976158142, 0.6899999976158142, 0.6850000023841858, 0.6850000023841858, 0.6800000071525574, 0.6800000071525574, 0.6800000071525574, 0.6800000071525574]}}