{"amazon_electronics_c_train_5_32": {"num_of_epochs": 20, "learning_rate": 0.001, "training_ds_fpath": "_train_5_32", "first_token_val_accuracy": [0.7049999833106995, 0.6549999713897705, 0.5600000023841858, 0.7049999833106995, 0.8349999785423279, 0.6949999928474426, 0.8600000143051147, 0.8550000190734863, 0.7900000214576721, 0.8199999928474426, 0.8450000286102295, 0.8600000143051147, 0.8450000286102295, 0.8450000286102295, 0.8450000286102295, 0.8550000190734863, 0.800000011920929, 0.675000011920929, 0.7599999904632568, 0.7950000166893005], "all_token_val_accuracy": [0.7049999833106995, 0.6549999713897705, 0.5600000023841858, 0.7049999833106995, 0.8349999785423279, 0.6949999928474426, 0.8600000143051147, 0.8550000190734863, 0.7900000214576721, 0.8199999928474426, 0.8450000286102295, 0.8600000143051147, 0.8450000286102295, 0.8450000286102295, 0.8450000286102295, 0.8550000190734863, 0.800000011920929, 0.675000011920929, 0.7599999904632568, 0.7950000166893005]}}