{"amazon_electronics_c_train_5_16": {"num_of_epochs": 40, "learning_rate": 1e-05, "training_ds_fpath": "_train_5_16", "first_token_val_accuracy": [0.0, 0.0, 0.0, 0.0, 0.0, 0.0, 0.0, 0.0, 0.0, 0.0, 0.0, 0.0, 0.0, 0.0, 0.0, 0.0, 0.0, 0.0, 0.0, 0.0, 0.0, 0.0, 0.004999999888241291, 0.009999999776482582, 0.03500000014901161, 0.07500000298023224, 0.1550000011920929, 0.3199999928474426, 0.45500001311302185, 0.5450000166893005, 0.6200000047683716, 0.6399999856948853, 0.6700000166893005, 0.699999988079071, 0.699999988079071, 0.699999988079071, 0.699999988079071, 0.7099999785423279, 0.7250000238418579, 0.7200000286102295], "all_token_val_accuracy": [0.0, 0.0, 0.0, 0.0, 0.0, 0.0, 0.0, 0.0, 0.0, 0.0, 0.0, 0.0, 0.0, 0.0, 0.0, 0.0, 0.0, 0.0, 0.0, 0.0, 0.0, 0.0, 0.004999999888241291, 0.009999999776482582, 0.03500000014901161, 0.07500000298023224, 0.1550000011920929, 0.3199999928474426, 0.45500001311302185, 0.5450000166893005, 0.6200000047683716, 0.6399999856948853, 0.6700000166893005, 0.699999988079071, 0.699999988079071, 0.699999988079071, 0.699999988079071, 0.7099999785423279, 0.7250000238418579, 0.7200000286102295]}}