{"amazon_electronics_c_train_2_32": {"num_of_epochs": 50, "learning_rate": 1e-05, "training_ds_fpath": "_train_2_32", "first_token_val_accuracy": [0.0, 0.0, 0.0, 0.0, 0.0, 0.0, 0.0, 0.0, 0.0, 0.0, 0.0, 0.029999999329447746, 0.12999999523162842, 0.4350000023841858, 0.5899999737739563, 0.6499999761581421, 0.6899999976158142, 0.6899999976158142, 0.699999988079071, 0.7200000286102295, 0.7300000190734863, 0.7200000286102295, 0.7250000238418579, 0.7300000190734863, 0.7350000143051147, 0.7350000143051147, 0.7450000047683716, 0.7549999952316284, 0.7649999856948853, 0.7599999904632568, 0.7699999809265137, 0.7699999809265137, 0.7749999761581421, 0.7699999809265137, 0.7649999856948853, 0.7749999761581421, 0.7749999761581421, 0.7799999713897705, 0.7850000262260437, 0.7850000262260437, 0.7850000262260437, 0.7799999713897705, 0.7799999713897705, 0.7799999713897705, 0.7799999713897705, 0.7749999761581421, 0.7749999761581421, 0.7699999809265137, 0.7699999809265137, 0.7850000262260437], "all_token_val_accuracy": [0.0, 0.0, 0.0, 0.0, 0.0, 0.0, 0.0, 0.0, 0.0, 0.0, 0.0, 0.029999999329447746, 0.12999999523162842, 0.4350000023841858, 0.5899999737739563, 0.6499999761581421, 0.6899999976158142, 0.6899999976158142, 0.699999988079071, 0.7200000286102295, 0.7300000190734863, 0.7200000286102295, 0.7250000238418579, 0.7300000190734863, 0.7350000143051147, 0.7350000143051147, 0.7450000047683716, 0.7549999952316284, 0.7649999856948853, 0.7599999904632568, 0.7699999809265137, 0.7699999809265137, 0.7749999761581421, 0.7699999809265137, 0.7649999856948853, 0.7749999761581421, 0.7749999761581421, 0.7799999713897705, 0.7850000262260437, 0.7850000262260437, 0.7850000262260437, 0.7799999713897705, 0.7799999713897705, 0.7799999713897705, 0.7799999713897705, 0.7749999761581421, 0.7749999761581421, 0.7699999809265137, 0.7699999809265137, 0.7850000262260437]}}