{"amazon_electronics_c_train_6_16": {"num_of_epochs": 20, "learning_rate": 0.0005, "training_ds_fpath": "_train_6_16", "first_token_val_accuracy": [0.675000011920929, 0.7149999737739563, 0.6949999928474426, 0.800000011920929, 0.7400000095367432, 0.7400000095367432, 0.7799999713897705, 0.7799999713897705, 0.7799999713897705, 0.7549999952316284, 0.7549999952316284, 0.7699999809265137, 0.7599999904632568, 0.7649999856948853, 0.7599999904632568, 0.7649999856948853, 0.7649999856948853, 0.7549999952316284, 0.7549999952316284, 0.7649999856948853], "all_token_val_accuracy": [0.675000011920929, 0.7149999737739563, 0.6949999928474426, 0.800000011920929, 0.7400000095367432, 0.7400000095367432, 0.7799999713897705, 0.7799999713897705, 0.7799999713897705, 0.7549999952316284, 0.7549999952316284, 0.7699999809265137, 0.7599999904632568, 0.7649999856948853, 0.7599999904632568, 0.7649999856948853, 0.7649999856948853, 0.7549999952316284, 0.7549999952316284, 0.7649999856948853]}}