{"amazon_electronics_c_train_4_16": {"num_of_epochs": 50, "learning_rate": 1e-05, "training_ds_fpath": "_train_4_16", "first_token_val_accuracy": [0.0, 0.0, 0.0, 0.0, 0.0, 0.0, 0.0, 0.0, 0.0, 0.0, 0.0, 0.0, 0.0, 0.0, 0.0, 0.0, 0.0, 0.0, 0.0, 0.0, 0.0, 0.0, 0.004999999888241291, 0.014999999664723873, 0.04500000178813934, 0.11999999731779099, 0.20499999821186066, 0.38999998569488525, 0.5299999713897705, 0.5849999785423279, 0.6200000047683716, 0.6499999761581421, 0.6650000214576721, 0.6700000166893005, 0.6800000071525574, 0.6899999976158142, 0.7049999833106995, 0.699999988079071, 0.699999988079071, 0.7049999833106995, 0.7099999785423279, 0.7300000190734863, 0.7300000190734863, 0.7300000190734863, 0.7350000143051147, 0.7400000095367432, 0.7350000143051147, 0.7350000143051147, 0.7300000190734863, 0.7400000095367432], "all_token_val_accuracy": [0.0, 0.0, 0.0, 0.0, 0.0, 0.0, 0.0, 0.0, 0.0, 0.0, 0.0, 0.0, 0.0, 0.0, 0.0, 0.0, 0.0, 0.0, 0.0, 0.0, 0.0, 0.0, 0.004999999888241291, 0.014999999664723873, 0.04500000178813934, 0.11999999731779099, 0.20499999821186066, 0.38999998569488525, 0.5299999713897705, 0.5849999785423279, 0.6200000047683716, 0.6499999761581421, 0.6650000214576721, 0.6700000166893005, 0.6800000071525574, 0.6899999976158142, 0.7049999833106995, 0.699999988079071, 0.699999988079071, 0.7049999833106995, 0.7099999785423279, 0.7300000190734863, 0.7300000190734863, 0.7300000190734863, 0.7350000143051147, 0.7400000095367432, 0.7350000143051147, 0.7350000143051147, 0.7300000190734863, 0.7400000095367432]}}