{"amazon_electronics_c_train_5_4": {"num_of_epochs": 5, "learning_rate": 0.0005, "training_ds_fpath": "_train_5_4", "first_token_val_accuracy": [0.0, 0.004999999888241291, 0.7200000286102295, 0.7599999904632568, 0.7599999904632568], "all_token_val_accuracy": [0.0, 0.004999999888241291, 0.7200000286102295, 0.7599999904632568, 0.7599999904632568]}}