{"amazon_electronics_c_train_3_32": {"num_of_epochs": 30, "learning_rate": 0.001, "training_ds_fpath": "_train_3_32", "first_token_val_accuracy": [0.800000011920929, 0.8299999833106995, 0.8100000023841858, 0.8349999785423279, 0.8149999976158142, 0.8450000286102295, 0.8500000238418579, 0.8500000238418579, 0.8349999785423279, 0.8550000190734863, 0.8550000190734863, 0.8650000095367432, 0.8199999928474426, 0.8299999833106995, 0.8299999833106995, 0.6449999809265137, 0.7699999809265137, 0.75, 0.6399999856948853, 0.7099999785423279, 0.8100000023841858, 0.7850000262260437, 0.7699999809265137, 0.7149999737739563, 0.7850000262260437, 0.7549999952316284, 0.7450000047683716, 0.7149999737739563, 0.7250000238418579, 0.7400000095367432], "all_token_val_accuracy": [0.800000011920929, 0.8299999833106995, 0.8100000023841858, 0.8349999785423279, 0.8149999976158142, 0.8450000286102295, 0.8500000238418579, 0.8500000238418579, 0.8349999785423279, 0.8550000190734863, 0.8550000190734863, 0.8650000095367432, 0.8199999928474426, 0.8299999833106995, 0.8299999833106995, 0.6449999809265137, 0.7699999809265137, 0.75, 0.6399999856948853, 0.7099999785423279, 0.8100000023841858, 0.7850000262260437, 0.7699999809265137, 0.7149999737739563, 0.7850000262260437, 0.7549999952316284, 0.7450000047683716, 0.7149999737739563, 0.7250000238418579, 0.7400000095367432]}}