{"amazon_electronics_c_train_7_8": {"num_of_epochs": 5, "learning_rate": 0.001, "training_ds_fpath": "_train_7_8", "first_token_val_accuracy": [0.7350000143051147, 0.6200000047683716, 0.7250000238418579, 0.6349999904632568, 0.6050000190734863], "all_token_val_accuracy": [0.7350000143051147, 0.6200000047683716, 0.7250000238418579, 0.6349999904632568, 0.6050000190734863]}}