{"amazon_electronics_c_train_1_8": {"num_of_epochs": 30, "learning_rate": 0.0001, "training_ds_fpath": "_train_1_8", "first_token_val_accuracy": [0.0, 0.0, 0.0, 0.0, 0.014999999664723873, 0.46000000834465027, 0.6050000190734863, 0.625, 0.6549999713897705, 0.6949999928474426, 0.7350000143051147, 0.7699999809265137, 0.7850000262260437, 0.8149999976158142, 0.800000011920929, 0.8050000071525574, 0.8199999928474426, 0.8199999928474426, 0.824999988079071, 0.8299999833106995, 0.824999988079071, 0.824999988079071, 0.8149999976158142, 0.8199999928474426, 0.8199999928474426, 0.824999988079071, 0.8349999785423279, 0.8349999785423279, 0.8349999785423279, 0.8349999785423279], "all_token_val_accuracy": [0.0, 0.0, 0.0, 0.0, 0.014999999664723873, 0.45500001311302185, 0.5899999737739563, 0.6100000143051147, 0.6549999713897705, 0.6949999928474426, 0.7350000143051147, 0.7699999809265137, 0.7850000262260437, 0.8149999976158142, 0.800000011920929, 0.8050000071525574, 0.8199999928474426, 0.8199999928474426, 0.824999988079071, 0.8299999833106995, 0.824999988079071, 0.824999988079071, 0.8149999976158142, 0.8199999928474426, 0.8199999928474426, 0.824999988079071, 0.8349999785423279, 0.8349999785423279, 0.8349999785423279, 0.8349999785423279]}}