{"amazon_electronics_c_train_9_4": {"num_of_epochs": 40, "learning_rate": 0.001, "training_ds_fpath": "_train_9_4", "first_token_val_accuracy": [0.0, 0.7250000238418579, 0.7749999761581421, 0.8299999833106995, 0.8299999833106995, 0.800000011920929, 0.8100000023841858, 0.824999988079071, 0.8199999928474426, 0.8100000023841858, 0.8100000023841858, 0.8149999976158142, 0.8149999976158142, 0.8199999928474426, 0.824999988079071, 0.8299999833106995, 0.8299999833106995, 0.8299999833106995, 0.8349999785423279, 0.8349999785423279, 0.8349999785423279, 0.8349999785423279, 0.8349999785423279, 0.8349999785423279, 0.8349999785423279, 0.8349999785423279, 0.8349999785423279, 0.8349999785423279, 0.8349999785423279, 0.8349999785423279, 0.8349999785423279, 0.8349999785423279, 0.8349999785423279, 0.8349999785423279, 0.8349999785423279, 0.8349999785423279, 0.8349999785423279, 0.8349999785423279, 0.8299999833106995, 0.8299999833106995], "all_token_val_accuracy": [0.0, 0.7250000238418579, 0.7749999761581421, 0.8299999833106995, 0.8299999833106995, 0.800000011920929, 0.8100000023841858, 0.824999988079071, 0.8199999928474426, 0.8100000023841858, 0.8100000023841858, 0.8149999976158142, 0.8149999976158142, 0.8199999928474426, 0.824999988079071, 0.8299999833106995, 0.8299999833106995, 0.8299999833106995, 0.8349999785423279, 0.8349999785423279, 0.8349999785423279, 0.8349999785423279, 0.8349999785423279, 0.8349999785423279, 0.8349999785423279, 0.8349999785423279, 0.8349999785423279, 0.8349999785423279, 0.8349999785423279, 0.8349999785423279, 0.8349999785423279, 0.8349999785423279, 0.8349999785423279, 0.8349999785423279, 0.8349999785423279, 0.8349999785423279, 0.8349999785423279, 0.8349999785423279, 0.8299999833106995, 0.8299999833106995]}}