{"amazon_electronics_c_train_7_16": {"num_of_epochs": 20, "learning_rate": 0.001, "training_ds_fpath": "_train_7_16", "first_token_val_accuracy": [0.699999988079071, 0.7549999952316284, 0.7200000286102295, 0.7549999952316284, 0.8500000238418579, 0.824999988079071, 0.7900000214576721, 0.8149999976158142, 0.8399999737739563, 0.8349999785423279, 0.8349999785423279, 0.8450000286102295, 0.8550000190734863, 0.8650000095367432, 0.8550000190734863, 0.8500000238418579, 0.8500000238418579, 0.8399999737739563, 0.8399999737739563, 0.8399999737739563], "all_token_val_accuracy": [0.699999988079071, 0.7549999952316284, 0.7200000286102295, 0.7549999952316284, 0.8500000238418579, 0.824999988079071, 0.7900000214576721, 0.8149999976158142, 0.8399999737739563, 0.8349999785423279, 0.8349999785423279, 0.8450000286102295, 0.8550000190734863, 0.8650000095367432, 0.8550000190734863, 0.8500000238418579, 0.8500000238418579, 0.8399999737739563, 0.8399999737739563, 0.8399999737739563]}}