{"amazon_electronics_c_train_1_32": {"num_of_epochs": 20, "learning_rate": 0.001, "training_ds_fpath": "_train_1_32", "first_token_val_accuracy": [0.7400000095367432, 0.824999988079071, 0.699999988079071, 0.8550000190734863, 0.8600000143051147, 0.8650000095367432, 0.8399999737739563, 0.8450000286102295, 0.8450000286102295, 0.8500000238418579, 0.8500000238418579, 0.8500000238418579, 0.8500000238418579, 0.8500000238418579, 0.8650000095367432, 0.8600000143051147, 0.8600000143051147, 0.8600000143051147, 0.8650000095367432, 0.8650000095367432], "all_token_val_accuracy": [0.7400000095367432, 0.824999988079071, 0.699999988079071, 0.8550000190734863, 0.8600000143051147, 0.8650000095367432, 0.8399999737739563, 0.8450000286102295, 0.8450000286102295, 0.8500000238418579, 0.8500000238418579, 0.8500000238418579, 0.8500000238418579, 0.8500000238418579, 0.8650000095367432, 0.8600000143051147, 0.8600000143051147, 0.8600000143051147, 0.8650000095367432, 0.8650000095367432]}}