{"amazon_electronics_c_train_5_16": {"num_of_epochs": 5, "learning_rate": 0.001, "training_ds_fpath": "_train_5_16", "first_token_val_accuracy": [0.800000011920929, 0.7250000238418579, 0.7749999761581421, 0.6850000023841858, 0.800000011920929], "all_token_val_accuracy": [0.800000011920929, 0.7250000238418579, 0.7749999761581421, 0.6850000023841858, 0.800000011920929]}}