{"amazon_electronics_c_train_9_8": {"num_of_epochs": 40, "learning_rate": 0.001, "training_ds_fpath": "_train_9_8", "first_token_val_accuracy": [0.7149999737739563, 0.8199999928474426, 0.8349999785423279, 0.8450000286102295, 0.8450000286102295, 0.800000011920929, 0.7799999713897705, 0.7850000262260437, 0.8100000023841858, 0.8100000023841858, 0.8100000023841858, 0.8100000023841858, 0.8100000023841858, 0.8100000023841858, 0.8100000023841858, 0.8100000023841858, 0.8050000071525574, 0.8050000071525574, 0.8050000071525574, 0.8050000071525574, 0.8050000071525574, 0.8100000023841858, 0.8100000023841858, 0.8050000071525574, 0.8050000071525574, 0.8050000071525574, 0.8050000071525574, 0.8050000071525574, 0.8050000071525574, 0.8100000023841858, 0.8100000023841858, 0.8100000023841858, 0.8100000023841858, 0.8100000023841858, 0.8050000071525574, 0.8149999976158142, 0.8149999976158142, 0.8149999976158142, 0.8149999976158142, 0.8149999976158142], "all_token_val_accuracy": [0.7149999737739563, 0.8199999928474426, 0.8349999785423279, 0.8450000286102295, 0.8450000286102295, 0.800000011920929, 0.7799999713897705, 0.7850000262260437, 0.8100000023841858, 0.8100000023841858, 0.8100000023841858, 0.8100000023841858, 0.8100000023841858, 0.8100000023841858, 0.8100000023841858, 0.8100000023841858, 0.8050000071525574, 0.8050000071525574, 0.8050000071525574, 0.8050000071525574, 0.8050000071525574, 0.8100000023841858, 0.8100000023841858, 0.8050000071525574, 0.8050000071525574, 0.8050000071525574, 0.8050000071525574, 0.8050000071525574, 0.8050000071525574, 0.8100000023841858, 0.8100000023841858, 0.8100000023841858, 0.8100000023841858, 0.8100000023841858, 0.8050000071525574, 0.8149999976158142, 0.8149999976158142, 0.8149999976158142, 0.8149999976158142, 0.8149999976158142]}}