{"amazon_electronics_c_train_1_8": {"num_of_epochs": 50, "learning_rate": 0.0005, "training_ds_fpath": "_train_1_8", "first_token_val_accuracy": [0.11500000208616257, 0.7799999713897705, 0.800000011920929, 0.8600000143051147, 0.8650000095367432, 0.8600000143051147, 0.8600000143051147, 0.8650000095367432, 0.8650000095367432, 0.8650000095367432, 0.8700000047683716, 0.875, 0.875, 0.8700000047683716, 0.8700000047683716, 0.8700000047683716, 0.8700000047683716, 0.8700000047683716, 0.875, 0.875, 0.875, 0.875, 0.875, 0.875, 0.875, 0.875, 0.875, 0.875, 0.875, 0.8700000047683716, 0.8700000047683716, 0.875, 0.875, 0.875, 0.875, 0.875, 0.875, 0.875, 0.875, 0.875, 0.8700000047683716, 0.8700000047683716, 0.875, 0.875, 0.875, 0.8700000047683716, 0.8700000047683716, 0.8700000047683716, 0.8700000047683716, 0.8700000047683716], "all_token_val_accuracy": [0.11500000208616257, 0.7799999713897705, 0.800000011920929, 0.8600000143051147, 0.8650000095367432, 0.8600000143051147, 0.8600000143051147, 0.8650000095367432, 0.8650000095367432, 0.8650000095367432, 0.8700000047683716, 0.875, 0.875, 0.8700000047683716, 0.8700000047683716, 0.8700000047683716, 0.8700000047683716, 0.8700000047683716, 0.875, 0.875, 0.875, 0.875, 0.875, 0.875, 0.875, 0.875, 0.875, 0.875, 0.875, 0.8700000047683716, 0.8700000047683716, 0.875, 0.875, 0.875, 0.875, 0.875, 0.875, 0.875, 0.875, 0.875, 0.8700000047683716, 0.8700000047683716, 0.875, 0.875, 0.875, 0.8700000047683716, 0.8700000047683716, 0.8700000047683716, 0.8700000047683716, 0.8700000047683716]}}