{"amazon_electronics_c_train_3_32": {"num_of_epochs": 40, "learning_rate": 0.0005, "training_ds_fpath": "_train_3_32", "first_token_val_accuracy": [0.875, 0.7850000262260437, 0.875, 0.8849999904632568, 0.875, 0.8849999904632568, 0.8700000047683716, 0.8650000095367432, 0.8700000047683716, 0.875, 0.875, 0.8700000047683716, 0.8700000047683716, 0.875, 0.8650000095367432, 0.8650000095367432, 0.8650000095367432, 0.8650000095367432, 0.8450000286102295, 0.8550000190734863, 0.8600000143051147, 0.8700000047683716, 0.8050000071525574, 0.7950000166893005, 0.8100000023841858, 0.8050000071525574, 0.8149999976158142, 0.8149999976158142, 0.800000011920929, 0.800000011920929, 0.8149999976158142, 0.8500000238418579, 0.8100000023841858, 0.8050000071525574, 0.8500000238418579, 0.8550000190734863, 0.8299999833106995, 0.8550000190734863, 0.8650000095367432, 0.8700000047683716], "all_token_val_accuracy": [0.875, 0.7850000262260437, 0.875, 0.8849999904632568, 0.875, 0.8849999904632568, 0.8700000047683716, 0.8650000095367432, 0.8700000047683716, 0.875, 0.875, 0.8700000047683716, 0.8700000047683716, 0.875, 0.8650000095367432, 0.8650000095367432, 0.8650000095367432, 0.8650000095367432, 0.8450000286102295, 0.8550000190734863, 0.8600000143051147, 0.8700000047683716, 0.8050000071525574, 0.7950000166893005, 0.8100000023841858, 0.8050000071525574, 0.8149999976158142, 0.8149999976158142, 0.800000011920929, 0.800000011920929, 0.8149999976158142, 0.8500000238418579, 0.8100000023841858, 0.8050000071525574, 0.8500000238418579, 0.8550000190734863, 0.8299999833106995, 0.8550000190734863, 0.8650000095367432, 0.8700000047683716]}}