{"amazon_electronics_c_train_4_16": {"num_of_epochs": 50, "learning_rate": 0.0005, "training_ds_fpath": "_train_4_16", "first_token_val_accuracy": [0.6850000023841858, 0.8100000023841858, 0.8050000071525574, 0.8450000286102295, 0.8149999976158142, 0.824999988079071, 0.824999988079071, 0.8199999928474426, 0.8149999976158142, 0.8149999976158142, 0.8199999928474426, 0.8199999928474426, 0.8199999928474426, 0.8199999928474426, 0.8199999928474426, 0.8199999928474426, 0.824999988079071, 0.824999988079071, 0.824999988079071, 0.8199999928474426, 0.8199999928474426, 0.8199999928474426, 0.8199999928474426, 0.8500000238418579, 0.8450000286102295, 0.8349999785423279, 0.8299999833106995, 0.8199999928474426, 0.8199999928474426, 0.824999988079071, 0.824999988079071, 0.8450000286102295, 0.8399999737739563, 0.8399999737739563, 0.8399999737739563, 0.8349999785423279, 0.8349999785423279, 0.8349999785423279, 0.8349999785423279, 0.8349999785423279, 0.8349999785423279, 0.8399999737739563, 0.8349999785423279, 0.8399999737739563, 0.8399999737739563, 0.8399999737739563, 0.8399999737739563, 0.8349999785423279, 0.8349999785423279, 0.8450000286102295], "all_token_val_accuracy": [0.6850000023841858, 0.8100000023841858, 0.8050000071525574, 0.8450000286102295, 0.8149999976158142, 0.824999988079071, 0.824999988079071, 0.8199999928474426, 0.8149999976158142, 0.8149999976158142, 0.8199999928474426, 0.8199999928474426, 0.8199999928474426, 0.8199999928474426, 0.8199999928474426, 0.8199999928474426, 0.824999988079071, 0.824999988079071, 0.824999988079071, 0.8199999928474426, 0.8199999928474426, 0.8199999928474426, 0.8199999928474426, 0.8500000238418579, 0.8450000286102295, 0.8349999785423279, 0.8299999833106995, 0.8199999928474426, 0.8199999928474426, 0.824999988079071, 0.824999988079071, 0.8450000286102295, 0.8399999737739563, 0.8399999737739563, 0.8399999737739563, 0.8349999785423279, 0.8349999785423279, 0.8349999785423279, 0.8349999785423279, 0.8349999785423279, 0.8349999785423279, 0.8399999737739563, 0.8349999785423279, 0.8399999737739563, 0.8399999737739563, 0.8399999737739563, 0.8399999737739563, 0.8349999785423279, 0.8349999785423279, 0.8450000286102295]}}