{"amazon_electronics_c_train_9_4": {"num_of_epochs": 10, "learning_rate": 0.0005, "training_ds_fpath": "_train_9_4", "first_token_val_accuracy": [0.0, 0.0, 0.4749999940395355, 0.7450000047683716, 0.7400000095367432, 0.75, 0.7900000214576721, 0.8199999928474426, 0.7850000262260437, 0.7699999809265137], "all_token_val_accuracy": [0.0, 0.0, 0.4749999940395355, 0.7450000047683716, 0.7400000095367432, 0.75, 0.7900000214576721, 0.8199999928474426, 0.7850000262260437, 0.7699999809265137]}}