{"amazon_electronics_c_train_1_8": {"num_of_epochs": 10, "learning_rate": 0.0001, "training_ds_fpath": "_train_1_8", "first_token_val_accuracy": [0.0, 0.0, 0.0, 0.0, 0.11500000208616257, 0.5849999785423279, 0.6549999713897705, 0.6700000166893005, 0.7099999785423279, 0.7599999904632568], "all_token_val_accuracy": [0.0, 0.0, 0.0, 0.0, 0.11500000208616257, 0.574999988079071, 0.6449999809265137, 0.6499999761581421, 0.6949999928474426, 0.7549999952316284]}}