{"amazon_electronics_c_train_0_8": {"num_of_epochs": 10, "learning_rate": 0.0005, "training_ds_fpath": "_train_0_8", "first_token_val_accuracy": [0.019999999552965164, 0.7250000238418579, 0.7950000166893005, 0.8199999928474426, 0.8149999976158142, 0.8199999928474426, 0.8199999928474426, 0.8199999928474426, 0.8149999976158142, 0.8199999928474426], "all_token_val_accuracy": [0.019999999552965164, 0.7250000238418579, 0.7950000166893005, 0.8199999928474426, 0.8149999976158142, 0.8199999928474426, 0.8199999928474426, 0.8199999928474426, 0.8149999976158142, 0.8199999928474426]}}