{"amazon_electronics_c_train_4_32": {"num_of_epochs": 5, "learning_rate": 0.0001, "training_ds_fpath": "_train_4_32", "first_token_val_accuracy": [0.0, 0.7350000143051147, 0.8050000071525574, 0.7699999809265137, 0.8149999976158142], "all_token_val_accuracy": [0.0, 0.7350000143051147, 0.8050000071525574, 0.7699999809265137, 0.8149999976158142]}}