{"amazon_electronics_c_train_1_4": {"num_of_epochs": 40, "learning_rate": 0.0001, "training_ds_fpath": "_train_1_4", "first_token_val_accuracy": [0.0, 0.0, 0.0, 0.0, 0.0, 0.0, 0.0, 0.0, 0.0, 0.04500000178813934, 0.20000000298023224, 0.5350000262260437, 0.6549999713897705, 0.6899999976158142, 0.7149999737739563, 0.7250000238418579, 0.7250000238418579, 0.7450000047683716, 0.7549999952316284, 0.7699999809265137, 0.7749999761581421, 0.7699999809265137, 0.7799999713897705, 0.7799999713897705, 0.7850000262260437, 0.7850000262260437, 0.7850000262260437, 0.7850000262260437, 0.7850000262260437, 0.7900000214576721, 0.7900000214576721, 0.7850000262260437, 0.7799999713897705, 0.7850000262260437, 0.7850000262260437, 0.7799999713897705, 0.7749999761581421, 0.7649999856948853, 0.7649999856948853, 0.7649999856948853], "all_token_val_accuracy": [0.0, 0.0, 0.0, 0.0, 0.0, 0.0, 0.0, 0.0, 0.0, 0.04500000178813934, 0.20000000298023224, 0.5299999713897705, 0.6499999761581421, 0.6850000023841858, 0.7099999785423279, 0.7200000286102295, 0.7200000286102295, 0.7400000095367432, 0.75, 0.7649999856948853, 0.7699999809265137, 0.7649999856948853, 0.7799999713897705, 0.7799999713897705, 0.7850000262260437, 0.7850000262260437, 0.7850000262260437, 0.7850000262260437, 0.7850000262260437, 0.7900000214576721, 0.7900000214576721, 0.7850000262260437, 0.7799999713897705, 0.7850000262260437, 0.7850000262260437, 0.7799999713897705, 0.7749999761581421, 0.7649999856948853, 0.7649999856948853, 0.7649999856948853]}}