{"amazon_electronics_c_train_2_4": {"num_of_epochs": 40, "learning_rate": 0.001, "training_ds_fpath": "_train_2_4", "first_token_val_accuracy": [0.004999999888241291, 0.6200000047683716, 0.800000011920929, 0.7799999713897705, 0.8100000023841858, 0.8299999833106995, 0.800000011920929, 0.7300000190734863, 0.7300000190734863, 0.7200000286102295, 0.7350000143051147, 0.7350000143051147, 0.7400000095367432, 0.75, 0.75, 0.7549999952316284, 0.75, 0.75, 0.75, 0.75, 0.75, 0.75, 0.75, 0.75, 0.7599999904632568, 0.7549999952316284, 0.7549999952316284, 0.7549999952316284, 0.7549999952316284, 0.7549999952316284, 0.7549999952316284, 0.7549999952316284, 0.7549999952316284, 0.7599999904632568, 0.7599999904632568, 0.7450000047683716, 0.7350000143051147, 0.7300000190734863, 0.7300000190734863, 0.7400000095367432], "all_token_val_accuracy": [0.004999999888241291, 0.6000000238418579, 0.75, 0.7350000143051147, 0.8100000023841858, 0.8299999833106995, 0.800000011920929, 0.7300000190734863, 0.7300000190734863, 0.7200000286102295, 0.7350000143051147, 0.7350000143051147, 0.7400000095367432, 0.75, 0.75, 0.7549999952316284, 0.75, 0.75, 0.75, 0.75, 0.75, 0.75, 0.75, 0.75, 0.7599999904632568, 0.7549999952316284, 0.7549999952316284, 0.7549999952316284, 0.7549999952316284, 0.7549999952316284, 0.7549999952316284, 0.7549999952316284, 0.7549999952316284, 0.7599999904632568, 0.7599999904632568, 0.7450000047683716, 0.7350000143051147, 0.7300000190734863, 0.7300000190734863, 0.7400000095367432]}}