{"amazon_electronics_c_train_0_16": {"num_of_epochs": 50, "learning_rate": 1e-05, "training_ds_fpath": "_train_0_16", "first_token_val_accuracy": [0.0, 0.0, 0.0, 0.0, 0.0, 0.0, 0.0, 0.0, 0.0, 0.0, 0.0, 0.0, 0.0, 0.0, 0.0, 0.0, 0.0, 0.0, 0.0, 0.0, 0.0, 0.0, 0.004999999888241291, 0.004999999888241291, 0.009999999776482582, 0.029999999329447746, 0.07000000029802322, 0.125, 0.20999999344348907, 0.33500000834465027, 0.4300000071525574, 0.5550000071525574, 0.5950000286102295, 0.625, 0.6449999809265137, 0.6600000262260437, 0.6800000071525574, 0.6850000023841858, 0.6850000023841858, 0.6850000023841858, 0.6800000071525574, 0.6850000023841858, 0.699999988079071, 0.7049999833106995, 0.7200000286102295, 0.7400000095367432, 0.7450000047683716, 0.7549999952316284, 0.7549999952316284, 0.7599999904632568], "all_token_val_accuracy": [0.0, 0.0, 0.0, 0.0, 0.0, 0.0, 0.0, 0.0, 0.0, 0.0, 0.0, 0.0, 0.0, 0.0, 0.0, 0.0, 0.0, 0.0, 0.0, 0.0, 0.0, 0.0, 0.004999999888241291, 0.004999999888241291, 0.009999999776482582, 0.029999999329447746, 0.07000000029802322, 0.125, 0.20999999344348907, 0.33500000834465027, 0.4300000071525574, 0.5550000071525574, 0.5950000286102295, 0.625, 0.6449999809265137, 0.6600000262260437, 0.6800000071525574, 0.6850000023841858, 0.6850000023841858, 0.6850000023841858, 0.6800000071525574, 0.6850000023841858, 0.699999988079071, 0.7049999833106995, 0.7200000286102295, 0.7400000095367432, 0.7450000047683716, 0.7549999952316284, 0.7549999952316284, 0.7599999904632568]}}