{"amazon_electronics_c_train_5_32": {"num_of_epochs": 50, "learning_rate": 0.001, "training_ds_fpath": "_train_5_32", "first_token_val_accuracy": [0.75, 0.6349999904632568, 0.8100000023841858, 0.7950000166893005, 0.7699999809265137, 0.7799999713897705, 0.7350000143051147, 0.625, 0.824999988079071, 0.6549999713897705, 0.7400000095367432, 0.7099999785423279, 0.7749999761581421, 0.800000011920929, 0.8199999928474426, 0.6650000214576721, 0.675000011920929, 0.8100000023841858, 0.8199999928474426, 0.7900000214576721, 0.7799999713897705, 0.7900000214576721, 0.7900000214576721, 0.7900000214576721, 0.7900000214576721, 0.7900000214576721, 0.7900000214576721, 0.7850000262260437, 0.7950000166893005, 0.7900000214576721, 0.800000011920929, 0.7950000166893005, 0.7950000166893005, 0.800000011920929, 0.800000011920929, 0.800000011920929, 0.800000011920929, 0.800000011920929, 0.800000011920929, 0.7799999713897705, 0.6949999928474426, 0.7300000190734863, 0.7200000286102295, 0.6299999952316284, 0.7450000047683716, 0.7599999904632568, 0.7450000047683716, 0.7599999904632568, 0.75, 0.7549999952316284], "all_token_val_accuracy": [0.75, 0.6349999904632568, 0.8100000023841858, 0.7950000166893005, 0.7699999809265137, 0.7799999713897705, 0.7350000143051147, 0.625, 0.824999988079071, 0.6549999713897705, 0.7400000095367432, 0.7099999785423279, 0.7749999761581421, 0.800000011920929, 0.8199999928474426, 0.6650000214576721, 0.675000011920929, 0.8100000023841858, 0.8199999928474426, 0.7900000214576721, 0.7799999713897705, 0.7900000214576721, 0.7900000214576721, 0.7900000214576721, 0.7900000214576721, 0.7900000214576721, 0.7900000214576721, 0.7850000262260437, 0.7950000166893005, 0.7900000214576721, 0.800000011920929, 0.7950000166893005, 0.7950000166893005, 0.800000011920929, 0.800000011920929, 0.800000011920929, 0.800000011920929, 0.800000011920929, 0.800000011920929, 0.7799999713897705, 0.6949999928474426, 0.7300000190734863, 0.7200000286102295, 0.6299999952316284, 0.7450000047683716, 0.7599999904632568, 0.7450000047683716, 0.7599999904632568, 0.75, 0.7549999952316284]}}