{"amazon_electronics_c_train_7_8": {"num_of_epochs": 30, "learning_rate": 0.0001, "training_ds_fpath": "_train_7_8", "first_token_val_accuracy": [0.0, 0.0, 0.0, 0.0, 0.009999999776482582, 0.5099999904632568, 0.6949999928474426, 0.7350000143051147, 0.7699999809265137, 0.7749999761581421, 0.7599999904632568, 0.7149999737739563, 0.7099999785423279, 0.7099999785423279, 0.7049999833106995, 0.7200000286102295, 0.7149999737739563, 0.7200000286102295, 0.6949999928474426, 0.6949999928474426, 0.6949999928474426, 0.675000011920929, 0.6700000166893005, 0.6600000262260437, 0.6700000166893005, 0.6949999928474426, 0.6850000023841858, 0.6899999976158142, 0.7149999737739563, 0.7149999737739563], "all_token_val_accuracy": [0.0, 0.0, 0.0, 0.0, 0.009999999776482582, 0.5099999904632568, 0.6949999928474426, 0.7350000143051147, 0.7699999809265137, 0.7749999761581421, 0.7599999904632568, 0.7149999737739563, 0.7099999785423279, 0.7099999785423279, 0.7049999833106995, 0.7200000286102295, 0.7149999737739563, 0.7200000286102295, 0.6949999928474426, 0.6949999928474426, 0.6949999928474426, 0.675000011920929, 0.6700000166893005, 0.6600000262260437, 0.6700000166893005, 0.6949999928474426, 0.6850000023841858, 0.6899999976158142, 0.7149999737739563, 0.7149999737739563]}}