{"amazon_electronics_c_train_8_4": {"num_of_epochs": 50, "learning_rate": 0.001, "training_ds_fpath": "_train_8_4", "first_token_val_accuracy": [0.07000000029802322, 0.7200000286102295, 0.6600000262260437, 0.6349999904632568, 0.675000011920929, 0.6800000071525574, 0.6700000166893005, 0.675000011920929, 0.6600000262260437, 0.6449999809265137, 0.625, 0.5950000286102295, 0.5899999737739563, 0.574999988079071, 0.574999988079071, 0.5699999928474426, 0.6399999856948853, 0.6850000023841858, 0.7099999785423279, 0.7149999737739563, 0.7149999737739563, 0.7149999737739563, 0.7099999785423279, 0.7099999785423279, 0.7049999833106995, 0.6899999976158142, 0.6899999976158142, 0.6850000023841858, 0.6549999713897705, 0.6600000262260437, 0.6600000262260437, 0.6499999761581421, 0.6499999761581421, 0.6499999761581421, 0.6499999761581421, 0.6499999761581421, 0.6499999761581421, 0.6549999713897705, 0.6549999713897705, 0.6549999713897705, 0.6549999713897705, 0.6600000262260437, 0.6600000262260437, 0.6600000262260437, 0.6549999713897705, 0.6549999713897705, 0.6499999761581421, 0.6499999761581421, 0.6499999761581421, 0.6499999761581421], "all_token_val_accuracy": [0.07000000029802322, 0.7200000286102295, 0.6600000262260437, 0.6349999904632568, 0.675000011920929, 0.6800000071525574, 0.6700000166893005, 0.675000011920929, 0.6600000262260437, 0.6449999809265137, 0.625, 0.5950000286102295, 0.5899999737739563, 0.574999988079071, 0.574999988079071, 0.5699999928474426, 0.6399999856948853, 0.6850000023841858, 0.7099999785423279, 0.7149999737739563, 0.7149999737739563, 0.7149999737739563, 0.7099999785423279, 0.7099999785423279, 0.7049999833106995, 0.6899999976158142, 0.6899999976158142, 0.6850000023841858, 0.6549999713897705, 0.6600000262260437, 0.6600000262260437, 0.6499999761581421, 0.6499999761581421, 0.6499999761581421, 0.6499999761581421, 0.6499999761581421, 0.6499999761581421, 0.6549999713897705, 0.6549999713897705, 0.6549999713897705, 0.6549999713897705, 0.6600000262260437, 0.6600000262260437, 0.6600000262260437, 0.6549999713897705, 0.6549999713897705, 0.6499999761581421, 0.6499999761581421, 0.6499999761581421, 0.6499999761581421]}}