{"amazon_electronics_c_train_6_16": {"num_of_epochs": 50, "learning_rate": 1e-05, "training_ds_fpath": "_train_6_16", "first_token_val_accuracy": [0.0, 0.0, 0.0, 0.0, 0.0, 0.0, 0.0, 0.0, 0.0, 0.0, 0.0, 0.0, 0.0, 0.0, 0.0, 0.0, 0.0, 0.0, 0.0, 0.0, 0.0, 0.004999999888241291, 0.019999999552965164, 0.05000000074505806, 0.10499999672174454, 0.16500000655651093, 0.30000001192092896, 0.4350000023841858, 0.5550000071525574, 0.5950000286102295, 0.6299999952316284, 0.6499999761581421, 0.675000011920929, 0.6949999928474426, 0.6949999928474426, 0.6949999928474426, 0.699999988079071, 0.699999988079071, 0.7049999833106995, 0.7200000286102295, 0.7250000238418579, 0.7250000238418579, 0.7350000143051147, 0.7400000095367432, 0.7400000095367432, 0.7450000047683716, 0.7549999952316284, 0.7749999761581421, 0.7850000262260437, 0.7799999713897705], "all_token_val_accuracy": [0.0, 0.0, 0.0, 0.0, 0.0, 0.0, 0.0, 0.0, 0.0, 0.0, 0.0, 0.0, 0.0, 0.0, 0.0, 0.0, 0.0, 0.0, 0.0, 0.0, 0.0, 0.004999999888241291, 0.019999999552965164, 0.05000000074505806, 0.10499999672174454, 0.16500000655651093, 0.30000001192092896, 0.4350000023841858, 0.5550000071525574, 0.5950000286102295, 0.6299999952316284, 0.6499999761581421, 0.675000011920929, 0.6949999928474426, 0.6949999928474426, 0.6949999928474426, 0.699999988079071, 0.699999988079071, 0.7049999833106995, 0.7200000286102295, 0.7250000238418579, 0.7250000238418579, 0.7350000143051147, 0.7400000095367432, 0.7400000095367432, 0.7450000047683716, 0.7549999952316284, 0.7749999761581421, 0.7850000262260437, 0.7799999713897705]}}