{"amazon_electronics_c_train_6_32": {"num_of_epochs": 10, "learning_rate": 0.0005, "training_ds_fpath": "_train_6_32", "first_token_val_accuracy": [0.6949999928474426, 0.6549999713897705, 0.824999988079071, 0.8450000286102295, 0.8600000143051147, 0.8149999976158142, 0.8550000190734863, 0.8600000143051147, 0.824999988079071, 0.8450000286102295], "all_token_val_accuracy": [0.6949999928474426, 0.6549999713897705, 0.824999988079071, 0.8450000286102295, 0.8600000143051147, 0.8149999976158142, 0.8550000190734863, 0.8600000143051147, 0.824999988079071, 0.8450000286102295]}}