{"amazon_electronics_c_train_6_8": {"num_of_epochs": 50, "learning_rate": 0.0005, "training_ds_fpath": "_train_6_8", "first_token_val_accuracy": [0.0, 0.7200000286102295, 0.7850000262260437, 0.8199999928474426, 0.8500000238418579, 0.8299999833106995, 0.8500000238418579, 0.8700000047683716, 0.8700000047683716, 0.8650000095367432, 0.8700000047683716, 0.875, 0.875, 0.875, 0.875, 0.8700000047683716, 0.8700000047683716, 0.8799999952316284, 0.875, 0.875, 0.875, 0.8600000143051147, 0.8600000143051147, 0.8600000143051147, 0.8600000143051147, 0.8600000143051147, 0.8600000143051147, 0.8600000143051147, 0.8700000047683716, 0.8700000047683716, 0.8700000047683716, 0.8700000047683716, 0.8700000047683716, 0.8700000047683716, 0.8700000047683716, 0.8700000047683716, 0.8700000047683716, 0.8700000047683716, 0.8700000047683716, 0.8700000047683716, 0.8650000095367432, 0.8650000095367432, 0.8650000095367432, 0.8650000095367432, 0.8600000143051147, 0.8600000143051147, 0.8600000143051147, 0.8650000095367432, 0.8650000095367432, 0.8650000095367432], "all_token_val_accuracy": [0.0, 0.7200000286102295, 0.7850000262260437, 0.8199999928474426, 0.8500000238418579, 0.8299999833106995, 0.8500000238418579, 0.8700000047683716, 0.8700000047683716, 0.8650000095367432, 0.8700000047683716, 0.875, 0.875, 0.875, 0.875, 0.8700000047683716, 0.8700000047683716, 0.8799999952316284, 0.875, 0.875, 0.875, 0.8600000143051147, 0.8600000143051147, 0.8600000143051147, 0.8600000143051147, 0.8600000143051147, 0.8600000143051147, 0.8600000143051147, 0.8700000047683716, 0.8700000047683716, 0.8700000047683716, 0.8700000047683716, 0.8700000047683716, 0.8700000047683716, 0.8700000047683716, 0.8700000047683716, 0.8700000047683716, 0.8700000047683716, 0.8700000047683716, 0.8700000047683716, 0.8650000095367432, 0.8650000095367432, 0.8650000095367432, 0.8650000095367432, 0.8600000143051147, 0.8600000143051147, 0.8600000143051147, 0.8650000095367432, 0.8650000095367432, 0.8650000095367432]}}