{"amazon_electronics_c_train_8_4": {"num_of_epochs": 20, "learning_rate": 0.0001, "training_ds_fpath": "_train_8_4", "first_token_val_accuracy": [0.0, 0.0, 0.0, 0.0, 0.0, 0.0, 0.0, 0.0, 0.054999999701976776, 0.3499999940395355, 0.6000000238418579, 0.6899999976158142, 0.6899999976158142, 0.699999988079071, 0.7149999737739563, 0.7149999737739563, 0.7099999785423279, 0.7099999785423279, 0.7099999785423279, 0.7049999833106995], "all_token_val_accuracy": [0.0, 0.0, 0.0, 0.0, 0.0, 0.0, 0.0, 0.0, 0.054999999701976776, 0.3449999988079071, 0.5950000286102295, 0.6850000023841858, 0.6850000023841858, 0.6949999928474426, 0.7099999785423279, 0.7099999785423279, 0.7049999833106995, 0.7049999833106995, 0.7049999833106995, 0.699999988079071]}}