{"amazon_electronics_c_train_7_32": {"num_of_epochs": 5, "learning_rate": 0.0005, "training_ds_fpath": "_train_7_32", "first_token_val_accuracy": [0.800000011920929, 0.8199999928474426, 0.8149999976158142, 0.8149999976158142, 0.8100000023841858], "all_token_val_accuracy": [0.800000011920929, 0.8199999928474426, 0.8149999976158142, 0.8149999976158142, 0.8100000023841858]}}