{"amazon_electronics_c_train_4_32": {"num_of_epochs": 30, "learning_rate": 1e-05, "training_ds_fpath": "_train_4_32", "first_token_val_accuracy": [0.0, 0.0, 0.0, 0.0, 0.0, 0.0, 0.0, 0.0, 0.0, 0.0, 0.004999999888241291, 0.019999999552965164, 0.11999999731779099, 0.39500001072883606, 0.5849999785423279, 0.6399999856948853, 0.6650000214576721, 0.6850000023841858, 0.6899999976158142, 0.7099999785423279, 0.7400000095367432, 0.7400000095367432, 0.7549999952316284, 0.75, 0.7599999904632568, 0.7599999904632568, 0.7799999713897705, 0.7749999761581421, 0.7850000262260437, 0.7900000214576721], "all_token_val_accuracy": [0.0, 0.0, 0.0, 0.0, 0.0, 0.0, 0.0, 0.0, 0.0, 0.0, 0.004999999888241291, 0.019999999552965164, 0.11999999731779099, 0.39500001072883606, 0.5849999785423279, 0.6399999856948853, 0.6650000214576721, 0.6850000023841858, 0.6899999976158142, 0.7099999785423279, 0.7400000095367432, 0.7400000095367432, 0.7549999952316284, 0.75, 0.7599999904632568, 0.7599999904632568, 0.7799999713897705, 0.7749999761581421, 0.7850000262260437, 0.7900000214576721]}}