{"scitail_b_train_2_32": {"num_of_epochs": 10, "learning_rate": 0.0005, "training_ds_fpath": "_train_2_32", "first_token_val_accuracy": [0.5200927257537842, 0.5, 0.5115919709205627, 0.5842349529266357, 0.5092735886573792, 0.5, 0.5440494418144226, 0.6120556592941284, 0.6275116205215454, 0.6120556592941284], "all_token_val_accuracy": [0.5200927257537842, 0.5, 0.5115919709205627, 0.5842349529266357, 0.5092735886573792, 0.5, 0.5440494418144226, 0.6120556592941284, 0.6275116205215454, 0.6120556592941284]}}