{"scitail_b_train_9_16": {"num_of_epochs": 10, "learning_rate": 0.0005, "training_ds_fpath": "_train_9_16", "first_token_val_accuracy": [0.557187020778656, 0.5069552063941956, 0.5092735886573792, 0.5255023241043091, 0.6027820706367493, 0.6097372770309448, 0.5772797465324402, 0.6306027770042419, 0.6468315124511719, 0.5455950498580933], "all_token_val_accuracy": [0.557187020778656, 0.5069552063941956, 0.5092735886573792, 0.5255023241043091, 0.6027820706367493, 0.6097372770309448, 0.5772797465324402, 0.6306027770042419, 0.6468315124511719, 0.5455950498580933]}}