{"scitail_b_train_2_32": {"num_of_epochs": 40, "learning_rate": 0.0005, "training_ds_fpath": "_train_2_32", "first_token_val_accuracy": [0.5, 0.5069552063941956, 0.5432766675949097, 0.6159196496009827, 0.5370942950248718, 0.598918080329895, 0.6182380318641663, 0.625193178653717, 0.6584234833717346, 0.6854714155197144, 0.6731066703796387, 0.671561062335968, 0.6761978268623352, 0.6777434349060059, 0.672333836555481, 0.6800618171691895, 0.6638330817222595, 0.6638330817222595, 0.6754250526428223, 0.6962905526161194, 0.6893354058265686, 0.6839258074760437, 0.6792890429496765, 0.6785162091255188, 0.6792890429496765, 0.6792890429496765, 0.6816074252128601, 0.6816074252128601, 0.6800618171691895, 0.682380199432373, 0.6846985816955566, 0.6846985816955566, 0.6846985816955566, 0.6854714155197144, 0.6839258074760437, 0.6846985816955566, 0.6846985816955566, 0.6846985816955566, 0.6839258074760437, 0.6792890429496765], "all_token_val_accuracy": [0.5, 0.5069552063941956, 0.5432766675949097, 0.6159196496009827, 0.5370942950248718, 0.598918080329895, 0.6182380318641663, 0.625193178653717, 0.6584234833717346, 0.6854714155197144, 0.6731066703796387, 0.671561062335968, 0.6761978268623352, 0.6777434349060059, 0.672333836555481, 0.6800618171691895, 0.6638330817222595, 0.6638330817222595, 0.6754250526428223, 0.6962905526161194, 0.6893354058265686, 0.6839258074760437, 0.6792890429496765, 0.6785162091255188, 0.6792890429496765, 0.6792890429496765, 0.6816074252128601, 0.6816074252128601, 0.6800618171691895, 0.682380199432373, 0.6846985816955566, 0.6846985816955566, 0.6846985816955566, 0.6854714155197144, 0.6839258074760437, 0.6846985816955566, 0.6846985816955566, 0.6846985816955566, 0.6839258074760437, 0.6792890429496765]}}