{"scitail_b_train_4_4": {"num_of_epochs": 40, "learning_rate": 0.0001, "training_ds_fpath": "_train_4_4", "first_token_val_accuracy": [0.0, 0.0, 0.0, 0.0015455950051546097, 0.004636785015463829, 0.03709428012371063, 0.15146832168102264, 0.2820710837841034, 0.35085007548332214, 0.3887171447277069, 0.4149922728538513, 0.4327666163444519, 0.4451313614845276, 0.4590417444705963, 0.46986088156700134, 0.48068004846572876, 0.49072644114494324, 0.49845439195632935, 0.4953632056713104, 0.5224111080169678, 0.5595054030418396, 0.5564142465591431, 0.5401854515075684, 0.5355486869812012, 0.5363214612007141, 0.541731059551239, 0.5409582853317261, 0.5455950498580933, 0.5533230304718018, 0.5672333836555481, 0.5618237853050232, 0.5502318143844604, 0.5525502562522888, 0.5525502562522888, 0.557187020778656, 0.5556414127349854, 0.5672333836555481, 0.5718701481819153, 0.5718701481819153, 0.5672333836555481], "all_token_val_accuracy": [0.0, 0.0, 0.0, 0.0007727975025773048, 0.004636785015463829, 0.03709428012371063, 0.15146832168102264, 0.2820710837841034, 0.35085007548332214, 0.3887171447277069, 0.4149922728538513, 0.4327666163444519, 0.4451313614845276, 0.4590417444705963, 0.46986088156700134, 0.48068004846572876, 0.49072644114494324, 0.49845439195632935, 0.4953632056713104, 0.5224111080169678, 0.5595054030418396, 0.5564142465591431, 0.5401854515075684, 0.5355486869812012, 0.5363214612007141, 0.541731059551239, 0.5409582853317261, 0.5455950498580933, 0.5533230304718018, 0.5672333836555481, 0.5618237853050232, 0.5502318143844604, 0.5525502562522888, 0.5525502562522888, 0.557187020778656, 0.5556414127349854, 0.5672333836555481, 0.5718701481819153, 0.5718701481819153, 0.5672333836555481]}}