{"scitail_b_train_9_4": {"num_of_epochs": 50, "learning_rate": 1e-05, "training_ds_fpath": "_train_9_4", "first_token_val_accuracy": [0.0, 0.0, 0.0, 0.0, 0.0, 0.0, 0.0, 0.0, 0.0, 0.0, 0.0, 0.0, 0.0, 0.0, 0.0, 0.0, 0.0, 0.0, 0.0, 0.0, 0.0, 0.0, 0.0, 0.0, 0.0007727975025773048, 0.0007727975025773048, 0.0007727975025773048, 0.0007727975025773048, 0.0007727975025773048, 0.0007727975025773048, 0.0007727975025773048, 0.0007727975025773048, 0.0015455950051546097, 0.0023183925077319145, 0.0023183925077319145, 0.0023183925077319145, 0.0023183925077319145, 0.003863987745717168, 0.003863987745717168, 0.005409582518041134, 0.0069551775231957436, 0.008500772528350353, 0.010046367533504963, 0.010819165036082268, 0.010819165036082268, 0.013137557543814182, 0.014683152548968792, 0.017774343490600586, 0.021638330072164536, 0.025502318516373634], "all_token_val_accuracy": [0.0, 0.0, 0.0, 0.0, 0.0, 0.0, 0.0, 0.0, 0.0, 0.0, 0.0, 0.0, 0.0, 0.0, 0.0, 0.0, 0.0, 0.0, 0.0, 0.0, 0.0, 0.0, 0.0, 0.0, 0.0, 0.0, 0.0, 0.0, 0.0, 0.0, 0.0, 0.0, 0.0015455950051546097, 0.0023183925077319145, 0.0023183925077319145, 0.0023183925077319145, 0.0023183925077319145, 0.0030911900103092194, 0.0030911900103092194, 0.003863987745717168, 0.005409582518041134, 0.0069551775231957436, 0.008500772528350353, 0.010046367533504963, 0.010046367533504963, 0.012364760041236877, 0.013910355046391487, 0.017001545056700706, 0.020865533500909805, 0.024729520082473755]}}