{"scitail_b_train_5_4": {"num_of_epochs": 10, "learning_rate": 0.0001, "training_ds_fpath": "_train_5_4", "first_token_val_accuracy": [0.0, 0.0, 0.0, 0.0, 0.0023183925077319145, 0.010819165036082268, 0.07187017053365707, 0.15687790513038635, 0.28670787811279297, 0.39489954710006714], "all_token_val_accuracy": [0.0, 0.0, 0.0, 0.0, 0.0023183925077319145, 0.010819165036082268, 0.07187017053365707, 0.15687790513038635, 0.28670787811279297, 0.39489954710006714]}}