{"scitail_b_train_9_4": {"num_of_epochs": 30, "learning_rate": 0.0001, "training_ds_fpath": "_train_9_4", "first_token_val_accuracy": [0.0, 0.0, 0.0015455950051546097, 0.0069551775231957436, 0.07650695741176605, 0.24265842139720917, 0.30989181995391846, 0.3547140657901764, 0.401081919670105, 0.4374034106731415, 0.4683153033256531, 0.49072644114494324, 0.4969088137149811, 0.49845439195632935, 0.5, 0.5, 0.5, 0.5, 0.5015456080436707, 0.5224111080169678, 0.5162287354469299, 0.5100463628768921, 0.4976816177368164, 0.5, 0.5015456080436707, 0.4992271959781647, 0.49613600969314575, 0.4992271959781647, 0.4945904314517975, 0.5007727742195129], "all_token_val_accuracy": [0.0, 0.0, 0.0007727975025773048, 0.006182380020618439, 0.07650695741176605, 0.24265842139720917, 0.30989181995391846, 0.3547140657901764, 0.401081919670105, 0.4374034106731415, 0.4683153033256531, 0.49072644114494324, 0.4969088137149811, 0.49845439195632935, 0.5, 0.5, 0.5, 0.5, 0.5015456080436707, 0.5224111080169678, 0.5162287354469299, 0.5100463628768921, 0.4976816177368164, 0.5, 0.5015456080436707, 0.4992271959781647, 0.49613600969314575, 0.4992271959781647, 0.4945904314517975, 0.5007727742195129]}}