{"scitail_b_train_4_16": {"num_of_epochs": 20, "learning_rate": 0.0005, "training_ds_fpath": "_train_4_16", "first_token_val_accuracy": [0.5123647451400757, 0.5710973739624023, 0.6089644432067871, 0.6128284335136414, 0.615146815776825, 0.6159196496009827, 0.6174651980400085, 0.6197836399078369, 0.6344667673110962, 0.5850077271461487, 0.598918080329895, 0.6244204044342041, 0.6174651980400085, 0.6275116205215454, 0.6174651980400085, 0.5633693933486938, 0.583462119102478, 0.6228747963905334, 0.6290571689605713, 0.6244204044342041], "all_token_val_accuracy": [0.5123647451400757, 0.5710973739624023, 0.6089644432067871, 0.6128284335136414, 0.615146815776825, 0.6159196496009827, 0.6174651980400085, 0.6197836399078369, 0.6344667673110962, 0.5850077271461487, 0.598918080329895, 0.6244204044342041, 0.6174651980400085, 0.6275116205215454, 0.6174651980400085, 0.5633693933486938, 0.583462119102478, 0.6228747963905334, 0.6290571689605713, 0.6244204044342041]}}