{"scitail_b_train_0_4": {"num_of_epochs": 50, "learning_rate": 0.0005, "training_ds_fpath": "_train_0_4", "first_token_val_accuracy": [0.0007727975025773048, 0.4095826745033264, 0.49845439195632935, 0.5015456080436707, 0.5015456080436707, 0.5146831274032593, 0.5625966191291809, 0.5973724722862244, 0.5850077271461487, 0.5873261094093323, 0.58809894323349, 0.5958268642425537, 0.6105100512504578, 0.6105100512504578, 0.6166924238204956, 0.6136012077331543, 0.6159196496009827, 0.6159196496009827, 0.6128284335136414, 0.6136012077331543, 0.6136012077331543, 0.615146815776825, 0.614374041557312, 0.625193178653717, 0.629830002784729, 0.6290571689605713, 0.6321483850479126, 0.625193178653717, 0.6259660124778748, 0.6275116205215454, 0.6282843947410583, 0.6275116205215454, 0.6259660124778748, 0.6282843947410583, 0.6313755512237549, 0.6344667673110962, 0.6329211592674255, 0.6306027770042419, 0.6290571689605713, 0.6306027770042419, 0.6282843947410583, 0.6244204044342041, 0.6306027770042419, 0.6275116205215454, 0.6259660124778748, 0.629830002784729, 0.6290571689605713, 0.6306027770042419, 0.6329211592674255, 0.6313755512237549], "all_token_val_accuracy": [0.0007727975025773048, 0.4095826745033264, 0.49845439195632935, 0.5015456080436707, 0.5015456080436707, 0.5146831274032593, 0.5625966191291809, 0.5973724722862244, 0.5850077271461487, 0.5873261094093323, 0.58809894323349, 0.5958268642425537, 0.6105100512504578, 0.6105100512504578, 0.6166924238204956, 0.6136012077331543, 0.6159196496009827, 0.6159196496009827, 0.6128284335136414, 0.6136012077331543, 0.6136012077331543, 0.615146815776825, 0.614374041557312, 0.625193178653717, 0.629830002784729, 0.6290571689605713, 0.6321483850479126, 0.625193178653717, 0.6259660124778748, 0.6275116205215454, 0.6282843947410583, 0.6275116205215454, 0.6259660124778748, 0.6282843947410583, 0.6313755512237549, 0.6344667673110962, 0.6329211592674255, 0.6306027770042419, 0.6290571689605713, 0.6306027770042419, 0.6282843947410583, 0.6244204044342041, 0.6306027770042419, 0.6275116205215454, 0.6259660124778748, 0.629830002784729, 0.6290571689605713, 0.6306027770042419, 0.6329211592674255, 0.6313755512237549]}}