{"scitail_b_train_4_16": {"num_of_epochs": 40, "learning_rate": 0.001, "training_ds_fpath": "_train_4_16", "first_token_val_accuracy": [0.5, 0.5935084819793701, 0.5788253545761108, 0.5564142465591431, 0.6012364625930786, 0.5587326288223267, 0.5641421675682068, 0.5641421675682068, 0.5772797465324402, 0.6027820706367493, 0.5911900997161865, 0.5811437368392944, 0.5857805013656616, 0.5826893448829651, 0.5803709626197815, 0.5819165110588074, 0.583462119102478, 0.5826893448829651, 0.5857805013656616, 0.5873261094093323, 0.58809894323349, 0.58809894323349, 0.58809894323349, 0.58809894323349, 0.599690854549408, 0.6066460609436035, 0.6012364625930786, 0.5965996980667114, 0.5927357077598572, 0.5919629335403442, 0.5919629335403442, 0.5927357077598572, 0.5935084819793701, 0.5935084819793701, 0.5919629335403442, 0.5919629335403442, 0.5919629335403442, 0.5942813158035278, 0.5942813158035278, 0.5950540900230408], "all_token_val_accuracy": [0.5, 0.5935084819793701, 0.5788253545761108, 0.5564142465591431, 0.6012364625930786, 0.5587326288223267, 0.5641421675682068, 0.5641421675682068, 0.5772797465324402, 0.6027820706367493, 0.5911900997161865, 0.5811437368392944, 0.5857805013656616, 0.5826893448829651, 0.5803709626197815, 0.5819165110588074, 0.583462119102478, 0.5826893448829651, 0.5857805013656616, 0.5873261094093323, 0.58809894323349, 0.58809894323349, 0.58809894323349, 0.58809894323349, 0.599690854549408, 0.6066460609436035, 0.6012364625930786, 0.5965996980667114, 0.5927357077598572, 0.5919629335403442, 0.5919629335403442, 0.5927357077598572, 0.5935084819793701, 0.5935084819793701, 0.5919629335403442, 0.5919629335403442, 0.5919629335403442, 0.5942813158035278, 0.5942813158035278, 0.5950540900230408]}}