{"scitail_b_train_9_4": {"num_of_epochs": 5, "learning_rate": 0.0005, "training_ds_fpath": "_train_9_4", "first_token_val_accuracy": [0.09737248718738556, 0.416537880897522, 0.48377126455307007, 0.5231839418411255, 0.5015456080436707], "all_token_val_accuracy": [0.0958268940448761, 0.41576507687568665, 0.48299846053123474, 0.5231839418411255, 0.5015456080436707]}}