{"scitail_b_train_5_4": {"num_of_epochs": 30, "learning_rate": 0.0001, "training_ds_fpath": "_train_5_4", "first_token_val_accuracy": [0.0, 0.0, 0.0, 0.0, 0.0, 0.0, 0.0, 0.003863987745717168, 0.022411128506064415, 0.09428130090236664, 0.22952087223529816, 0.35625967383384705, 0.43353942036628723, 0.46986088156700134, 0.48531684279441833, 0.4922720193862915, 0.4976816177368164, 0.49845439195632935, 0.5015456080436707, 0.5046367645263672, 0.5069552063941956, 0.5100463628768921, 0.5564142465591431, 0.5710973739624023, 0.5556414127349854, 0.5293663144111633, 0.5177743434906006, 0.5131375789642334, 0.5224111080169678, 0.5293663144111633], "all_token_val_accuracy": [0.0, 0.0, 0.0, 0.0, 0.0, 0.0, 0.0, 0.003863987745717168, 0.022411128506064415, 0.09428130090236664, 0.22952087223529816, 0.35625967383384705, 0.43353942036628723, 0.46986088156700134, 0.48531684279441833, 0.4922720193862915, 0.4976816177368164, 0.49845439195632935, 0.5015456080436707, 0.5046367645263672, 0.5069552063941956, 0.5100463628768921, 0.5564142465591431, 0.5710973739624023, 0.5556414127349854, 0.5293663144111633, 0.5177743434906006, 0.5131375789642334, 0.5224111080169678, 0.5293663144111633]}}