{"scitail_b_train_8_8": {"num_of_epochs": 20, "learning_rate": 0.0001, "training_ds_fpath": "_train_8_8", "first_token_val_accuracy": [0.0, 0.0, 0.023183925077319145, 0.31993818283081055, 0.3863987624645233, 0.45517775416374207, 0.48608964681625366, 0.5007727742195129, 0.5092735886573792, 0.5301390886306763, 0.5386399030685425, 0.5324574708938599, 0.5409582853317261, 0.5510046482086182, 0.5525502562522888, 0.5510046482086182, 0.557187020778656, 0.5494590401649475, 0.5471406579017639, 0.5649150013923645], "all_token_val_accuracy": [0.0, 0.0, 0.023183925077319145, 0.31993818283081055, 0.3863987624645233, 0.45517775416374207, 0.48608964681625366, 0.5007727742195129, 0.5092735886573792, 0.5301390886306763, 0.5386399030685425, 0.5324574708938599, 0.5409582853317261, 0.5510046482086182, 0.5525502562522888, 0.5510046482086182, 0.557187020778656, 0.5494590401649475, 0.5471406579017639, 0.5649150013923645]}}