{"scitail_b_train_9_4": {"num_of_epochs": 50, "learning_rate": 0.0001, "training_ds_fpath": "_train_9_4", "first_token_val_accuracy": [0.0, 0.0, 0.0, 0.006182380020618439, 0.08191654086112976, 0.2820710837841034, 0.36862441897392273, 0.3995363116264343, 0.4304482340812683, 0.4683153033256531, 0.4914992153644562, 0.49845439195632935, 0.4992271959781647, 0.4992271959781647, 0.5, 0.5038639903068542, 0.568006157875061, 0.526275098323822, 0.5007727742195129, 0.5007727742195129, 0.4976816177368164, 0.49613600969314575, 0.5061823725700378, 0.5069552063941956, 0.5085007548332214, 0.5038639903068542, 0.5100463628768921, 0.5046367645263672, 0.5054095983505249, 0.5085007548332214, 0.510819137096405, 0.5139103531837463, 0.5069552063941956, 0.5015456080436707, 0.4914992153644562, 0.4953632056713104, 0.5030912160873413, 0.5170015692710876, 0.5177743434906006, 0.5170015692710876, 0.5231839418411255, 0.5231839418411255, 0.5247295498847961, 0.5193199515342712, 0.5139103531837463, 0.5162287354469299, 0.5185471177101135, 0.5139103531837463, 0.5131375789642334, 0.5146831274032593], "all_token_val_accuracy": [0.0, 0.0, 0.0, 0.006182380020618439, 0.08191654086112976, 0.2820710837841034, 0.36862441897392273, 0.3995363116264343, 0.4304482340812683, 0.4683153033256531, 0.4914992153644562, 0.49845439195632935, 0.4992271959781647, 0.4992271959781647, 0.5, 0.5038639903068542, 0.568006157875061, 0.526275098323822, 0.5007727742195129, 0.5007727742195129, 0.4976816177368164, 0.49613600969314575, 0.5061823725700378, 0.5069552063941956, 0.5085007548332214, 0.5038639903068542, 0.5100463628768921, 0.5046367645263672, 0.5054095983505249, 0.5085007548332214, 0.510819137096405, 0.5139103531837463, 0.5069552063941956, 0.5015456080436707, 0.4914992153644562, 0.4953632056713104, 0.5030912160873413, 0.5170015692710876, 0.5177743434906006, 0.5170015692710876, 0.5231839418411255, 0.5231839418411255, 0.5247295498847961, 0.5193199515342712, 0.5139103531837463, 0.5162287354469299, 0.5185471177101135, 0.5139103531837463, 0.5131375789642334, 0.5146831274032593]}}