{"scitail_b_train_7_16": {"num_of_epochs": 10, "learning_rate": 0.0001, "training_ds_fpath": "_train_7_16", "first_token_val_accuracy": [0.0023183925077319145, 0.44899535179138184, 0.49845439195632935, 0.5030912160873413, 0.5007727742195129, 0.5, 0.5200927257537842, 0.557187020778656, 0.5734157562255859, 0.5919629335403442], "all_token_val_accuracy": [0.0023183925077319145, 0.44899535179138184, 0.49845439195632935, 0.5030912160873413, 0.5007727742195129, 0.5, 0.5200927257537842, 0.557187020778656, 0.5734157562255859, 0.5919629335403442]}}