{"scitail_b_train_3_4": {"num_of_epochs": 10, "learning_rate": 0.0005, "training_ds_fpath": "_train_3_4", "first_token_val_accuracy": [0.0, 0.4667696952819824, 0.4744976758956909, 0.49845439195632935, 0.568006157875061, 0.5386399030685425, 0.4992271959781647, 0.47836166620254517, 0.5115919709205627, 0.5239567160606384], "all_token_val_accuracy": [0.0, 0.4667696952819824, 0.4744976758956909, 0.49845439195632935, 0.568006157875061, 0.5386399030685425, 0.4992271959781647, 0.47836166620254517, 0.5115919709205627, 0.5239567160606384]}}