{"scitail_b_train_5_32": {"num_of_epochs": 50, "learning_rate": 0.001, "training_ds_fpath": "_train_5_32", "first_token_val_accuracy": [0.5, 0.5, 0.572642982006073, 0.687017023563385, 0.7148377299308777, 0.656877875328064, 0.6174651980400085, 0.7055641412734985, 0.7102009057998657, 0.6599690914154053, 0.6808346509933472, 0.6731066703796387, 0.5386399030685425, 0.656877875328064, 0.640649139881134, 0.6445131301879883, 0.6112828254699707, 0.6375579833984375, 0.6043276786804199, 0.6244204044342041, 0.6282843947410583, 0.6282843947410583, 0.6360123753547668, 0.6360123753547668, 0.6367851495742798, 0.6367851495742798, 0.6383307576179504, 0.6383307576179504, 0.6383307576179504, 0.6360123753547668, 0.6352395415306091, 0.6360123753547668, 0.6383307576179504, 0.640649139881134, 0.6414219737052917, 0.6391035318374634, 0.6414219737052917, 0.6421947479248047, 0.6421947479248047, 0.6421947479248047, 0.6421947479248047, 0.640649139881134, 0.6398763656616211, 0.640649139881134, 0.640649139881134, 0.6398763656616211, 0.6391035318374634, 0.6398763656616211, 0.640649139881134, 0.6414219737052917], "all_token_val_accuracy": [0.5, 0.5, 0.572642982006073, 0.687017023563385, 0.7148377299308777, 0.656877875328064, 0.6174651980400085, 0.7055641412734985, 0.7102009057998657, 0.6599690914154053, 0.6808346509933472, 0.6731066703796387, 0.5386399030685425, 0.656877875328064, 0.640649139881134, 0.6445131301879883, 0.6112828254699707, 0.6375579833984375, 0.6043276786804199, 0.6244204044342041, 0.6282843947410583, 0.6282843947410583, 0.6360123753547668, 0.6360123753547668, 0.6367851495742798, 0.6367851495742798, 0.6383307576179504, 0.6383307576179504, 0.6383307576179504, 0.6360123753547668, 0.6352395415306091, 0.6360123753547668, 0.6383307576179504, 0.640649139881134, 0.6414219737052917, 0.6391035318374634, 0.6414219737052917, 0.6421947479248047, 0.6421947479248047, 0.6421947479248047, 0.6421947479248047, 0.640649139881134, 0.6398763656616211, 0.640649139881134, 0.640649139881134, 0.6398763656616211, 0.6391035318374634, 0.6398763656616211, 0.640649139881134, 0.6414219737052917]}}