{"scitail_b_train_0_4": {"num_of_epochs": 20, "learning_rate": 0.0001, "training_ds_fpath": "_train_0_4", "first_token_val_accuracy": [0.0, 0.0, 0.0007727975025773048, 0.013137557543814182, 0.08114373683929443, 0.18856260180473328, 0.30911901593208313, 0.39258113503456116, 0.4381761848926544, 0.46754249930381775, 0.48377126455307007, 0.4914992153644562, 0.49613600969314575, 0.49845439195632935, 0.4976816177368164, 0.515455961227417, 0.5463678240776062, 0.5788253545761108, 0.5672333836555481, 0.5517774224281311], "all_token_val_accuracy": [0.0, 0.0, 0.0007727975025773048, 0.012364760041236877, 0.0803709402680397, 0.18856260180473328, 0.30911901593208313, 0.39258113503456116, 0.4381761848926544, 0.46754249930381775, 0.48377126455307007, 0.4914992153644562, 0.49613600969314575, 0.49845439195632935, 0.4976816177368164, 0.515455961227417, 0.5463678240776062, 0.5788253545761108, 0.5672333836555481, 0.5517774224281311]}}