{"scitail_b_train_4_8": {"num_of_epochs": 20, "learning_rate": 0.0001, "training_ds_fpath": "_train_4_8", "first_token_val_accuracy": [0.0, 0.0015455950051546097, 0.07032457739114761, 0.3346213400363922, 0.39258113503456116, 0.47758886218070984, 0.49845439195632935, 0.5007727742195129, 0.5007727742195129, 0.5324574708938599, 0.510819137096405, 0.5007727742195129, 0.5123647451400757, 0.5069552063941956, 0.5316846966743469, 0.5085007548332214, 0.5216383337974548, 0.5355486869812012, 0.5340030789375305, 0.5224111080169678], "all_token_val_accuracy": [0.0, 0.0015455950051546097, 0.07032457739114761, 0.3346213400363922, 0.39258113503456116, 0.47758886218070984, 0.49845439195632935, 0.5007727742195129, 0.5007727742195129, 0.5324574708938599, 0.510819137096405, 0.5007727742195129, 0.5123647451400757, 0.5069552063941956, 0.5316846966743469, 0.5085007548332214, 0.5216383337974548, 0.5355486869812012, 0.5340030789375305, 0.5224111080169678]}}