{"scitail_b_train_2_8": {"num_of_epochs": 30, "learning_rate": 1e-05, "training_ds_fpath": "_train_2_8", "first_token_val_accuracy": [0.0, 0.0, 0.0, 0.0, 0.0, 0.0, 0.0, 0.0, 0.0, 0.0, 0.0, 0.0, 0.0, 0.0, 0.0, 0.0, 0.0, 0.0, 0.0007727975025773048, 0.0007727975025773048, 0.0007727975025773048, 0.0015455950051546097, 0.0030911900103092194, 0.0030911900103092194, 0.004636785015463829, 0.005409582518041134, 0.010819165036082268, 0.016228748485445976, 0.022411128506064415, 0.03400309011340141], "all_token_val_accuracy": [0.0, 0.0, 0.0, 0.0, 0.0, 0.0, 0.0, 0.0, 0.0, 0.0, 0.0, 0.0, 0.0, 0.0, 0.0, 0.0, 0.0, 0.0, 0.0007727975025773048, 0.0007727975025773048, 0.0007727975025773048, 0.0015455950051546097, 0.0023183925077319145, 0.0023183925077319145, 0.003863987745717168, 0.004636785015463829, 0.010046367533504963, 0.015455950982868671, 0.021638330072164536, 0.03323029354214668]}}