{"scitail_b_train_3_32": {"num_of_epochs": 40, "learning_rate": 0.001, "training_ds_fpath": "_train_3_32", "first_token_val_accuracy": [0.5347759127616882, 0.5054095983505249, 0.510819137096405, 0.5401854515075684, 0.6051004528999329, 0.5942813158035278, 0.6275116205215454, 0.6236476302146912, 0.6228747963905334, 0.6027820706367493, 0.6035548448562622, 0.6043276786804199, 0.6081916689872742, 0.6089644432067871, 0.6089644432067871, 0.6058732867240906, 0.6035548448562622, 0.6074188351631165, 0.6066460609436035, 0.6081916689872742, 0.5958268642425537, 0.5950540900230408, 0.6058732867240906, 0.5981453061103821, 0.599690854549408, 0.6035548448562622, 0.6051004528999329, 0.598918080329895, 0.598918080329895, 0.6004636883735657, 0.5958268642425537, 0.5973724722862244, 0.5935084819793701, 0.5950540900230408, 0.5950540900230408, 0.5950540900230408, 0.5950540900230408, 0.5950540900230408, 0.5904173254966736, 0.5911900997161865], "all_token_val_accuracy": [0.5347759127616882, 0.5054095983505249, 0.510819137096405, 0.5401854515075684, 0.6051004528999329, 0.5942813158035278, 0.6275116205215454, 0.6236476302146912, 0.6228747963905334, 0.6027820706367493, 0.6035548448562622, 0.6043276786804199, 0.6081916689872742, 0.6089644432067871, 0.6089644432067871, 0.6058732867240906, 0.6035548448562622, 0.6074188351631165, 0.6066460609436035, 0.6081916689872742, 0.5958268642425537, 0.5950540900230408, 0.6058732867240906, 0.5981453061103821, 0.599690854549408, 0.6035548448562622, 0.6051004528999329, 0.598918080329895, 0.598918080329895, 0.6004636883735657, 0.5958268642425537, 0.5973724722862244, 0.5935084819793701, 0.5950540900230408, 0.5950540900230408, 0.5950540900230408, 0.5950540900230408, 0.5950540900230408, 0.5904173254966736, 0.5911900997161865]}}