{"scitail_b_train_1_32": {"num_of_epochs": 50, "learning_rate": 0.001, "training_ds_fpath": "_train_1_32", "first_token_val_accuracy": [0.5, 0.5, 0.5, 0.5, 0.5, 0.5, 0.5, 0.5, 0.5, 0.5618237853050232, 0.5, 0.5231839418411255, 0.5015456080436707, 0.49304482340812683, 0.5394126772880554, 0.5085007548332214, 0.5077279806137085, 0.510819137096405, 0.4992271959781647, 0.5007727742195129, 0.5023183822631836, 0.5046367645263672, 0.5061823725700378, 0.5085007548332214, 0.5069552063941956, 0.5061823725700378, 0.5061823725700378, 0.5046367645263672, 0.5054095983505249, 0.5030912160873413, 0.5023183822631836, 0.5023183822631836, 0.5015456080436707, 0.5, 0.5007727742195129, 0.5007727742195129, 0.5038639903068542, 0.5023183822631836, 0.5046367645263672, 0.5069552063941956, 0.5077279806137085, 0.5069552063941956, 0.5030912160873413, 0.5023183822631836, 0.5023183822631836, 0.5023183822631836, 0.5023183822631836, 0.5023183822631836, 0.5030912160873413, 0.5], "all_token_val_accuracy": [0.5, 0.5, 0.5, 0.5, 0.5, 0.5, 0.5, 0.5, 0.5, 0.5618237853050232, 0.5, 0.5231839418411255, 0.5015456080436707, 0.49304482340812683, 0.5394126772880554, 0.5085007548332214, 0.5077279806137085, 0.510819137096405, 0.4992271959781647, 0.5007727742195129, 0.5023183822631836, 0.5046367645263672, 0.5061823725700378, 0.5085007548332214, 0.5069552063941956, 0.5061823725700378, 0.5061823725700378, 0.5046367645263672, 0.5054095983505249, 0.5030912160873413, 0.5023183822631836, 0.5023183822631836, 0.5015456080436707, 0.5, 0.5007727742195129, 0.5007727742195129, 0.5038639903068542, 0.5023183822631836, 0.5046367645263672, 0.5069552063941956, 0.5077279806137085, 0.5069552063941956, 0.5030912160873413, 0.5023183822631836, 0.5023183822631836, 0.5023183822631836, 0.5023183822631836, 0.5023183822631836, 0.5030912160873413, 0.5]}}