{"scitail_b_train_1_16": {"num_of_epochs": 10, "learning_rate": 0.0005, "training_ds_fpath": "_train_1_16", "first_token_val_accuracy": [0.5, 0.5030912160873413, 0.5703245997428894, 0.5193199515342712, 0.49381762742996216, 0.6112828254699707, 0.5510046482086182, 0.6182380318641663, 0.6360123753547668, 0.5981453061103821], "all_token_val_accuracy": [0.5, 0.5030912160873413, 0.5703245997428894, 0.5193199515342712, 0.49381762742996216, 0.6112828254699707, 0.5510046482086182, 0.6182380318641663, 0.6360123753547668, 0.5981453061103821]}}