{"scitail_b_train_2_16": {"num_of_epochs": 50, "learning_rate": 0.001, "training_ds_fpath": "_train_2_16", "first_token_val_accuracy": [0.5015456080436707, 0.5, 0.5625966191291809, 0.599690854549408, 0.5765069723129272, 0.5896444916725159, 0.6020092964172363, 0.5255023241043091, 0.6074188351631165, 0.6066460609436035, 0.5935084819793701, 0.5734157562255859, 0.5780525207519531, 0.5772797465324402, 0.5826893448829651, 0.5904173254966736, 0.58809894323349, 0.58809894323349, 0.5687789916992188, 0.5633693933486938, 0.49845439195632935, 0.49072644114494324, 0.572642982006073, 0.6197836399078369, 0.6321483850479126, 0.6290571689605713, 0.6221020221710205, 0.6120556592941284, 0.614374041557312, 0.6290571689605713, 0.625193178653717, 0.6236476302146912, 0.6213291883468628, 0.6205564141273499, 0.6197836399078369, 0.6221020221710205, 0.6213291883468628, 0.6213291883468628, 0.6197836399078369, 0.6244204044342041, 0.6236476302146912, 0.6221020221710205, 0.6182380318641663, 0.6190108060836792, 0.6166924238204956, 0.6128284335136414, 0.6166924238204956, 0.6166924238204956, 0.6166924238204956, 0.6197836399078369], "all_token_val_accuracy": [0.5015456080436707, 0.5, 0.5625966191291809, 0.599690854549408, 0.5765069723129272, 0.5896444916725159, 0.6020092964172363, 0.5255023241043091, 0.6074188351631165, 0.6066460609436035, 0.5935084819793701, 0.5734157562255859, 0.5780525207519531, 0.5772797465324402, 0.5826893448829651, 0.5904173254966736, 0.58809894323349, 0.58809894323349, 0.5687789916992188, 0.5633693933486938, 0.49845439195632935, 0.49072644114494324, 0.572642982006073, 0.6197836399078369, 0.6321483850479126, 0.6290571689605713, 0.6221020221710205, 0.6120556592941284, 0.614374041557312, 0.6290571689605713, 0.625193178653717, 0.6236476302146912, 0.6213291883468628, 0.6205564141273499, 0.6197836399078369, 0.6221020221710205, 0.6213291883468628, 0.6213291883468628, 0.6197836399078369, 0.6244204044342041, 0.6236476302146912, 0.6221020221710205, 0.6182380318641663, 0.6190108060836792, 0.6166924238204956, 0.6128284335136414, 0.6166924238204956, 0.6166924238204956, 0.6166924238204956, 0.6197836399078369]}}