{"scitail_b_train_0_32": {"num_of_epochs": 40, "learning_rate": 0.0005, "training_ds_fpath": "_train_0_32", "first_token_val_accuracy": [0.4914992153644562, 0.4992271959781647, 0.5023183822631836, 0.5695517659187317, 0.5703245997428894, 0.6105100512504578, 0.5935084819793701, 0.6275116205215454, 0.5919629335403442, 0.5772797465324402, 0.6282843947410583, 0.6074188351631165, 0.5981453061103821, 0.6267387866973877, 0.6344667673110962, 0.6259660124778748, 0.6352395415306091, 0.6360123753547668, 0.640649139881134, 0.6537867188453674, 0.614374041557312, 0.6329211592674255, 0.5239567160606384, 0.583462119102478, 0.5795981287956238, 0.615146815776825, 0.6244204044342041, 0.6244204044342041, 0.6244204044342041, 0.6089644432067871, 0.6321483850479126, 0.5394126772880554, 0.5888717174530029, 0.6205564141273499, 0.5703245997428894, 0.6074188351631165, 0.6205564141273499, 0.640649139881134, 0.6081916689872742, 0.6275116205215454], "all_token_val_accuracy": [0.4914992153644562, 0.4992271959781647, 0.5023183822631836, 0.5695517659187317, 0.5703245997428894, 0.6105100512504578, 0.5935084819793701, 0.6275116205215454, 0.5919629335403442, 0.5772797465324402, 0.6282843947410583, 0.6074188351631165, 0.5981453061103821, 0.6267387866973877, 0.6344667673110962, 0.6259660124778748, 0.6352395415306091, 0.6360123753547668, 0.640649139881134, 0.6537867188453674, 0.614374041557312, 0.6329211592674255, 0.5239567160606384, 0.583462119102478, 0.5795981287956238, 0.615146815776825, 0.6244204044342041, 0.6244204044342041, 0.6244204044342041, 0.6089644432067871, 0.6321483850479126, 0.5394126772880554, 0.5888717174530029, 0.6205564141273499, 0.5703245997428894, 0.6074188351631165, 0.6205564141273499, 0.640649139881134, 0.6081916689872742, 0.6275116205215454]}}