{"scitail_b_train_2_4": {"num_of_epochs": 20, "learning_rate": 0.001, "training_ds_fpath": "_train_2_4", "first_token_val_accuracy": [0.3701700270175934, 0.3578052520751953, 0.5247295498847961, 0.5170015692710876, 0.5386399030685425, 0.5092735886573792, 0.5533230304718018, 0.5687789916992188, 0.5533230304718018, 0.5618237853050232, 0.5710973739624023, 0.5664606094360352, 0.5664606094360352, 0.5641421675682068, 0.5687789916992188, 0.568006157875061, 0.5602782368659973, 0.5540958046913147, 0.5540958046913147, 0.5548686385154724], "all_token_val_accuracy": [0.3701700270175934, 0.3578052520751953, 0.5247295498847961, 0.5170015692710876, 0.5386399030685425, 0.5092735886573792, 0.5533230304718018, 0.5687789916992188, 0.5533230304718018, 0.5618237853050232, 0.5710973739624023, 0.5664606094360352, 0.5664606094360352, 0.5641421675682068, 0.5687789916992188, 0.568006157875061, 0.5602782368659973, 0.5540958046913147, 0.5540958046913147, 0.5548686385154724]}}