{"scitail_b_train_2_32": {"num_of_epochs": 50, "learning_rate": 1e-05, "training_ds_fpath": "_train_2_32", "first_token_val_accuracy": [0.0, 0.0, 0.0, 0.0, 0.0007727975025773048, 0.0030911900103092194, 0.016228748485445976, 0.08346213400363922, 0.22102008759975433, 0.3578052520751953, 0.40803709626197815, 0.44667696952819824, 0.46754249930381775, 0.4814528524875641, 0.4922720193862915, 0.4969088137149811, 0.49845439195632935, 0.4992271959781647, 0.5, 0.5015456080436707, 0.5092735886573792, 0.5432766675949097, 0.5556414127349854, 0.5347759127616882, 0.5123647451400757, 0.510819137096405, 0.5100463628768921, 0.510819137096405, 0.5139103531837463, 0.515455961227417, 0.5061823725700378, 0.5139103531837463, 0.5123647451400757, 0.5092735886573792, 0.5131375789642334, 0.5077279806137085, 0.5115919709205627, 0.5131375789642334, 0.5077279806137085, 0.5077279806137085, 0.5177743434906006, 0.5224111080169678, 0.5239567160606384, 0.5200927257537842, 0.5370942950248718, 0.5324574708938599, 0.5463678240776062, 0.5224111080169678, 0.5425038933753967, 0.5502318143844604], "all_token_val_accuracy": [0.0, 0.0, 0.0, 0.0, 0.0007727975025773048, 0.0023183925077319145, 0.015455950982868671, 0.08268933743238449, 0.2202472984790802, 0.35703244805336, 0.4072642922401428, 0.44667696952819824, 0.46754249930381775, 0.4814528524875641, 0.4922720193862915, 0.4969088137149811, 0.49845439195632935, 0.4992271959781647, 0.5, 0.5015456080436707, 0.5092735886573792, 0.5432766675949097, 0.5556414127349854, 0.5347759127616882, 0.5123647451400757, 0.510819137096405, 0.5100463628768921, 0.510819137096405, 0.5139103531837463, 0.515455961227417, 0.5061823725700378, 0.5139103531837463, 0.5123647451400757, 0.5092735886573792, 0.5131375789642334, 0.5077279806137085, 0.5115919709205627, 0.5131375789642334, 0.5077279806137085, 0.5077279806137085, 0.5177743434906006, 0.5224111080169678, 0.5239567160606384, 0.5200927257537842, 0.5370942950248718, 0.5324574708938599, 0.5463678240776062, 0.5224111080169678, 0.5425038933753967, 0.5502318143844604]}}