{"scitail_b_train_8_4": {"num_of_epochs": 40, "learning_rate": 0.0001, "training_ds_fpath": "_train_8_4", "first_token_val_accuracy": [0.0, 0.0, 0.0007727975025773048, 0.0007727975025773048, 0.018547140061855316, 0.21870170533657074, 0.3523956835269928, 0.3709428012371063, 0.3802163898944855, 0.40803709626197815, 0.4250386357307434, 0.4451313614845276, 0.47527047991752625, 0.48763522505760193, 0.4992271959781647, 0.5, 0.5293663144111633, 0.5533230304718018, 0.5548686385154724, 0.5564142465591431, 0.5587326288223267, 0.5649150013923645, 0.5618237853050232, 0.5595054030418396, 0.5425038933753967, 0.5332303047180176, 0.5386399030685425, 0.541731059551239, 0.5556414127349854, 0.5595054030418396, 0.5649150013923645, 0.5656877756118774, 0.5687789916992188, 0.557187020778656, 0.5625966191291809, 0.5610510110855103, 0.5595054030418396, 0.557187020778656, 0.5587326288223267, 0.5556414127349854], "all_token_val_accuracy": [0.0, 0.0, 0.0007727975025773048, 0.0007727975025773048, 0.018547140061855316, 0.21870170533657074, 0.3523956835269928, 0.3709428012371063, 0.3802163898944855, 0.40803709626197815, 0.4250386357307434, 0.4451313614845276, 0.47527047991752625, 0.48763522505760193, 0.4992271959781647, 0.5, 0.5293663144111633, 0.5533230304718018, 0.5548686385154724, 0.5564142465591431, 0.5587326288223267, 0.5649150013923645, 0.5618237853050232, 0.5595054030418396, 0.5425038933753967, 0.5332303047180176, 0.5386399030685425, 0.541731059551239, 0.5556414127349854, 0.5595054030418396, 0.5649150013923645, 0.5656877756118774, 0.5687789916992188, 0.557187020778656, 0.5625966191291809, 0.5610510110855103, 0.5595054030418396, 0.557187020778656, 0.5587326288223267, 0.5556414127349854]}}