{"scitail_b_train_5_8": {"num_of_epochs": 5, "learning_rate": 0.0005, "training_ds_fpath": "_train_5_8", "first_token_val_accuracy": [0.38794437050819397, 0.5401854515075684, 0.5146831274032593, 0.5703245997428894, 0.6012364625930786], "all_token_val_accuracy": [0.38794437050819397, 0.5401854515075684, 0.5146831274032593, 0.5703245997428894, 0.6012364625930786]}}