{"scitail_b_train_7_32": {"num_of_epochs": 40, "learning_rate": 0.0005, "training_ds_fpath": "_train_7_32", "first_token_val_accuracy": [0.4992271959781647, 0.5255023241043091, 0.6004636883735657, 0.5170015692710876, 0.5795981287956238, 0.6336939930915833, 0.5873261094093323, 0.5935084819793701, 0.583462119102478, 0.5919629335403442, 0.5911900997161865, 0.5896444916725159, 0.5942813158035278, 0.5965996980667114, 0.5973724722862244, 0.5950540900230408, 0.6058732867240906, 0.6089644432067871, 0.6058732867240906, 0.5973724722862244, 0.5958268642425537, 0.5973724722862244, 0.5958268642425537, 0.5973724722862244, 0.6004636883735657, 0.6012364625930786, 0.6020092964172363, 0.6066460609436035, 0.6012364625930786, 0.6035548448562622, 0.6066460609436035, 0.6190108060836792, 0.6112828254699707, 0.5486862659454346, 0.6058732867240906, 0.5780525207519531, 0.5347759127616882, 0.5602782368659973, 0.5772797465324402, 0.5510046482086182], "all_token_val_accuracy": [0.4992271959781647, 0.5255023241043091, 0.6004636883735657, 0.5170015692710876, 0.5795981287956238, 0.6336939930915833, 0.5873261094093323, 0.5935084819793701, 0.583462119102478, 0.5919629335403442, 0.5911900997161865, 0.5896444916725159, 0.5942813158035278, 0.5965996980667114, 0.5973724722862244, 0.5950540900230408, 0.6058732867240906, 0.6089644432067871, 0.6058732867240906, 0.5973724722862244, 0.5958268642425537, 0.5973724722862244, 0.5958268642425537, 0.5973724722862244, 0.6004636883735657, 0.6012364625930786, 0.6020092964172363, 0.6066460609436035, 0.6012364625930786, 0.6035548448562622, 0.6066460609436035, 0.6190108060836792, 0.6112828254699707, 0.5486862659454346, 0.6058732867240906, 0.5780525207519531, 0.5347759127616882, 0.5602782368659973, 0.5772797465324402, 0.5510046482086182]}}