{"scitail_b_train_6_4": {"num_of_epochs": 50, "learning_rate": 0.001, "training_ds_fpath": "_train_6_4", "first_token_val_accuracy": [0.08114373683929443, 0.5015456080436707, 0.5278207063674927, 0.5054095983505249, 0.599690854549408, 0.5247295498847961, 0.598918080329895, 0.5463678240776062, 0.5208655595779419, 0.5301390886306763, 0.5525502562522888, 0.5734157562255859, 0.5765069723129272, 0.5873261094093323, 0.5803709626197815, 0.5896444916725159, 0.5958268642425537, 0.5911900997161865, 0.5965996980667114, 0.5811437368392944, 0.5687789916992188, 0.5656877756118774, 0.5664606094360352, 0.5672333836555481, 0.5672333836555481, 0.5687789916992188, 0.568006157875061, 0.5649150013923645, 0.5641421675682068, 0.5687789916992188, 0.568006157875061, 0.5718701481819153, 0.5687789916992188, 0.5710973739624023, 0.5703245997428894, 0.5695517659187317, 0.568006157875061, 0.5687789916992188, 0.5695517659187317, 0.5741885900497437, 0.5795981287956238, 0.5795981287956238, 0.5795981287956238, 0.5788253545761108, 0.5795981287956238, 0.5795981287956238, 0.5803709626197815, 0.5811437368392944, 0.5803709626197815, 0.5795981287956238], "all_token_val_accuracy": [0.08114373683929443, 0.5015456080436707, 0.5278207063674927, 0.5054095983505249, 0.599690854549408, 0.5247295498847961, 0.598918080329895, 0.5463678240776062, 0.5208655595779419, 0.5301390886306763, 0.5525502562522888, 0.5734157562255859, 0.5765069723129272, 0.5873261094093323, 0.5803709626197815, 0.5896444916725159, 0.5958268642425537, 0.5911900997161865, 0.5965996980667114, 0.5811437368392944, 0.5687789916992188, 0.5656877756118774, 0.5664606094360352, 0.5672333836555481, 0.5672333836555481, 0.5687789916992188, 0.568006157875061, 0.5649150013923645, 0.5641421675682068, 0.5687789916992188, 0.568006157875061, 0.5718701481819153, 0.5687789916992188, 0.5710973739624023, 0.5703245997428894, 0.5695517659187317, 0.568006157875061, 0.5687789916992188, 0.5695517659187317, 0.5741885900497437, 0.5795981287956238, 0.5795981287956238, 0.5795981287956238, 0.5788253545761108, 0.5795981287956238, 0.5795981287956238, 0.5803709626197815, 0.5811437368392944, 0.5803709626197815, 0.5795981287956238]}}