{"scitail_b_train_9_16": {"num_of_epochs": 20, "learning_rate": 1e-05, "training_ds_fpath": "_train_9_16", "first_token_val_accuracy": [0.0, 0.0, 0.0, 0.0, 0.0, 0.0, 0.0, 0.0, 0.0007727975025773048, 0.0015455950051546097, 0.003863987745717168, 0.010046367533504963, 0.021638330072164536, 0.03323029354214668, 0.05795981362462044, 0.09737248718738556, 0.15610510110855103, 0.21406491100788116, 0.26584234833717346, 0.3168469965457916], "all_token_val_accuracy": [0.0, 0.0, 0.0, 0.0, 0.0, 0.0, 0.0, 0.0, 0.0007727975025773048, 0.0015455950051546097, 0.0030911900103092194, 0.008500772528350353, 0.020865533500909805, 0.03245749697089195, 0.05718701705336571, 0.09659969061613083, 0.1553322970867157, 0.21329212188720703, 0.26506954431533813, 0.3160741925239563]}}