{"scitail_b_train_1_32": {"num_of_epochs": 10, "learning_rate": 1e-05, "training_ds_fpath": "_train_1_32", "first_token_val_accuracy": [0.0, 0.0, 0.0, 0.0007727975025773048, 0.0015455950051546097, 0.026275115087628365, 0.10587326437234879, 0.30216383934020996, 0.4095826745033264, 0.4536321461200714], "all_token_val_accuracy": [0.0, 0.0, 0.0, 0.0007727975025773048, 0.0007727975025773048, 0.025502318516373634, 0.10510046035051346, 0.30139103531837463, 0.4088099002838135, 0.4536321461200714]}}