{"scitail_b_train_7_32": {"num_of_epochs": 50, "learning_rate": 0.0005, "training_ds_fpath": "_train_7_32", "first_token_val_accuracy": [0.5, 0.5672333836555481, 0.5455950498580933, 0.49072644114494324, 0.5625966191291809, 0.5734157562255859, 0.5734157562255859, 0.572642982006073, 0.5757341384887695, 0.5842349529266357, 0.5803709626197815, 0.5842349529266357, 0.5772797465324402, 0.5788253545761108, 0.5865533351898193, 0.5873261094093323, 0.5896444916725159, 0.5904173254966736, 0.5911900997161865, 0.5896444916725159, 0.58809894323349, 0.557187020778656, 0.5803709626197815, 0.5741885900497437, 0.5873261094093323, 0.5919629335403442, 0.5911900997161865, 0.5873261094093323, 0.58809894323349, 0.5873261094093323, 0.5595054030418396, 0.5780525207519531, 0.5772797465324402, 0.5772797465324402, 0.5757341384887695, 0.5734157562255859, 0.5710973739624023, 0.5734157562255859, 0.5765069723129272, 0.5749613642692566, 0.5749613642692566, 0.5749613642692566, 0.5772797465324402, 0.5765069723129272, 0.5749613642692566, 0.5757341384887695, 0.5780525207519531, 0.5765069723129272, 0.5772797465324402, 0.5772797465324402], "all_token_val_accuracy": [0.5, 0.5672333836555481, 0.5455950498580933, 0.49072644114494324, 0.5625966191291809, 0.5734157562255859, 0.5734157562255859, 0.572642982006073, 0.5757341384887695, 0.5842349529266357, 0.5803709626197815, 0.5842349529266357, 0.5772797465324402, 0.5788253545761108, 0.5865533351898193, 0.5873261094093323, 0.5896444916725159, 0.5904173254966736, 0.5911900997161865, 0.5896444916725159, 0.58809894323349, 0.557187020778656, 0.5803709626197815, 0.5741885900497437, 0.5873261094093323, 0.5919629335403442, 0.5911900997161865, 0.5873261094093323, 0.58809894323349, 0.5873261094093323, 0.5595054030418396, 0.5780525207519531, 0.5772797465324402, 0.5772797465324402, 0.5757341384887695, 0.5734157562255859, 0.5710973739624023, 0.5734157562255859, 0.5765069723129272, 0.5749613642692566, 0.5749613642692566, 0.5749613642692566, 0.5772797465324402, 0.5765069723129272, 0.5749613642692566, 0.5757341384887695, 0.5780525207519531, 0.5765069723129272, 0.5772797465324402, 0.5772797465324402]}}