{"scitail_b_train_7_16": {"num_of_epochs": 10, "learning_rate": 0.0005, "training_ds_fpath": "_train_7_16", "first_token_val_accuracy": [0.5, 0.5, 0.5015456080436707, 0.5255023241043091, 0.5007727742195129, 0.6282843947410583, 0.5270479321479797, 0.6112828254699707, 0.6483771204948425, 0.6097372770309448], "all_token_val_accuracy": [0.5, 0.5, 0.5015456080436707, 0.5255023241043091, 0.5007727742195129, 0.6282843947410583, 0.5270479321479797, 0.6112828254699707, 0.6483771204948425, 0.6097372770309448]}}