{"scitail_b_train_1_4": {"num_of_epochs": 10, "learning_rate": 0.001, "training_ds_fpath": "_train_1_4", "first_token_val_accuracy": [0.4891808331012726, 0.5440494418144226, 0.5533230304718018, 0.5533230304718018, 0.5038639903068542, 0.5247295498847961, 0.5293663144111633, 0.5054095983505249, 0.5061823725700378, 0.5023183822631836], "all_token_val_accuracy": [0.4891808331012726, 0.5440494418144226, 0.5533230304718018, 0.5533230304718018, 0.5038639903068542, 0.5247295498847961, 0.5293663144111633, 0.5054095983505249, 0.5061823725700378, 0.5023183822631836]}}