{"scitail_b_train_2_16": {"num_of_epochs": 30, "learning_rate": 0.001, "training_ds_fpath": "_train_2_16", "first_token_val_accuracy": [0.5139103531837463, 0.6066460609436035, 0.5162287354469299, 0.5023183822631836, 0.5278207063674927, 0.5386399030685425, 0.6074188351631165, 0.6097372770309448, 0.5888717174530029, 0.5958268642425537, 0.5888717174530029, 0.58809894323349, 0.5896444916725159, 0.6182380318641663, 0.5942813158035278, 0.5865533351898193, 0.6097372770309448, 0.58809894323349, 0.5850077271461487, 0.572642982006073, 0.5564142465591431, 0.5525502562522888, 0.5618237853050232, 0.5788253545761108, 0.5610510110855103, 0.5618237853050232, 0.5618237853050232, 0.5656877756118774, 0.5734157562255859, 0.5734157562255859], "all_token_val_accuracy": [0.5139103531837463, 0.6066460609436035, 0.5162287354469299, 0.5023183822631836, 0.5278207063674927, 0.5386399030685425, 0.6074188351631165, 0.6097372770309448, 0.5888717174530029, 0.5958268642425537, 0.5888717174530029, 0.58809894323349, 0.5896444916725159, 0.6182380318641663, 0.5942813158035278, 0.5865533351898193, 0.6097372770309448, 0.58809894323349, 0.5850077271461487, 0.572642982006073, 0.5564142465591431, 0.5525502562522888, 0.5618237853050232, 0.5788253545761108, 0.5610510110855103, 0.5618237853050232, 0.5618237853050232, 0.5656877756118774, 0.5734157562255859, 0.5734157562255859]}}