{"scitail_b_train_8_8": {"num_of_epochs": 20, "learning_rate": 0.0005, "training_ds_fpath": "_train_8_8", "first_token_val_accuracy": [0.3833075761795044, 0.5100463628768921, 0.5077279806137085, 0.5803709626197815, 0.5038639903068542, 0.6081916689872742, 0.6097372770309448, 0.615146815776825, 0.6043276786804199, 0.599690854549408, 0.6120556592941284, 0.6228747963905334, 0.6213291883468628, 0.6205564141273499, 0.6190108060836792, 0.6221020221710205, 0.6197836399078369, 0.6197836399078369, 0.6236476302146912, 0.6267387866973877], "all_token_val_accuracy": [0.3833075761795044, 0.5100463628768921, 0.5077279806137085, 0.5803709626197815, 0.5038639903068542, 0.6081916689872742, 0.6097372770309448, 0.615146815776825, 0.6043276786804199, 0.599690854549408, 0.6120556592941284, 0.6228747963905334, 0.6213291883468628, 0.6205564141273499, 0.6190108060836792, 0.6221020221710205, 0.6197836399078369, 0.6197836399078369, 0.6236476302146912, 0.6267387866973877]}}