{"scitail_b_train_2_4": {"num_of_epochs": 5, "learning_rate": 0.0001, "training_ds_fpath": "_train_2_4", "first_token_val_accuracy": [0.0, 0.0007727975025773048, 0.007727975491434336, 0.09273570030927658, 0.23956723511219025], "all_token_val_accuracy": [0.0, 0.0, 0.0023183925077319145, 0.09119010716676712, 0.23879443109035492]}}