{"scitail_b_train_2_4": {"num_of_epochs": 20, "learning_rate": 0.0005, "training_ds_fpath": "_train_2_4", "first_token_val_accuracy": [0.15610510110855103, 0.4304482340812683, 0.5, 0.5146831274032593, 0.5455950498580933, 0.5811437368392944, 0.6128284335136414, 0.5958268642425537, 0.6097372770309448, 0.6012364625930786, 0.5811437368392944, 0.5757341384887695, 0.5710973739624023, 0.5641421675682068, 0.5610510110855103, 0.5587326288223267, 0.5564142465591431, 0.5618237853050232, 0.5664606094360352, 0.5710973739624023], "all_token_val_accuracy": [0.15610510110855103, 0.4304482340812683, 0.5, 0.5146831274032593, 0.5455950498580933, 0.5811437368392944, 0.6128284335136414, 0.5958268642425537, 0.6097372770309448, 0.6012364625930786, 0.5811437368392944, 0.5757341384887695, 0.5710973739624023, 0.5641421675682068, 0.5610510110855103, 0.5587326288223267, 0.5564142465591431, 0.5618237853050232, 0.5664606094360352, 0.5710973739624023]}}