{"scitail_b_train_3_32": {"num_of_epochs": 50, "learning_rate": 0.0001, "training_ds_fpath": "_train_3_32", "first_token_val_accuracy": [0.3670788109302521, 0.5, 0.5007727742195129, 0.5061823725700378, 0.5734157562255859, 0.5077279806137085, 0.5394126772880554, 0.58809894323349, 0.5425038933753967, 0.5780525207519531, 0.598918080329895, 0.5981453061103821, 0.6043276786804199, 0.6081916689872742, 0.5973724722862244, 0.5780525207519531, 0.6020092964172363, 0.6105100512504578, 0.6035548448562622, 0.6027820706367493, 0.6020092964172363, 0.568006157875061, 0.6020092964172363, 0.6058732867240906, 0.6197836399078369, 0.6020092964172363, 0.6058732867240906, 0.6058732867240906, 0.6058732867240906, 0.5973724722862244, 0.5965996980667114, 0.5942813158035278, 0.5942813158035278, 0.5950540900230408, 0.5927357077598572, 0.5965996980667114, 0.5919629335403442, 0.599690854549408, 0.5973724722862244, 0.5919629335403442, 0.5950540900230408, 0.5942813158035278, 0.5950540900230408, 0.5919629335403442, 0.5935084819793701, 0.6012364625930786, 0.6020092964172363, 0.6004636883735657, 0.5958268642425537, 0.6012364625930786], "all_token_val_accuracy": [0.3670788109302521, 0.5, 0.5007727742195129, 0.5061823725700378, 0.5734157562255859, 0.5077279806137085, 0.5394126772880554, 0.58809894323349, 0.5425038933753967, 0.5780525207519531, 0.598918080329895, 0.5981453061103821, 0.6043276786804199, 0.6081916689872742, 0.5973724722862244, 0.5780525207519531, 0.6020092964172363, 0.6105100512504578, 0.6035548448562622, 0.6027820706367493, 0.6020092964172363, 0.568006157875061, 0.6020092964172363, 0.6058732867240906, 0.6197836399078369, 0.6020092964172363, 0.6058732867240906, 0.6058732867240906, 0.6058732867240906, 0.5973724722862244, 0.5965996980667114, 0.5942813158035278, 0.5942813158035278, 0.5950540900230408, 0.5927357077598572, 0.5965996980667114, 0.5919629335403442, 0.599690854549408, 0.5973724722862244, 0.5919629335403442, 0.5950540900230408, 0.5942813158035278, 0.5950540900230408, 0.5919629335403442, 0.5935084819793701, 0.6012364625930786, 0.6020092964172363, 0.6004636883735657, 0.5958268642425537, 0.6012364625930786]}}