{"scitail_b_train_0_8": {"num_of_epochs": 30, "learning_rate": 0.0005, "training_ds_fpath": "_train_0_8", "first_token_val_accuracy": [0.36398762464523315, 0.5, 0.5, 0.4992271959781647, 0.4969088137149811, 0.5170015692710876, 0.5023183822631836, 0.5618237853050232, 0.5525502562522888, 0.5927357077598572, 0.5973724722862244, 0.5942813158035278, 0.598918080329895, 0.6012364625930786, 0.6012364625930786, 0.6012364625930786, 0.6066460609436035, 0.6120556592941284, 0.5981453061103821, 0.5965996980667114, 0.6089644432067871, 0.6182380318641663, 0.6174651980400085, 0.6197836399078369, 0.6128284335136414, 0.6166924238204956, 0.6197836399078369, 0.6228747963905334, 0.6259660124778748, 0.6244204044342041], "all_token_val_accuracy": [0.36398762464523315, 0.5, 0.5, 0.4992271959781647, 0.4969088137149811, 0.5170015692710876, 0.5023183822631836, 0.5618237853050232, 0.5525502562522888, 0.5927357077598572, 0.5973724722862244, 0.5942813158035278, 0.598918080329895, 0.6012364625930786, 0.6012364625930786, 0.6012364625930786, 0.6066460609436035, 0.6120556592941284, 0.5981453061103821, 0.5965996980667114, 0.6089644432067871, 0.6182380318641663, 0.6174651980400085, 0.6197836399078369, 0.6128284335136414, 0.6166924238204956, 0.6197836399078369, 0.6228747963905334, 0.6259660124778748, 0.6244204044342041]}}