{"scitail_b_train_0_8": {"num_of_epochs": 10, "learning_rate": 0.0001, "training_ds_fpath": "_train_0_8", "first_token_val_accuracy": [0.0, 0.003863987745717168, 0.22488407790660858, 0.43353942036628723, 0.4737248718738556, 0.4969088137149811, 0.5, 0.5054095983505249, 0.5525502562522888, 0.5255023241043091], "all_token_val_accuracy": [0.0, 0.0030911900103092194, 0.22488407790660858, 0.43353942036628723, 0.4737248718738556, 0.4969088137149811, 0.5, 0.5054095983505249, 0.5525502562522888, 0.5255023241043091]}}