{"scitail_b_train_6_32": {"num_of_epochs": 5, "learning_rate": 0.0005, "training_ds_fpath": "_train_6_32", "first_token_val_accuracy": [0.5015456080436707, 0.5023183822631836, 0.5394126772880554, 0.6128284335136414, 0.6421947479248047], "all_token_val_accuracy": [0.5015456080436707, 0.5023183822631836, 0.5394126772880554, 0.6128284335136414, 0.6421947479248047]}}