{"scitail_b_train_9_16": {"num_of_epochs": 20, "learning_rate": 0.001, "training_ds_fpath": "_train_9_16", "first_token_val_accuracy": [0.5054095983505249, 0.47758886218070984, 0.5, 0.5, 0.5, 0.5, 0.5, 0.5, 0.5, 0.5, 0.5, 0.5, 0.5, 0.5, 0.5, 0.5, 0.5, 0.5, 0.5, 0.5], "all_token_val_accuracy": [0.5054095983505249, 0.47758886218070984, 0.5, 0.5, 0.5, 0.5, 0.5, 0.5, 0.5, 0.5, 0.5, 0.5, 0.5, 0.5, 0.5, 0.5, 0.5, 0.5, 0.5, 0.5]}}