{"scitail_b_train_0_8": {"num_of_epochs": 20, "learning_rate": 0.001, "training_ds_fpath": "_train_0_8", "first_token_val_accuracy": [0.48531684279441833, 0.5185471177101135, 0.5231839418411255, 0.5811437368392944, 0.5718701481819153, 0.6043276786804199, 0.5981453061103821, 0.6136012077331543, 0.6051004528999329, 0.6081916689872742, 0.625193178653717, 0.6221020221710205, 0.625193178653717, 0.629830002784729, 0.599690854549408, 0.5765069723129272, 0.5819165110588074, 0.5981453061103821, 0.6128284335136414, 0.614374041557312], "all_token_val_accuracy": [0.48531684279441833, 0.5185471177101135, 0.5231839418411255, 0.5811437368392944, 0.5718701481819153, 0.6043276786804199, 0.5981453061103821, 0.6136012077331543, 0.6051004528999329, 0.6081916689872742, 0.625193178653717, 0.6221020221710205, 0.625193178653717, 0.629830002784729, 0.599690854549408, 0.5765069723129272, 0.5819165110588074, 0.5981453061103821, 0.6128284335136414, 0.614374041557312]}}