{"scitail_b_train_0_16": {"num_of_epochs": 40, "learning_rate": 1e-05, "training_ds_fpath": "_train_0_16", "first_token_val_accuracy": [0.0, 0.0, 0.0, 0.0, 0.0, 0.0, 0.0, 0.0, 0.0, 0.0, 0.0007727975025773048, 0.0015455950051546097, 0.0015455950051546097, 0.0023183925077319145, 0.004636785015463829, 0.0069551775231957436, 0.013137557543814182, 0.027047913521528244, 0.05255023017525673, 0.09119010716676712, 0.1344667673110962, 0.19860896468162537, 0.2789798974990845, 0.3268933594226837, 0.36089643836021423, 0.39489954710006714, 0.4219474494457245, 0.4513137638568878, 0.4667696952819824, 0.4737248718738556, 0.4814528524875641, 0.48299846053123474, 0.48763522505760193, 0.4914992153644562, 0.49381762742996216, 0.4945904314517975, 0.49613600969314575, 0.4969088137149811, 0.4969088137149811, 0.4969088137149811], "all_token_val_accuracy": [0.0, 0.0, 0.0, 0.0, 0.0, 0.0, 0.0, 0.0, 0.0, 0.0, 0.0007727975025773048, 0.0007727975025773048, 0.0007727975025773048, 0.0015455950051546097, 0.003863987745717168, 0.006182380020618439, 0.012364760041236877, 0.026275115087628365, 0.051777433604002, 0.09041731059551239, 0.13369397819042206, 0.19783616065979004, 0.27820712327957153, 0.3261205554008484, 0.3601236343383789, 0.39489954710006714, 0.4219474494457245, 0.4513137638568878, 0.4667696952819824, 0.4737248718738556, 0.4814528524875641, 0.48299846053123474, 0.48763522505760193, 0.4914992153644562, 0.49381762742996216, 0.4945904314517975, 0.49613600969314575, 0.4969088137149811, 0.4969088137149811, 0.4969088137149811]}}