{"scitail_b_train_1_16": {"num_of_epochs": 40, "learning_rate": 0.001, "training_ds_fpath": "_train_1_16", "first_token_val_accuracy": [0.5023183822631836, 0.5200927257537842, 0.5942813158035278, 0.6089644432067871, 0.5857805013656616, 0.5919629335403442, 0.6089644432067871, 0.6236476302146912, 0.6097372770309448, 0.6004636883735657, 0.6182380318641663, 0.6228747963905334, 0.6205564141273499, 0.6205564141273499, 0.6367851495742798, 0.6290571689605713, 0.6043276786804199, 0.5857805013656616, 0.5873261094093323, 0.5177743434906006, 0.598918080329895, 0.5278207063674927, 0.5247295498847961, 0.6275116205215454, 0.6166924238204956, 0.615146815776825, 0.6159196496009827, 0.614374041557312, 0.6120556592941284, 0.614374041557312, 0.599690854549408, 0.6035548448562622, 0.6081916689872742, 0.5927357077598572, 0.5919629335403442, 0.5919629335403442, 0.5911900997161865, 0.5904173254966736, 0.58809894323349, 0.5865533351898193], "all_token_val_accuracy": [0.5023183822631836, 0.5200927257537842, 0.5942813158035278, 0.6089644432067871, 0.5857805013656616, 0.5919629335403442, 0.6089644432067871, 0.6236476302146912, 0.6097372770309448, 0.6004636883735657, 0.6182380318641663, 0.6228747963905334, 0.6205564141273499, 0.6205564141273499, 0.6367851495742798, 0.6290571689605713, 0.6043276786804199, 0.5857805013656616, 0.5873261094093323, 0.5177743434906006, 0.598918080329895, 0.5278207063674927, 0.5247295498847961, 0.6275116205215454, 0.6166924238204956, 0.615146815776825, 0.6159196496009827, 0.614374041557312, 0.6120556592941284, 0.614374041557312, 0.599690854549408, 0.6035548448562622, 0.6081916689872742, 0.5927357077598572, 0.5919629335403442, 0.5919629335403442, 0.5911900997161865, 0.5904173254966736, 0.58809894323349, 0.5865533351898193]}}