{"scitail_b_train_6_4": {"num_of_epochs": 20, "learning_rate": 0.0005, "training_ds_fpath": "_train_6_4", "first_token_val_accuracy": [0.18238021433353424, 0.36630603671073914, 0.49613600969314575, 0.5193199515342712, 0.5023183822631836, 0.5069552063941956, 0.5285934805870056, 0.5216383337974548, 0.5278207063674927, 0.5510046482086182, 0.5455950498580933, 0.5332303047180176, 0.5316846966743469, 0.5370942950248718, 0.5448222756385803, 0.5224111080169678, 0.5092735886573792, 0.5115919709205627, 0.5131375789642334, 0.5123647451400757], "all_token_val_accuracy": [0.17851622402668, 0.36630603671073914, 0.49613600969314575, 0.5193199515342712, 0.5023183822631836, 0.5069552063941956, 0.5247295498847961, 0.5216383337974548, 0.5278207063674927, 0.5510046482086182, 0.5455950498580933, 0.5332303047180176, 0.5316846966743469, 0.5370942950248718, 0.5448222756385803, 0.5224111080169678, 0.5092735886573792, 0.5115919709205627, 0.5131375789642334, 0.5123647451400757]}}