{"scitail_b_train_8_32": {"num_of_epochs": 40, "learning_rate": 0.0005, "training_ds_fpath": "_train_8_32", "first_token_val_accuracy": [0.5533230304718018, 0.5038639903068542, 0.5942813158035278, 0.5772797465324402, 0.5935084819793701, 0.5803709626197815, 0.5842349529266357, 0.5811437368392944, 0.4683153033256531, 0.5664606094360352, 0.5695517659187317, 0.5517774224281311, 0.5819165110588074, 0.5873261094093323, 0.572642982006073, 0.5672333836555481, 0.5649150013923645, 0.5625966191291809, 0.5656877756118774, 0.5656877756118774, 0.5656877756118774, 0.5633693933486938, 0.5641421675682068, 0.5633693933486938, 0.5633693933486938, 0.5734157562255859, 0.5656877756118774, 0.5664606094360352, 0.5664606094360352, 0.5664606094360352, 0.5649150013923645, 0.5649150013923645, 0.5618237853050232, 0.5641421675682068, 0.5649150013923645, 0.5695517659187317, 0.5687789916992188, 0.5672333836555481, 0.568006157875061, 0.5695517659187317], "all_token_val_accuracy": [0.5533230304718018, 0.5038639903068542, 0.5942813158035278, 0.5772797465324402, 0.5911900997161865, 0.5803709626197815, 0.5842349529266357, 0.5811437368392944, 0.4683153033256531, 0.5664606094360352, 0.5695517659187317, 0.5517774224281311, 0.5819165110588074, 0.5873261094093323, 0.572642982006073, 0.5672333836555481, 0.5649150013923645, 0.5625966191291809, 0.5656877756118774, 0.5656877756118774, 0.5656877756118774, 0.5633693933486938, 0.5641421675682068, 0.5633693933486938, 0.5633693933486938, 0.5734157562255859, 0.5656877756118774, 0.5664606094360352, 0.5664606094360352, 0.5664606094360352, 0.5649150013923645, 0.5649150013923645, 0.5618237853050232, 0.5641421675682068, 0.5649150013923645, 0.5695517659187317, 0.5687789916992188, 0.5672333836555481, 0.568006157875061, 0.5695517659187317]}}