{"scitail_b_train_9_16": {"num_of_epochs": 50, "learning_rate": 0.0005, "training_ds_fpath": "_train_9_16", "first_token_val_accuracy": [0.5069552063941956, 0.5363214612007141, 0.5270479321479797, 0.6081916689872742, 0.5904173254966736, 0.5664606094360352, 0.5069552063941956, 0.6066460609436035, 0.5602782368659973, 0.6105100512504578, 0.5710973739624023, 0.6058732867240906, 0.5958268642425537, 0.5517774224281311, 0.58809894323349, 0.5695517659187317, 0.5780525207519531, 0.5340030789375305, 0.5440494418144226, 0.5803709626197815, 0.5888717174530029, 0.5919629335403442, 0.5927357077598572, 0.6012364625930786, 0.5850077271461487, 0.5718701481819153, 0.5718701481819153, 0.5595054030418396, 0.5703245997428894, 0.5850077271461487, 0.5973724722862244, 0.5486862659454346, 0.5958268642425537, 0.5703245997428894, 0.5664606094360352, 0.5695517659187317, 0.5672333836555481, 0.5687789916992188, 0.5772797465324402, 0.5826893448829651, 0.5795981287956238, 0.5703245997428894, 0.5687789916992188, 0.5649150013923645, 0.5656877756118774, 0.5625966191291809, 0.5803709626197815, 0.5803709626197815, 0.5803709626197815, 0.5819165110588074], "all_token_val_accuracy": [0.5069552063941956, 0.5363214612007141, 0.5270479321479797, 0.6081916689872742, 0.5904173254966736, 0.5664606094360352, 0.5069552063941956, 0.6066460609436035, 0.5602782368659973, 0.6105100512504578, 0.5710973739624023, 0.6058732867240906, 0.5958268642425537, 0.5517774224281311, 0.58809894323349, 0.5695517659187317, 0.5780525207519531, 0.5340030789375305, 0.5440494418144226, 0.5803709626197815, 0.5888717174530029, 0.5919629335403442, 0.5927357077598572, 0.6012364625930786, 0.5850077271461487, 0.5718701481819153, 0.5718701481819153, 0.5595054030418396, 0.5703245997428894, 0.5850077271461487, 0.5973724722862244, 0.5486862659454346, 0.5958268642425537, 0.5703245997428894, 0.5664606094360352, 0.5695517659187317, 0.5672333836555481, 0.5687789916992188, 0.5772797465324402, 0.5826893448829651, 0.5795981287956238, 0.5703245997428894, 0.5687789916992188, 0.5649150013923645, 0.5656877756118774, 0.5625966191291809, 0.5803709626197815, 0.5803709626197815, 0.5803709626197815, 0.5819165110588074]}}