{"scitail_b_train_6_4": {"num_of_epochs": 40, "learning_rate": 0.001, "training_ds_fpath": "_train_6_4", "first_token_val_accuracy": [0.3670788109302521, 0.45749613642692566, 0.5224111080169678, 0.484544038772583, 0.5618237853050232, 0.5494590401649475, 0.572642982006073, 0.5386399030685425, 0.515455961227417, 0.5077279806137085, 0.5270479321479797, 0.5285934805870056, 0.5440494418144226, 0.5370942950248718, 0.5378670692443848, 0.5386399030685425, 0.5409582853317261, 0.541731059551239, 0.5409582853317261, 0.5386399030685425, 0.5332303047180176, 0.5301390886306763, 0.5316846966743469, 0.5340030789375305, 0.5370942950248718, 0.5355486869812012, 0.5340030789375305, 0.5347759127616882, 0.5355486869812012, 0.541731059551239, 0.5425038933753967, 0.541731059551239, 0.5401854515075684, 0.5363214612007141, 0.5340030789375305, 0.5340030789375305, 0.5347759127616882, 0.5355486869812012, 0.5386399030685425, 0.5401854515075684], "all_token_val_accuracy": [0.3670788109302521, 0.45749613642692566, 0.5224111080169678, 0.484544038772583, 0.5618237853050232, 0.5494590401649475, 0.572642982006073, 0.5386399030685425, 0.515455961227417, 0.5077279806137085, 0.5270479321479797, 0.5285934805870056, 0.5440494418144226, 0.5370942950248718, 0.5378670692443848, 0.5386399030685425, 0.5409582853317261, 0.541731059551239, 0.5409582853317261, 0.5386399030685425, 0.5332303047180176, 0.5301390886306763, 0.5316846966743469, 0.5340030789375305, 0.5370942950248718, 0.5355486869812012, 0.5340030789375305, 0.5347759127616882, 0.5355486869812012, 0.541731059551239, 0.5425038933753967, 0.541731059551239, 0.5401854515075684, 0.5363214612007141, 0.5340030789375305, 0.5340030789375305, 0.5347759127616882, 0.5355486869812012, 0.5386399030685425, 0.5401854515075684]}}