{"scitail_b_train_0_16": {"num_of_epochs": 20, "learning_rate": 0.001, "training_ds_fpath": "_train_0_16", "first_token_val_accuracy": [0.4822256565093994, 0.4992271959781647, 0.5193199515342712, 0.5, 0.5, 0.5533230304718018, 0.5, 0.5, 0.5, 0.5, 0.5, 0.5, 0.5046367645263672, 0.5092735886573792, 0.5757341384887695, 0.5224111080169678, 0.5525502562522888, 0.5471406579017639, 0.5231839418411255, 0.5270479321479797], "all_token_val_accuracy": [0.4822256565093994, 0.4992271959781647, 0.5193199515342712, 0.5, 0.5, 0.5533230304718018, 0.5, 0.5, 0.5, 0.5, 0.5, 0.5, 0.5046367645263672, 0.5092735886573792, 0.5757341384887695, 0.5224111080169678, 0.5525502562522888, 0.5471406579017639, 0.5231839418411255, 0.5270479321479797]}}