{"scitail_b_train_8_32": {"num_of_epochs": 5, "learning_rate": 0.001, "training_ds_fpath": "_train_8_32", "first_token_val_accuracy": [0.49304482340812683, 0.5023183822631836, 0.5231839418411255, 0.5517774224281311, 0.5656877756118774], "all_token_val_accuracy": [0.49304482340812683, 0.5023183822631836, 0.5231839418411255, 0.5517774224281311, 0.5656877756118774]}}