{"scitail_b_train_3_16": {"num_of_epochs": 40, "learning_rate": 1e-05, "training_ds_fpath": "_train_3_16", "first_token_val_accuracy": [0.0, 0.0, 0.0, 0.0, 0.0, 0.0, 0.0, 0.0007727975025773048, 0.0023183925077319145, 0.0030911900103092194, 0.010046367533504963, 0.018547140061855316, 0.04791344702243805, 0.07727975398302078, 0.1267388015985489, 0.1761978417634964, 0.22874806821346283, 0.2766615152359009, 0.3160741925239563, 0.3469860851764679, 0.3701700270175934, 0.39799073338508606, 0.41112828254699707, 0.4196290671825409, 0.42890262603759766, 0.4397217929363251, 0.44899535179138184, 0.4590417444705963, 0.471406489610672, 0.4744976758956909, 0.48068004846572876, 0.48763522505760193, 0.4899536371231079, 0.4922720193862915, 0.4945904314517975, 0.49613600969314575, 0.4976816177368164, 0.49845439195632935, 0.49845439195632935, 0.4992271959781647], "all_token_val_accuracy": [0.0, 0.0, 0.0, 0.0, 0.0, 0.0, 0.0, 0.0007727975025773048, 0.0023183925077319145, 0.0023183925077319145, 0.009273570030927658, 0.017774343490600586, 0.04714065045118332, 0.07650695741176605, 0.12596599757671356, 0.17542503774166107, 0.2279752641916275, 0.27588871121406555, 0.31530138850212097, 0.3469860851764679, 0.3701700270175934, 0.39799073338508606, 0.41112828254699707, 0.4196290671825409, 0.42890262603759766, 0.4397217929363251, 0.44899535179138184, 0.4590417444705963, 0.471406489610672, 0.4744976758956909, 0.48068004846572876, 0.48763522505760193, 0.4899536371231079, 0.4922720193862915, 0.4945904314517975, 0.49613600969314575, 0.4976816177368164, 0.49845439195632935, 0.49845439195632935, 0.4992271959781647]}}