{"scitail_b_train_0_32": {"num_of_epochs": 20, "learning_rate": 0.0001, "training_ds_fpath": "_train_0_32", "first_token_val_accuracy": [0.23956723511219025, 0.4891808331012726, 0.5185471177101135, 0.5, 0.5285934805870056, 0.5224111080169678, 0.5564142465591431, 0.5734157562255859, 0.5494590401649475, 0.5958268642425537, 0.568006157875061, 0.6066460609436035, 0.6012364625930786, 0.6051004528999329, 0.6058732867240906, 0.6136012077331543, 0.6221020221710205, 0.6120556592941284, 0.6074188351631165, 0.6166924238204956], "all_token_val_accuracy": [0.23956723511219025, 0.4891808331012726, 0.5185471177101135, 0.5, 0.5285934805870056, 0.5224111080169678, 0.5564142465591431, 0.5734157562255859, 0.5494590401649475, 0.5958268642425537, 0.568006157875061, 0.6066460609436035, 0.6012364625930786, 0.6051004528999329, 0.6058732867240906, 0.6136012077331543, 0.6221020221710205, 0.6120556592941284, 0.6074188351631165, 0.6166924238204956]}}