{"scitail_b_train_8_32": {"num_of_epochs": 30, "learning_rate": 1e-05, "training_ds_fpath": "_train_8_32", "first_token_val_accuracy": [0.0, 0.0, 0.0, 0.0, 0.0007727975025773048, 0.003863987745717168, 0.019319938495755196, 0.0672333836555481, 0.18547140061855316, 0.2874806821346283, 0.35085007548332214, 0.41035547852516174, 0.44435858726501465, 0.4659969210624695, 0.47527047991752625, 0.48608964681625366, 0.4945904314517975, 0.4969088137149811, 0.49845439195632935, 0.4992271959781647, 0.5, 0.5015456080436707, 0.5061823725700378, 0.510819137096405, 0.5340030789375305, 0.5486862659454346, 0.5409582853317261, 0.5139103531837463, 0.5085007548332214, 0.5085007548332214], "all_token_val_accuracy": [0.0, 0.0, 0.0, 0.0, 0.0007727975025773048, 0.0030911900103092194, 0.018547140061855316, 0.06646058708429337, 0.18469861149787903, 0.28670787811279297, 0.3500772714614868, 0.41035547852516174, 0.44435858726501465, 0.4659969210624695, 0.47527047991752625, 0.48608964681625366, 0.4945904314517975, 0.4969088137149811, 0.49845439195632935, 0.4992271959781647, 0.5, 0.5015456080436707, 0.5061823725700378, 0.510819137096405, 0.5340030789375305, 0.5486862659454346, 0.5409582853317261, 0.5139103531837463, 0.5085007548332214, 0.5085007548332214]}}