{"scitail_b_train_4_16": {"num_of_epochs": 5, "learning_rate": 0.0005, "training_ds_fpath": "_train_4_16", "first_token_val_accuracy": [0.5370942950248718, 0.5455950498580933, 0.5015456080436707, 0.530911922454834, 0.6676970720291138], "all_token_val_accuracy": [0.5370942950248718, 0.5455950498580933, 0.5015456080436707, 0.530911922454834, 0.6676970720291138]}}