{"scitail_b_train_8_4": {"num_of_epochs": 20, "learning_rate": 0.0005, "training_ds_fpath": "_train_8_4", "first_token_val_accuracy": [0.2411128282546997, 0.4404945969581604, 0.47295209765434265, 0.5409582853317261, 0.5255023241043091, 0.5216383337974548, 0.5494590401649475, 0.5123647451400757, 0.5046367645263672, 0.4992271959781647, 0.5231839418411255, 0.5641421675682068, 0.5510046482086182, 0.5455950498580933, 0.5479134321212769, 0.5517774224281311, 0.5533230304718018, 0.5510046482086182, 0.5494590401649475, 0.557187020778656], "all_token_val_accuracy": [0.2411128282546997, 0.4404945969581604, 0.47295209765434265, 0.5409582853317261, 0.5255023241043091, 0.5216383337974548, 0.5494590401649475, 0.5123647451400757, 0.5046367645263672, 0.4992271959781647, 0.5231839418411255, 0.5641421675682068, 0.5510046482086182, 0.5455950498580933, 0.5479134321212769, 0.5517774224281311, 0.5533230304718018, 0.5510046482086182, 0.5494590401649475, 0.557187020778656]}}