{"scitail_b_train_5_32": {"num_of_epochs": 10, "learning_rate": 0.0005, "training_ds_fpath": "_train_5_32", "first_token_val_accuracy": [0.4922720193862915, 0.6043276786804199, 0.625193178653717, 0.6282843947410583, 0.5795981287956238, 0.6290571689605713, 0.6282843947410583, 0.6290571689605713, 0.666924238204956, 0.6646058559417725], "all_token_val_accuracy": [0.4922720193862915, 0.6043276786804199, 0.625193178653717, 0.6282843947410583, 0.5795981287956238, 0.6290571689605713, 0.6282843947410583, 0.6290571689605713, 0.666924238204956, 0.6646058559417725]}}