{"scitail_b_train_8_8": {"num_of_epochs": 30, "learning_rate": 0.0005, "training_ds_fpath": "_train_8_8", "first_token_val_accuracy": [0.3238021731376648, 0.486862450838089, 0.5285934805870056, 0.557959794998169, 0.4822256565093994, 0.5510046482086182, 0.5231839418411255, 0.5602782368659973, 0.5525502562522888, 0.5656877756118774, 0.5556414127349854, 0.5695517659187317, 0.5765069723129272, 0.557959794998169, 0.5633693933486938, 0.5958268642425537, 0.599690854549408, 0.5927357077598572, 0.6020092964172363, 0.5927357077598572, 0.5942813158035278, 0.5896444916725159, 0.5942813158035278, 0.5958268642425537, 0.5935084819793701, 0.5942813158035278, 0.5950540900230408, 0.6027820706367493, 0.5942813158035278, 0.5935084819793701], "all_token_val_accuracy": [0.3238021731376648, 0.486862450838089, 0.5285934805870056, 0.557959794998169, 0.4822256565093994, 0.5510046482086182, 0.5231839418411255, 0.5602782368659973, 0.5525502562522888, 0.5656877756118774, 0.5556414127349854, 0.5695517659187317, 0.5765069723129272, 0.557959794998169, 0.5633693933486938, 0.5958268642425537, 0.599690854549408, 0.5927357077598572, 0.6020092964172363, 0.5927357077598572, 0.5942813158035278, 0.5896444916725159, 0.5942813158035278, 0.5958268642425537, 0.5935084819793701, 0.5942813158035278, 0.5950540900230408, 0.6027820706367493, 0.5942813158035278, 0.5935084819793701]}}