{"scitail_b_train_2_8": {"num_of_epochs": 50, "learning_rate": 1e-05, "training_ds_fpath": "_train_2_8", "first_token_val_accuracy": [0.0, 0.0, 0.0, 0.0, 0.0, 0.0, 0.0, 0.0, 0.0, 0.0, 0.0, 0.0, 0.0, 0.0, 0.0007727975025773048, 0.0007727975025773048, 0.0007727975025773048, 0.0007727975025773048, 0.0015455950051546097, 0.0015455950051546097, 0.0023183925077319145, 0.0030911900103092194, 0.003863987745717168, 0.005409582518041134, 0.0069551775231957436, 0.011591962538659573, 0.019319938495755196, 0.027820710092782974, 0.03786708042025566, 0.051777433604002, 0.06105100363492966, 0.06877897679805756, 0.0803709402680397, 0.09891808032989502, 0.13137558102607727, 0.17001545429229736, 0.20247295498847961, 0.23183925449848175, 0.2519319951534271, 0.27125194668769836, 0.28902626037597656, 0.3106645941734314, 0.32302936911582947, 0.34621328115463257, 0.36939722299575806, 0.38485315442085266, 0.3964451253414154, 0.4095826745033264, 0.42040184140205383, 0.4350849986076355], "all_token_val_accuracy": [0.0, 0.0, 0.0, 0.0, 0.0, 0.0, 0.0, 0.0, 0.0, 0.0, 0.0, 0.0, 0.0, 0.0, 0.0, 0.0007727975025773048, 0.0007727975025773048, 0.0007727975025773048, 0.0015455950051546097, 0.0015455950051546097, 0.0023183925077319145, 0.0023183925077319145, 0.0030911900103092194, 0.004636785015463829, 0.006182380020618439, 0.010819165036082268, 0.018547140061855316, 0.027047913521528244, 0.03709428012371063, 0.05100463703274727, 0.06027820706367493, 0.06800618022680283, 0.07959814369678497, 0.09814528375864029, 0.13060277700424194, 0.16924266517162323, 0.2017001509666443, 0.23106646537780762, 0.2511591911315918, 0.27047914266586304, 0.2882534861564636, 0.30989181995391846, 0.32225656509399414, 0.34544050693511963, 0.36862441897392273, 0.3840803802013397, 0.3956723213195801, 0.4088099002838135, 0.4196290671825409, 0.43431222438812256]}}