{"scitail_b_train_6_32": {"num_of_epochs": 30, "learning_rate": 1e-05, "training_ds_fpath": "_train_6_32", "first_token_val_accuracy": [0.0, 0.0, 0.0, 0.0007727975025773048, 0.0023183925077319145, 0.013137557543814182, 0.0363214835524559, 0.08964451402425766, 0.2017001509666443, 0.2928902506828308, 0.36398762464523315, 0.41035547852516174, 0.43663060665130615, 0.44667696952819824, 0.4613601267337799, 0.47295209765434265, 0.4814528524875641, 0.48763522505760193, 0.4953632056713104, 0.4992271959781647, 0.4992271959781647, 0.5, 0.5015456080436707, 0.5030912160873413, 0.5185471177101135, 0.5332303047180176, 0.5370942950248718, 0.5548686385154724, 0.5463678240776062, 0.5455950498580933], "all_token_val_accuracy": [0.0, 0.0, 0.0, 0.0007727975025773048, 0.0023183925077319145, 0.012364760041236877, 0.03554868698120117, 0.08887171745300293, 0.20092736184597015, 0.29211747646331787, 0.36398762464523315, 0.41035547852516174, 0.43663060665130615, 0.44667696952819824, 0.4613601267337799, 0.47295209765434265, 0.4814528524875641, 0.48763522505760193, 0.4953632056713104, 0.4992271959781647, 0.4992271959781647, 0.5, 0.5015456080436707, 0.5030912160873413, 0.5185471177101135, 0.5332303047180176, 0.5370942950248718, 0.5548686385154724, 0.5463678240776062, 0.5455950498580933]}}