{"scitail_b_train_1_4": {"num_of_epochs": 40, "learning_rate": 0.0005, "training_ds_fpath": "_train_1_4", "first_token_val_accuracy": [0.0015455950051546097, 0.4791344702243805, 0.4992271959781647, 0.5757341384887695, 0.5, 0.5316846966743469, 0.5510046482086182, 0.5015456080436707, 0.515455961227417, 0.5285934805870056, 0.5316846966743469, 0.5432766675949097, 0.5479134321212769, 0.5425038933753967, 0.5409582853317261, 0.5355486869812012, 0.5324574708938599, 0.5239567160606384, 0.5208655595779419, 0.5208655595779419, 0.5239567160606384, 0.5270479321479797, 0.5200927257537842, 0.5285934805870056, 0.5247295498847961, 0.5231839418411255, 0.5270479321479797, 0.5293663144111633, 0.5293663144111633, 0.5278207063674927, 0.5278207063674927, 0.5270479321479797, 0.5270479321479797, 0.5255023241043091, 0.5278207063674927, 0.5278207063674927, 0.526275098323822, 0.5247295498847961, 0.5239567160606384, 0.5247295498847961], "all_token_val_accuracy": [0.0015455950051546097, 0.4791344702243805, 0.4992271959781647, 0.5757341384887695, 0.5, 0.5316846966743469, 0.5510046482086182, 0.5015456080436707, 0.515455961227417, 0.5285934805870056, 0.5316846966743469, 0.5432766675949097, 0.5479134321212769, 0.5425038933753967, 0.5409582853317261, 0.5355486869812012, 0.5324574708938599, 0.5239567160606384, 0.5208655595779419, 0.5208655595779419, 0.5239567160606384, 0.5270479321479797, 0.5200927257537842, 0.5285934805870056, 0.5247295498847961, 0.5231839418411255, 0.5270479321479797, 0.5293663144111633, 0.5293663144111633, 0.5278207063674927, 0.5278207063674927, 0.5270479321479797, 0.5270479321479797, 0.5255023241043091, 0.5278207063674927, 0.5278207063674927, 0.526275098323822, 0.5247295498847961, 0.5239567160606384, 0.5247295498847961]}}