{"scitail_b_train_5_4": {"num_of_epochs": 40, "learning_rate": 0.001, "training_ds_fpath": "_train_5_4", "first_token_val_accuracy": [0.0015455950051546097, 0.49072644114494324, 0.4992271959781647, 0.5, 0.5, 0.5425038933753967, 0.5077279806137085, 0.5123647451400757, 0.5826893448829651, 0.5672333836555481, 0.5842349529266357, 0.5695517659187317, 0.5455950498580933, 0.5401854515075684, 0.5394126772880554, 0.5432766675949097, 0.5548686385154724, 0.5556414127349854, 0.5602782368659973, 0.5765069723129272, 0.5857805013656616, 0.5904173254966736, 0.58809894323349, 0.5826893448829651, 0.583462119102478, 0.5819165110588074, 0.5826893448829651, 0.583462119102478, 0.583462119102478, 0.5842349529266357, 0.5826893448829651, 0.5780525207519531, 0.5788253545761108, 0.5765069723129272, 0.5780525207519531, 0.5780525207519531, 0.5772797465324402, 0.5772797465324402, 0.5772797465324402, 0.5826893448829651], "all_token_val_accuracy": [0.0015455950051546097, 0.49072644114494324, 0.4992271959781647, 0.5, 0.5, 0.5425038933753967, 0.5077279806137085, 0.5123647451400757, 0.5826893448829651, 0.5672333836555481, 0.5842349529266357, 0.5695517659187317, 0.5455950498580933, 0.5401854515075684, 0.5394126772880554, 0.5432766675949097, 0.5548686385154724, 0.5556414127349854, 0.5602782368659973, 0.5765069723129272, 0.5857805013656616, 0.5904173254966736, 0.58809894323349, 0.5826893448829651, 0.583462119102478, 0.5819165110588074, 0.5826893448829651, 0.583462119102478, 0.583462119102478, 0.5842349529266357, 0.5826893448829651, 0.5780525207519531, 0.5788253545761108, 0.5765069723129272, 0.5780525207519531, 0.5780525207519531, 0.5772797465324402, 0.5772797465324402, 0.5772797465324402, 0.5826893448829651]}}