{"scitail_b_train_2_16": {"num_of_epochs": 20, "learning_rate": 0.0005, "training_ds_fpath": "_train_2_16", "first_token_val_accuracy": [0.5224111080169678, 0.5015456080436707, 0.5054095983505249, 0.5448222756385803, 0.6228747963905334, 0.6120556592941284, 0.6159196496009827, 0.5819165110588074, 0.5649150013923645, 0.6182380318641663, 0.6329211592674255, 0.625193178653717, 0.6236476302146912, 0.6105100512504578, 0.5965996980667114, 0.6027820706367493, 0.615146815776825, 0.6174651980400085, 0.6221020221710205, 0.6128284335136414], "all_token_val_accuracy": [0.5224111080169678, 0.5015456080436707, 0.5054095983505249, 0.5448222756385803, 0.6228747963905334, 0.6120556592941284, 0.6159196496009827, 0.5819165110588074, 0.5649150013923645, 0.6182380318641663, 0.6329211592674255, 0.625193178653717, 0.6236476302146912, 0.6105100512504578, 0.5965996980667114, 0.6027820706367493, 0.615146815776825, 0.6174651980400085, 0.6221020221710205, 0.6128284335136414]}}