{"scitail_b_train_5_16": {"num_of_epochs": 10, "learning_rate": 0.001, "training_ds_fpath": "_train_5_16", "first_token_val_accuracy": [0.5, 0.5015456080436707, 0.5007727742195129, 0.4976816177368164, 0.5425038933753967, 0.5765069723129272, 0.5440494418144226, 0.5765069723129272, 0.5803709626197815, 0.5649150013923645], "all_token_val_accuracy": [0.5, 0.5015456080436707, 0.5007727742195129, 0.4976816177368164, 0.5425038933753967, 0.5765069723129272, 0.5440494418144226, 0.5765069723129272, 0.5803709626197815, 0.5649150013923645]}}