{"scitail_b_train_3_4": {"num_of_epochs": 20, "learning_rate": 0.0001, "training_ds_fpath": "_train_3_4", "first_token_val_accuracy": [0.0, 0.0, 0.0030911900103092194, 0.07187017053365707, 0.26584234833717346, 0.3369397222995758, 0.3809891939163208, 0.416537880897522, 0.44435858726501465, 0.46445131301879883, 0.4737248718738556, 0.47758886218070984, 0.48377126455307007, 0.48608964681625366, 0.4899536371231079, 0.49072644114494324, 0.5139103531837463, 0.5208655595779419, 0.5332303047180176, 0.5316846966743469], "all_token_val_accuracy": [0.0, 0.0, 0.0030911900103092194, 0.07109737396240234, 0.26584234833717346, 0.3369397222995758, 0.3809891939163208, 0.416537880897522, 0.44435858726501465, 0.46445131301879883, 0.4737248718738556, 0.47758886218070984, 0.48377126455307007, 0.48608964681625366, 0.4899536371231079, 0.49072644114494324, 0.5139103531837463, 0.5208655595779419, 0.5332303047180176, 0.5316846966743469]}}