{"scitail_b_train_4_16": {"num_of_epochs": 20, "learning_rate": 0.0001, "training_ds_fpath": "_train_4_16", "first_token_val_accuracy": [0.014683152548968792, 0.38176196813583374, 0.46754249930381775, 0.49613600969314575, 0.5494590401649475, 0.5664606094360352, 0.5123647451400757, 0.572642982006073, 0.5911900997161865, 0.5463678240776062, 0.6012364625930786, 0.58809894323349, 0.5958268642425537, 0.615146815776825, 0.5788253545761108, 0.6244204044342041, 0.6136012077331543, 0.6058732867240906, 0.6236476302146912, 0.5950540900230408], "all_token_val_accuracy": [0.013910355046391487, 0.38176196813583374, 0.46754249930381775, 0.49613600969314575, 0.5494590401649475, 0.5664606094360352, 0.5123647451400757, 0.572642982006073, 0.5911900997161865, 0.5463678240776062, 0.6012364625930786, 0.58809894323349, 0.5958268642425537, 0.615146815776825, 0.5788253545761108, 0.6244204044342041, 0.6136012077331543, 0.6058732867240906, 0.6236476302146912, 0.5950540900230408]}}