{"scitail_b_train_0_32": {"num_of_epochs": 50, "learning_rate": 0.001, "training_ds_fpath": "_train_0_32", "first_token_val_accuracy": [0.5046367645263672, 0.5486862659454346, 0.6089644432067871, 0.6336939930915833, 0.6166924238204956, 0.625193178653717, 0.6236476302146912, 0.6282843947410583, 0.6360123753547668, 0.6360123753547668, 0.6190108060836792, 0.6120556592941284, 0.583462119102478, 0.6105100512504578, 0.5904173254966736, 0.6205564141273499, 0.5734157562255859, 0.6275116205215454, 0.6275116205215454, 0.6282843947410583, 0.5803709626197815, 0.6506955027580261, 0.6360123753547668, 0.6221020221710205, 0.5023183822631836, 0.5973724722862244, 0.615146815776825, 0.6213291883468628, 0.6259660124778748, 0.6221020221710205, 0.6221020221710205, 0.6313755512237549, 0.6306027770042419, 0.6306027770042419, 0.6275116205215454, 0.6290571689605713, 0.629830002784729, 0.6306027770042419, 0.629830002784729, 0.6043276786804199, 0.6128284335136414, 0.6120556592941284, 0.6136012077331543, 0.614374041557312, 0.6120556592941284, 0.6105100512504578, 0.6128284335136414, 0.6136012077331543, 0.6136012077331543, 0.6120556592941284], "all_token_val_accuracy": [0.5046367645263672, 0.5486862659454346, 0.6089644432067871, 0.6336939930915833, 0.6166924238204956, 0.625193178653717, 0.6236476302146912, 0.6282843947410583, 0.6360123753547668, 0.6360123753547668, 0.6190108060836792, 0.6120556592941284, 0.583462119102478, 0.6105100512504578, 0.5904173254966736, 0.6205564141273499, 0.5734157562255859, 0.6275116205215454, 0.6275116205215454, 0.6282843947410583, 0.5803709626197815, 0.6506955027580261, 0.6360123753547668, 0.6221020221710205, 0.5023183822631836, 0.5973724722862244, 0.615146815776825, 0.6213291883468628, 0.6259660124778748, 0.6221020221710205, 0.6221020221710205, 0.6313755512237549, 0.6306027770042419, 0.6306027770042419, 0.6275116205215454, 0.6290571689605713, 0.629830002784729, 0.6306027770042419, 0.629830002784729, 0.6043276786804199, 0.6128284335136414, 0.6120556592941284, 0.6136012077331543, 0.614374041557312, 0.6120556592941284, 0.6105100512504578, 0.6128284335136414, 0.6136012077331543, 0.6136012077331543, 0.6120556592941284]}}