{"scitail_b_train_3_8": {"num_of_epochs": 50, "learning_rate": 0.001, "training_ds_fpath": "_train_3_8", "first_token_val_accuracy": [0.5146831274032593, 0.46986088156700134, 0.5015456080436707, 0.5023183822631836, 0.530911922454834, 0.5208655595779419, 0.5432766675949097, 0.5471406579017639, 0.5664606094360352, 0.5517774224281311, 0.5370942950248718, 0.5363214612007141, 0.5324574708938599, 0.5355486869812012, 0.541731059551239, 0.5409582853317261, 0.5448222756385803, 0.5170015692710876, 0.526275098323822, 0.5270479321479797, 0.5278207063674927, 0.5301390886306763, 0.530911922454834, 0.5270479321479797, 0.5208655595779419, 0.5208655595779419, 0.5224111080169678, 0.5208655595779419, 0.5216383337974548, 0.5193199515342712, 0.5193199515342712, 0.5208655595779419, 0.5200927257537842, 0.5208655595779419, 0.5231839418411255, 0.5231839418411255, 0.5216383337974548, 0.5239567160606384, 0.5239567160606384, 0.5239567160606384, 0.5239567160606384, 0.5216383337974548, 0.5200927257537842, 0.5193199515342712, 0.5200927257537842, 0.5216383337974548, 0.5208655595779419, 0.5200927257537842, 0.5224111080169678, 0.5216383337974548], "all_token_val_accuracy": [0.5146831274032593, 0.46986088156700134, 0.5015456080436707, 0.5023183822631836, 0.530911922454834, 0.5208655595779419, 0.5432766675949097, 0.5471406579017639, 0.5664606094360352, 0.5517774224281311, 0.5370942950248718, 0.5363214612007141, 0.5324574708938599, 0.5355486869812012, 0.541731059551239, 0.5409582853317261, 0.5448222756385803, 0.5170015692710876, 0.526275098323822, 0.5270479321479797, 0.5278207063674927, 0.5301390886306763, 0.530911922454834, 0.5270479321479797, 0.5208655595779419, 0.5208655595779419, 0.5224111080169678, 0.5208655595779419, 0.5216383337974548, 0.5193199515342712, 0.5193199515342712, 0.5208655595779419, 0.5200927257537842, 0.5208655595779419, 0.5231839418411255, 0.5231839418411255, 0.5216383337974548, 0.5239567160606384, 0.5239567160606384, 0.5239567160606384, 0.5239567160606384, 0.5216383337974548, 0.5200927257537842, 0.5193199515342712, 0.5200927257537842, 0.5216383337974548, 0.5208655595779419, 0.5200927257537842, 0.5224111080169678, 0.5216383337974548]}}