{"amazon_kitchen_t_train_4_8": {"num_of_epochs": 30, "learning_rate": 0.0005, "training_ds_fpath": "_train_4_8", "first_token_val_accuracy": [0.008999999612569809, 0.6809999942779541, 0.7910000085830688, 0.8209999799728394, 0.8240000009536743, 0.8330000042915344, 0.8339999914169312, 0.8320000171661377, 0.8220000267028809, 0.8190000057220459, 0.8309999704360962, 0.7720000147819519, 0.7580000162124634, 0.7960000038146973, 0.8040000200271606, 0.8190000057220459, 0.8209999799728394, 0.8220000267028809, 0.8240000009536743, 0.8240000009536743, 0.824999988079071, 0.8289999961853027, 0.8309999704360962, 0.8309999704360962, 0.8309999704360962, 0.8320000171661377, 0.8299999833106995, 0.8299999833106995, 0.8289999961853027, 0.8289999961853027], "all_token_val_accuracy": [0.008999999612569809, 0.6809999942779541, 0.7910000085830688, 0.8209999799728394, 0.8240000009536743, 0.8330000042915344, 0.8339999914169312, 0.8320000171661377, 0.8220000267028809, 0.8190000057220459, 0.8309999704360962, 0.7720000147819519, 0.7580000162124634, 0.7960000038146973, 0.8040000200271606, 0.8190000057220459, 0.8209999799728394, 0.8220000267028809, 0.8240000009536743, 0.8240000009536743, 0.824999988079071, 0.8289999961853027, 0.8309999704360962, 0.8309999704360962, 0.8309999704360962, 0.8320000171661377, 0.8299999833106995, 0.8299999833106995, 0.8289999961853027, 0.8289999961853027]}}