{"amazon_kitchen_t_train_6_32": {"num_of_epochs": 40, "learning_rate": 0.0001, "training_ds_fpath": "_train_6_32", "first_token_val_accuracy": [0.0020000000949949026, 0.7419999837875366, 0.7279999852180481, 0.7799999713897705, 0.796999990940094, 0.8159999847412109, 0.8199999928474426, 0.8289999961853027, 0.8320000171661377, 0.8320000171661377, 0.8299999833106995, 0.828000009059906, 0.8360000252723694, 0.8370000123977661, 0.8379999995231628, 0.8320000171661377, 0.8309999704360962, 0.8339999914169312, 0.8360000252723694, 0.8399999737739563, 0.8399999737739563, 0.8429999947547913, 0.8399999737739563, 0.8360000252723694, 0.8379999995231628, 0.8379999995231628, 0.8420000076293945, 0.843999981880188, 0.8410000205039978, 0.8420000076293945, 0.843999981880188, 0.8429999947547913, 0.8489999771118164, 0.8500000238418579, 0.8460000157356262, 0.843999981880188, 0.847000002861023, 0.847000002861023, 0.8500000238418579, 0.8500000238418579], "all_token_val_accuracy": [0.0020000000949949026, 0.7400000095367432, 0.7250000238418579, 0.777999997138977, 0.796999990940094, 0.8159999847412109, 0.8199999928474426, 0.8289999961853027, 0.8320000171661377, 0.8320000171661377, 0.8299999833106995, 0.828000009059906, 0.8360000252723694, 0.8370000123977661, 0.8379999995231628, 0.8320000171661377, 0.8309999704360962, 0.8339999914169312, 0.8360000252723694, 0.8399999737739563, 0.8399999737739563, 0.8429999947547913, 0.8399999737739563, 0.8360000252723694, 0.8379999995231628, 0.8379999995231628, 0.8420000076293945, 0.843999981880188, 0.8410000205039978, 0.8420000076293945, 0.843999981880188, 0.8429999947547913, 0.8489999771118164, 0.8500000238418579, 0.8460000157356262, 0.843999981880188, 0.847000002861023, 0.847000002861023, 0.8500000238418579, 0.8500000238418579]}}