{"amazon_kitchen_t_train_9_4": {"num_of_epochs": 20, "learning_rate": 0.0005, "training_ds_fpath": "_train_9_4", "first_token_val_accuracy": [0.0, 0.07199999690055847, 0.7609999775886536, 0.765999972820282, 0.7490000128746033, 0.7020000219345093, 0.6869999766349792, 0.7260000109672546, 0.7710000276565552, 0.7649999856948853, 0.765999972820282, 0.7620000243186951, 0.7639999985694885, 0.765999972820282, 0.7720000147819519, 0.7789999842643738, 0.7839999794960022, 0.7870000004768372, 0.7860000133514404, 0.7879999876022339], "all_token_val_accuracy": [0.0, 0.06599999964237213, 0.7059999704360962, 0.7630000114440918, 0.7480000257492065, 0.7020000219345093, 0.6869999766349792, 0.7260000109672546, 0.7710000276565552, 0.7649999856948853, 0.765999972820282, 0.7620000243186951, 0.7639999985694885, 0.765999972820282, 0.7720000147819519, 0.7789999842643738, 0.7839999794960022, 0.7870000004768372, 0.7860000133514404, 0.7879999876022339]}}