{"amazon_kitchen_t_train_4_32": {"num_of_epochs": 40, "learning_rate": 0.0001, "training_ds_fpath": "_train_4_32", "first_token_val_accuracy": [0.004000000189989805, 0.7229999899864197, 0.7839999794960022, 0.7940000295639038, 0.8130000233650208, 0.8270000219345093, 0.8209999799728394, 0.8289999961853027, 0.8230000138282776, 0.8309999704360962, 0.828000009059906, 0.8339999914169312, 0.8320000171661377, 0.8330000042915344, 0.8349999785423279, 0.8339999914169312, 0.8309999704360962, 0.8330000042915344, 0.8360000252723694, 0.8339999914169312, 0.8360000252723694, 0.8370000123977661, 0.8339999914169312, 0.8379999995231628, 0.8389999866485596, 0.8289999961853027, 0.8360000252723694, 0.8379999995231628, 0.8379999995231628, 0.8410000205039978, 0.8349999785423279, 0.8370000123977661, 0.847000002861023, 0.8450000286102295, 0.8420000076293945, 0.8429999947547913, 0.843999981880188, 0.843999981880188, 0.8399999737739563, 0.8360000252723694], "all_token_val_accuracy": [0.004000000189989805, 0.699999988079071, 0.7680000066757202, 0.7940000295639038, 0.8119999766349792, 0.8270000219345093, 0.8209999799728394, 0.8289999961853027, 0.8230000138282776, 0.8309999704360962, 0.828000009059906, 0.8339999914169312, 0.8320000171661377, 0.8330000042915344, 0.8349999785423279, 0.8339999914169312, 0.8309999704360962, 0.8330000042915344, 0.8360000252723694, 0.8339999914169312, 0.8360000252723694, 0.8370000123977661, 0.8339999914169312, 0.8379999995231628, 0.8389999866485596, 0.8289999961853027, 0.8360000252723694, 0.8379999995231628, 0.8379999995231628, 0.8410000205039978, 0.8349999785423279, 0.8370000123977661, 0.847000002861023, 0.8450000286102295, 0.8420000076293945, 0.8429999947547913, 0.843999981880188, 0.843999981880188, 0.8399999737739563, 0.8360000252723694]}}