{"amazon_kitchen_t_train_9_32": {"num_of_epochs": 40, "learning_rate": 0.0001, "training_ds_fpath": "_train_9_32", "first_token_val_accuracy": [0.014000000432133675, 0.7350000143051147, 0.7870000004768372, 0.8180000185966492, 0.8090000152587891, 0.8240000009536743, 0.8309999704360962, 0.8410000205039978, 0.847000002861023, 0.8460000157356262, 0.8450000286102295, 0.8489999771118164, 0.8450000286102295, 0.8399999737739563, 0.8420000076293945, 0.8479999899864197, 0.847000002861023, 0.8460000157356262, 0.843999981880188, 0.8500000238418579, 0.8510000109672546, 0.8510000109672546, 0.8479999899864197, 0.8510000109672546, 0.8510000109672546, 0.8529999852180481, 0.8529999852180481, 0.8519999980926514, 0.8349999785423279, 0.847000002861023, 0.8259999752044678, 0.8240000009536743, 0.8330000042915344, 0.8349999785423279, 0.8339999914169312, 0.8370000123977661, 0.8349999785423279, 0.8330000042915344, 0.8360000252723694, 0.8370000123977661], "all_token_val_accuracy": [0.014000000432133675, 0.7350000143051147, 0.7870000004768372, 0.8180000185966492, 0.8090000152587891, 0.8240000009536743, 0.8309999704360962, 0.8410000205039978, 0.847000002861023, 0.8460000157356262, 0.8450000286102295, 0.8489999771118164, 0.8450000286102295, 0.8399999737739563, 0.8420000076293945, 0.8479999899864197, 0.847000002861023, 0.8460000157356262, 0.843999981880188, 0.8500000238418579, 0.8510000109672546, 0.8510000109672546, 0.8479999899864197, 0.8510000109672546, 0.8510000109672546, 0.8529999852180481, 0.8529999852180481, 0.8519999980926514, 0.8349999785423279, 0.847000002861023, 0.8259999752044678, 0.8240000009536743, 0.8330000042915344, 0.8349999785423279, 0.8339999914169312, 0.8370000123977661, 0.8349999785423279, 0.8330000042915344, 0.8360000252723694, 0.8370000123977661]}}