{"amazon_kitchen_t_train_2_16": {"num_of_epochs": 40, "learning_rate": 0.0001, "training_ds_fpath": "_train_2_16", "first_token_val_accuracy": [0.0, 0.0, 0.3799999952316284, 0.7300000190734863, 0.7459999918937683, 0.7540000081062317, 0.7450000047683716, 0.75, 0.7599999904632568, 0.7649999856948853, 0.7749999761581421, 0.7820000052452087, 0.7850000262260437, 0.7870000004768372, 0.7900000214576721, 0.7910000085830688, 0.7950000166893005, 0.7979999780654907, 0.8059999942779541, 0.8059999942779541, 0.8069999814033508, 0.8109999895095825, 0.8050000071525574, 0.8040000200271606, 0.800000011920929, 0.8040000200271606, 0.8069999814033508, 0.8040000200271606, 0.8050000071525574, 0.8040000200271606, 0.8059999942779541, 0.8090000152587891, 0.8090000152587891, 0.8069999814033508, 0.8080000281333923, 0.8109999895095825, 0.8140000104904175, 0.8140000104904175, 0.8140000104904175, 0.8149999976158142], "all_token_val_accuracy": [0.0, 0.0, 0.3799999952316284, 0.7300000190734863, 0.7459999918937683, 0.7540000081062317, 0.7450000047683716, 0.75, 0.7599999904632568, 0.7649999856948853, 0.7749999761581421, 0.7820000052452087, 0.7850000262260437, 0.7870000004768372, 0.7900000214576721, 0.7910000085830688, 0.7950000166893005, 0.7979999780654907, 0.8059999942779541, 0.8059999942779541, 0.8069999814033508, 0.8109999895095825, 0.8050000071525574, 0.8040000200271606, 0.800000011920929, 0.8040000200271606, 0.8069999814033508, 0.8040000200271606, 0.8050000071525574, 0.8040000200271606, 0.8059999942779541, 0.8090000152587891, 0.8090000152587891, 0.8069999814033508, 0.8080000281333923, 0.8109999895095825, 0.8140000104904175, 0.8140000104904175, 0.8140000104904175, 0.8149999976158142]}}