{"amazon_kitchen_t_train_0_8": {"num_of_epochs": 30, "learning_rate": 0.0005, "training_ds_fpath": "_train_0_8", "first_token_val_accuracy": [0.009999999776482582, 0.7160000205039978, 0.7879999876022339, 0.8180000185966492, 0.8349999785423279, 0.8379999995231628, 0.8420000076293945, 0.8420000076293945, 0.843999981880188, 0.8489999771118164, 0.8460000157356262, 0.8479999899864197, 0.8450000286102295, 0.847000002861023, 0.8479999899864197, 0.8489999771118164, 0.8489999771118164, 0.8489999771118164, 0.847000002861023, 0.8450000286102295, 0.8450000286102295, 0.8479999899864197, 0.8460000157356262, 0.8450000286102295, 0.8450000286102295, 0.843999981880188, 0.8450000286102295, 0.847000002861023, 0.847000002861023, 0.8479999899864197], "all_token_val_accuracy": [0.009999999776482582, 0.7160000205039978, 0.7879999876022339, 0.8180000185966492, 0.8349999785423279, 0.8379999995231628, 0.8420000076293945, 0.8420000076293945, 0.843999981880188, 0.8489999771118164, 0.8460000157356262, 0.8479999899864197, 0.8450000286102295, 0.847000002861023, 0.8479999899864197, 0.8489999771118164, 0.8489999771118164, 0.8489999771118164, 0.847000002861023, 0.8450000286102295, 0.8450000286102295, 0.8479999899864197, 0.8460000157356262, 0.8450000286102295, 0.8450000286102295, 0.843999981880188, 0.8450000286102295, 0.847000002861023, 0.847000002861023, 0.8479999899864197]}}