{"amazon_kitchen_t_train_1_16": {"num_of_epochs": 40, "learning_rate": 0.0001, "training_ds_fpath": "_train_1_16", "first_token_val_accuracy": [0.0, 0.0, 0.5770000219345093, 0.6859999895095825, 0.7799999713897705, 0.7789999842643738, 0.7979999780654907, 0.8009999990463257, 0.800000011920929, 0.7950000166893005, 0.7990000247955322, 0.8090000152587891, 0.8040000200271606, 0.8050000071525574, 0.796999990940094, 0.7990000247955322, 0.8109999895095825, 0.8140000104904175, 0.8190000057220459, 0.8159999847412109, 0.8140000104904175, 0.8080000281333923, 0.8149999976158142, 0.8140000104904175, 0.8209999799728394, 0.8259999752044678, 0.8199999928474426, 0.8190000057220459, 0.8240000009536743, 0.8240000009536743, 0.8240000009536743, 0.8230000138282776, 0.8240000009536743, 0.8220000267028809, 0.8220000267028809, 0.8209999799728394, 0.8240000009536743, 0.8209999799728394, 0.824999988079071, 0.8270000219345093], "all_token_val_accuracy": [0.0, 0.0, 0.5770000219345093, 0.6859999895095825, 0.7799999713897705, 0.7789999842643738, 0.7979999780654907, 0.8009999990463257, 0.800000011920929, 0.7950000166893005, 0.7990000247955322, 0.8090000152587891, 0.8040000200271606, 0.8050000071525574, 0.796999990940094, 0.7990000247955322, 0.8109999895095825, 0.8140000104904175, 0.8190000057220459, 0.8159999847412109, 0.8140000104904175, 0.8080000281333923, 0.8149999976158142, 0.8140000104904175, 0.8209999799728394, 0.8259999752044678, 0.8199999928474426, 0.8190000057220459, 0.8240000009536743, 0.8240000009536743, 0.8240000009536743, 0.8230000138282776, 0.8240000009536743, 0.8220000267028809, 0.8220000267028809, 0.8209999799728394, 0.8240000009536743, 0.8209999799728394, 0.824999988079071, 0.8270000219345093]}}