{"amazon_kitchen_t_train_2_32": {"num_of_epochs": 40, "learning_rate": 0.0001, "training_ds_fpath": "_train_2_32", "first_token_val_accuracy": [0.0020000000949949026, 0.6869999766349792, 0.7519999742507935, 0.7609999775886536, 0.7820000052452087, 0.765999972820282, 0.7870000004768372, 0.7879999876022339, 0.7950000166893005, 0.7990000247955322, 0.8009999990463257, 0.8019999861717224, 0.8059999942779541, 0.8080000281333923, 0.8149999976158142, 0.8080000281333923, 0.8119999766349792, 0.8140000104904175, 0.8140000104904175, 0.8180000185966492, 0.8199999928474426, 0.8230000138282776, 0.8180000185966492, 0.8199999928474426, 0.8199999928474426, 0.8220000267028809, 0.8220000267028809, 0.8159999847412109, 0.8100000023841858, 0.8080000281333923, 0.8080000281333923, 0.8040000200271606, 0.8050000071525574, 0.8009999990463257, 0.8050000071525574, 0.8019999861717224, 0.8009999990463257, 0.8009999990463257, 0.8050000071525574, 0.8059999942779541], "all_token_val_accuracy": [0.0020000000949949026, 0.6869999766349792, 0.7519999742507935, 0.7609999775886536, 0.7820000052452087, 0.765999972820282, 0.7870000004768372, 0.7879999876022339, 0.7950000166893005, 0.7990000247955322, 0.8009999990463257, 0.8019999861717224, 0.8059999942779541, 0.8080000281333923, 0.8149999976158142, 0.8080000281333923, 0.8119999766349792, 0.8140000104904175, 0.8140000104904175, 0.8180000185966492, 0.8199999928474426, 0.8230000138282776, 0.8180000185966492, 0.8199999928474426, 0.8199999928474426, 0.8220000267028809, 0.8220000267028809, 0.8159999847412109, 0.8100000023841858, 0.8080000281333923, 0.8080000281333923, 0.8040000200271606, 0.8050000071525574, 0.8009999990463257, 0.8050000071525574, 0.8019999861717224, 0.8009999990463257, 0.8009999990463257, 0.8050000071525574, 0.8059999942779541]}}