{"amazon_kitchen_t_train_9_8": {"num_of_epochs": 30, "learning_rate": 0.0005, "training_ds_fpath": "_train_9_8", "first_token_val_accuracy": [0.003000000026077032, 0.6830000281333923, 0.7179999947547913, 0.7390000224113464, 0.7580000162124634, 0.7960000038146973, 0.7960000038146973, 0.8130000233650208, 0.8119999766349792, 0.8140000104904175, 0.8169999718666077, 0.8180000185966492, 0.8190000057220459, 0.8199999928474426, 0.8230000138282776, 0.8199999928474426, 0.8230000138282776, 0.8230000138282776, 0.8220000267028809, 0.8209999799728394, 0.8230000138282776, 0.8240000009536743, 0.8259999752044678, 0.8270000219345093, 0.8270000219345093, 0.8109999895095825, 0.8059999942779541, 0.8080000281333923, 0.8090000152587891, 0.8080000281333923], "all_token_val_accuracy": [0.003000000026077032, 0.6830000281333923, 0.7149999737739563, 0.734000027179718, 0.7580000162124634, 0.7960000038146973, 0.7960000038146973, 0.8130000233650208, 0.8119999766349792, 0.8140000104904175, 0.8169999718666077, 0.8180000185966492, 0.8190000057220459, 0.8199999928474426, 0.8230000138282776, 0.8199999928474426, 0.8230000138282776, 0.8230000138282776, 0.8220000267028809, 0.8209999799728394, 0.8230000138282776, 0.8240000009536743, 0.8259999752044678, 0.8270000219345093, 0.8270000219345093, 0.8109999895095825, 0.8059999942779541, 0.8080000281333923, 0.8090000152587891, 0.8080000281333923]}}