{"amazon_kitchen_t_train_2_8": {"num_of_epochs": 30, "learning_rate": 0.0005, "training_ds_fpath": "_train_2_8", "first_token_val_accuracy": [0.1589999943971634, 0.7689999938011169, 0.7559999823570251, 0.8069999814033508, 0.8029999732971191, 0.8090000152587891, 0.8119999766349792, 0.8059999942779541, 0.7990000247955322, 0.7990000247955322, 0.800000011920929, 0.7990000247955322, 0.8080000281333923, 0.8090000152587891, 0.8119999766349792, 0.8109999895095825, 0.8090000152587891, 0.8100000023841858, 0.8100000023841858, 0.8109999895095825, 0.8109999895095825, 0.8109999895095825, 0.8100000023841858, 0.8119999766349792, 0.8119999766349792, 0.8130000233650208, 0.8130000233650208, 0.8130000233650208, 0.8119999766349792, 0.8119999766349792], "all_token_val_accuracy": [0.1589999943971634, 0.7689999938011169, 0.7559999823570251, 0.8069999814033508, 0.8029999732971191, 0.8090000152587891, 0.8119999766349792, 0.8059999942779541, 0.7990000247955322, 0.7990000247955322, 0.800000011920929, 0.7990000247955322, 0.8080000281333923, 0.8090000152587891, 0.8119999766349792, 0.8109999895095825, 0.8090000152587891, 0.8100000023841858, 0.8100000023841858, 0.8109999895095825, 0.8109999895095825, 0.8109999895095825, 0.8100000023841858, 0.8119999766349792, 0.8119999766349792, 0.8130000233650208, 0.8130000233650208, 0.8130000233650208, 0.8119999766349792, 0.8119999766349792]}}