{"mrpc_train_0_8": {"num_of_epochs": 50, "learning_rate": 0.0001, "training_ds_fpath": "_train_0_8", "first_token_val_accuracy": [0.0, 0.0024509804788976908, 0.0024509804788976908, 0.02450980432331562, 0.32107841968536377, 0.5710784196853638, 0.5686274766921997, 0.4828431308269501, 0.3529411852359772, 0.36274510622024536, 0.3946078419685364, 0.4019607901573181, 0.3946078419685364, 0.3848039209842682, 0.44607841968536377, 0.5490196347236633, 0.6078431606292725, 0.6078431606292725, 0.5833333134651184, 0.5857843160629272, 0.5588235259056091, 0.561274528503418, 0.5784313678741455, 0.5882353186607361, 0.5833333134651184, 0.5784313678741455, 0.5686274766921997, 0.5784313678741455, 0.6029411554336548, 0.6323529481887817, 0.5833333134651184, 0.5465686321258545, 0.5539215803146362, 0.595588207244873, 0.5833333134651184, 0.5686274766921997, 0.6127451062202454, 0.6274510025978088, 0.6200980544090271, 0.6176470518112183, 0.6225489974021912, 0.6274510025978088, 0.6519607901573181, 0.654411792755127, 0.6495097875595093, 0.6421568393707275, 0.654411792755127, 0.656862735748291, 0.656862735748291, 0.6593137383460999], "all_token_val_accuracy": [0.0, 0.0, 0.0, 0.02450980432331562, 0.32107841968536377, 0.5686274766921997, 0.563725471496582, 0.4779411852359772, 0.3480392098426819, 0.3602941036224365, 0.3946078419685364, 0.4019607901573181, 0.3946078419685364, 0.3848039209842682, 0.44607841968536377, 0.5490196347236633, 0.6078431606292725, 0.6078431606292725, 0.5833333134651184, 0.5857843160629272, 0.5588235259056091, 0.561274528503418, 0.5784313678741455, 0.5882353186607361, 0.5833333134651184, 0.5784313678741455, 0.5686274766921997, 0.5784313678741455, 0.6029411554336548, 0.6323529481887817, 0.5833333134651184, 0.5465686321258545, 0.5539215803146362, 0.595588207244873, 0.5833333134651184, 0.5686274766921997, 0.6127451062202454, 0.6274510025978088, 0.6200980544090271, 0.6176470518112183, 0.6225489974021912, 0.6274510025978088, 0.6519607901573181, 0.654411792755127, 0.6495097875595093, 0.6421568393707275, 0.654411792755127, 0.656862735748291, 0.656862735748291, 0.6593137383460999]}}