{"mrpc_train_0_32": {"num_of_epochs": 50, "learning_rate": 0.0001, "training_ds_fpath": "_train_0_32", "first_token_val_accuracy": [0.2181372493505478, 0.3186274468898773, 0.3186274468898773, 0.3848039209842682, 0.7254902124404907, 0.4632352888584137, 0.6004902124404907, 0.6397058963775635, 0.5588235259056091, 0.5465686321258545, 0.6446078419685364, 0.5514705777168274, 0.6715686321258545, 0.6446078419685364, 0.656862735748291, 0.6348039507865906, 0.6397058963775635, 0.6495097875595093, 0.6813725233078003, 0.6053921580314636, 0.6617646813392639, 0.6813725233078003, 0.5710784196853638, 0.6740196347236633, 0.6691176295280457, 0.5906862616539001, 0.7156862616539001, 0.6446078419685364, 0.6838235259056091, 0.6936274766921997, 0.6936274766921997, 0.6936274766921997, 0.718137264251709, 0.656862735748291, 0.656862735748291, 0.6642156839370728, 0.656862735748291, 0.6617646813392639, 0.6789215803146362, 0.6838235259056091, 0.688725471496582, 0.6813725233078003, 0.6960784196853638, 0.6495097875595093, 0.656862735748291, 0.6519607901573181, 0.656862735748291, 0.6838235259056091, 0.6838235259056091, 0.6838235259056091], "all_token_val_accuracy": [0.01715686358511448, 0.3186274468898773, 0.3186274468898773, 0.3848039209842682, 0.7254902124404907, 0.4632352888584137, 0.6004902124404907, 0.6397058963775635, 0.5588235259056091, 0.5465686321258545, 0.6446078419685364, 0.5514705777168274, 0.6715686321258545, 0.6446078419685364, 0.656862735748291, 0.6348039507865906, 0.6397058963775635, 0.6495097875595093, 0.6813725233078003, 0.6053921580314636, 0.6617646813392639, 0.6813725233078003, 0.5710784196853638, 0.6740196347236633, 0.6691176295280457, 0.5906862616539001, 0.7156862616539001, 0.6446078419685364, 0.6838235259056091, 0.6936274766921997, 0.6936274766921997, 0.6936274766921997, 0.718137264251709, 0.656862735748291, 0.656862735748291, 0.6642156839370728, 0.656862735748291, 0.6617646813392639, 0.6789215803146362, 0.6838235259056091, 0.688725471496582, 0.6813725233078003, 0.6960784196853638, 0.6495097875595093, 0.656862735748291, 0.6519607901573181, 0.656862735748291, 0.6838235259056091, 0.6838235259056091, 0.6838235259056091]}}