{"mrpc_train_2_16": {"num_of_epochs": 50, "learning_rate": 0.0001, "training_ds_fpath": "_train_2_16", "first_token_val_accuracy": [0.1764705926179886, 0.31617647409439087, 0.31617647409439087, 0.720588207244873, 0.4632352888584137, 0.7475489974021912, 0.4485294222831726, 0.5441176295280457, 0.7156862616539001, 0.5588235259056091, 0.6372548937797546, 0.688725471496582, 0.6421568393707275, 0.7524510025978088, 0.6004902124404907, 0.625, 0.6666666865348816, 0.6666666865348816, 0.7132353186607361, 0.6225489974021912, 0.7279411554336548, 0.6764705777168274, 0.6397058963775635, 0.6446078419685364, 0.6617646813392639, 0.6813725233078003, 0.6372548937797546, 0.7156862616539001, 0.7279411554336548, 0.7034313678741455, 0.6495097875595093, 0.6764705777168274, 0.6911764740943909, 0.6960784196853638, 0.7083333134651184, 0.7058823704719543, 0.7058823704719543, 0.7083333134651184, 0.7034313678741455, 0.6985294222831726, 0.6985294222831726, 0.6936274766921997, 0.6985294222831726, 0.6764705777168274, 0.6617646813392639, 0.6936274766921997, 0.7083333134651184, 0.7034313678741455, 0.7034313678741455, 0.7058823704719543], "all_token_val_accuracy": [0.007352941203862429, 0.31617647409439087, 0.31617647409439087, 0.720588207244873, 0.4632352888584137, 0.7475489974021912, 0.4485294222831726, 0.5441176295280457, 0.7156862616539001, 0.5588235259056091, 0.6372548937797546, 0.688725471496582, 0.6421568393707275, 0.7524510025978088, 0.6004902124404907, 0.625, 0.6666666865348816, 0.6666666865348816, 0.7132353186607361, 0.6225489974021912, 0.7279411554336548, 0.6764705777168274, 0.6397058963775635, 0.6446078419685364, 0.6617646813392639, 0.6813725233078003, 0.6372548937797546, 0.7156862616539001, 0.7279411554336548, 0.7034313678741455, 0.6495097875595093, 0.6764705777168274, 0.6911764740943909, 0.6960784196853638, 0.7083333134651184, 0.7058823704719543, 0.7058823704719543, 0.7083333134651184, 0.7034313678741455, 0.6985294222831726, 0.6985294222831726, 0.6936274766921997, 0.6985294222831726, 0.6764705777168274, 0.6617646813392639, 0.6936274766921997, 0.7083333134651184, 0.7034313678741455, 0.7034313678741455, 0.7058823704719543]}}