{"mrpc_train_6_32": {"num_of_epochs": 50, "learning_rate": 0.0001, "training_ds_fpath": "_train_6_32", "first_token_val_accuracy": [0.007352941203862429, 0.32598039507865906, 0.4632352888584137, 0.3799019753932953, 0.32107841968536377, 0.4730392098426819, 0.5122548937797546, 0.5343137383460999, 0.688725471496582, 0.6053921580314636, 0.718137264251709, 0.6176470518112183, 0.6691176295280457, 0.6421568393707275, 0.7401960492134094, 0.7401960492134094, 0.7107843160629272, 0.6666666865348816, 0.6593137383460999, 0.7230392098426819, 0.6740196347236633, 0.7279411554336548, 0.7254902124404907, 0.7377451062202454, 0.6348039507865906, 0.7352941036224365, 0.7401960492134094, 0.688725471496582, 0.6813725233078003, 0.7475489974021912, 0.718137264251709, 0.720588207244873, 0.7230392098426819, 0.7303921580314636, 0.7279411554336548, 0.7352941036224365, 0.7475489974021912, 0.7058823704719543, 0.7549019455909729, 0.7524510025978088, 0.75, 0.7058823704719543, 0.7058823704719543, 0.7083333134651184, 0.7132353186607361, 0.7132353186607361, 0.7254902124404907, 0.7328431606292725, 0.7377451062202454, 0.7377451062202454], "all_token_val_accuracy": [0.007352941203862429, 0.32598039507865906, 0.4632352888584137, 0.3799019753932953, 0.32107841968536377, 0.4730392098426819, 0.5122548937797546, 0.5343137383460999, 0.688725471496582, 0.6053921580314636, 0.718137264251709, 0.6176470518112183, 0.6691176295280457, 0.6421568393707275, 0.7401960492134094, 0.7401960492134094, 0.7107843160629272, 0.6666666865348816, 0.6593137383460999, 0.7230392098426819, 0.6740196347236633, 0.7279411554336548, 0.7254902124404907, 0.7377451062202454, 0.6348039507865906, 0.7352941036224365, 0.7401960492134094, 0.688725471496582, 0.6813725233078003, 0.7475489974021912, 0.718137264251709, 0.720588207244873, 0.7230392098426819, 0.7303921580314636, 0.7279411554336548, 0.7352941036224365, 0.7475489974021912, 0.7058823704719543, 0.7549019455909729, 0.7524510025978088, 0.75, 0.7058823704719543, 0.7058823704719543, 0.7083333134651184, 0.7132353186607361, 0.7132353186607361, 0.7254902124404907, 0.7328431606292725, 0.7377451062202454, 0.7377451062202454]}}