{"mrpc_train_7_32": {"num_of_epochs": 50, "learning_rate": 0.0001, "training_ds_fpath": "_train_7_32", "first_token_val_accuracy": [0.16911764442920685, 0.32107841968536377, 0.32107841968536377, 0.33088234066963196, 0.5122548937797546, 0.4632352888584137, 0.5882353186607361, 0.7426470518112183, 0.7132353186607361, 0.6789215803146362, 0.7598039507865906, 0.7549019455909729, 0.7573529481887817, 0.7696078419685364, 0.6323529481887817, 0.6936274766921997, 0.75, 0.6985294222831726, 0.7573529481887817, 0.7720588445663452, 0.7132353186607361, 0.7622548937797546, 0.720588207244873, 0.7622548937797546, 0.7671568393707275, 0.7549019455909729, 0.7622548937797546, 0.7720588445663452, 0.7671568393707275, 0.7475489974021912, 0.7573529481887817, 0.7696078419685364, 0.7671568393707275, 0.7549019455909729, 0.75, 0.7696078419685364, 0.7107843160629272, 0.7132353186607361, 0.7598039507865906, 0.7647058963775635, 0.7598039507865906, 0.7328431606292725, 0.7107843160629272, 0.7132353186607361, 0.718137264251709, 0.7720588445663452, 0.7769607901573181, 0.7671568393707275, 0.7549019455909729, 0.7671568393707275], "all_token_val_accuracy": [0.009803921915590763, 0.32107841968536377, 0.32107841968536377, 0.33088234066963196, 0.5122548937797546, 0.4632352888584137, 0.5882353186607361, 0.7426470518112183, 0.7132353186607361, 0.6789215803146362, 0.7598039507865906, 0.7549019455909729, 0.7573529481887817, 0.7696078419685364, 0.6323529481887817, 0.6936274766921997, 0.75, 0.6985294222831726, 0.7573529481887817, 0.7720588445663452, 0.7132353186607361, 0.7622548937797546, 0.720588207244873, 0.7622548937797546, 0.7671568393707275, 0.7549019455909729, 0.7622548937797546, 0.7720588445663452, 0.7671568393707275, 0.7475489974021912, 0.7573529481887817, 0.7696078419685364, 0.7671568393707275, 0.7549019455909729, 0.75, 0.7696078419685364, 0.7107843160629272, 0.7132353186607361, 0.7598039507865906, 0.7647058963775635, 0.7598039507865906, 0.7328431606292725, 0.7107843160629272, 0.7132353186607361, 0.718137264251709, 0.7720588445663452, 0.7769607901573181, 0.7671568393707275, 0.7549019455909729, 0.7671568393707275]}}