{"scitail_b_train_0_4": {"num_of_epochs": 10, "learning_rate": 0.0001, "training_ds_fpath": "_train_0_4", "first_token_val_accuracy": [0.0, 0.0, 0.0007727975025773048, 0.010046367533504963, 0.08423493057489395, 0.35316845774650574, 0.4451313614845276, 0.455950528383255, 0.47836166620254517, 0.4922720193862915], "all_token_val_accuracy": [0.0, 0.0, 0.0, 0.010046367533504963, 0.08423493057489395, 0.35316845774650574, 0.4451313614845276, 0.455950528383255, 0.47836166620254517, 0.4922720193862915]}}