{"scitail_b_train_0_8": {"num_of_epochs": 30, "learning_rate": 0.0005, "training_ds_fpath": "_train_0_8", "first_token_val_accuracy": [0.2982998490333557, 0.5131375789642334, 0.5, 0.5038639903068542, 0.5340030789375305, 0.5386399030685425, 0.5494590401649475, 0.5255023241043091, 0.5455950498580933, 0.5455950498580933, 0.5332303047180176, 0.58809894323349, 0.5471406579017639, 0.5888717174530029, 0.5610510110855103, 0.5757341384887695, 0.5765069723129272, 0.5780525207519531, 0.5710973739624023, 0.5772797465324402, 0.5718701481819153, 0.5749613642692566, 0.5734157562255859, 0.5765069723129272, 0.5741885900497437, 0.5741885900497437, 0.5741885900497437, 0.5749613642692566, 0.5749613642692566, 0.5718701481819153], "all_token_val_accuracy": [0.2982998490333557, 0.5131375789642334, 0.5, 0.5038639903068542, 0.5340030789375305, 0.5386399030685425, 0.5494590401649475, 0.5255023241043091, 0.5455950498580933, 0.5455950498580933, 0.5332303047180176, 0.58809894323349, 0.5471406579017639, 0.5888717174530029, 0.5610510110855103, 0.5757341384887695, 0.5765069723129272, 0.5780525207519531, 0.5710973739624023, 0.5772797465324402, 0.5718701481819153, 0.5749613642692566, 0.5734157562255859, 0.5765069723129272, 0.5741885900497437, 0.5741885900497437, 0.5741885900497437, 0.5749613642692566, 0.5749613642692566, 0.5718701481819153]}}