{"scitail_b_train_7_8": {"num_of_epochs": 40, "learning_rate": 0.0005, "training_ds_fpath": "_train_7_8", "first_token_val_accuracy": [0.4891808331012726, 0.486862450838089, 0.5092735886573792, 0.5710973739624023, 0.5633693933486938, 0.5587326288223267, 0.5687789916992188, 0.5703245997428894, 0.5556414127349854, 0.5734157562255859, 0.5842349529266357, 0.5850077271461487, 0.5795981287956238, 0.5695517659187317, 0.5625966191291809, 0.5649150013923645, 0.5741885900497437, 0.5695517659187317, 0.572642982006073, 0.5741885900497437, 0.5795981287956238, 0.5695517659187317, 0.5587326288223267, 0.5649150013923645, 0.5641421675682068, 0.5718701481819153, 0.5703245997428894, 0.5741885900497437, 0.5772797465324402, 0.5765069723129272, 0.5749613642692566, 0.5795981287956238, 0.5772797465324402, 0.5788253545761108, 0.5788253545761108, 0.5795981287956238, 0.583462119102478, 0.583462119102478, 0.5850077271461487, 0.5857805013656616], "all_token_val_accuracy": [0.4891808331012726, 0.486862450838089, 0.5092735886573792, 0.5710973739624023, 0.5633693933486938, 0.5587326288223267, 0.5687789916992188, 0.5703245997428894, 0.5556414127349854, 0.5734157562255859, 0.5842349529266357, 0.5850077271461487, 0.5795981287956238, 0.5695517659187317, 0.5625966191291809, 0.5649150013923645, 0.5741885900497437, 0.5695517659187317, 0.572642982006073, 0.5741885900497437, 0.5795981287956238, 0.5695517659187317, 0.5587326288223267, 0.5649150013923645, 0.5641421675682068, 0.5718701481819153, 0.5703245997428894, 0.5741885900497437, 0.5772797465324402, 0.5765069723129272, 0.5749613642692566, 0.5795981287956238, 0.5772797465324402, 0.5788253545761108, 0.5788253545761108, 0.5795981287956238, 0.583462119102478, 0.583462119102478, 0.5850077271461487, 0.5857805013656616]}}