{"scitail_b_train_3_8": {"num_of_epochs": 20, "learning_rate": 0.001, "training_ds_fpath": "_train_3_8", "first_token_val_accuracy": [0.2952086627483368, 0.4791344702243805, 0.4899536371231079, 0.48299846053123474, 0.486862450838089, 0.49072644114494324, 0.49381762742996216, 0.5162287354469299, 0.5170015692710876, 0.5162287354469299, 0.5131375789642334, 0.5170015692710876, 0.5332303047180176, 0.5486862659454346, 0.5463678240776062, 0.5448222756385803, 0.5556414127349854, 0.5556414127349854, 0.5502318143844604, 0.5517774224281311], "all_token_val_accuracy": [0.2952086627483368, 0.4791344702243805, 0.4899536371231079, 0.48299846053123474, 0.486862450838089, 0.49072644114494324, 0.49381762742996216, 0.5162287354469299, 0.5085007548332214, 0.4969088137149811, 0.49845439195632935, 0.5085007548332214, 0.5332303047180176, 0.5486862659454346, 0.5463678240776062, 0.5448222756385803, 0.5556414127349854, 0.5556414127349854, 0.5502318143844604, 0.5517774224281311]}}