{"scitail_b_train_0_32": {"num_of_epochs": 30, "learning_rate": 1e-05, "training_ds_fpath": "_train_0_32", "first_token_val_accuracy": [0.0, 0.0, 0.0, 0.0, 0.0, 0.0015455950051546097, 0.009273570030927658, 0.04636785015463829, 0.0958268940448761, 0.1738794445991516, 0.25734156370162964, 0.3060278296470642, 0.34853169322013855, 0.3863987624645233, 0.4196290671825409, 0.455950528383255, 0.4737248718738556, 0.49072644114494324, 0.4953632056713104, 0.4992271959781647, 0.4992271959781647, 0.4969088137149811, 0.49381762742996216, 0.486862450838089, 0.48840802907943726, 0.48608964681625366, 0.5023183822631836, 0.5077279806137085, 0.5077279806137085, 0.5123647451400757], "all_token_val_accuracy": [0.0, 0.0, 0.0, 0.0, 0.0, 0.0015455950051546097, 0.009273570030927658, 0.04636785015463829, 0.0958268940448761, 0.1738794445991516, 0.25734156370162964, 0.3060278296470642, 0.34853169322013855, 0.3863987624645233, 0.4196290671825409, 0.455950528383255, 0.4737248718738556, 0.49072644114494324, 0.4953632056713104, 0.4992271959781647, 0.4992271959781647, 0.4969088137149811, 0.49381762742996216, 0.486862450838089, 0.48840802907943726, 0.48608964681625366, 0.5023183822631836, 0.5077279806137085, 0.5077279806137085, 0.5123647451400757]}}