{"scitail_b_train_6_8": {"num_of_epochs": 30, "learning_rate": 0.001, "training_ds_fpath": "_train_6_8", "first_token_val_accuracy": [0.49072644114494324, 0.486862450838089, 0.5115919709205627, 0.4891808331012726, 0.4605873227119446, 0.4768160879611969, 0.4721792936325073, 0.4953632056713104, 0.5069552063941956, 0.5046367645263672, 0.5069552063941956, 0.5038639903068542, 0.5054095983505249, 0.5, 0.49613600969314575, 0.49381762742996216, 0.49072644114494324, 0.4914992153644562, 0.49613600969314575, 0.4976816177368164, 0.4976816177368164, 0.49381762742996216, 0.49381762742996216, 0.4969088137149811, 0.49845439195632935, 0.4992271959781647, 0.49613600969314575, 0.49613600969314575, 0.4922720193862915, 0.4953632056713104], "all_token_val_accuracy": [0.49072644114494324, 0.486862450838089, 0.5115919709205627, 0.4891808331012726, 0.4605873227119446, 0.4768160879611969, 0.4721792936325073, 0.4953632056713104, 0.5069552063941956, 0.5046367645263672, 0.5069552063941956, 0.5038639903068542, 0.5054095983505249, 0.5, 0.49613600969314575, 0.49381762742996216, 0.49072644114494324, 0.4914992153644562, 0.49613600969314575, 0.4976816177368164, 0.4976816177368164, 0.49381762742996216, 0.49381762742996216, 0.4969088137149811, 0.49845439195632935, 0.4992271959781647, 0.49613600969314575, 0.49613600969314575, 0.4922720193862915, 0.4953632056713104]}}