{"scitail_b_train_8_16": {"num_of_epochs": 10, "learning_rate": 0.0005, "training_ds_fpath": "_train_8_16", "first_token_val_accuracy": [0.5, 0.5007727742195129, 0.4969088137149811, 0.4945904314517975, 0.5200927257537842, 0.5054095983505249, 0.5146831274032593, 0.515455961227417, 0.5200927257537842, 0.526275098323822], "all_token_val_accuracy": [0.5, 0.5007727742195129, 0.4969088137149811, 0.4945904314517975, 0.5200927257537842, 0.5054095983505249, 0.5146831274032593, 0.515455961227417, 0.5200927257537842, 0.526275098323822]}}