{"scitail_b_train_6_32": {"num_of_epochs": 40, "learning_rate": 0.0001, "training_ds_fpath": "_train_6_32", "first_token_val_accuracy": [0.2333848476409912, 0.4914992153644562, 0.5085007548332214, 0.530911922454834, 0.5525502562522888, 0.5363214612007141, 0.5757341384887695, 0.5788253545761108, 0.5641421675682068, 0.6089644432067871, 0.5324574708938599, 0.5780525207519531, 0.5826893448829651, 0.6012364625930786, 0.5795981287956238, 0.5888717174530029, 0.6020092964172363, 0.6089644432067871, 0.599690854549408, 0.6074188351631165, 0.5965996980667114, 0.6221020221710205, 0.6066460609436035, 0.5494590401649475, 0.614374041557312, 0.5857805013656616, 0.5973724722862244, 0.5857805013656616, 0.6321483850479126, 0.625193178653717, 0.6360123753547668, 0.6437403559684753, 0.6329211592674255, 0.5734157562255859, 0.6213291883468628, 0.6244204044342041, 0.6236476302146912, 0.614374041557312, 0.6445131301879883, 0.6275116205215454], "all_token_val_accuracy": [0.2333848476409912, 0.4914992153644562, 0.5085007548332214, 0.530911922454834, 0.5525502562522888, 0.5363214612007141, 0.5757341384887695, 0.5788253545761108, 0.5641421675682068, 0.6089644432067871, 0.5324574708938599, 0.5780525207519531, 0.5826893448829651, 0.6012364625930786, 0.5795981287956238, 0.5888717174530029, 0.6020092964172363, 0.6089644432067871, 0.599690854549408, 0.6074188351631165, 0.5965996980667114, 0.6221020221710205, 0.6066460609436035, 0.5494590401649475, 0.614374041557312, 0.5857805013656616, 0.5973724722862244, 0.5857805013656616, 0.6321483850479126, 0.625193178653717, 0.6360123753547668, 0.6437403559684753, 0.6329211592674255, 0.5734157562255859, 0.6213291883468628, 0.6244204044342041, 0.6236476302146912, 0.614374041557312, 0.6445131301879883, 0.6275116205215454]}}