{"scitail_b_train_1_32": {"num_of_epochs": 10, "learning_rate": 0.0005, "training_ds_fpath": "_train_1_32", "first_token_val_accuracy": [0.5, 0.5, 0.5085007548332214, 0.526275098323822, 0.5826893448829651, 0.6081916689872742, 0.5695517659187317, 0.5904173254966736, 0.583462119102478, 0.5664606094360352], "all_token_val_accuracy": [0.5, 0.5, 0.5085007548332214, 0.526275098323822, 0.5826893448829651, 0.6081916689872742, 0.5695517659187317, 0.5904173254966736, 0.583462119102478, 0.5664606094360352]}}