{"scitail_b_train_2_16": {"num_of_epochs": 20, "learning_rate": 0.0005, "training_ds_fpath": "_train_2_16", "first_token_val_accuracy": [0.5030912160873413, 0.5, 0.5, 0.49304482340812683, 0.5007727742195129, 0.5765069723129272, 0.5085007548332214, 0.629830002784729, 0.6290571689605713, 0.6506955027580261, 0.6306027770042419, 0.6383307576179504, 0.6514683365821838, 0.6159196496009827, 0.6391035318374634, 0.6398763656616211, 0.6391035318374634, 0.6336939930915833, 0.6306027770042419, 0.6336939930915833], "all_token_val_accuracy": [0.5030912160873413, 0.5, 0.5, 0.49304482340812683, 0.5007727742195129, 0.5765069723129272, 0.5085007548332214, 0.629830002784729, 0.6290571689605713, 0.6506955027580261, 0.6306027770042419, 0.6383307576179504, 0.6514683365821838, 0.6159196496009827, 0.6391035318374634, 0.6398763656616211, 0.6391035318374634, 0.6336939930915833, 0.6306027770042419, 0.6336939930915833]}}