{"scitail_b_train_0_16": {"num_of_epochs": 40, "learning_rate": 1e-05, "training_ds_fpath": "_train_0_16", "first_token_val_accuracy": [0.0, 0.0, 0.0, 0.0, 0.0, 0.0, 0.0, 0.0, 0.0, 0.0, 0.0007727975025773048, 0.003863987745717168, 0.015455950982868671, 0.03941267356276512, 0.08346213400363922, 0.13060277700424194, 0.17774343490600586, 0.24188563227653503, 0.2897990643978119, 0.33307573199272156, 0.37712520360946655, 0.41035547852516174, 0.429675430059433, 0.4459041655063629, 0.45981451869010925, 0.4791344702243805, 0.486862450838089, 0.4899536371231079, 0.49304482340812683, 0.49613600969314575, 0.4969088137149811, 0.4976816177368164, 0.49845439195632935, 0.4992271959781647, 0.5, 0.5, 0.5, 0.5, 0.5, 0.4976816177368164], "all_token_val_accuracy": [0.0, 0.0, 0.0, 0.0, 0.0, 0.0, 0.0, 0.0, 0.0, 0.0, 0.0007727975025773048, 0.003863987745717168, 0.015455950982868671, 0.03941267356276512, 0.08346213400363922, 0.13060277700424194, 0.17774343490600586, 0.24188563227653503, 0.2897990643978119, 0.33307573199272156, 0.37712520360946655, 0.41035547852516174, 0.429675430059433, 0.4459041655063629, 0.45981451869010925, 0.4791344702243805, 0.486862450838089, 0.4899536371231079, 0.49304482340812683, 0.49613600969314575, 0.4969088137149811, 0.4976816177368164, 0.49845439195632935, 0.4992271959781647, 0.5, 0.5, 0.5, 0.5, 0.5, 0.4976816177368164]}}