{"scitail_b_train_7_16": {"num_of_epochs": 50, "learning_rate": 0.0001, "training_ds_fpath": "_train_7_16", "first_token_val_accuracy": [0.0007727975025773048, 0.17156104743480682, 0.3500772714614868, 0.4891808331012726, 0.49072644114494324, 0.5123647451400757, 0.5363214612007141, 0.5285934805870056, 0.5432766675949097, 0.5718701481819153, 0.5540958046913147, 0.5587326288223267, 0.5718701481819153, 0.5942813158035278, 0.5888717174530029, 0.5811437368392944, 0.5757341384887695, 0.6128284335136414, 0.6058732867240906, 0.6190108060836792, 0.6321483850479126, 0.6182380318641663, 0.6236476302146912, 0.6259660124778748, 0.6221020221710205, 0.6221020221710205, 0.6267387866973877, 0.6213291883468628, 0.6367851495742798, 0.6383307576179504, 0.640649139881134, 0.6421947479248047, 0.6159196496009827, 0.6275116205215454, 0.6282843947410583, 0.6236476302146912, 0.6236476302146912, 0.6282843947410583, 0.6391035318374634, 0.6429675221443176, 0.6352395415306091, 0.6306027770042419, 0.6259660124778748, 0.6259660124778748, 0.6352395415306091, 0.6445131301879883, 0.6545594930648804, 0.656105101108551, 0.6514683365821838, 0.6460587382316589], "all_token_val_accuracy": [0.0007727975025773048, 0.17156104743480682, 0.3500772714614868, 0.4891808331012726, 0.49072644114494324, 0.5123647451400757, 0.5363214612007141, 0.5285934805870056, 0.5432766675949097, 0.5718701481819153, 0.5540958046913147, 0.5587326288223267, 0.5718701481819153, 0.5942813158035278, 0.5888717174530029, 0.5811437368392944, 0.5757341384887695, 0.6128284335136414, 0.6058732867240906, 0.6190108060836792, 0.6321483850479126, 0.6182380318641663, 0.6236476302146912, 0.6259660124778748, 0.6221020221710205, 0.6221020221710205, 0.6267387866973877, 0.6213291883468628, 0.6367851495742798, 0.6383307576179504, 0.640649139881134, 0.6421947479248047, 0.6159196496009827, 0.6275116205215454, 0.6282843947410583, 0.6236476302146912, 0.6236476302146912, 0.6282843947410583, 0.6391035318374634, 0.6429675221443176, 0.6352395415306091, 0.6306027770042419, 0.6259660124778748, 0.6259660124778748, 0.6352395415306091, 0.6445131301879883, 0.6545594930648804, 0.656105101108551, 0.6514683365821838, 0.6460587382316589]}}