{"scitail_b_train_4_8": {"num_of_epochs": 40, "learning_rate": 0.0005, "training_ds_fpath": "_train_4_8", "first_token_val_accuracy": [0.3918083608150482, 0.4914992153644562, 0.5069552063941956, 0.48068004846572876, 0.5085007548332214, 0.5170015692710876, 0.5100463628768921, 0.5131375789642334, 0.5146831274032593, 0.5123647451400757, 0.5054095983505249, 0.5015456080436707, 0.5015456080436707, 0.5054095983505249, 0.5069552063941956, 0.5092735886573792, 0.5038639903068542, 0.5100463628768921, 0.510819137096405, 0.515455961227417, 0.5162287354469299, 0.5185471177101135, 0.5146831274032593, 0.5216383337974548, 0.515455961227417, 0.5146831274032593, 0.5146831274032593, 0.5162287354469299, 0.5200927257537842, 0.5200927257537842, 0.5170015692710876, 0.5177743434906006, 0.5239567160606384, 0.5200927257537842, 0.5247295498847961, 0.5162287354469299, 0.5131375789642334, 0.5131375789642334, 0.5139103531837463, 0.5131375789642334], "all_token_val_accuracy": [0.3918083608150482, 0.4914992153644562, 0.5069552063941956, 0.48068004846572876, 0.5085007548332214, 0.5170015692710876, 0.5100463628768921, 0.5131375789642334, 0.5146831274032593, 0.5123647451400757, 0.5054095983505249, 0.5015456080436707, 0.5015456080436707, 0.5054095983505249, 0.5069552063941956, 0.5092735886573792, 0.5038639903068542, 0.5100463628768921, 0.510819137096405, 0.515455961227417, 0.5162287354469299, 0.5185471177101135, 0.5146831274032593, 0.5216383337974548, 0.515455961227417, 0.5146831274032593, 0.5146831274032593, 0.5162287354469299, 0.5200927257537842, 0.5200927257537842, 0.5170015692710876, 0.5177743434906006, 0.5239567160606384, 0.5200927257537842, 0.5247295498847961, 0.5162287354469299, 0.5131375789642334, 0.5131375789642334, 0.5139103531837463, 0.5131375789642334]}}