{"scitail_b_train_4_16": {"num_of_epochs": 50, "learning_rate": 0.0001, "training_ds_fpath": "_train_4_16", "first_token_val_accuracy": [0.010819165036082268, 0.2673879563808441, 0.44744977355003357, 0.5, 0.48377126455307007, 0.5015456080436707, 0.5100463628768921, 0.5092735886573792, 0.5394126772880554, 0.5556414127349854, 0.5664606094360352, 0.5749613642692566, 0.5510046482086182, 0.5850077271461487, 0.5981453061103821, 0.614374041557312, 0.615146815776825, 0.6352395415306091, 0.6391035318374634, 0.6306027770042419, 0.6159196496009827, 0.6344667673110962, 0.6391035318374634, 0.640649139881134, 0.6522411108016968, 0.6367851495742798, 0.6522411108016968, 0.6545594930648804, 0.6646058559417725, 0.6537867188453674, 0.656105101108551, 0.6576507091522217, 0.6483771204948425, 0.6514683365821838, 0.6576507091522217, 0.6499227285385132, 0.6553323268890381, 0.6700154542922974, 0.672333836555481, 0.6792890429496765, 0.6846985816955566, 0.6816074252128601, 0.656105101108551, 0.6591963171958923, 0.6684698462486267, 0.672333836555481, 0.6275116205215454, 0.6306027770042419, 0.6491498947143555, 0.6576507091522217], "all_token_val_accuracy": [0.010819165036082268, 0.2673879563808441, 0.44744977355003357, 0.5, 0.48377126455307007, 0.5015456080436707, 0.5100463628768921, 0.5092735886573792, 0.5394126772880554, 0.5556414127349854, 0.5664606094360352, 0.5749613642692566, 0.5510046482086182, 0.5850077271461487, 0.5981453061103821, 0.614374041557312, 0.615146815776825, 0.6352395415306091, 0.6391035318374634, 0.6306027770042419, 0.6159196496009827, 0.6344667673110962, 0.6391035318374634, 0.640649139881134, 0.6522411108016968, 0.6367851495742798, 0.6522411108016968, 0.6545594930648804, 0.6646058559417725, 0.6537867188453674, 0.656105101108551, 0.6576507091522217, 0.6483771204948425, 0.6514683365821838, 0.6576507091522217, 0.6499227285385132, 0.6553323268890381, 0.6700154542922974, 0.672333836555481, 0.6792890429496765, 0.6846985816955566, 0.6816074252128601, 0.656105101108551, 0.6591963171958923, 0.6684698462486267, 0.672333836555481, 0.6275116205215454, 0.6306027770042419, 0.6491498947143555, 0.6576507091522217]}}