{"scitail_b_train_7_16": {"num_of_epochs": 40, "learning_rate": 1e-05, "training_ds_fpath": "_train_7_16", "first_token_val_accuracy": [0.0, 0.0, 0.0, 0.0, 0.0, 0.0, 0.0, 0.0, 0.0, 0.0, 0.0015455950051546097, 0.0023183925077319145, 0.003863987745717168, 0.018547140061855316, 0.030911901965737343, 0.05409582704305649, 0.09969088435173035, 0.15069551765918732, 0.1862442046403885, 0.21097372472286224, 0.23106646537780762, 0.2588871717453003, 0.28670787811279297, 0.3106645941734314, 0.32457494735717773, 0.34544050693511963, 0.3670788109302521, 0.39721792936325073, 0.4397217929363251, 0.45981451869010925, 0.4760432839393616, 0.484544038772583, 0.4914992153644562, 0.49381762742996216, 0.4953632056713104, 0.4976816177368164, 0.49845439195632935, 0.49845439195632935, 0.4992271959781647, 0.4992271959781647], "all_token_val_accuracy": [0.0, 0.0, 0.0, 0.0, 0.0, 0.0, 0.0, 0.0, 0.0, 0.0, 0.0015455950051546097, 0.0023183925077319145, 0.003863987745717168, 0.018547140061855316, 0.030911901965737343, 0.05409582704305649, 0.09969088435173035, 0.15069551765918732, 0.1862442046403885, 0.21097372472286224, 0.23106646537780762, 0.2588871717453003, 0.28670787811279297, 0.3106645941734314, 0.32457494735717773, 0.34544050693511963, 0.3670788109302521, 0.39721792936325073, 0.4397217929363251, 0.45981451869010925, 0.4760432839393616, 0.484544038772583, 0.4914992153644562, 0.49381762742996216, 0.4953632056713104, 0.4976816177368164, 0.49845439195632935, 0.49845439195632935, 0.4992271959781647, 0.4992271959781647]}}