{"scitail_b_train_4_32": {"num_of_epochs": 40, "learning_rate": 0.001, "training_ds_fpath": "_train_4_32", "first_token_val_accuracy": [0.5, 0.5, 0.5, 0.5115919709205627, 0.6128284335136414, 0.6236476302146912, 0.5239567160606384, 0.5904173254966736, 0.6244204044342041, 0.6398763656616211, 0.640649139881134, 0.6476043462753296, 0.6290571689605713, 0.6414219737052917, 0.6375579833984375, 0.6344667673110962, 0.6329211592674255, 0.6313755512237549, 0.6313755512237549, 0.6313755512237549, 0.6360123753547668, 0.6367851495742798, 0.6313755512237549, 0.6336939930915833, 0.6329211592674255, 0.6329211592674255, 0.6360123753547668, 0.6352395415306091, 0.6352395415306091, 0.6367851495742798, 0.6360123753547668, 0.6383307576179504, 0.6367851495742798, 0.6367851495742798, 0.6360123753547668, 0.6367851495742798, 0.6336939930915833, 0.6329211592674255, 0.6367851495742798, 0.6360123753547668], "all_token_val_accuracy": [0.5, 0.5, 0.5, 0.5115919709205627, 0.6128284335136414, 0.6236476302146912, 0.5239567160606384, 0.5904173254966736, 0.6244204044342041, 0.6398763656616211, 0.640649139881134, 0.6476043462753296, 0.6290571689605713, 0.6414219737052917, 0.6375579833984375, 0.6344667673110962, 0.6329211592674255, 0.6313755512237549, 0.6313755512237549, 0.6313755512237549, 0.6360123753547668, 0.6367851495742798, 0.6313755512237549, 0.6336939930915833, 0.6329211592674255, 0.6329211592674255, 0.6360123753547668, 0.6352395415306091, 0.6352395415306091, 0.6367851495742798, 0.6360123753547668, 0.6383307576179504, 0.6367851495742798, 0.6367851495742798, 0.6360123753547668, 0.6367851495742798, 0.6336939930915833, 0.6329211592674255, 0.6367851495742798, 0.6360123753547668]}}