{"scitail_b_train_7_4": {"num_of_epochs": 5, "learning_rate": 0.0005, "training_ds_fpath": "_train_7_4", "first_token_val_accuracy": [0.0007727975025773048, 0.30680060386657715, 0.3709428012371063, 0.2542503774166107, 0.21020092070102692], "all_token_val_accuracy": [0.0007727975025773048, 0.30680060386657715, 0.3709428012371063, 0.2542503774166107, 0.21020092070102692]}}