{"scitail_b_train_4_4": {"num_of_epochs": 20, "learning_rate": 0.0001, "training_ds_fpath": "_train_4_4", "first_token_val_accuracy": [0.0, 0.0, 0.0007727975025773048, 0.04559505358338356, 0.18006181716918945, 0.26506954431533813, 0.3392581045627594, 0.41576507687568665, 0.4536321461200714, 0.4768160879611969, 0.49072644114494324, 0.4945904314517975, 0.49845439195632935, 0.49845439195632935, 0.47836166620254517, 0.44744977355003357, 0.44744977355003357, 0.4814528524875641, 0.5007727742195129, 0.5], "all_token_val_accuracy": [0.0, 0.0, 0.0007727975025773048, 0.04559505358338356, 0.18006181716918945, 0.26506954431533813, 0.3392581045627594, 0.41576507687568665, 0.4536321461200714, 0.4768160879611969, 0.49072644114494324, 0.4945904314517975, 0.49845439195632935, 0.49845439195632935, 0.47836166620254517, 0.44744977355003357, 0.44744977355003357, 0.4814528524875641, 0.5007727742195129, 0.5]}}