{"scitail_b_train_6_16": {"num_of_epochs": 30, "learning_rate": 0.0001, "training_ds_fpath": "_train_6_16", "first_token_val_accuracy": [0.009273570030927658, 0.21174652874469757, 0.34853169322013855, 0.48299846053123474, 0.48377126455307007, 0.5085007548332214, 0.5092735886573792, 0.4899536371231079, 0.49845439195632935, 0.4914992153644562, 0.5069552063941956, 0.5054095983505249, 0.5162287354469299, 0.5085007548332214, 0.5216383337974548, 0.5355486869812012, 0.5285934805870056, 0.5517774224281311, 0.5649150013923645, 0.5664606094360352, 0.5355486869812012, 0.5255023241043091, 0.5548686385154724, 0.5625966191291809, 0.5687789916992188, 0.5649150013923645, 0.5455950498580933, 0.5664606094360352, 0.5687789916992188, 0.5641421675682068], "all_token_val_accuracy": [0.009273570030927658, 0.21174652874469757, 0.34853169322013855, 0.48299846053123474, 0.48377126455307007, 0.5085007548332214, 0.5092735886573792, 0.4899536371231079, 0.49845439195632935, 0.4914992153644562, 0.5069552063941956, 0.5054095983505249, 0.5162287354469299, 0.5085007548332214, 0.5216383337974548, 0.5355486869812012, 0.5285934805870056, 0.5517774224281311, 0.5649150013923645, 0.5664606094360352, 0.5355486869812012, 0.5255023241043091, 0.5548686385154724, 0.5625966191291809, 0.5687789916992188, 0.5649150013923645, 0.5455950498580933, 0.5664606094360352, 0.5687789916992188, 0.5641421675682068]}}