{"scitail_b_train_3_8": {"num_of_epochs": 5, "learning_rate": 0.0001, "training_ds_fpath": "_train_3_8", "first_token_val_accuracy": [0.0, 0.017001545056700706, 0.19629056751728058, 0.24806800484657288, 0.3578052520751953], "all_token_val_accuracy": [0.0, 0.017001545056700706, 0.19629056751728058, 0.24806800484657288, 0.3578052520751953]}}