{"scitail_b_train_7_32": {"num_of_epochs": 10, "learning_rate": 0.001, "training_ds_fpath": "_train_7_32", "first_token_val_accuracy": [0.5015456080436707, 0.5293663144111633, 0.5038639903068542, 0.5363214612007141, 0.49613600969314575, 0.530911922454834, 0.5285934805870056, 0.5, 0.4891808331012726, 0.4891808331012726], "all_token_val_accuracy": [0.5015456080436707, 0.5293663144111633, 0.5038639903068542, 0.5363214612007141, 0.49613600969314575, 0.530911922454834, 0.5285934805870056, 0.5, 0.4891808331012726, 0.4891808331012726]}}