{"scitail_b_train_2_16": {"num_of_epochs": 40, "learning_rate": 0.001, "training_ds_fpath": "_train_2_16", "first_token_val_accuracy": [0.5, 0.4992271959781647, 0.5, 0.5, 0.5007727742195129, 0.5046367645263672, 0.5556414127349854, 0.572642982006073, 0.5795981287956238, 0.6097372770309448, 0.5556414127349854, 0.625193178653717, 0.6066460609436035, 0.6197836399078369, 0.6190108060836792, 0.6213291883468628, 0.6205564141273499, 0.6205564141273499, 0.6205564141273499, 0.6221020221710205, 0.6236476302146912, 0.625193178653717, 0.625193178653717, 0.6213291883468628, 0.6228747963905334, 0.6228747963905334, 0.6236476302146912, 0.6236476302146912, 0.6182380318641663, 0.598918080329895, 0.598918080329895, 0.6012364625930786, 0.5981453061103821, 0.5981453061103821, 0.5973724722862244, 0.599690854549408, 0.5973724722862244, 0.599690854549408, 0.5981453061103821, 0.598918080329895], "all_token_val_accuracy": [0.5, 0.4992271959781647, 0.5, 0.5, 0.5007727742195129, 0.5046367645263672, 0.5556414127349854, 0.572642982006073, 0.5795981287956238, 0.6097372770309448, 0.5556414127349854, 0.625193178653717, 0.6066460609436035, 0.6197836399078369, 0.6190108060836792, 0.6213291883468628, 0.6205564141273499, 0.6205564141273499, 0.6205564141273499, 0.6221020221710205, 0.6236476302146912, 0.625193178653717, 0.625193178653717, 0.6213291883468628, 0.6228747963905334, 0.6228747963905334, 0.6236476302146912, 0.6236476302146912, 0.6182380318641663, 0.598918080329895, 0.598918080329895, 0.6012364625930786, 0.5981453061103821, 0.5981453061103821, 0.5973724722862244, 0.599690854549408, 0.5973724722862244, 0.599690854549408, 0.5981453061103821, 0.598918080329895]}}