{"scitail_b_train_1_16": {"num_of_epochs": 30, "learning_rate": 0.0001, "training_ds_fpath": "_train_1_16", "first_token_val_accuracy": [0.0023183925077319145, 0.29675424098968506, 0.49072644114494324, 0.4914992153644562, 0.4992271959781647, 0.442812979221344, 0.4451313614845276, 0.48068004846572876, 0.49845439195632935, 0.4914992153644562, 0.5239567160606384, 0.5301390886306763, 0.5471406579017639, 0.5749613642692566, 0.5896444916725159, 0.5618237853050232, 0.5857805013656616, 0.5749613642692566, 0.5911900997161865, 0.5772797465324402, 0.5865533351898193, 0.5950540900230408, 0.6058732867240906, 0.6128284335136414, 0.6012364625930786, 0.6159196496009827, 0.5710973739624023, 0.5911900997161865, 0.6043276786804199, 0.5965996980667114], "all_token_val_accuracy": [0.0023183925077319145, 0.29675424098968506, 0.49072644114494324, 0.4914992153644562, 0.4992271959781647, 0.442812979221344, 0.4451313614845276, 0.48068004846572876, 0.49845439195632935, 0.4914992153644562, 0.5239567160606384, 0.5301390886306763, 0.5471406579017639, 0.5749613642692566, 0.5896444916725159, 0.5618237853050232, 0.5857805013656616, 0.5749613642692566, 0.5911900997161865, 0.5772797465324402, 0.5865533351898193, 0.5950540900230408, 0.6058732867240906, 0.6128284335136414, 0.6012364625930786, 0.6159196496009827, 0.5710973739624023, 0.5911900997161865, 0.6043276786804199, 0.5965996980667114]}}