{"scitail_b_train_8_16": {"num_of_epochs": 5, "learning_rate": 0.001, "training_ds_fpath": "_train_8_16", "first_token_val_accuracy": [0.5007727742195129, 0.5193199515342712, 0.5092735886573792, 0.5015456080436707, 0.5], "all_token_val_accuracy": [0.5007727742195129, 0.5193199515342712, 0.5092735886573792, 0.5015456080436707, 0.5]}}