{"scitail_b_train_1_32": {"num_of_epochs": 50, "learning_rate": 1e-05, "training_ds_fpath": "_train_1_32", "first_token_val_accuracy": [0.0, 0.0, 0.0, 0.0, 0.0, 0.0030911900103092194, 0.021638330072164536, 0.07727975398302078, 0.18006181716918945, 0.25502318143844604, 0.30448222160339355, 0.34312209486961365, 0.39489954710006714, 0.42890262603759766, 0.4613601267337799, 0.486862450838089, 0.4945904314517975, 0.4953632056713104, 0.49613600969314575, 0.4976816177368164, 0.49845439195632935, 0.4976816177368164, 0.4945904314517975, 0.48377126455307007, 0.47758886218070984, 0.4814528524875641, 0.48608964681625366, 0.486862450838089, 0.49381762742996216, 0.4976816177368164, 0.5054095983505249, 0.5061823725700378, 0.5038639903068542, 0.49845439195632935, 0.5054095983505249, 0.5085007548332214, 0.5007727742195129, 0.5030912160873413, 0.4976816177368164, 0.5054095983505249, 0.5177743434906006, 0.5077279806137085, 0.5085007548332214, 0.5061823725700378, 0.5131375789642334, 0.5208655595779419, 0.5061823725700378, 0.510819137096405, 0.5146831274032593, 0.5038639903068542], "all_token_val_accuracy": [0.0, 0.0, 0.0, 0.0, 0.0, 0.0030911900103092194, 0.021638330072164536, 0.07727975398302078, 0.18006181716918945, 0.25502318143844604, 0.30448222160339355, 0.34312209486961365, 0.39489954710006714, 0.42890262603759766, 0.4613601267337799, 0.486862450838089, 0.4945904314517975, 0.4953632056713104, 0.49613600969314575, 0.4976816177368164, 0.49845439195632935, 0.4976816177368164, 0.4945904314517975, 0.48377126455307007, 0.47758886218070984, 0.4814528524875641, 0.48608964681625366, 0.486862450838089, 0.49381762742996216, 0.4976816177368164, 0.5054095983505249, 0.5061823725700378, 0.5038639903068542, 0.49845439195632935, 0.5054095983505249, 0.5085007548332214, 0.5007727742195129, 0.5030912160873413, 0.4976816177368164, 0.5054095983505249, 0.5177743434906006, 0.5077279806137085, 0.5085007548332214, 0.5061823725700378, 0.5131375789642334, 0.5208655595779419, 0.5061823725700378, 0.510819137096405, 0.5146831274032593, 0.5038639903068542]}}