{"scitail_b_train_2_4": {"num_of_epochs": 30, "learning_rate": 0.001, "training_ds_fpath": "_train_2_4", "first_token_val_accuracy": [0.39489954710006714, 0.4451313614845276, 0.5077279806137085, 0.4760432839393616, 0.4814528524875641, 0.45981451869010925, 0.47295209765434265, 0.4976816177368164, 0.5015456080436707, 0.5023183822631836, 0.5092735886573792, 0.5077279806137085, 0.5085007548332214, 0.5077279806137085, 0.5038639903068542, 0.5085007548332214, 0.5069552063941956, 0.49845439195632935, 0.49613600969314575, 0.49304482340812683, 0.4969088137149811, 0.49845439195632935, 0.4992271959781647, 0.5, 0.4976816177368164, 0.5015456080436707, 0.49845439195632935, 0.49845439195632935, 0.4969088137149811, 0.49613600969314575], "all_token_val_accuracy": [0.39489954710006714, 0.4451313614845276, 0.5077279806137085, 0.4760432839393616, 0.4814528524875641, 0.45981451869010925, 0.47295209765434265, 0.4976816177368164, 0.5015456080436707, 0.5023183822631836, 0.5092735886573792, 0.5077279806137085, 0.5085007548332214, 0.5077279806137085, 0.5038639903068542, 0.5085007548332214, 0.5069552063941956, 0.49845439195632935, 0.49613600969314575, 0.49304482340812683, 0.4969088137149811, 0.49845439195632935, 0.4992271959781647, 0.5, 0.4976816177368164, 0.5015456080436707, 0.49845439195632935, 0.49845439195632935, 0.4969088137149811, 0.49613600969314575]}}