{"scitail_b_train_1_8": {"num_of_epochs": 30, "learning_rate": 0.001, "training_ds_fpath": "_train_1_8", "first_token_val_accuracy": [0.4992271959781647, 0.5, 0.5038639903068542, 0.5015456080436707, 0.5030912160873413, 0.5316846966743469, 0.5448222756385803, 0.5239567160606384, 0.557959794998169, 0.5587326288223267, 0.5625966191291809, 0.5602782368659973, 0.5641421675682068, 0.5633693933486938, 0.557187020778656, 0.557187020778656, 0.5587326288223267, 0.5633693933486938, 0.5641421675682068, 0.557959794998169, 0.5548686385154724, 0.557959794998169, 0.5672333836555481, 0.5672333836555481, 0.5625966191291809, 0.5548686385154724, 0.5540958046913147, 0.557187020778656, 0.557959794998169, 0.5602782368659973], "all_token_val_accuracy": [0.4992271959781647, 0.5, 0.5038639903068542, 0.5015456080436707, 0.5030912160873413, 0.5316846966743469, 0.5448222756385803, 0.5239567160606384, 0.557959794998169, 0.5587326288223267, 0.5625966191291809, 0.5602782368659973, 0.5641421675682068, 0.5633693933486938, 0.557187020778656, 0.557187020778656, 0.5587326288223267, 0.5633693933486938, 0.5641421675682068, 0.557959794998169, 0.5548686385154724, 0.557959794998169, 0.5672333836555481, 0.5672333836555481, 0.5625966191291809, 0.5548686385154724, 0.5540958046913147, 0.557187020778656, 0.557959794998169, 0.5602782368659973]}}