{"scitail_b_train_2_8": {"num_of_epochs": 30, "learning_rate": 0.001, "training_ds_fpath": "_train_2_8", "first_token_val_accuracy": [0.35085007548332214, 0.46213293075561523, 0.46754249930381775, 0.5023183822631836, 0.49613600969314575, 0.48531684279441833, 0.4822256565093994, 0.4822256565093994, 0.48608964681625366, 0.49845439195632935, 0.48531684279441833, 0.49072644114494324, 0.49381762742996216, 0.4914992153644562, 0.48299846053123474, 0.4814528524875641, 0.4822256565093994, 0.48299846053123474, 0.48377126455307007, 0.48531684279441833, 0.4822256565093994, 0.48299846053123474, 0.4822256565093994, 0.48299846053123474, 0.48377126455307007, 0.48299846053123474, 0.4814528524875641, 0.4799072742462158, 0.4799072742462158, 0.4791344702243805], "all_token_val_accuracy": [0.35085007548332214, 0.46213293075561523, 0.46754249930381775, 0.5023183822631836, 0.49613600969314575, 0.48531684279441833, 0.4822256565093994, 0.4822256565093994, 0.48608964681625366, 0.49845439195632935, 0.48531684279441833, 0.49072644114494324, 0.49381762742996216, 0.4914992153644562, 0.48299846053123474, 0.4814528524875641, 0.4822256565093994, 0.48299846053123474, 0.48377126455307007, 0.48531684279441833, 0.4822256565093994, 0.48299846053123474, 0.4822256565093994, 0.48299846053123474, 0.48377126455307007, 0.48299846053123474, 0.4814528524875641, 0.4799072742462158, 0.4799072742462158, 0.4791344702243805]}}