{"scitail_b_train_3_8": {"num_of_epochs": 50, "learning_rate": 0.0005, "training_ds_fpath": "_train_3_8", "first_token_val_accuracy": [0.2843894958496094, 0.46754249930381775, 0.4992271959781647, 0.4891808331012726, 0.49072644114494324, 0.47295209765434265, 0.5177743434906006, 0.5332303047180176, 0.5285934805870056, 0.541731059551239, 0.5278207063674927, 0.5278207063674927, 0.5370942950248718, 0.5479134321212769, 0.5401854515075684, 0.5285934805870056, 0.5224111080169678, 0.5293663144111633, 0.5224111080169678, 0.5185471177101135, 0.5278207063674927, 0.5247295498847961, 0.5255023241043091, 0.5278207063674927, 0.5355486869812012, 0.5370942950248718, 0.5316846966743469, 0.5301390886306763, 0.5355486869812012, 0.530911922454834, 0.5285934805870056, 0.5285934805870056, 0.530911922454834, 0.5278207063674927, 0.5293663144111633, 0.5285934805870056, 0.5285934805870056, 0.5285934805870056, 0.5285934805870056, 0.5301390886306763, 0.530911922454834, 0.5316846966743469, 0.5278207063674927, 0.5285934805870056, 0.5301390886306763, 0.530911922454834, 0.5316846966743469, 0.5316846966743469, 0.5340030789375305, 0.5347759127616882], "all_token_val_accuracy": [0.2843894958496094, 0.46754249930381775, 0.4992271959781647, 0.4891808331012726, 0.49072644114494324, 0.47295209765434265, 0.5177743434906006, 0.5332303047180176, 0.5285934805870056, 0.541731059551239, 0.5278207063674927, 0.5278207063674927, 0.5370942950248718, 0.5479134321212769, 0.5401854515075684, 0.5285934805870056, 0.5224111080169678, 0.5293663144111633, 0.5224111080169678, 0.5185471177101135, 0.5278207063674927, 0.5247295498847961, 0.5255023241043091, 0.5278207063674927, 0.5355486869812012, 0.5370942950248718, 0.5316846966743469, 0.5301390886306763, 0.5355486869812012, 0.530911922454834, 0.5285934805870056, 0.5285934805870056, 0.530911922454834, 0.5278207063674927, 0.5293663144111633, 0.5285934805870056, 0.5285934805870056, 0.5285934805870056, 0.5285934805870056, 0.5301390886306763, 0.530911922454834, 0.5316846966743469, 0.5278207063674927, 0.5285934805870056, 0.5301390886306763, 0.530911922454834, 0.5316846966743469, 0.5316846966743469, 0.5340030789375305, 0.5347759127616882]}}