{"scitail_b_train_4_8": {"num_of_epochs": 5, "learning_rate": 0.0005, "training_ds_fpath": "_train_4_8", "first_token_val_accuracy": [0.23724883794784546, 0.5007727742195129, 0.5, 0.49613600969314575, 0.4760432839393616], "all_token_val_accuracy": [0.23724883794784546, 0.5007727742195129, 0.5, 0.49613600969314575, 0.4760432839393616]}}