{"scitail_b_train_1_32": {"num_of_epochs": 20, "learning_rate": 0.0001, "training_ds_fpath": "_train_1_32", "first_token_val_accuracy": [0.3083462119102478, 0.4374034106731415, 0.4590417444705963, 0.5502318143844604, 0.5618237853050232, 0.5857805013656616, 0.5641421675682068, 0.5911900997161865, 0.6166924238204956, 0.6236476302146912, 0.6074188351631165, 0.6383307576179504, 0.6190108060836792, 0.6221020221710205, 0.6236476302146912, 0.598918080329895, 0.6236476302146912, 0.6244204044342041, 0.6027820706367493, 0.6236476302146912], "all_token_val_accuracy": [0.3083462119102478, 0.4374034106731415, 0.4590417444705963, 0.5502318143844604, 0.5618237853050232, 0.5857805013656616, 0.5641421675682068, 0.5911900997161865, 0.6166924238204956, 0.6236476302146912, 0.6074188351631165, 0.6383307576179504, 0.6190108060836792, 0.6221020221710205, 0.6236476302146912, 0.598918080329895, 0.6236476302146912, 0.6244204044342041, 0.6027820706367493, 0.6236476302146912]}}