{"scitail_b_train_5_16": {"num_of_epochs": 40, "learning_rate": 0.0001, "training_ds_fpath": "_train_5_16", "first_token_val_accuracy": [0.0007727975025773048, 0.2751159071922302, 0.4791344702243805, 0.5, 0.5069552063941956, 0.4969088137149811, 0.486862450838089, 0.4953632056713104, 0.5378670692443848, 0.5370942950248718, 0.5007727742195129, 0.5370942950248718, 0.5378670692443848, 0.5455950498580933, 0.5510046482086182, 0.5556414127349854, 0.557187020778656, 0.5772797465324402, 0.58809894323349, 0.5950540900230408, 0.5811437368392944, 0.58809894323349, 0.599690854549408, 0.6120556592941284, 0.5757341384887695, 0.5965996980667114, 0.6035548448562622, 0.6089644432067871, 0.6089644432067871, 0.6097372770309448, 0.6074188351631165, 0.6120556592941284, 0.6182380318641663, 0.6159196496009827, 0.6190108060836792, 0.6197836399078369, 0.6275116205215454, 0.6244204044342041, 0.6213291883468628, 0.6321483850479126], "all_token_val_accuracy": [0.0007727975025773048, 0.2751159071922302, 0.4791344702243805, 0.5, 0.5069552063941956, 0.4969088137149811, 0.486862450838089, 0.4953632056713104, 0.5378670692443848, 0.5370942950248718, 0.5007727742195129, 0.5370942950248718, 0.5378670692443848, 0.5455950498580933, 0.5510046482086182, 0.5556414127349854, 0.557187020778656, 0.5772797465324402, 0.58809894323349, 0.5950540900230408, 0.5811437368392944, 0.58809894323349, 0.599690854549408, 0.6120556592941284, 0.5757341384887695, 0.5965996980667114, 0.6035548448562622, 0.6089644432067871, 0.6089644432067871, 0.6097372770309448, 0.6074188351631165, 0.6120556592941284, 0.6182380318641663, 0.6159196496009827, 0.6190108060836792, 0.6197836399078369, 0.6275116205215454, 0.6244204044342041, 0.6213291883468628, 0.6321483850479126]}}