{"scitail_b_train_1_4": {"num_of_epochs": 40, "learning_rate": 0.001, "training_ds_fpath": "_train_1_4", "first_token_val_accuracy": [0.37480679154396057, 0.4064914882183075, 0.5015456080436707, 0.5077279806137085, 0.48299846053123474, 0.49613600969314575, 0.5386399030685425, 0.5061823725700378, 0.5285934805870056, 0.526275098323822, 0.5255023241043091, 0.5177743434906006, 0.5185471177101135, 0.5170015692710876, 0.5185471177101135, 0.5216383337974548, 0.5208655595779419, 0.5224111080169678, 0.5255023241043091, 0.5216383337974548, 0.5224111080169678, 0.5216383337974548, 0.5224111080169678, 0.5247295498847961, 0.5255023241043091, 0.5216383337974548, 0.5231839418411255, 0.5247295498847961, 0.5255023241043091, 0.5278207063674927, 0.5278207063674927, 0.5270479321479797, 0.526275098323822, 0.5239567160606384, 0.5224111080169678, 0.5239567160606384, 0.5247295498847961, 0.5270479321479797, 0.5278207063674927, 0.5270479321479797], "all_token_val_accuracy": [0.37480679154396057, 0.4064914882183075, 0.5015456080436707, 0.5077279806137085, 0.48299846053123474, 0.49613600969314575, 0.5386399030685425, 0.5061823725700378, 0.5285934805870056, 0.526275098323822, 0.5255023241043091, 0.5177743434906006, 0.5185471177101135, 0.5170015692710876, 0.5185471177101135, 0.5216383337974548, 0.5208655595779419, 0.5224111080169678, 0.5255023241043091, 0.5216383337974548, 0.5224111080169678, 0.5216383337974548, 0.5224111080169678, 0.5247295498847961, 0.5255023241043091, 0.5216383337974548, 0.5231839418411255, 0.5247295498847961, 0.5255023241043091, 0.5278207063674927, 0.5278207063674927, 0.5270479321479797, 0.526275098323822, 0.5239567160606384, 0.5224111080169678, 0.5239567160606384, 0.5247295498847961, 0.5270479321479797, 0.5278207063674927, 0.5270479321479797]}}