{"scitail_b_train_8_8": {"num_of_epochs": 10, "learning_rate": 0.0005, "training_ds_fpath": "_train_8_8", "first_token_val_accuracy": [0.4327666163444519, 0.45672333240509033, 0.4992271959781647, 0.5100463628768921, 0.5239567160606384, 0.5649150013923645, 0.5363214612007141, 0.5664606094360352, 0.5788253545761108, 0.5942813158035278], "all_token_val_accuracy": [0.4327666163444519, 0.45672333240509033, 0.4992271959781647, 0.5100463628768921, 0.5239567160606384, 0.5649150013923645, 0.5363214612007141, 0.5664606094360352, 0.5788253545761108, 0.5942813158035278]}}