{"scitail_b_train_7_4": {"num_of_epochs": 5, "learning_rate": 0.001, "training_ds_fpath": "_train_7_4", "first_token_val_accuracy": [0.48608964681625366, 0.5115919709205627, 0.4992271959781647, 0.5030912160873413, 0.4528593420982361], "all_token_val_accuracy": [0.48531684279441833, 0.5115919709205627, 0.4992271959781647, 0.5030912160873413, 0.4528593420982361]}}