{"scitail_b_train_1_4": {"num_of_epochs": 30, "learning_rate": 0.0005, "training_ds_fpath": "_train_1_4", "first_token_val_accuracy": [0.007727975491434336, 0.20865532755851746, 0.33771252632141113, 0.4969088137149811, 0.4945904314517975, 0.47295209765434265, 0.4914992153644562, 0.5054095983505249, 0.47836166620254517, 0.47295209765434265, 0.4690881073474884, 0.4760432839393616, 0.4791344702243805, 0.48531684279441833, 0.4791344702243805, 0.47836166620254517, 0.48531684279441833, 0.4814528524875641, 0.48377126455307007, 0.48608964681625366, 0.4891808331012726, 0.4953632056713104, 0.4922720193862915, 0.4899536371231079, 0.486862450838089, 0.48068004846572876, 0.4744976758956909, 0.4744976758956909, 0.47527047991752625, 0.4768160879611969], "all_token_val_accuracy": [0.007727975491434336, 0.20865532755851746, 0.33771252632141113, 0.4969088137149811, 0.4945904314517975, 0.47295209765434265, 0.4914992153644562, 0.5054095983505249, 0.47836166620254517, 0.47295209765434265, 0.4690881073474884, 0.4760432839393616, 0.4791344702243805, 0.48531684279441833, 0.4791344702243805, 0.47836166620254517, 0.48531684279441833, 0.4814528524875641, 0.48377126455307007, 0.48608964681625366, 0.4891808331012726, 0.4953632056713104, 0.4922720193862915, 0.4899536371231079, 0.486862450838089, 0.48068004846572876, 0.4744976758956909, 0.4744976758956909, 0.47527047991752625, 0.4768160879611969]}}