{"scitail_b_train_2_8": {"num_of_epochs": 5, "learning_rate": 0.0005, "training_ds_fpath": "_train_2_8", "first_token_val_accuracy": [0.2982998490333557, 0.4976816177368164, 0.4814528524875641, 0.4605873227119446, 0.47836166620254517], "all_token_val_accuracy": [0.2982998490333557, 0.4976816177368164, 0.4814528524875641, 0.4605873227119446, 0.47836166620254517]}}