{"scitail_b_train_7_16": {"num_of_epochs": 20, "learning_rate": 1e-05, "training_ds_fpath": "_train_7_16", "first_token_val_accuracy": [0.0, 0.0, 0.0, 0.0, 0.0, 0.0, 0.0, 0.0, 0.0, 0.0030911900103092194, 0.011591962538659573, 0.015455950982868671, 0.03323029354214668, 0.07109737396240234, 0.1089644506573677, 0.149922713637352, 0.20015455782413483, 0.2488408088684082, 0.2766615152359009, 0.3006182312965393], "all_token_val_accuracy": [0.0, 0.0, 0.0, 0.0, 0.0, 0.0, 0.0, 0.0, 0.0, 0.0030911900103092194, 0.011591962538659573, 0.015455950982868671, 0.03323029354214668, 0.07109737396240234, 0.1089644506573677, 0.149922713637352, 0.20015455782413483, 0.2488408088684082, 0.2766615152359009, 0.3006182312965393]}}