{"scitail_b_train_8_32": {"num_of_epochs": 20, "learning_rate": 0.0005, "training_ds_fpath": "_train_8_32", "first_token_val_accuracy": [0.5038639903068542, 0.5123647451400757, 0.5394126772880554, 0.5378670692443848, 0.6120556592941284, 0.5425038933753967, 0.6646058559417725, 0.6468315124511719, 0.6112828254699707, 0.6375579833984375, 0.6190108060836792, 0.640649139881134, 0.6375579833984375, 0.640649139881134, 0.6460587382316589, 0.5873261094093323, 0.6306027770042419, 0.6221020221710205, 0.6476043462753296, 0.6414219737052917], "all_token_val_accuracy": [0.5038639903068542, 0.5123647451400757, 0.5394126772880554, 0.5378670692443848, 0.6120556592941284, 0.5425038933753967, 0.6646058559417725, 0.6468315124511719, 0.6112828254699707, 0.6375579833984375, 0.6190108060836792, 0.640649139881134, 0.6375579833984375, 0.640649139881134, 0.6460587382316589, 0.5873261094093323, 0.6306027770042419, 0.6221020221710205, 0.6476043462753296, 0.6414219737052917]}}