{"scitail_b_train_1_4": {"num_of_epochs": 40, "learning_rate": 0.0005, "training_ds_fpath": "_train_1_4", "first_token_val_accuracy": [0.18315301835536957, 0.45981451869010925, 0.4636785089969635, 0.4945904314517975, 0.5216383337974548, 0.5061823725700378, 0.5085007548332214, 0.5046367645263672, 0.4953632056713104, 0.5146831274032593, 0.5193199515342712, 0.5162287354469299, 0.5146831274032593, 0.5123647451400757, 0.5100463628768921, 0.49845439195632935, 0.5077279806137085, 0.5030912160873413, 0.5038639903068542, 0.5038639903068542, 0.5023183822631836, 0.5046367645263672, 0.5046367645263672, 0.5015456080436707, 0.5030912160873413, 0.5023183822631836, 0.5023183822631836, 0.5015456080436707, 0.5023183822631836, 0.5030912160873413, 0.5030912160873413, 0.5038639903068542, 0.5054095983505249, 0.5046367645263672, 0.5061823725700378, 0.5054095983505249, 0.5054095983505249, 0.5054095983505249, 0.5054095983505249, 0.5085007548332214], "all_token_val_accuracy": [0.18315301835536957, 0.45981451869010925, 0.4636785089969635, 0.4945904314517975, 0.5216383337974548, 0.5061823725700378, 0.5085007548332214, 0.5046367645263672, 0.4953632056713104, 0.5146831274032593, 0.5193199515342712, 0.5162287354469299, 0.5146831274032593, 0.5123647451400757, 0.5100463628768921, 0.49845439195632935, 0.5077279806137085, 0.5030912160873413, 0.5038639903068542, 0.5038639903068542, 0.5023183822631836, 0.5046367645263672, 0.5046367645263672, 0.5015456080436707, 0.5030912160873413, 0.5023183822631836, 0.5023183822631836, 0.5015456080436707, 0.5023183822631836, 0.5030912160873413, 0.5030912160873413, 0.5038639903068542, 0.5054095983505249, 0.5046367645263672, 0.5061823725700378, 0.5054095983505249, 0.5054095983505249, 0.5054095983505249, 0.5054095983505249, 0.5085007548332214]}}