{"scitail_b_train_5_8": {"num_of_epochs": 10, "learning_rate": 0.001, "training_ds_fpath": "_train_5_8", "first_token_val_accuracy": [0.4976816177368164, 0.5015456080436707, 0.6027820706367493, 0.5695517659187317, 0.5208655595779419, 0.5324574708938599, 0.5340030789375305, 0.5533230304718018, 0.5448222756385803, 0.5517774224281311], "all_token_val_accuracy": [0.4976816177368164, 0.5015456080436707, 0.6027820706367493, 0.5695517659187317, 0.5208655595779419, 0.5324574708938599, 0.5340030789375305, 0.5533230304718018, 0.5448222756385803, 0.5517774224281311]}}