{"scitail_b_train_3_8": {"num_of_epochs": 40, "learning_rate": 0.001, "training_ds_fpath": "_train_3_8", "first_token_val_accuracy": [0.4721792936325073, 0.5015456080436707, 0.5208655595779419, 0.5146831274032593, 0.5208655595779419, 0.557959794998169, 0.5564142465591431, 0.5455950498580933, 0.5556414127349854, 0.5587326288223267, 0.5625966191291809, 0.5656877756118774, 0.5564142465591431, 0.5486862659454346, 0.5540958046913147, 0.5540958046913147, 0.5486862659454346, 0.5618237853050232, 0.557187020778656, 0.5587326288223267, 0.5533230304718018, 0.5525502562522888, 0.5517774224281311, 0.5471406579017639, 0.5409582853317261, 0.5363214612007141, 0.5370942950248718, 0.5347759127616882, 0.5370942950248718, 0.5316846966743469, 0.5340030789375305, 0.5332303047180176, 0.5355486869812012, 0.5363214612007141, 0.5324574708938599, 0.5340030789375305, 0.5347759127616882, 0.5340030789375305, 0.5347759127616882, 0.5347759127616882], "all_token_val_accuracy": [0.4721792936325073, 0.5015456080436707, 0.5208655595779419, 0.5146831274032593, 0.5208655595779419, 0.557959794998169, 0.5564142465591431, 0.5455950498580933, 0.5556414127349854, 0.5587326288223267, 0.5625966191291809, 0.5656877756118774, 0.5564142465591431, 0.5486862659454346, 0.5540958046913147, 0.5540958046913147, 0.5486862659454346, 0.5618237853050232, 0.557187020778656, 0.5587326288223267, 0.5533230304718018, 0.5525502562522888, 0.5517774224281311, 0.5471406579017639, 0.5409582853317261, 0.5363214612007141, 0.5370942950248718, 0.5347759127616882, 0.5370942950248718, 0.5316846966743469, 0.5340030789375305, 0.5332303047180176, 0.5355486869812012, 0.5363214612007141, 0.5324574708938599, 0.5340030789375305, 0.5347759127616882, 0.5340030789375305, 0.5347759127616882, 0.5347759127616882]}}