{"scitail_b_train_1_32": {"num_of_epochs": 30, "learning_rate": 1e-05, "training_ds_fpath": "_train_1_32", "first_token_val_accuracy": [0.0, 0.0, 0.0, 0.0, 0.0, 0.0023183925077319145, 0.013910355046391487, 0.07032457739114761, 0.15455950796604156, 0.2411128282546997, 0.3083462119102478, 0.3647604286670685, 0.41112828254699707, 0.4590417444705963, 0.48377126455307007, 0.4922720193862915, 0.4969088137149811, 0.4976816177368164, 0.5, 0.4992271959781647, 0.4969088137149811, 0.4953632056713104, 0.47063368558883667, 0.4822256565093994, 0.48608964681625366, 0.5030912160873413, 0.49613600969314575, 0.49304482340812683, 0.49845439195632935, 0.4953632056713104], "all_token_val_accuracy": [0.0, 0.0, 0.0, 0.0, 0.0, 0.0023183925077319145, 0.013137557543814182, 0.07032457739114761, 0.15455950796604156, 0.2411128282546997, 0.3083462119102478, 0.3647604286670685, 0.41112828254699707, 0.4590417444705963, 0.48377126455307007, 0.4922720193862915, 0.4969088137149811, 0.4976816177368164, 0.5, 0.4992271959781647, 0.4969088137149811, 0.4953632056713104, 0.47063368558883667, 0.4822256565093994, 0.48608964681625366, 0.5030912160873413, 0.49613600969314575, 0.49304482340812683, 0.49845439195632935, 0.4953632056713104]}}