{"scitail_b_train_3_16": {"num_of_epochs": 20, "learning_rate": 0.0005, "training_ds_fpath": "_train_3_16", "first_token_val_accuracy": [0.49304482340812683, 0.45981451869010925, 0.49072644114494324, 0.510819137096405, 0.5231839418411255, 0.5278207063674927, 0.5625966191291809, 0.5633693933486938, 0.5695517659187317, 0.526275098323822, 0.5347759127616882, 0.5896444916725159, 0.5981453061103821, 0.5533230304718018, 0.5826893448829651, 0.5718701481819153, 0.5919629335403442, 0.5896444916725159, 0.5811437368392944, 0.5811437368392944], "all_token_val_accuracy": [0.49304482340812683, 0.45981451869010925, 0.49072644114494324, 0.510819137096405, 0.5231839418411255, 0.5278207063674927, 0.5625966191291809, 0.5633693933486938, 0.5695517659187317, 0.526275098323822, 0.5347759127616882, 0.5896444916725159, 0.5981453061103821, 0.5533230304718018, 0.5826893448829651, 0.5718701481819153, 0.5919629335403442, 0.5896444916725159, 0.5811437368392944, 0.5811437368392944]}}