{"scitail_b_train_5_32": {"num_of_epochs": 10, "learning_rate": 0.0005, "training_ds_fpath": "_train_5_32", "first_token_val_accuracy": [0.510819137096405, 0.5533230304718018, 0.5780525207519531, 0.583462119102478, 0.5734157562255859, 0.6282843947410583, 0.6228747963905334, 0.6622874736785889, 0.5857805013656616, 0.6282843947410583], "all_token_val_accuracy": [0.510819137096405, 0.5533230304718018, 0.5780525207519531, 0.583462119102478, 0.5734157562255859, 0.6282843947410583, 0.6228747963905334, 0.6622874736785889, 0.5857805013656616, 0.6282843947410583]}}