{"scitail_b_train_0_8": {"num_of_epochs": 20, "learning_rate": 0.001, "training_ds_fpath": "_train_0_8", "first_token_val_accuracy": [0.43431222438812256, 0.5, 0.5, 0.49613600969314575, 0.5363214612007141, 0.5363214612007141, 0.5409582853317261, 0.5595054030418396, 0.4992271959781647, 0.5, 0.5, 0.5, 0.5, 0.5, 0.5, 0.5, 0.5, 0.4945904314517975, 0.5, 0.5], "all_token_val_accuracy": [0.43431222438812256, 0.5, 0.5, 0.49613600969314575, 0.5363214612007141, 0.5363214612007141, 0.5409582853317261, 0.5595054030418396, 0.4992271959781647, 0.5, 0.5, 0.5, 0.5, 0.5, 0.5, 0.5, 0.5, 0.4945904314517975, 0.5, 0.5]}}