{"scitail_b_train_0_4": {"num_of_epochs": 20, "learning_rate": 0.0005, "training_ds_fpath": "_train_0_4", "first_token_val_accuracy": [0.016228748485445976, 0.4760432839393616, 0.5, 0.5, 0.5069552063941956, 0.5007727742195129, 0.5224111080169678, 0.5394126772880554, 0.5765069723129272, 0.6027820706367493, 0.5927357077598572, 0.5610510110855103, 0.6027820706367493, 0.6259660124778748, 0.5788253545761108, 0.5857805013656616, 0.6282843947410583, 0.599690854549408, 0.5703245997428894, 0.5440494418144226], "all_token_val_accuracy": [0.016228748485445976, 0.4760432839393616, 0.5, 0.5, 0.5069552063941956, 0.5007727742195129, 0.5224111080169678, 0.5394126772880554, 0.5765069723129272, 0.6027820706367493, 0.5927357077598572, 0.5610510110855103, 0.6027820706367493, 0.6259660124778748, 0.5788253545761108, 0.5857805013656616, 0.6282843947410583, 0.599690854549408, 0.5703245997428894, 0.5440494418144226]}}