{"scitail_b_train_6_16": {"num_of_epochs": 20, "learning_rate": 0.0005, "training_ds_fpath": "_train_6_16", "first_token_val_accuracy": [0.471406489610672, 0.5100463628768921, 0.5378670692443848, 0.5162287354469299, 0.5718701481819153, 0.5455950498580933, 0.5556414127349854, 0.5510046482086182, 0.5455950498580933, 0.5548686385154724, 0.5440494418144226, 0.5510046482086182, 0.5517774224281311, 0.5517774224281311, 0.5525502562522888, 0.5857805013656616, 0.5842349529266357, 0.5587326288223267, 0.5548686385154724, 0.5471406579017639], "all_token_val_accuracy": [0.471406489610672, 0.5100463628768921, 0.5378670692443848, 0.5162287354469299, 0.5718701481819153, 0.5455950498580933, 0.5556414127349854, 0.5510046482086182, 0.5455950498580933, 0.5548686385154724, 0.5440494418144226, 0.5510046482086182, 0.5517774224281311, 0.5517774224281311, 0.5525502562522888, 0.5857805013656616, 0.5842349529266357, 0.5587326288223267, 0.5548686385154724, 0.5471406579017639]}}