{"scitail_b_train_1_8": {"num_of_epochs": 5, "learning_rate": 0.001, "training_ds_fpath": "_train_1_8", "first_token_val_accuracy": [0.49845439195632935, 0.5231839418411255, 0.4814528524875641, 0.5023183822631836, 0.5015456080436707], "all_token_val_accuracy": [0.49845439195632935, 0.5231839418411255, 0.4814528524875641, 0.5023183822631836, 0.5015456080436707]}}