{"scitail_b_train_8_4": {"num_of_epochs": 30, "learning_rate": 0.0005, "training_ds_fpath": "_train_8_4", "first_token_val_accuracy": [0.0007727975025773048, 0.22874806821346283, 0.3029366433620453, 0.4397217929363251, 0.48377126455307007, 0.5085007548332214, 0.5015456080436707, 0.5030912160873413, 0.557187020778656, 0.5486862659454346, 0.5316846966743469, 0.5316846966743469, 0.5301390886306763, 0.5378670692443848, 0.557959794998169, 0.5602782368659973, 0.5672333836555481, 0.568006157875061, 0.5703245997428894, 0.568006157875061, 0.5633693933486938, 0.5540958046913147, 0.5595054030418396, 0.557187020778656, 0.557959794998169, 0.5564142465591431, 0.5595054030418396, 0.5564142465591431, 0.5595054030418396, 0.5595054030418396], "all_token_val_accuracy": [0.0007727975025773048, 0.22874806821346283, 0.3029366433620453, 0.4397217929363251, 0.48377126455307007, 0.5085007548332214, 0.5015456080436707, 0.5030912160873413, 0.557187020778656, 0.5486862659454346, 0.5316846966743469, 0.5316846966743469, 0.5301390886306763, 0.5378670692443848, 0.557959794998169, 0.5602782368659973, 0.5672333836555481, 0.568006157875061, 0.5703245997428894, 0.568006157875061, 0.5633693933486938, 0.5540958046913147, 0.5595054030418396, 0.557187020778656, 0.557959794998169, 0.5564142465591431, 0.5595054030418396, 0.5564142465591431, 0.5595054030418396, 0.5595054030418396]}}