{"scitail_b_train_0_8": {"num_of_epochs": 50, "learning_rate": 0.0005, "training_ds_fpath": "_train_0_8", "first_token_val_accuracy": [0.4242658317089081, 0.47836166620254517, 0.5023183822631836, 0.47836166620254517, 0.4976816177368164, 0.5231839418411255, 0.5347759127616882, 0.5510046482086182, 0.5316846966743469, 0.5425038933753967, 0.5525502562522888, 0.5656877756118774, 0.5610510110855103, 0.5595054030418396, 0.572642982006073, 0.5664606094360352, 0.5710973739624023, 0.5703245997428894, 0.5749613642692566, 0.5718701481819153, 0.5741885900497437, 0.572642982006073, 0.5687789916992188, 0.572642982006073, 0.572642982006073, 0.5734157562255859, 0.5703245997428894, 0.5703245997428894, 0.5718701481819153, 0.5741885900497437, 0.572642982006073, 0.5710973739624023, 0.5734157562255859, 0.5741885900497437, 0.5749613642692566, 0.5765069723129272, 0.572642982006073, 0.5672333836555481, 0.568006157875061, 0.5687789916992188, 0.5734157562255859, 0.5741885900497437, 0.5765069723129272, 0.5734157562255859, 0.5502318143844604, 0.5432766675949097, 0.5355486869812012, 0.5340030789375305, 0.5355486869812012, 0.5401854515075684], "all_token_val_accuracy": [0.4242658317089081, 0.47836166620254517, 0.5023183822631836, 0.47836166620254517, 0.4976816177368164, 0.5231839418411255, 0.5347759127616882, 0.5510046482086182, 0.5316846966743469, 0.5425038933753967, 0.5525502562522888, 0.5656877756118774, 0.5610510110855103, 0.5595054030418396, 0.572642982006073, 0.5664606094360352, 0.5710973739624023, 0.5703245997428894, 0.5749613642692566, 0.5718701481819153, 0.5741885900497437, 0.572642982006073, 0.5687789916992188, 0.572642982006073, 0.572642982006073, 0.5734157562255859, 0.5703245997428894, 0.5703245997428894, 0.5718701481819153, 0.5741885900497437, 0.572642982006073, 0.5710973739624023, 0.5734157562255859, 0.5741885900497437, 0.5749613642692566, 0.5765069723129272, 0.572642982006073, 0.5672333836555481, 0.568006157875061, 0.5687789916992188, 0.5734157562255859, 0.5741885900497437, 0.5765069723129272, 0.5734157562255859, 0.5502318143844604, 0.5432766675949097, 0.5355486869812012, 0.5340030789375305, 0.5355486869812012, 0.5401854515075684]}}