{"scitail_b_train_8_8": {"num_of_epochs": 20, "learning_rate": 0.0001, "training_ds_fpath": "_train_8_8", "first_token_val_accuracy": [0.0, 0.0, 0.0363214835524559, 0.30448222160339355, 0.3887171447277069, 0.47063368558883667, 0.4953632056713104, 0.4992271959781647, 0.4953632056713104, 0.49613600969314575, 0.5100463628768921, 0.5100463628768921, 0.515455961227417, 0.5185471177101135, 0.5340030789375305, 0.541731059551239, 0.5270479321479797, 0.5316846966743469, 0.5494590401649475, 0.5479134321212769], "all_token_val_accuracy": [0.0, 0.0, 0.0363214835524559, 0.30448222160339355, 0.3887171447277069, 0.47063368558883667, 0.4953632056713104, 0.4992271959781647, 0.4953632056713104, 0.49613600969314575, 0.5100463628768921, 0.5100463628768921, 0.515455961227417, 0.5185471177101135, 0.5340030789375305, 0.541731059551239, 0.5270479321479797, 0.5316846966743469, 0.5494590401649475, 0.5479134321212769]}}