{"scitail_b_train_3_8": {"num_of_epochs": 5, "learning_rate": 0.0005, "training_ds_fpath": "_train_3_8", "first_token_val_accuracy": [0.48531684279441833, 0.5061823725700378, 0.4683153033256531, 0.5046367645263672, 0.5200927257537842], "all_token_val_accuracy": [0.48531684279441833, 0.5061823725700378, 0.4683153033256531, 0.5046367645263672, 0.5200927257537842]}}