{"scitail_b_train_2_16": {"num_of_epochs": 5, "learning_rate": 0.0001, "training_ds_fpath": "_train_2_16", "first_token_val_accuracy": [0.0007727975025773048, 0.20865532755851746, 0.41112828254699707, 0.49381762742996216, 0.4814528524875641], "all_token_val_accuracy": [0.0007727975025773048, 0.20865532755851746, 0.41112828254699707, 0.49381762742996216, 0.4814528524875641]}}