{"scitail_b_train_3_16": {"num_of_epochs": 20, "learning_rate": 0.001, "training_ds_fpath": "_train_3_16", "first_token_val_accuracy": [0.5162287354469299, 0.5100463628768921, 0.5177743434906006, 0.5494590401649475, 0.5216383337974548, 0.5370942950248718, 0.530911922454834, 0.5463678240776062, 0.5363214612007141, 0.5340030789375305, 0.5355486869812012, 0.5324574708938599, 0.530911922454834, 0.5347759127616882, 0.5332303047180176, 0.541731059551239, 0.5355486869812012, 0.5363214612007141, 0.5378670692443848, 0.5455950498580933], "all_token_val_accuracy": [0.5162287354469299, 0.5100463628768921, 0.5177743434906006, 0.5494590401649475, 0.5216383337974548, 0.5370942950248718, 0.530911922454834, 0.5463678240776062, 0.5363214612007141, 0.5340030789375305, 0.5355486869812012, 0.5324574708938599, 0.530911922454834, 0.5347759127616882, 0.5332303047180176, 0.541731059551239, 0.5355486869812012, 0.5363214612007141, 0.5378670692443848, 0.5455950498580933]}}