{"scitail_b_train_1_8": {"num_of_epochs": 5, "learning_rate": 0.0005, "training_ds_fpath": "_train_1_8", "first_token_val_accuracy": [0.1816074252128601, 0.5007727742195129, 0.5007727742195129, 0.5347759127616882, 0.4969088137149811], "all_token_val_accuracy": [0.1816074252128601, 0.5007727742195129, 0.5007727742195129, 0.5347759127616882, 0.4969088137149811]}}