{"scitail_b_train_7_32": {"num_of_epochs": 10, "learning_rate": 0.0001, "training_ds_fpath": "_train_7_32", "first_token_val_accuracy": [0.28670787811279297, 0.49845439195632935, 0.4891808331012726, 0.4945904314517975, 0.5208655595779419, 0.510819137096405, 0.5123647451400757, 0.5432766675949097, 0.5625966191291809, 0.5641421675682068], "all_token_val_accuracy": [0.28670787811279297, 0.49845439195632935, 0.4891808331012726, 0.4945904314517975, 0.5208655595779419, 0.510819137096405, 0.5123647451400757, 0.5432766675949097, 0.5625966191291809, 0.5641421675682068]}}