{"scitail_b_train_3_16": {"num_of_epochs": 30, "learning_rate": 0.0001, "training_ds_fpath": "_train_3_16", "first_token_val_accuracy": [0.04018547013401985, 0.2666151523590088, 0.4667696952819824, 0.49304482340812683, 0.44435858726501465, 0.5007727742195129, 0.5170015692710876, 0.5030912160873413, 0.5123647451400757, 0.5023183822631836, 0.4992271959781647, 0.5216383337974548, 0.5200927257537842, 0.5193199515342712, 0.5200927257537842, 0.5255023241043091, 0.5255023241043091, 0.5440494418144226, 0.5270479321479797, 0.5231839418411255, 0.5672333836555481, 0.5656877756118774, 0.5664606094360352, 0.5618237853050232, 0.5641421675682068, 0.5602782368659973, 0.5455950498580933, 0.5811437368392944, 0.568006157875061, 0.572642982006073], "all_token_val_accuracy": [0.04018547013401985, 0.2666151523590088, 0.4667696952819824, 0.49304482340812683, 0.44435858726501465, 0.5007727742195129, 0.5170015692710876, 0.5030912160873413, 0.5123647451400757, 0.5023183822631836, 0.4992271959781647, 0.5216383337974548, 0.5200927257537842, 0.5193199515342712, 0.5200927257537842, 0.5255023241043091, 0.5255023241043091, 0.5440494418144226, 0.5270479321479797, 0.5231839418411255, 0.5672333836555481, 0.5656877756118774, 0.5664606094360352, 0.5618237853050232, 0.5641421675682068, 0.5602782368659973, 0.5455950498580933, 0.5811437368392944, 0.568006157875061, 0.572642982006073]}}