{"scitail_b_train_8_32": {"num_of_epochs": 30, "learning_rate": 0.001, "training_ds_fpath": "_train_8_32", "first_token_val_accuracy": [0.5054095983505249, 0.5687789916992188, 0.5765069723129272, 0.615146815776825, 0.5587326288223267, 0.5811437368392944, 0.5556414127349854, 0.5510046482086182, 0.5703245997428894, 0.5092735886573792, 0.5749613642692566, 0.6089644432067871, 0.6035548448562622, 0.6020092964172363, 0.6051004528999329, 0.598918080329895, 0.6027820706367493, 0.6012364625930786, 0.5981453061103821, 0.5950540900230408, 0.5942813158035278, 0.5942813158035278, 0.5942813158035278, 0.5958268642425537, 0.5965996980667114, 0.5958268642425537, 0.5927357077598572, 0.5927357077598572, 0.5958268642425537, 0.5958268642425537], "all_token_val_accuracy": [0.5054095983505249, 0.5687789916992188, 0.5765069723129272, 0.615146815776825, 0.5587326288223267, 0.5811437368392944, 0.5556414127349854, 0.5510046482086182, 0.5703245997428894, 0.5092735886573792, 0.5749613642692566, 0.6089644432067871, 0.6035548448562622, 0.6020092964172363, 0.6051004528999329, 0.598918080329895, 0.6027820706367493, 0.6012364625930786, 0.5981453061103821, 0.5950540900230408, 0.5942813158035278, 0.5942813158035278, 0.5942813158035278, 0.5958268642425537, 0.5965996980667114, 0.5958268642425537, 0.5927357077598572, 0.5927357077598572, 0.5958268642425537, 0.5958268642425537]}}