{"scitail_b_train_3_32": {"num_of_epochs": 5, "learning_rate": 0.0001, "training_ds_fpath": "_train_3_32", "first_token_val_accuracy": [0.22333848476409912, 0.4992271959781647, 0.4992271959781647, 0.5255023241043091, 0.5185471177101135], "all_token_val_accuracy": [0.22333848476409912, 0.4992271959781647, 0.4992271959781647, 0.5255023241043091, 0.5185471177101135]}}