{"scitail_b_train_2_32": {"num_of_epochs": 30, "learning_rate": 0.001, "training_ds_fpath": "_train_2_32", "first_token_val_accuracy": [0.5216383337974548, 0.5463678240776062, 0.5224111080169678, 0.6120556592941284, 0.6228747963905334, 0.6221020221710205, 0.6074188351631165, 0.5734157562255859, 0.5695517659187317, 0.6066460609436035, 0.6112828254699707, 0.6166924238204956, 0.6190108060836792, 0.5896444916725159, 0.5873261094093323, 0.5873261094093323, 0.598918080329895, 0.6236476302146912, 0.6205564141273499, 0.6159196496009827, 0.5865533351898193, 0.6051004528999329, 0.6174651980400085, 0.6051004528999329, 0.6166924238204956, 0.5911900997161865, 0.5919629335403442, 0.5942813158035278, 0.6004636883735657, 0.599690854549408], "all_token_val_accuracy": [0.5216383337974548, 0.5463678240776062, 0.5224111080169678, 0.6120556592941284, 0.6228747963905334, 0.6221020221710205, 0.6074188351631165, 0.5734157562255859, 0.5695517659187317, 0.6066460609436035, 0.6112828254699707, 0.6166924238204956, 0.6190108060836792, 0.5896444916725159, 0.5873261094093323, 0.5873261094093323, 0.598918080329895, 0.6236476302146912, 0.6205564141273499, 0.6159196496009827, 0.5865533351898193, 0.6051004528999329, 0.6174651980400085, 0.6051004528999329, 0.6166924238204956, 0.5911900997161865, 0.5919629335403442, 0.5942813158035278, 0.6004636883735657, 0.599690854549408]}}