{"scitail_b_train_6_4": {"num_of_epochs": 50, "learning_rate": 0.0005, "training_ds_fpath": "_train_6_4", "first_token_val_accuracy": [0.025502318516373634, 0.17310664057731628, 0.06800618022680283, 0.4945904314517975, 0.48840802907943726, 0.4922720193862915, 0.49381762742996216, 0.5409582853317261, 0.5324574708938599, 0.5293663144111633, 0.5471406579017639, 0.5394126772880554, 0.5510046482086182, 0.5625966191291809, 0.5656877756118774, 0.5649150013923645, 0.572642982006073, 0.5695517659187317, 0.5734157562255859, 0.5749613642692566, 0.5772797465324402, 0.5718701481819153, 0.5734157562255859, 0.5772797465324402, 0.5826893448829651, 0.5888717174530029, 0.5942813158035278, 0.5935084819793701, 0.5911900997161865, 0.5911900997161865, 0.5904173254966736, 0.5850077271461487, 0.583462119102478, 0.5687789916992188, 0.5734157562255859, 0.5757341384887695, 0.5757341384887695, 0.5772797465324402, 0.5741885900497437, 0.5741885900497437, 0.5749613642692566, 0.5780525207519531, 0.5788253545761108, 0.5819165110588074, 0.5795981287956238, 0.5811437368392944, 0.5819165110588074, 0.5819165110588074, 0.5842349529266357, 0.5842349529266357], "all_token_val_accuracy": [0.004636785015463829, 0.17310664057731628, 0.06800618022680283, 0.4945904314517975, 0.48840802907943726, 0.48763522505760193, 0.49304482340812683, 0.5409582853317261, 0.5324574708938599, 0.5293663144111633, 0.5471406579017639, 0.5394126772880554, 0.5510046482086182, 0.5625966191291809, 0.5656877756118774, 0.5649150013923645, 0.572642982006073, 0.5695517659187317, 0.5734157562255859, 0.5749613642692566, 0.5772797465324402, 0.5718701481819153, 0.5734157562255859, 0.5772797465324402, 0.5826893448829651, 0.5888717174530029, 0.5942813158035278, 0.5935084819793701, 0.5911900997161865, 0.5911900997161865, 0.5904173254966736, 0.5850077271461487, 0.583462119102478, 0.5687789916992188, 0.5734157562255859, 0.5757341384887695, 0.5757341384887695, 0.5772797465324402, 0.5741885900497437, 0.5741885900497437, 0.5749613642692566, 0.5780525207519531, 0.5788253545761108, 0.5819165110588074, 0.5795981287956238, 0.5811437368392944, 0.5819165110588074, 0.5819165110588074, 0.5842349529266357, 0.5842349529266357]}}