{"scitail_b_train_5_32": {"num_of_epochs": 20, "learning_rate": 0.001, "training_ds_fpath": "_train_5_32", "first_token_val_accuracy": [0.5046367645263672, 0.5224111080169678, 0.4945904314517975, 0.5340030789375305, 0.49613600969314575, 0.5, 0.5, 0.5, 0.5, 0.5, 0.5, 0.5, 0.4953632056713104, 0.5, 0.5, 0.5, 0.5, 0.5, 0.5, 0.5494590401649475], "all_token_val_accuracy": [0.5046367645263672, 0.5224111080169678, 0.4945904314517975, 0.5340030789375305, 0.49613600969314575, 0.5, 0.5, 0.5, 0.5, 0.5, 0.5, 0.5, 0.4953632056713104, 0.5, 0.5, 0.5, 0.5, 0.5, 0.5, 0.5494590401649475]}}