{"scitail_b_train_5_4": {"num_of_epochs": 50, "learning_rate": 0.0001, "training_ds_fpath": "_train_5_4", "first_token_val_accuracy": [0.0, 0.0, 0.0, 0.0007727975025773048, 0.011591962538659573, 0.10278207063674927, 0.2302936613559723, 0.28129830956459045, 0.32457494735717773, 0.3554868698120117, 0.3778979778289795, 0.4095826745033264, 0.43663060665130615, 0.4659969210624695, 0.48377126455307007, 0.4922720193862915, 0.49613600969314575, 0.4953632056713104, 0.5, 0.4922720193862915, 0.49845439195632935, 0.4914992153644562, 0.4992271959781647, 0.5061823725700378, 0.5100463628768921, 0.5239567160606384, 0.5332303047180176, 0.5378670692443848, 0.5440494418144226, 0.5486862659454346, 0.5340030789375305, 0.5363214612007141, 0.5394126772880554, 0.557187020778656, 0.5517774224281311, 0.5517774224281311, 0.5556414127349854, 0.5625966191291809, 0.5564142465591431, 0.5556414127349854, 0.5448222756385803, 0.5425038933753967, 0.5455950498580933, 0.5471406579017639, 0.5502318143844604, 0.557959794998169, 0.557187020778656, 0.5625966191291809, 0.5595054030418396, 0.5641421675682068], "all_token_val_accuracy": [0.0, 0.0, 0.0, 0.0007727975025773048, 0.011591962538659573, 0.10278207063674927, 0.2302936613559723, 0.28129830956459045, 0.32457494735717773, 0.3554868698120117, 0.3778979778289795, 0.4095826745033264, 0.43663060665130615, 0.4659969210624695, 0.48377126455307007, 0.4922720193862915, 0.49613600969314575, 0.4953632056713104, 0.5, 0.4922720193862915, 0.49845439195632935, 0.4914992153644562, 0.4992271959781647, 0.5061823725700378, 0.5100463628768921, 0.5239567160606384, 0.5332303047180176, 0.5378670692443848, 0.5440494418144226, 0.5486862659454346, 0.5340030789375305, 0.5363214612007141, 0.5394126772880554, 0.557187020778656, 0.5517774224281311, 0.5517774224281311, 0.5556414127349854, 0.5625966191291809, 0.5564142465591431, 0.5556414127349854, 0.5448222756385803, 0.5425038933753967, 0.5455950498580933, 0.5471406579017639, 0.5502318143844604, 0.557959794998169, 0.557187020778656, 0.5625966191291809, 0.5595054030418396, 0.5641421675682068]}}