{"scitail_b_train_1_16": {"num_of_epochs": 30, "learning_rate": 1e-05, "training_ds_fpath": "_train_1_16", "first_token_val_accuracy": [0.0, 0.0, 0.0, 0.0, 0.0, 0.0, 0.0, 0.0, 0.0, 0.0, 0.0023183925077319145, 0.004636785015463829, 0.008500772528350353, 0.027047913521528244, 0.0649149939417839, 0.10510046035051346, 0.15224111080169678, 0.2179289013147354, 0.26506954431533813, 0.31993818283081055, 0.372488409280777, 0.40803709626197815, 0.4350849986076355, 0.4590417444705963, 0.4690881073474884, 0.4791344702243805, 0.48840802907943726, 0.49381762742996216, 0.4945904314517975, 0.4969088137149811], "all_token_val_accuracy": [0.0, 0.0, 0.0, 0.0, 0.0, 0.0, 0.0, 0.0, 0.0, 0.0, 0.0023183925077319145, 0.004636785015463829, 0.008500772528350353, 0.027047913521528244, 0.0649149939417839, 0.10510046035051346, 0.15224111080169678, 0.2179289013147354, 0.26506954431533813, 0.31993818283081055, 0.372488409280777, 0.40803709626197815, 0.4350849986076355, 0.4590417444705963, 0.4690881073474884, 0.4791344702243805, 0.48840802907943726, 0.49381762742996216, 0.4945904314517975, 0.4969088137149811]}}