{"scitail_b_train_3_32": {"num_of_epochs": 10, "learning_rate": 0.0005, "training_ds_fpath": "_train_3_32", "first_token_val_accuracy": [0.5, 0.4899536371231079, 0.5556414127349854, 0.5973724722862244, 0.6313755512237549, 0.6159196496009827, 0.5293663144111633, 0.5981453061103821, 0.6020092964172363, 0.5618237853050232], "all_token_val_accuracy": [0.5, 0.4899536371231079, 0.5556414127349854, 0.5973724722862244, 0.6313755512237549, 0.6159196496009827, 0.5293663144111633, 0.5981453061103821, 0.6020092964172363, 0.5618237853050232]}}