{"scitail_b_train_0_16": {"num_of_epochs": 30, "learning_rate": 0.001, "training_ds_fpath": "_train_0_16", "first_token_val_accuracy": [0.5301390886306763, 0.5850077271461487, 0.5633693933486938, 0.6120556592941284, 0.6058732867240906, 0.5958268642425537, 0.5857805013656616, 0.5857805013656616, 0.5734157562255859, 0.5803709626197815, 0.5896444916725159, 0.5911900997161865, 0.5819165110588074, 0.5857805013656616, 0.5811437368392944, 0.5795981287956238, 0.5819165110588074, 0.5819165110588074, 0.5826893448829651, 0.5896444916725159, 0.5935084819793701, 0.5935084819793701, 0.5927357077598572, 0.5911900997161865, 0.5865533351898193, 0.5857805013656616, 0.5811437368392944, 0.5873261094093323, 0.5857805013656616, 0.5857805013656616], "all_token_val_accuracy": [0.5301390886306763, 0.5850077271461487, 0.5633693933486938, 0.6120556592941284, 0.6058732867240906, 0.5958268642425537, 0.5857805013656616, 0.5857805013656616, 0.5734157562255859, 0.5803709626197815, 0.5896444916725159, 0.5911900997161865, 0.5819165110588074, 0.5857805013656616, 0.5811437368392944, 0.5795981287956238, 0.5819165110588074, 0.5819165110588074, 0.5826893448829651, 0.5896444916725159, 0.5935084819793701, 0.5935084819793701, 0.5927357077598572, 0.5911900997161865, 0.5865533351898193, 0.5857805013656616, 0.5811437368392944, 0.5873261094093323, 0.5857805013656616, 0.5857805013656616]}}