{"scitail_b_train_0_8": {"num_of_epochs": 5, "learning_rate": 0.001, "training_ds_fpath": "_train_0_8", "first_token_val_accuracy": [0.4992271959781647, 0.5425038933753967, 0.5463678240776062, 0.5757341384887695, 0.5850077271461487], "all_token_val_accuracy": [0.4992271959781647, 0.5425038933753967, 0.5463678240776062, 0.5757341384887695, 0.5850077271461487]}}