{"scitail_b_train_9_4": {"num_of_epochs": 10, "learning_rate": 0.0005, "training_ds_fpath": "_train_9_4", "first_token_val_accuracy": [0.0, 0.4822256565093994, 0.48840802907943726, 0.48068004846572876, 0.5069552063941956, 0.48763522505760193, 0.4536321461200714, 0.4536321461200714, 0.4822256565093994, 0.49381762742996216], "all_token_val_accuracy": [0.0, 0.4822256565093994, 0.48840802907943726, 0.48068004846572876, 0.5069552063941956, 0.48763522505760193, 0.4536321461200714, 0.4536321461200714, 0.4822256565093994, 0.49304482340812683]}}