{"scitail_b_train_3_32": {"num_of_epochs": 10, "learning_rate": 1e-05, "training_ds_fpath": "_train_3_32", "first_token_val_accuracy": [0.0, 0.0, 0.0, 0.0, 0.0, 0.003863987745717168, 0.023183925077319145, 0.08114373683929443, 0.1553322970867157, 0.27279752492904663], "all_token_val_accuracy": [0.0, 0.0, 0.0, 0.0, 0.0, 0.003863987745717168, 0.023183925077319145, 0.08114373683929443, 0.1553322970867157, 0.27279752492904663]}}