{"scitail_b_train_0_32": {"num_of_epochs": 40, "learning_rate": 0.0001, "training_ds_fpath": "_train_0_32", "first_token_val_accuracy": [0.1916537880897522, 0.4992271959781647, 0.49845439195632935, 0.4969088137149811, 0.5162287354469299, 0.5332303047180176, 0.5618237853050232, 0.5896444916725159, 0.5981453061103821, 0.6120556592941284, 0.6120556592941284, 0.6197836399078369, 0.6259660124778748, 0.6398763656616211, 0.6313755512237549, 0.6429675221443176, 0.6244204044342041, 0.6360123753547668, 0.6128284335136414, 0.6414219737052917, 0.6445131301879883, 0.6483771204948425, 0.656105101108551, 0.6607418656349182, 0.6097372770309448, 0.6398763656616211, 0.6599690914154053, 0.6576507091522217, 0.656877875328064, 0.656105101108551, 0.6622874736785889, 0.6630603075027466, 0.6661514639854431, 0.6700154542922974, 0.6646058559417725, 0.671561062335968, 0.672333836555481, 0.6646058559417725, 0.671561062335968, 0.672333836555481], "all_token_val_accuracy": [0.1916537880897522, 0.4992271959781647, 0.49845439195632935, 0.4969088137149811, 0.5162287354469299, 0.5332303047180176, 0.5618237853050232, 0.5896444916725159, 0.5981453061103821, 0.6120556592941284, 0.6120556592941284, 0.6197836399078369, 0.6259660124778748, 0.6398763656616211, 0.6313755512237549, 0.6429675221443176, 0.6244204044342041, 0.6360123753547668, 0.6128284335136414, 0.6414219737052917, 0.6445131301879883, 0.6483771204948425, 0.656105101108551, 0.6607418656349182, 0.6097372770309448, 0.6398763656616211, 0.6599690914154053, 0.6576507091522217, 0.656877875328064, 0.656105101108551, 0.6622874736785889, 0.6630603075027466, 0.6661514639854431, 0.6700154542922974, 0.6646058559417725, 0.671561062335968, 0.672333836555481, 0.6646058559417725, 0.671561062335968, 0.672333836555481]}}