{"scitail_b_train_4_8": {"num_of_epochs": 50, "learning_rate": 0.001, "training_ds_fpath": "_train_4_8", "first_token_val_accuracy": [0.3918083608150482, 0.4636785089969635, 0.42581143975257874, 0.4659969210624695, 0.429675430059433, 0.4173106551170349, 0.42117464542388916, 0.4227202534675598, 0.4250386357307434, 0.4149922728538513, 0.4149922728538513, 0.42117464542388916, 0.41576507687568665, 0.42812982201576233, 0.4304482340812683, 0.429675430059433, 0.429675430059433, 0.427357017993927, 0.42812982201576233, 0.429675430059433, 0.4319938123226166, 0.4250386357307434, 0.4219474494457245, 0.42349305748939514, 0.42581143975257874, 0.42581143975257874, 0.42581143975257874, 0.42658424377441406, 0.4250386357307434, 0.4219474494457245, 0.4219474494457245, 0.427357017993927, 0.42812982201576233, 0.427357017993927, 0.42812982201576233, 0.42581143975257874, 0.42581143975257874, 0.4242658317089081, 0.41885626316070557, 0.42040184140205383, 0.42117464542388916, 0.42117464542388916, 0.42040184140205383, 0.4219474494457245, 0.42349305748939514, 0.42581143975257874, 0.42581143975257874, 0.42658424377441406, 0.42581143975257874, 0.42581143975257874], "all_token_val_accuracy": [0.3918083608150482, 0.4636785089969635, 0.42581143975257874, 0.4659969210624695, 0.429675430059433, 0.4173106551170349, 0.42117464542388916, 0.4227202534675598, 0.4250386357307434, 0.4149922728538513, 0.4149922728538513, 0.42117464542388916, 0.41576507687568665, 0.42812982201576233, 0.4304482340812683, 0.429675430059433, 0.429675430059433, 0.427357017993927, 0.42812982201576233, 0.429675430059433, 0.4319938123226166, 0.4250386357307434, 0.4219474494457245, 0.42349305748939514, 0.42581143975257874, 0.42581143975257874, 0.42581143975257874, 0.42658424377441406, 0.4250386357307434, 0.4219474494457245, 0.4219474494457245, 0.427357017993927, 0.42812982201576233, 0.427357017993927, 0.42812982201576233, 0.42581143975257874, 0.42581143975257874, 0.4242658317089081, 0.41885626316070557, 0.42040184140205383, 0.42117464542388916, 0.42117464542388916, 0.42040184140205383, 0.4219474494457245, 0.42349305748939514, 0.42581143975257874, 0.42581143975257874, 0.42658424377441406, 0.42581143975257874, 0.42581143975257874]}}