{"scitail_b_train_4_4": {"num_of_epochs": 5, "learning_rate": 0.001, "training_ds_fpath": "_train_4_4", "first_token_val_accuracy": [0.43431222438812256, 0.4605873227119446, 0.5, 0.5386399030685425, 0.49613600969314575], "all_token_val_accuracy": [0.43431222438812256, 0.4605873227119446, 0.5, 0.5386399030685425, 0.49613600969314575]}}