{"scitail_b_train_5_8": {"num_of_epochs": 50, "learning_rate": 0.001, "training_ds_fpath": "_train_5_8", "first_token_val_accuracy": [0.4976816177368164, 0.5, 0.5038639903068542, 0.5, 0.4992271959781647, 0.5386399030685425, 0.5587326288223267, 0.5718701481819153, 0.5734157562255859, 0.5718701481819153, 0.5710973739624023, 0.5842349529266357, 0.5780525207519531, 0.58809894323349, 0.5811437368392944, 0.5911900997161865, 0.6136012077331543, 0.6043276786804199, 0.6027820706367493, 0.5819165110588074, 0.5502318143844604, 0.5888717174530029, 0.5888717174530029, 0.5965996980667114, 0.5896444916725159, 0.58809894323349, 0.5911900997161865, 0.6081916689872742, 0.6043276786804199, 0.6043276786804199, 0.5911900997161865, 0.5888717174530029, 0.5850077271461487, 0.583462119102478, 0.5865533351898193, 0.5873261094093323, 0.583462119102478, 0.5795981287956238, 0.5772797465324402, 0.5850077271461487, 0.583462119102478, 0.5850077271461487, 0.583462119102478, 0.5826893448829651, 0.5850077271461487, 0.5811437368392944, 0.5780525207519531, 0.5780525207519531, 0.5788253545761108, 0.5842349529266357], "all_token_val_accuracy": [0.4976816177368164, 0.5, 0.5038639903068542, 0.5, 0.4992271959781647, 0.5386399030685425, 0.5587326288223267, 0.5718701481819153, 0.5734157562255859, 0.5718701481819153, 0.5710973739624023, 0.5842349529266357, 0.5780525207519531, 0.58809894323349, 0.5811437368392944, 0.5911900997161865, 0.6136012077331543, 0.6035548448562622, 0.5965996980667114, 0.5819165110588074, 0.5502318143844604, 0.5888717174530029, 0.5888717174530029, 0.5965996980667114, 0.5896444916725159, 0.58809894323349, 0.5911900997161865, 0.6081916689872742, 0.6043276786804199, 0.6043276786804199, 0.5911900997161865, 0.5888717174530029, 0.5850077271461487, 0.583462119102478, 0.5865533351898193, 0.5873261094093323, 0.583462119102478, 0.5795981287956238, 0.5772797465324402, 0.5850077271461487, 0.583462119102478, 0.5850077271461487, 0.583462119102478, 0.5826893448829651, 0.5850077271461487, 0.5811437368392944, 0.5780525207519531, 0.5780525207519531, 0.5788253545761108, 0.5842349529266357]}}