{"scitail_b_train_0_16": {"num_of_epochs": 20, "learning_rate": 0.0005, "training_ds_fpath": "_train_0_16", "first_token_val_accuracy": [0.4976816177368164, 0.5023183822631836, 0.5564142465591431, 0.5193199515342712, 0.5942813158035278, 0.5587326288223267, 0.5850077271461487, 0.5919629335403442, 0.5409582853317261, 0.5857805013656616, 0.5850077271461487, 0.5826893448829651, 0.5919629335403442, 0.5935084819793701, 0.5873261094093323, 0.5904173254966736, 0.5919629335403442, 0.5935084819793701, 0.5981453061103821, 0.5973724722862244], "all_token_val_accuracy": [0.4976816177368164, 0.5023183822631836, 0.5564142465591431, 0.5193199515342712, 0.5942813158035278, 0.5587326288223267, 0.5850077271461487, 0.5919629335403442, 0.5409582853317261, 0.5857805013656616, 0.5850077271461487, 0.5826893448829651, 0.5919629335403442, 0.5935084819793701, 0.5873261094093323, 0.5904173254966736, 0.5919629335403442, 0.5935084819793701, 0.5981453061103821, 0.5973724722862244]}}