{"scitail_b_train_7_16": {"num_of_epochs": 30, "learning_rate": 0.001, "training_ds_fpath": "_train_7_16", "first_token_val_accuracy": [0.4922720193862915, 0.5, 0.5123647451400757, 0.5788253545761108, 0.5193199515342712, 0.5672333836555481, 0.5973724722862244, 0.6004636883735657, 0.5826893448829651, 0.5888717174530029, 0.5950540900230408, 0.6027820706367493, 0.5942813158035278, 0.5935084819793701, 0.5965996980667114, 0.5935084819793701, 0.5935084819793701, 0.5927357077598572, 0.5935084819793701, 0.5942813158035278, 0.5935084819793701, 0.5935084819793701, 0.5950540900230408, 0.5942813158035278, 0.5942813158035278, 0.5927357077598572, 0.5927357077598572, 0.5935084819793701, 0.5865533351898193, 0.5780525207519531], "all_token_val_accuracy": [0.4922720193862915, 0.5, 0.5123647451400757, 0.5788253545761108, 0.5193199515342712, 0.5672333836555481, 0.5973724722862244, 0.6004636883735657, 0.5826893448829651, 0.5888717174530029, 0.5950540900230408, 0.6027820706367493, 0.5942813158035278, 0.5935084819793701, 0.5965996980667114, 0.5935084819793701, 0.5935084819793701, 0.5927357077598572, 0.5935084819793701, 0.5942813158035278, 0.5935084819793701, 0.5935084819793701, 0.5950540900230408, 0.5942813158035278, 0.5942813158035278, 0.5927357077598572, 0.5927357077598572, 0.5935084819793701, 0.5865533351898193, 0.5780525207519531]}}