{"scitail_b_train_6_4": {"num_of_epochs": 20, "learning_rate": 0.001, "training_ds_fpath": "_train_6_4", "first_token_val_accuracy": [0.13523957133293152, 0.4891808331012726, 0.4992271959781647, 0.5015456080436707, 0.484544038772583, 0.4799072742462158, 0.4822256565093994, 0.5069552063941956, 0.5115919709205627, 0.5162287354469299, 0.5131375789642334, 0.5177743434906006, 0.5185471177101135, 0.5347759127616882, 0.5378670692443848, 0.5100463628768921, 0.5355486869812012, 0.5455950498580933, 0.5463678240776062, 0.5409582853317261], "all_token_val_accuracy": [0.13523957133293152, 0.4891808331012726, 0.4992271959781647, 0.5015456080436707, 0.484544038772583, 0.4799072742462158, 0.4822256565093994, 0.5069552063941956, 0.5115919709205627, 0.5162287354469299, 0.5131375789642334, 0.5177743434906006, 0.5185471177101135, 0.5347759127616882, 0.5378670692443848, 0.5100463628768921, 0.5355486869812012, 0.5455950498580933, 0.5463678240776062, 0.5409582853317261]}}