{"scitail_b_train_4_4": {"num_of_epochs": 20, "learning_rate": 0.001, "training_ds_fpath": "_train_4_4", "first_token_val_accuracy": [0.49845439195632935, 0.29366305470466614, 0.5007727742195129, 0.5046367645263672, 0.48763522505760193, 0.48531684279441833, 0.4953632056713104, 0.5015456080436707, 0.5015456080436707, 0.49381762742996216, 0.5, 0.5046367645263672, 0.5023183822631836, 0.5077279806137085, 0.5061823725700378, 0.5046367645263672, 0.5038639903068542, 0.5069552063941956, 0.5077279806137085, 0.5038639903068542], "all_token_val_accuracy": [0.49845439195632935, 0.29366305470466614, 0.5007727742195129, 0.5046367645263672, 0.48763522505760193, 0.48531684279441833, 0.4953632056713104, 0.5015456080436707, 0.5015456080436707, 0.49381762742996216, 0.5, 0.5046367645263672, 0.5023183822631836, 0.5077279806137085, 0.5061823725700378, 0.5046367645263672, 0.5038639903068542, 0.5069552063941956, 0.5077279806137085, 0.5038639903068542]}}