{"scitail_b_train_0_8": {"num_of_epochs": 20, "learning_rate": 0.0001, "training_ds_fpath": "_train_0_8", "first_token_val_accuracy": [0.0, 0.023956723511219025, 0.09428130090236664, 0.18778979778289795, 0.24034002423286438, 0.2820710837841034, 0.32998454570770264, 0.3840803802013397, 0.4358578026294708, 0.4721792936325073, 0.5092735886573792, 0.5030912160873413, 0.5162287354469299, 0.5216383337974548, 0.5285934805870056, 0.5347759127616882, 0.5285934805870056, 0.5378670692443848, 0.5378670692443848, 0.5540958046913147], "all_token_val_accuracy": [0.0, 0.023956723511219025, 0.09428130090236664, 0.18778979778289795, 0.24034002423286438, 0.2820710837841034, 0.32998454570770264, 0.3840803802013397, 0.4358578026294708, 0.4721792936325073, 0.5092735886573792, 0.5030912160873413, 0.5162287354469299, 0.5216383337974548, 0.5285934805870056, 0.5347759127616882, 0.5285934805870056, 0.5378670692443848, 0.5378670692443848, 0.5540958046913147]}}