{"pb_bnew_train_6_16": {"num_of_epochs": 50, "learning_rate": 0.0001, "training_ds_fpath": "_train_6_16", "first_token_val_accuracy": [0.13075779378414154, 0.1946508139371872, 0.20950965583324432, 0.2592867612838745, 0.3313521444797516, 0.37964338064193726, 0.4160475432872772, 0.44427934288978577, 0.4606240689754486, 0.47176820039749146, 0.47696879506111145, 0.4829123318195343, 0.4777117371559143, 0.47696879506111145, 0.48736998438835144, 0.5074294209480286, 0.518573522567749, 0.5304605960845947, 0.5371471047401428, 0.5512629747390747, 0.5512629747390747, 0.5676077008247375, 0.5757800936698914, 0.5817236304283142, 0.5794947743415833, 0.5876671671867371, 0.5884100794792175, 0.6032689213752747, 0.6114413142204285, 0.608469545841217, 0.6181277632713318, 0.6196136474609375, 0.6240713000297546, 0.6248142719268799, 0.6263001561164856, 0.6315007209777832, 0.6307578086853027, 0.629271924495697, 0.6329866051673889, 0.6315007209777832, 0.6389301419258118, 0.6411589980125427, 0.6381872296333313, 0.6426448822021484, 0.647845447063446, 0.6456166505813599, 0.6493313312530518, 0.6463595628738403, 0.6485884189605713, 0.6463595628738403], "all_token_val_accuracy": [0.0, 0.0, 0.001485884073190391, 0.026002971455454826, 0.13075779378414154, 0.23476968705654144, 0.32169389724731445, 0.3803863227367401, 0.41381871700286865, 0.4420505166053772, 0.4606240689754486, 0.46879643201828003, 0.46879643201828003, 0.4695393741130829, 0.4814264476299286, 0.5037146806716919, 0.5141158699989319, 0.5267459154129028, 0.5334323644638062, 0.5482912063598633, 0.5482912063598633, 0.5653789043426514, 0.5735512375831604, 0.5794947743415833, 0.5780088901519775, 0.5861812829971313, 0.5876671671867371, 0.601783037185669, 0.6092124581336975, 0.6062406897544861, 0.6158989667892456, 0.6173848509788513, 0.6218425035476685, 0.6225854158401489, 0.6240713000297546, 0.6300148367881775, 0.629271924495697, 0.6277860403060913, 0.6315007209777832, 0.6300148367881775, 0.6367013454437256, 0.6389301419258118, 0.6359583735466003, 0.6404160261154175, 0.6463595628738403, 0.6433877944946289, 0.6471025347709656, 0.6441307663917542, 0.6463595628738403, 0.6441307663917542]}}