{"pb_bnew_train_4_4": {"num_of_epochs": 20, "learning_rate": 0.0005, "training_ds_fpath": "_train_4_4", "first_token_val_accuracy": [0.21991084516048431, 0.13893015682697296, 0.11887072771787643, 0.25854381918907166, 0.4420505166053772, 0.46879643201828003, 0.4858841001987457, 0.48885586857795715, 0.4858841001987457, 0.45839524269104004, 0.4502228796482086, 0.4487369954586029, 0.45468053221702576, 0.45319464802742004, 0.4502228796482086, 0.4502228796482086, 0.4524517059326172, 0.45616641640663147, 0.4606240689754486, 0.4591381847858429], "all_token_val_accuracy": [0.0, 0.0007429420365951955, 0.0037147102411836386, 0.02526002936065197, 0.2578008770942688, 0.4145616590976715, 0.46136701107025146, 0.47919762134552, 0.47919762134552, 0.45468053221702576, 0.44799405336380005, 0.4472511112689972, 0.45319464802742004, 0.45170876383781433, 0.4487369954586029, 0.4487369954586029, 0.4509658217430115, 0.4554234743118286, 0.45988112688064575, 0.45839524269104004]}}