{"pb_bnew_train_2_32": {"num_of_epochs": 50, "learning_rate": 0.0001, "training_ds_fpath": "_train_2_32", "first_token_val_accuracy": [0.24368499219417572, 0.3462109863758087, 0.4301634430885315, 0.47548291087150574, 0.4866270422935486, 0.47919762134552, 0.4881129264831543, 0.49034175276756287, 0.49405646324157715, 0.4933135211467743, 0.5014858841896057, 0.5163447260856628, 0.528974711894989, 0.5319464802742004, 0.5282317996025085, 0.5304605960845947, 0.5401188731193542, 0.5505200624465942, 0.5505200624465942, 0.5631500482559204, 0.5683506727218628, 0.5616641640663147, 0.5683506727218628, 0.5713224411010742, 0.5772659778594971, 0.5586923956871033, 0.5698365569114685, 0.5735512375831604, 0.5780088901519775, 0.5854383111000061, 0.5861812829971313, 0.5906389355659485, 0.5943536162376404, 0.5876671671867371, 0.6054977774620056, 0.6040118932723999, 0.5921248197555542, 0.6047548055648804, 0.601783037185669, 0.6129271984100342, 0.618870735168457, 0.6069836616516113, 0.6092124581336975, 0.6106983423233032, 0.6010401248931885, 0.5973253846168518, 0.6054977774620056, 0.6025260090827942, 0.6032689213752747, 0.608469545841217], "all_token_val_accuracy": [0.0, 0.01931649260222912, 0.28603267669677734, 0.44650816917419434, 0.48439821600914, 0.47845467925071716, 0.48736998438835144, 0.48959881067276, 0.4933135211467743, 0.49257057905197144, 0.5007429122924805, 0.5163447260856628, 0.528974711894989, 0.5319464802742004, 0.5282317996025085, 0.5304605960845947, 0.5401188731193542, 0.5505200624465942, 0.5505200624465942, 0.5631500482559204, 0.5683506727218628, 0.5616641640663147, 0.5683506727218628, 0.5713224411010742, 0.5772659778594971, 0.5586923956871033, 0.5698365569114685, 0.5735512375831604, 0.5780088901519775, 0.5854383111000061, 0.5861812829971313, 0.5906389355659485, 0.5943536162376404, 0.5876671671867371, 0.6054977774620056, 0.6040118932723999, 0.5921248197555542, 0.6047548055648804, 0.601783037185669, 0.6129271984100342, 0.618870735168457, 0.6069836616516113, 0.6092124581336975, 0.6106983423233032, 0.6010401248931885, 0.5973253846168518, 0.6054977774620056, 0.6025260090827942, 0.6032689213752747, 0.608469545841217]}}