{"pb_bnew_train_1_4": {"num_of_epochs": 20, "learning_rate": 0.0005, "training_ds_fpath": "_train_1_4", "first_token_val_accuracy": [0.17607726156711578, 0.14784546196460724, 0.2578008770942688, 0.36404159665107727, 0.41233283281326294, 0.4383358061313629, 0.4405646324157715, 0.4264487326145172, 0.42570579051971436, 0.4368499219417572, 0.46136701107025146, 0.46656760573387146, 0.47176820039749146, 0.4710252583026886, 0.4628528952598572, 0.4554234743118286, 0.4502228796482086, 0.4487369954586029, 0.4539375901222229, 0.4524517059326172], "all_token_val_accuracy": [0.0, 0.002971768146380782, 0.04829123243689537, 0.1894502192735672, 0.3001485764980316, 0.3618127703666687, 0.38632985949516296, 0.38855868577957153, 0.3945022225379944, 0.4093610644340515, 0.43610697984695435, 0.4457652270793915, 0.4509658217430115, 0.45170876383781433, 0.44650816917419434, 0.43759286403656006, 0.4338781535625458, 0.4301634430885315, 0.4331352114677429, 0.4316493272781372]}}