{"pb_bnew_train_9_16": {"num_of_epochs": 50, "learning_rate": 0.0001, "training_ds_fpath": "_train_9_16", "first_token_val_accuracy": [0.13372956216335297, 0.16493313014507294, 0.1894502192735672, 0.2852897346019745, 0.3722139596939087, 0.4115898907184601, 0.4420505166053772, 0.4621099531650543, 0.47028231620788574, 0.47845467925071716, 0.48736998438835144, 0.4799405634403229, 0.4866270422935486, 0.48736998438835144, 0.4710252583026886, 0.4881129264831543, 0.5, 0.5074294209480286, 0.5111441016197205, 0.518573522567749, 0.5178306102752686, 0.5260029435157776, 0.5274888277053833, 0.5334323644638062, 0.5341753363609314, 0.5378900170326233, 0.5386329889297485, 0.5430906414985657, 0.5460624098777771, 0.5468053221702576, 0.5512629747390747, 0.5527488589286804, 0.5527488589286804, 0.5520059466362, 0.5616641640663147, 0.5512629747390747, 0.549777090549469, 0.5460624098777771, 0.5646359324455261, 0.5572065114974976, 0.5624071359634399, 0.560178279876709, 0.5624071359634399, 0.5638930201530457, 0.5668647885322571, 0.5631500482559204, 0.5676077008247375, 0.5698365569114685, 0.5668647885322571, 0.5698365569114685], "all_token_val_accuracy": [0.0, 0.0, 0.0007429420365951955, 0.018573550507426262, 0.1144130751490593, 0.24442793428897858, 0.3484398126602173, 0.40044575929641724, 0.41753342747688293, 0.4420505166053772, 0.45988112688064575, 0.45988112688064575, 0.4680534899234772, 0.47028231620788574, 0.45468053221702576, 0.47325408458709717, 0.48514115810394287, 0.4933135211467743, 0.4985141158103943, 0.5059435367584229, 0.5044576525688171, 0.5126299858093262, 0.5156017541885376, 0.5215452909469604, 0.5230311751365662, 0.5267459154129028, 0.5267459154129028, 0.5326894521713257, 0.5364041328430176, 0.5371471047401428, 0.54160475730896, 0.5438335537910461, 0.5445765256881714, 0.5445765256881714, 0.5542347431182861, 0.5438335537910461, 0.5438335537910461, 0.5423476696014404, 0.5609212517738342, 0.5542347431182861, 0.5594353675842285, 0.5572065114974976, 0.5594353675842285, 0.5609212517738342, 0.5638930201530457, 0.560178279876709, 0.5646359324455261, 0.5668647885322571, 0.5638930201530457, 0.5668647885322571]}}