{"pb_bnew_train_5_8": {"num_of_epochs": 50, "learning_rate": 0.0001, "training_ds_fpath": "_train_5_8", "first_token_val_accuracy": [0.06537889689207077, 0.12332838028669357, 0.15973253548145294, 0.17533431947231293, 0.1909361034631729, 0.19390787184238434, 0.20282317698001862, 0.22213967144489288, 0.26894500851631165, 0.3068350553512573, 0.32838037610054016, 0.34769687056541443, 0.3736998438835144, 0.39375928044319153, 0.4167904853820801, 0.4487369954586029, 0.45839524269104004, 0.46508172154426575, 0.47176820039749146, 0.46879643201828003, 0.4680534899234772, 0.46879643201828003, 0.46508172154426575, 0.45839524269104004, 0.4695393741130829, 0.4658246636390686, 0.4710252583026886, 0.4739970266819, 0.4814264476299286, 0.4777117371559143, 0.4866270422935486, 0.49257057905197144, 0.4866270422935486, 0.5, 0.5, 0.4970282316207886, 0.4985141158103943, 0.4985141158103943, 0.5037146806716919, 0.5052005648612976, 0.5074294209480286, 0.5066864490509033, 0.5014858841896057, 0.5089153051376343, 0.5066864490509033, 0.5089153051376343, 0.5178306102752686, 0.518573522567749, 0.5148588418960571, 0.5148588418960571], "all_token_val_accuracy": [0.0, 0.0, 0.0, 0.0, 0.0, 0.0037147102411836386, 0.00965824630111456, 0.02971768192946911, 0.061664190143346786, 0.11812778562307358, 0.17682020366191864, 0.21619613468647003, 0.26523029804229736, 0.30312034487724304, 0.34249627590179443, 0.3774145543575287, 0.39524516463279724, 0.41381871700286865, 0.42570579051971436, 0.42421990633010864, 0.42719167470932007, 0.42942050099372864, 0.42942050099372864, 0.42570579051971436, 0.43907874822616577, 0.43759286403656006, 0.4457652270793915, 0.4502228796482086, 0.4628528952598572, 0.45988112688064575, 0.47176820039749146, 0.47845467925071716, 0.47325408458709717, 0.48736998438835144, 0.48736998438835144, 0.48514115810394287, 0.4858841001987457, 0.4866270422935486, 0.4918276369571686, 0.4933135211467743, 0.49554234743118286, 0.49554234743118286, 0.4910846948623657, 0.49925705790519714, 0.4962852895259857, 0.49777117371559143, 0.508172333240509, 0.5089153051376343, 0.5059435367584229, 0.5059435367584229]}}