{"pb_bnew_train_1_32": {"num_of_epochs": 50, "learning_rate": 0.0001, "training_ds_fpath": "_train_1_32", "first_token_val_accuracy": [0.18573550879955292, 0.31129270792007446, 0.4279346168041229, 0.47919762134552, 0.4918276369571686, 0.4881129264831543, 0.49257057905197144, 0.5066864490509033, 0.5222882628440857, 0.53120356798172, 0.539375901222229, 0.5356612205505371, 0.5512629747390747, 0.5631500482559204, 0.5676077008247375, 0.5713224411010742, 0.5757800936698914, 0.5794947743415833, 0.5861812829971313, 0.5906389355659485, 0.6010401248931885, 0.5988112688064575, 0.5958395004272461, 0.5802377462387085, 0.5891530513763428, 0.5928677320480347, 0.5921248197555542, 0.5824665427207947, 0.591381847858429, 0.5965824723243713, 0.5906389355659485, 0.5884100794792175, 0.5906389355659485, 0.598068356513977, 0.5943536162376404, 0.598068356513977, 0.5921248197555542, 0.5965824723243713, 0.5973253846168518, 0.5921248197555542, 0.6054977774620056, 0.6054977774620056, 0.6032689213752747, 0.6047548055648804, 0.5995542407035828, 0.5854383111000061, 0.6032689213752747, 0.5965824723243713, 0.6047548055648804, 0.6069836616516113], "all_token_val_accuracy": [0.0, 0.02971768192946911, 0.30832093954086304, 0.45319464802742004, 0.48514115810394287, 0.4866270422935486, 0.4918276369571686, 0.5059435367584229, 0.5215452909469604, 0.5304605960845947, 0.5386329889297485, 0.5349182486534119, 0.5505200624465942, 0.5624071359634399, 0.5668647885322571, 0.570579469203949, 0.5750371217727661, 0.5787518620491028, 0.5854383111000061, 0.5906389355659485, 0.6010401248931885, 0.5988112688064575, 0.5958395004272461, 0.5802377462387085, 0.5884100794792175, 0.5928677320480347, 0.5921248197555542, 0.5824665427207947, 0.591381847858429, 0.5965824723243713, 0.5906389355659485, 0.5884100794792175, 0.5906389355659485, 0.598068356513977, 0.5943536162376404, 0.598068356513977, 0.5921248197555542, 0.5965824723243713, 0.5973253846168518, 0.5921248197555542, 0.6054977774620056, 0.6054977774620056, 0.6032689213752747, 0.6047548055648804, 0.5995542407035828, 0.5854383111000061, 0.6032689213752747, 0.5965824723243713, 0.6047548055648804, 0.6069836616516113]}}