{"pb_bnew_train_7_16": {"num_of_epochs": 50, "learning_rate": 0.0001, "training_ds_fpath": "_train_7_16", "first_token_val_accuracy": [0.14710251986980438, 0.16419018805027008, 0.1656760722398758, 0.20728082954883575, 0.2949479818344116, 0.3536404073238373, 0.3841010332107544, 0.41753342747688293, 0.45616641640663147, 0.46879643201828003, 0.4814264476299286, 0.47919762134552, 0.4747399687767029, 0.4673105478286743, 0.48068350553512573, 0.4881129264831543, 0.48959881067276, 0.5037146806716919, 0.5156017541885376, 0.5304605960845947, 0.5341753363609314, 0.54160475730896, 0.5638930201530457, 0.5698365569114685, 0.5735512375831604, 0.580980658531189, 0.5861812829971313, 0.5891530513763428, 0.5898959636688232, 0.5950965881347656, 0.5928677320480347, 0.598068356513977, 0.5995542407035828, 0.5965824723243713, 0.5973253846168518, 0.6062406897544861, 0.6054977774620056, 0.6114413142204285, 0.6092124581336975, 0.6062406897544861, 0.601783037185669, 0.6136701107025146, 0.6144130825996399, 0.6173848509788513, 0.6233283877372742, 0.6225854158401489, 0.6144130825996399, 0.6173848509788513, 0.6144130825996399, 0.6025260090827942], "all_token_val_accuracy": [0.0, 0.0, 0.001485884073190391, 0.01708766631782055, 0.09063892811536789, 0.20356611907482147, 0.2815750241279602, 0.355126291513443, 0.4182763695716858, 0.43982169032096863, 0.4606240689754486, 0.4643387794494629, 0.46508172154426575, 0.45988112688064575, 0.4739970266819, 0.4829123318195343, 0.48514115810394287, 0.49925705790519714, 0.5126299858093262, 0.528974711894989, 0.5326894521713257, 0.5408617854118347, 0.5631500482559204, 0.5690935850143433, 0.5728083252906799, 0.5802377462387085, 0.5854383111000061, 0.5884100794792175, 0.5891530513763428, 0.5943536162376404, 0.5921248197555542, 0.5973253846168518, 0.5988112688064575, 0.5958395004272461, 0.5965824723243713, 0.6054977774620056, 0.6047548055648804, 0.6106983423233032, 0.608469545841217, 0.6054977774620056, 0.6010401248931885, 0.6129271984100342, 0.6136701107025146, 0.6166418790817261, 0.6225854158401489, 0.6218425035476685, 0.6136701107025146, 0.6166418790817261, 0.6136701107025146, 0.601783037185669]}}