{"pb_bnew_train_6_8": {"num_of_epochs": 50, "learning_rate": 0.0001, "training_ds_fpath": "_train_6_8", "first_token_val_accuracy": [0.08172362297773361, 0.14710251986980438, 0.1879643350839615, 0.22065378725528717, 0.2355126291513443, 0.26002970337867737, 0.2919762134552002, 0.31500741839408875, 0.3246656656265259, 0.3484398126602173, 0.37815749645233154, 0.39375928044319153, 0.4063892960548401, 0.41901931166648865, 0.43239226937294006, 0.43907874822616577, 0.4435364007949829, 0.45468053221702576, 0.4591381847858429, 0.4643387794494629, 0.47028231620788574, 0.48068350553512573, 0.4814264476299286, 0.47919762134552, 0.4777117371559143, 0.4710252583026886, 0.4710252583026886, 0.47548291087150574, 0.4858841001987457, 0.4881129264831543, 0.49554234743118286, 0.5007429122924805, 0.5052005648612976, 0.5074294209480286, 0.5163447260856628, 0.5118870735168457, 0.5193164944648743, 0.5141158699989319, 0.5163447260856628, 0.5260029435157776, 0.5297176837921143, 0.528974711894989, 0.5319464802742004, 0.5326894521713257, 0.5274888277053833, 0.5386329889297485, 0.5401188731193542, 0.5334323644638062, 0.5386329889297485, 0.5430906414985657], "all_token_val_accuracy": [0.0, 0.0, 0.0, 0.0, 0.0007429420365951955, 0.0022288260515779257, 0.008915304206311703, 0.04680534824728966, 0.09063892811536789, 0.15230311453342438, 0.21545319259166718, 0.25705793499946594, 0.29791975021362305, 0.33506685495376587, 0.360326886177063, 0.3818722069263458, 0.3907875120639801, 0.4108469486236572, 0.42050519585609436, 0.4286775588989258, 0.4368499219417572, 0.4487369954586029, 0.4524517059326172, 0.4502228796482086, 0.4509658217430115, 0.4457652270793915, 0.44650816917419434, 0.4524517059326172, 0.4643387794494629, 0.4680534899234772, 0.4762258529663086, 0.48216938972473145, 0.48736998438835144, 0.48885586857795715, 0.5, 0.49554234743118286, 0.5044576525688171, 0.49925705790519714, 0.5, 0.5096582174301147, 0.5141158699989319, 0.5141158699989319, 0.5178306102752686, 0.52080237865448, 0.5170876383781433, 0.5282317996025085, 0.5304605960845947, 0.5237741470336914, 0.5274888277053833, 0.5319464802742004]}}