{"pb_bnew_train_0_4": {"num_of_epochs": 20, "learning_rate": 0.0005, "training_ds_fpath": "_train_0_4", "first_token_val_accuracy": [0.1894502192735672, 0.21916790306568146, 0.19390787184238434, 0.2696879506111145, 0.3566121757030487, 0.37444278597831726, 0.4108469486236572, 0.4353640377521515, 0.46879643201828003, 0.48068350553512573, 0.48736998438835144, 0.4814264476299286, 0.4628528952598572, 0.4695393741130829, 0.47325408458709717, 0.4814264476299286, 0.49034175276756287, 0.5014858841896057, 0.49925705790519714, 0.508172333240509], "all_token_val_accuracy": [0.0, 0.0007429420365951955, 0.011144130490720272, 0.07800891250371933, 0.21545319259166718, 0.2919762134552002, 0.3484398126602173, 0.38484397530555725, 0.4279346168041229, 0.4450222849845886, 0.4554234743118286, 0.4554234743118286, 0.44427934288978577, 0.45988112688064575, 0.4643387794494629, 0.4739970266819, 0.48068350553512573, 0.49257057905197144, 0.48959881067276, 0.4985141158103943]}}