{"pb_bnew_train_2_8": {"num_of_epochs": 50, "learning_rate": 0.0001, "training_ds_fpath": "_train_2_8", "first_token_val_accuracy": [0.0750371441245079, 0.11738484352827072, 0.1485884040594101, 0.15824665129184723, 0.18202079832553864, 0.20282317698001862, 0.2511143982410431, 0.2838038504123688, 0.32169389724731445, 0.3432392179965973, 0.3647845387458801, 0.3818722069263458, 0.4115898907184601, 0.4301634430885315, 0.43759286403656006, 0.4502228796482086, 0.4569093585014343, 0.4621099531650543, 0.4658246636390686, 0.47028231620788574, 0.4739970266819, 0.47548291087150574, 0.4777117371559143, 0.47919762134552, 0.4747399687767029, 0.4739970266819, 0.4814264476299286, 0.48439821600914, 0.4695393741130829, 0.48216938972473145, 0.48885586857795715, 0.49257057905197144, 0.49777117371559143, 0.5, 0.5074294209480286, 0.5089153051376343, 0.5148588418960571, 0.5163447260856628, 0.5096582174301147, 0.5230311751365662, 0.5260029435157776, 0.5326894521713257, 0.5304605960845947, 0.5222882628440857, 0.5260029435157776, 0.5319464802742004, 0.5334323644638062, 0.5349182486534119, 0.5364041328430176, 0.5378900170326233], "all_token_val_accuracy": [0.0, 0.0, 0.0, 0.0, 0.0007429420365951955, 0.001485884073190391, 0.0022288260515779257, 0.006686478387564421, 0.024517087265849113, 0.05423476919531822, 0.10624071210622787, 0.14933134615421295, 0.20950965583324432, 0.2778603136539459, 0.32169389724731445, 0.3580980598926544, 0.3870728015899658, 0.40044575929641724, 0.4130757749080658, 0.42421990633010864, 0.4316493272781372, 0.43907874822616577, 0.44650816917419434, 0.45468053221702576, 0.4509658217430115, 0.4524517059326172, 0.46136701107025146, 0.4658246636390686, 0.4524517059326172, 0.46508172154426575, 0.4739970266819, 0.47919762134552, 0.48514115810394287, 0.4881129264831543, 0.49554234743118286, 0.4970282316207886, 0.5022287964820862, 0.5044576525688171, 0.4985141158103943, 0.5126299858093262, 0.5156017541885376, 0.5222882628440857, 0.5215452909469604, 0.5141158699989319, 0.5178306102752686, 0.5237741470336914, 0.5260029435157776, 0.5282317996025085, 0.5304605960845947, 0.5319464802742004]}}