{"pb_bnew_train_8_4": {"num_of_epochs": 20, "learning_rate": 0.0005, "training_ds_fpath": "_train_8_4", "first_token_val_accuracy": [0.19019316136837006, 0.24962852895259857, 0.1552748829126358, 0.12258543819189072, 0.2132243663072586, 0.39673104882240295, 0.46508172154426575, 0.4814264476299286, 0.48959881067276, 0.49257057905197144, 0.49257057905197144, 0.4829123318195343, 0.4643387794494629, 0.4472511112689972, 0.45988112688064575, 0.4680534899234772, 0.47176820039749146, 0.48068350553512573, 0.48514115810394287, 0.4866270422935486], "all_token_val_accuracy": [0.0, 0.0007429420365951955, 0.0007429420365951955, 0.007429420482367277, 0.0854383334517479, 0.2830609083175659, 0.40713223814964294, 0.4539375901222229, 0.4747399687767029, 0.48068350553512573, 0.48439821600914, 0.4799405634403229, 0.46136701107025146, 0.4450222849845886, 0.4569093585014343, 0.46508172154426575, 0.4680534899234772, 0.47845467925071716, 0.4829123318195343, 0.48439821600914]}}