{"emotion_new_train_3_8": {"num_of_epochs": 30, "learning_rate": 0.0005, "training_ds_fpath": "_train_3_8", "first_token_val_accuracy": [0.2171500027179718, 0.11354999989271164, 0.09440000355243683, 0.2390500009059906, 0.18240000307559967, 0.1647000014781952, 0.15459999442100525, 0.1785999983549118, 0.16249999403953552, 0.19050000607967377, 0.16419999301433563, 0.14665000140666962, 0.16015000641345978, 0.147599995136261, 0.17900000512599945, 0.1746000051498413, 0.16744999587535858, 0.16165000200271606, 0.1670999974012375, 0.17579999566078186, 0.18324999511241913, 0.1648000031709671, 0.1692499965429306, 0.14409999549388885, 0.1700499951839447, 0.1704999953508377, 0.16670000553131104, 0.16609999537467957, 0.16269999742507935, 0.16359999775886536], "all_token_val_accuracy": [0.2171500027179718, 0.11354999989271164, 0.09440000355243683, 0.2390500009059906, 0.18240000307559967, 0.1647000014781952, 0.15459999442100525, 0.1785999983549118, 0.16249999403953552, 0.19050000607967377, 0.16419999301433563, 0.14665000140666962, 0.16015000641345978, 0.147599995136261, 0.17900000512599945, 0.1746000051498413, 0.16744999587535858, 0.16165000200271606, 0.1670999974012375, 0.17579999566078186, 0.18324999511241913, 0.1648000031709671, 0.1692499965429306, 0.14409999549388885, 0.1700499951839447, 0.1704999953508377, 0.16670000553131104, 0.16609999537467957, 0.16269999742507935, 0.16359999775886536]}}