{"emotion_new_train_7_16": {"num_of_epochs": 40, "learning_rate": 0.0001, "training_ds_fpath": "_train_7_16", "first_token_val_accuracy": [0.06835000216960907, 0.05609999969601631, 0.14775000512599945, 0.1501999944448471, 0.1665000021457672, 0.1594499945640564, 0.1545500010251999, 0.17219999432563782, 0.18485000729560852, 0.1830500066280365, 0.2106499969959259, 0.17765000462532043, 0.18925000727176666, 0.19120000302791595, 0.163100004196167, 0.19709999859333038, 0.18084999918937683, 0.19805000722408295, 0.1676499992609024, 0.16930000483989716, 0.18039999902248383, 0.1895499974489212, 0.16869999468326569, 0.17630000412464142, 0.17890000343322754, 0.1732500046491623, 0.19185000658035278, 0.17419999837875366, 0.1923000067472458, 0.17794999480247498, 0.17669999599456787, 0.17694999277591705, 0.1754000037908554, 0.1717499941587448, 0.18244999647140503, 0.17544999718666077, 0.16644999384880066, 0.17520000040531158, 0.18275000154972076, 0.16140000522136688], "all_token_val_accuracy": [0.06835000216960907, 0.05609999969601631, 0.14775000512599945, 0.1501999944448471, 0.1665000021457672, 0.1594499945640564, 0.1545500010251999, 0.17219999432563782, 0.18485000729560852, 0.1830500066280365, 0.2106499969959259, 0.17765000462532043, 0.18925000727176666, 0.19120000302791595, 0.163100004196167, 0.19709999859333038, 0.18084999918937683, 0.19805000722408295, 0.1676499992609024, 0.16930000483989716, 0.18039999902248383, 0.1895499974489212, 0.16869999468326569, 0.17630000412464142, 0.17890000343322754, 0.1732500046491623, 0.19185000658035278, 0.17419999837875366, 0.1923000067472458, 0.17794999480247498, 0.17669999599456787, 0.17694999277591705, 0.1754000037908554, 0.1717499941587448, 0.18244999647140503, 0.17544999718666077, 0.16644999384880066, 0.17520000040531158, 0.18275000154972076, 0.16140000522136688]}}