{"emotion_new_train_6_8": {"num_of_epochs": 30, "learning_rate": 0.0005, "training_ds_fpath": "_train_6_8", "first_token_val_accuracy": [0.0791499987244606, 0.15119999647140503, 0.1940000057220459, 0.1891999989748001, 0.1462000012397766, 0.1868000030517578, 0.16775000095367432, 0.1667499989271164, 0.1720000058412552, 0.18359999358654022, 0.14090000092983246, 0.15725000202655792, 0.18895000219345093, 0.1595499962568283, 0.1717499941587448, 0.17524999380111694, 0.2000499963760376, 0.19185000658035278, 0.18535000085830688, 0.18559999763965607, 0.17915000021457672, 0.16840000450611115, 0.17274999618530273, 0.17560000717639923, 0.17515000700950623, 0.17260000109672546, 0.1554500013589859, 0.1814499944448471, 0.20170000195503235, 0.19850000739097595], "all_token_val_accuracy": [0.0791499987244606, 0.15119999647140503, 0.1940000057220459, 0.1891999989748001, 0.1462000012397766, 0.1868000030517578, 0.16775000095367432, 0.1667499989271164, 0.1720000058412552, 0.18359999358654022, 0.14090000092983246, 0.15725000202655792, 0.18895000219345093, 0.1595499962568283, 0.1717499941587448, 0.17524999380111694, 0.2000499963760376, 0.19185000658035278, 0.18535000085830688, 0.18559999763965607, 0.17915000021457672, 0.16840000450611115, 0.17274999618530273, 0.17560000717639923, 0.17515000700950623, 0.17260000109672546, 0.1554500013589859, 0.1814499944448471, 0.20170000195503235, 0.19850000739097595]}}