{"emotion_new_train_5_16": {"num_of_epochs": 40, "learning_rate": 0.0001, "training_ds_fpath": "_train_5_16", "first_token_val_accuracy": [0.06199999898672104, 0.1148499995470047, 0.19625000655651093, 0.1237500011920929, 0.18520000576972961, 0.14100000262260437, 0.18025000393390656, 0.17505000531673431, 0.187950000166893, 0.18035000562667847, 0.17309999465942383, 0.15109999477863312, 0.15964999794960022, 0.15710000693798065, 0.15424999594688416, 0.16760000586509705, 0.16099999845027924, 0.15150000154972076, 0.15690000355243683, 0.15410000085830688, 0.16455000638961792, 0.16269999742507935, 0.1665000021457672, 0.1497499942779541, 0.1676499992609024, 0.17470000684261322, 0.15684999525547028, 0.15665000677108765, 0.1586499959230423, 0.16314999759197235, 0.16019999980926514, 0.15105000138282776, 0.15029999613761902, 0.15684999525547028, 0.17499999701976776, 0.15815000236034393, 0.15725000202655792, 0.1545500010251999, 0.14980000257492065, 0.16425000131130219], "all_token_val_accuracy": [0.06199999898672104, 0.1148499995470047, 0.19625000655651093, 0.1237500011920929, 0.18520000576972961, 0.14100000262260437, 0.18025000393390656, 0.17505000531673431, 0.187950000166893, 0.18035000562667847, 0.17309999465942383, 0.15109999477863312, 0.15964999794960022, 0.15710000693798065, 0.15424999594688416, 0.16760000586509705, 0.16099999845027924, 0.15150000154972076, 0.15690000355243683, 0.15410000085830688, 0.16455000638961792, 0.16269999742507935, 0.1665000021457672, 0.1497499942779541, 0.1676499992609024, 0.17470000684261322, 0.15684999525547028, 0.15665000677108765, 0.1586499959230423, 0.16314999759197235, 0.16019999980926514, 0.15105000138282776, 0.15029999613761902, 0.15684999525547028, 0.17499999701976776, 0.15815000236034393, 0.15725000202655792, 0.1545500010251999, 0.14980000257492065, 0.16425000131130219]}}