{"emotion_new_train_5_4": {"num_of_epochs": 20, "learning_rate": 0.0005, "training_ds_fpath": "_train_5_4", "first_token_val_accuracy": [0.02005000039935112, 0.12150000035762787, 0.1340000033378601, 0.13619999587535858, 0.17000000178813934, 0.20559999346733093, 0.1550000011920929, 0.16680000722408295, 0.1444000005722046, 0.17000000178813934, 0.1615999937057495, 0.1748500019311905, 0.17520000040531158, 0.15195000171661377, 0.1467999964952469, 0.15139999985694885, 0.15479999780654907, 0.16224999725818634, 0.16439999639987946, 0.17145000398159027], "all_token_val_accuracy": [0.02005000039935112, 0.12150000035762787, 0.1340000033378601, 0.13619999587535858, 0.17000000178813934, 0.20559999346733093, 0.1550000011920929, 0.16680000722408295, 0.1444000005722046, 0.17000000178813934, 0.1615999937057495, 0.1748500019311905, 0.17520000040531158, 0.15195000171661377, 0.1467999964952469, 0.15139999985694885, 0.15479999780654907, 0.16224999725818634, 0.16439999639987946, 0.17145000398159027]}}