{"airline_train_6_32": {"num_of_epochs": 5, "learning_rate": 0.0001, "training_ds_fpath": "_train_6_32", "first_token_val_accuracy": [0.6927595734596252, 0.4930327832698822, 0.6562841534614563, 0.6076502799987793, 0.6489071249961853], "all_token_val_accuracy": [0.6927595734596252, 0.4930327832698822, 0.6562841534614563, 0.6076502799987793, 0.6489071249961853]}}