{"airline_train_9_8": {"num_of_epochs": 50, "learning_rate": 0.001, "training_ds_fpath": "_train_9_8", "first_token_val_accuracy": [0.5960382223129272, 0.327322393655777, 0.6912568211555481, 0.6066939830780029, 0.6517759561538696, 0.6956284046173096, 0.7060109376907349, 0.6642076373100281, 0.7180327773094177, 0.5834699273109436, 0.5435792207717896, 0.612158477306366, 0.7028688788414001, 0.7178961634635925, 0.7139344215393066, 0.7098360657691956, 0.7069672346115112, 0.700683057308197, 0.6964480876922607, 0.6948087215423584, 0.6923497319221497, 0.6937158703804016, 0.69590163230896, 0.6946721076965332, 0.6938524842262268, 0.6941257119178772, 0.6922131180763245, 0.6938524842262268, 0.694535493850708, 0.6935792565345764, 0.693989098072052, 0.6942622661590576, 0.6927595734596252, 0.6923497319221497, 0.6919398903846741, 0.6912568211555481, 0.6915300488471985, 0.6849727034568787, 0.6771857738494873, 0.6739071011543274, 0.6725409626960754, 0.6709016561508179, 0.6709016561508179, 0.6711748838424683, 0.6693989038467407, 0.6692622900009155, 0.6695355176925659, 0.6689890623092651, 0.6689890623092651, 0.6691256761550903], "all_token_val_accuracy": [0.5960382223129272, 0.327322393655777, 0.6912568211555481, 0.6066939830780029, 0.6517759561538696, 0.6956284046173096, 0.7060109376907349, 0.6642076373100281, 0.7180327773094177, 0.5834699273109436, 0.5435792207717896, 0.612158477306366, 0.7028688788414001, 0.7178961634635925, 0.7139344215393066, 0.7098360657691956, 0.7069672346115112, 0.700683057308197, 0.6964480876922607, 0.6948087215423584, 0.6923497319221497, 0.6937158703804016, 0.69590163230896, 0.6946721076965332, 0.6938524842262268, 0.6941257119178772, 0.6922131180763245, 0.6938524842262268, 0.694535493850708, 0.6935792565345764, 0.693989098072052, 0.6942622661590576, 0.6927595734596252, 0.6923497319221497, 0.6919398903846741, 0.6912568211555481, 0.6915300488471985, 0.6849727034568787, 0.6771857738494873, 0.6739071011543274, 0.6725409626960754, 0.6709016561508179, 0.6709016561508179, 0.6711748838424683, 0.6693989038467407, 0.6692622900009155, 0.6695355176925659, 0.6689890623092651, 0.6689890623092651, 0.6691256761550903]}}