{"airline_train_7_8": {"num_of_epochs": 30, "learning_rate": 0.0005, "training_ds_fpath": "_train_7_8", "first_token_val_accuracy": [0.6625683307647705, 0.22418032586574554, 0.5938524603843689, 0.45273223519325256, 0.6168032884597778, 0.672267735004425, 0.6474043726921082, 0.41202184557914734, 0.6144808530807495, 0.6316940188407898, 0.602732241153717, 0.639207661151886, 0.6454917788505554, 0.5580601096153259, 0.5823770761489868, 0.6211748719215393, 0.6143442392349243, 0.6300546526908875, 0.6426229476928711, 0.6476776003837585, 0.6510928869247437, 0.6519125699996948, 0.6566939949989319, 0.6577869057655334, 0.6577869057655334, 0.6577869057655334, 0.6569672226905823, 0.6506830453872681, 0.6478142142295837, 0.6430327892303467], "all_token_val_accuracy": [0.6625683307647705, 0.22418032586574554, 0.5938524603843689, 0.45273223519325256, 0.6168032884597778, 0.672267735004425, 0.6474043726921082, 0.41202184557914734, 0.6144808530807495, 0.6316940188407898, 0.602732241153717, 0.639207661151886, 0.6454917788505554, 0.5580601096153259, 0.5823770761489868, 0.6211748719215393, 0.6143442392349243, 0.6300546526908875, 0.6426229476928711, 0.6476776003837585, 0.6510928869247437, 0.6519125699996948, 0.6566939949989319, 0.6577869057655334, 0.6577869057655334, 0.6577869057655334, 0.6569672226905823, 0.6506830453872681, 0.6478142142295837, 0.6430327892303467]}}