{"airline_train_2_16": {"num_of_epochs": 5, "learning_rate": 0.001, "training_ds_fpath": "_train_2_16", "first_token_val_accuracy": [0.2663934528827667, 0.5456284284591675, 0.6501365900039673, 0.6912568211555481, 0.6683059930801392], "all_token_val_accuracy": [0.2663934528827667, 0.5456284284591675, 0.6501365900039673, 0.6912568211555481, 0.6683059930801392]}}