{"airline_train_7_32": {"num_of_epochs": 30, "learning_rate": 0.0001, "training_ds_fpath": "_train_7_32", "first_token_val_accuracy": [0.07759562879800797, 0.7079234719276428, 0.700683057308197, 0.4543715715408325, 0.6702185869216919, 0.7137978076934814, 0.6964480876922607, 0.714207649230957, 0.7131147384643555, 0.5928961634635925, 0.6862021684646606, 0.7053278684616089, 0.7165300250053406, 0.6766393184661865, 0.6993169188499451, 0.6967213153839111, 0.6479508280754089, 0.6874316930770874, 0.699999988079071, 0.5954918265342712, 0.7202185988426208, 0.6647540926933289, 0.6857923269271851, 0.7050546407699585, 0.7153005599975586, 0.6842896342277527, 0.7169398665428162, 0.6881147623062134, 0.7008196711540222, 0.6789617538452148], "all_token_val_accuracy": [0.07759562879800797, 0.7079234719276428, 0.700683057308197, 0.4543715715408325, 0.6702185869216919, 0.7137978076934814, 0.6964480876922607, 0.714207649230957, 0.7131147384643555, 0.5928961634635925, 0.6862021684646606, 0.7053278684616089, 0.7165300250053406, 0.6766393184661865, 0.6993169188499451, 0.6967213153839111, 0.6479508280754089, 0.6874316930770874, 0.699999988079071, 0.5954918265342712, 0.7202185988426208, 0.6647540926933289, 0.6857923269271851, 0.7050546407699585, 0.7153005599975586, 0.6842896342277527, 0.7169398665428162, 0.6881147623062134, 0.7008196711540222, 0.6789617538452148]}}