{"airline_train_5_32": {"num_of_epochs": 10, "learning_rate": 1e-05, "training_ds_fpath": "_train_5_32", "first_token_val_accuracy": [0.0, 0.0, 0.0, 0.0, 0.0, 0.0, 0.00040983606595546007, 0.004918032791465521, 0.07390710711479187, 0.458469957113266], "all_token_val_accuracy": [0.0, 0.0, 0.0, 0.0, 0.0, 0.0, 0.00040983606595546007, 0.004918032791465521, 0.07390710711479187, 0.458469957113266]}}