{"airline_train_0_16": {"num_of_epochs": 40, "learning_rate": 0.001, "training_ds_fpath": "_train_0_16", "first_token_val_accuracy": [0.5408470034599304, 0.5281420946121216, 0.6726775765419006, 0.5796447992324829, 0.6845628619194031, 0.7245901823043823, 0.6635245680809021, 0.708060085773468, 0.7166666388511658, 0.7124316692352295, 0.731010913848877, 0.7219945192337036, 0.715573787689209, 0.7255464196205139, 0.6793715953826904, 0.660792350769043, 0.23032787442207336, 0.20942622423171997, 0.20942622423171997, 0.20942622423171997, 0.20942622423171997, 0.20942622423171997, 0.1662568300962448, 0.1662568300962448, 0.1662568300962448, 0.1662568300962448, 0.21065573394298553, 0.6245901584625244, 0.1665300577878952, 0.6247267723083496, 0.1665300577878952, 0.2117486298084259, 0.6258196830749512, 0.21434426307678223, 0.21748633682727814, 0.7028688788414001, 0.7117486596107483, 0.6868852376937866, 0.7122950553894043, 0.41461747884750366], "all_token_val_accuracy": [0.5408470034599304, 0.5281420946121216, 0.6726775765419006, 0.5796447992324829, 0.6845628619194031, 0.7245901823043823, 0.6635245680809021, 0.708060085773468, 0.7166666388511658, 0.7124316692352295, 0.731010913848877, 0.7219945192337036, 0.715573787689209, 0.7255464196205139, 0.6793715953826904, 0.660792350769043, 0.23032787442207336, 0.20942622423171997, 0.20942622423171997, 0.20942622423171997, 0.20942622423171997, 0.20942622423171997, 0.1662568300962448, 0.1662568300962448, 0.1662568300962448, 0.1662568300962448, 0.21065573394298553, 0.6245901584625244, 0.1665300577878952, 0.6247267723083496, 0.1665300577878952, 0.2117486298084259, 0.6258196830749512, 0.21434426307678223, 0.21748633682727814, 0.7028688788414001, 0.7117486596107483, 0.6868852376937866, 0.7122950553894043, 0.41461747884750366]}}