{"airline_train_0_32": {"num_of_epochs": 30, "learning_rate": 0.001, "training_ds_fpath": "_train_0_32", "first_token_val_accuracy": [0.7140710353851318, 0.7195355296134949, 0.710109293460846, 0.7273223996162415, 0.7076502442359924, 0.7457650303840637, 0.6620218753814697, 0.7221311330795288, 0.7463114857673645, 0.7479507923126221, 0.7330601215362549, 0.733879804611206, 0.7539617419242859, 0.7508196830749512, 0.750683069229126, 0.7233606576919556, 0.5199453830718994, 0.6530054807662964, 0.6948087215423584, 0.7416666746139526, 0.6882513761520386, 0.7363387942314148, 0.7282786965370178, 0.7255464196205139, 0.700683057308197, 0.7200819849967957, 0.6771857738494873, 0.6637977957725525, 0.6336065530776978, 0.5879781246185303], "all_token_val_accuracy": [0.7140710353851318, 0.7195355296134949, 0.710109293460846, 0.7273223996162415, 0.7076502442359924, 0.7457650303840637, 0.6620218753814697, 0.7221311330795288, 0.7463114857673645, 0.7479507923126221, 0.7330601215362549, 0.733879804611206, 0.7539617419242859, 0.7508196830749512, 0.750683069229126, 0.7233606576919556, 0.5199453830718994, 0.652732253074646, 0.6948087215423584, 0.7416666746139526, 0.6882513761520386, 0.7363387942314148, 0.7282786965370178, 0.7255464196205139, 0.700683057308197, 0.7200819849967957, 0.6771857738494873, 0.6637977957725525, 0.6336065530776978, 0.5879781246185303]}}