{"airline_train_7_4": {"num_of_epochs": 30, "learning_rate": 0.0001, "training_ds_fpath": "_train_7_4", "first_token_val_accuracy": [0.0, 0.0, 0.0, 0.0, 0.00013661202683579177, 0.015573770739138126, 0.4681693911552429, 0.6516393423080444, 0.6479508280754089, 0.6700819730758667, 0.6823770403862, 0.6997267603874207, 0.5004098415374756, 0.3968579173088074, 0.4244535565376282, 0.575683057308197, 0.6700819730758667, 0.6539617776870728, 0.6189890503883362, 0.6016393303871155, 0.6572404503822327, 0.6769125461578369, 0.6663934588432312, 0.6467213034629822, 0.6187158226966858, 0.6579235196113586, 0.6825136542320251, 0.6807377338409424, 0.6799180507659912, 0.6632513403892517], "all_token_val_accuracy": [0.0, 0.0, 0.0, 0.0, 0.00013661202683579177, 0.015573770739138126, 0.4681693911552429, 0.6516393423080444, 0.6479508280754089, 0.6700819730758667, 0.6823770403862, 0.6997267603874207, 0.5004098415374756, 0.3968579173088074, 0.4244535565376282, 0.575683057308197, 0.6700819730758667, 0.6539617776870728, 0.6189890503883362, 0.6016393303871155, 0.6572404503822327, 0.6769125461578369, 0.6663934588432312, 0.6467213034629822, 0.6187158226966858, 0.6579235196113586, 0.6825136542320251, 0.6807377338409424, 0.6799180507659912, 0.6632513403892517]}}