{"airline_train_4_32": {"num_of_epochs": 5, "learning_rate": 0.0005, "training_ds_fpath": "_train_4_32", "first_token_val_accuracy": [0.7012295126914978, 0.723633885383606, 0.7321038246154785, 0.6721311211585999, 0.7356557250022888], "all_token_val_accuracy": [0.7012295126914978, 0.723633885383606, 0.7321038246154785, 0.6721311211585999, 0.7356557250022888]}}