{"airline_train_9_8": {"num_of_epochs": 50, "learning_rate": 0.0001, "training_ds_fpath": "_train_9_8", "first_token_val_accuracy": [0.0, 0.0, 0.004781420808285475, 0.6490437388420105, 0.6838797926902771, 0.7019125819206238, 0.3959016501903534, 0.6203551888465881, 0.6848360896110535, 0.4136612117290497, 0.6629781126976013, 0.6846994757652283, 0.6095628142356873, 0.5677595734596252, 0.6622951030731201, 0.5797814130783081, 0.5819672346115112, 0.5726776123046875, 0.5816940069198608, 0.5489071011543274, 0.5859289765357971, 0.612158477306366, 0.6113387942314148, 0.59795081615448, 0.6004098653793335, 0.6300546526908875, 0.5744535326957703, 0.6217213273048401, 0.6168032884597778, 0.5334699749946594, 0.556010901927948, 0.5815573930740356, 0.6005464196205139, 0.6068305969238281, 0.6065573692321777, 0.6049180030822754, 0.6251366138458252, 0.6061475276947021, 0.5230874419212341, 0.673633873462677, 0.65204918384552, 0.5691257119178772, 0.5375683307647705, 0.596584677696228, 0.6054644584655762, 0.6036885380744934, 0.5232240557670593, 0.5525956153869629, 0.604098379611969, 0.6170765161514282], "all_token_val_accuracy": [0.0, 0.0, 0.004781420808285475, 0.6490437388420105, 0.6838797926902771, 0.7019125819206238, 0.3959016501903534, 0.6203551888465881, 0.6848360896110535, 0.4136612117290497, 0.6629781126976013, 0.6846994757652283, 0.6095628142356873, 0.5677595734596252, 0.6622951030731201, 0.5797814130783081, 0.5819672346115112, 0.5726776123046875, 0.5816940069198608, 0.5489071011543274, 0.5859289765357971, 0.612158477306366, 0.6113387942314148, 0.59795081615448, 0.6004098653793335, 0.6300546526908875, 0.5744535326957703, 0.6217213273048401, 0.6168032884597778, 0.5334699749946594, 0.556010901927948, 0.5815573930740356, 0.6005464196205139, 0.6068305969238281, 0.6065573692321777, 0.6049180030822754, 0.6251366138458252, 0.6061475276947021, 0.5230874419212341, 0.673633873462677, 0.65204918384552, 0.5691257119178772, 0.5375683307647705, 0.596584677696228, 0.6054644584655762, 0.6036885380744934, 0.5232240557670593, 0.5525956153869629, 0.604098379611969, 0.6170765161514282]}}