{"airline_train_8_32": {"num_of_epochs": 40, "learning_rate": 1e-05, "training_ds_fpath": "_train_8_32", "first_token_val_accuracy": [0.0, 0.0, 0.0, 0.0, 0.0, 0.0, 0.004781420808285475, 0.15846994519233704, 0.6286885142326355, 0.66557377576828, 0.664890706539154, 0.6725409626960754, 0.6819671988487244, 0.6969945430755615, 0.6991803050041199, 0.714207649230957, 0.681693971157074, 0.6539617776870728, 0.6725409626960754, 0.6312841773033142, 0.6770491600036621, 0.6840164065361023, 0.632377028465271, 0.6640710234642029, 0.6571038365364075, 0.6647540926933289, 0.673633873462677, 0.680464506149292, 0.693989098072052, 0.6860655546188354, 0.6591529846191406, 0.6881147623062134, 0.7049180269241333, 0.6774590015411377, 0.6751366257667542, 0.6867486238479614, 0.7233606576919556, 0.6912568211555481, 0.6941257119178772, 0.7056010961532593], "all_token_val_accuracy": [0.0, 0.0, 0.0, 0.0, 0.0, 0.0, 0.004781420808285475, 0.15846994519233704, 0.6286885142326355, 0.66557377576828, 0.664890706539154, 0.6725409626960754, 0.6819671988487244, 0.6969945430755615, 0.6991803050041199, 0.714207649230957, 0.681693971157074, 0.6539617776870728, 0.6725409626960754, 0.6312841773033142, 0.6770491600036621, 0.6840164065361023, 0.632377028465271, 0.6640710234642029, 0.6571038365364075, 0.6647540926933289, 0.673633873462677, 0.680464506149292, 0.693989098072052, 0.6860655546188354, 0.6591529846191406, 0.6881147623062134, 0.7049180269241333, 0.6774590015411377, 0.6751366257667542, 0.6867486238479614, 0.7233606576919556, 0.6912568211555481, 0.6941257119178772, 0.7056010961532593]}}