{"airline_train_3_8": {"num_of_epochs": 10, "learning_rate": 0.0005, "training_ds_fpath": "_train_3_8", "first_token_val_accuracy": [0.5887978076934814, 0.22035519778728485, 0.6056010723114014, 0.6419398784637451, 0.6066939830780029, 0.7461748719215393, 0.7050546407699585, 0.6547814011573792, 0.6718579530715942, 0.6825136542320251], "all_token_val_accuracy": [0.5887978076934814, 0.22035519778728485, 0.6056010723114014, 0.6419398784637451, 0.6066939830780029, 0.7461748719215393, 0.7050546407699585, 0.6547814011573792, 0.6718579530715942, 0.6825136542320251]}}