{"airline_train_9_4": {"num_of_epochs": 30, "learning_rate": 0.0005, "training_ds_fpath": "_train_9_4", "first_token_val_accuracy": [0.0010928962146863341, 0.643989086151123, 0.6004098653793335, 0.21571038663387299, 0.6590163707733154, 0.6565573811531067, 0.5159835815429688, 0.63852459192276, 0.6172131299972534, 0.624316930770874, 0.5433059930801392, 0.5001366138458252, 0.5184426307678223, 0.542486310005188, 0.5374317169189453, 0.5303278565406799, 0.5341529846191406, 0.5542349815368652, 0.5534152984619141, 0.5601093173027039, 0.5699453353881836, 0.5849726796150208, 0.5887978076934814, 0.589207649230957, 0.5980874300003052, 0.6017759442329407, 0.6020491719245911, 0.6030054688453674, 0.6043716073036194, 0.6058743000030518], "all_token_val_accuracy": [0.0010928962146863341, 0.643989086151123, 0.6004098653793335, 0.21571038663387299, 0.6590163707733154, 0.6565573811531067, 0.5159835815429688, 0.63852459192276, 0.6172131299972534, 0.624316930770874, 0.5433059930801392, 0.5001366138458252, 0.5184426307678223, 0.542486310005188, 0.5374317169189453, 0.5303278565406799, 0.5341529846191406, 0.5542349815368652, 0.5534152984619141, 0.5601093173027039, 0.5699453353881836, 0.5849726796150208, 0.5887978076934814, 0.589207649230957, 0.5980874300003052, 0.6017759442329407, 0.6020491719245911, 0.6030054688453674, 0.6043716073036194, 0.6058743000030518]}}