{"airline_train_0_16": {"num_of_epochs": 40, "learning_rate": 0.0005, "training_ds_fpath": "_train_0_16", "first_token_val_accuracy": [0.5629781484603882, 0.26912567019462585, 0.5663934350013733, 0.6521857976913452, 0.6938524842262268, 0.7036885023117065, 0.5811475515365601, 0.7143442630767822, 0.7039617300033569, 0.6905737519264221, 0.7105191349983215, 0.7008196711540222, 0.7030054926872253, 0.7004098296165466, 0.6948087215423584, 0.6982240676879883, 0.6979508399963379, 0.6994535326957703, 0.7012295126914978, 0.7002732157707214, 0.7002732157707214, 0.7008196711540222, 0.7010928988456726, 0.7010928988456726, 0.706830620765686, 0.7071038484573364, 0.708060085773468, 0.7083333134651184, 0.7132513523101807, 0.7143442630767822, 0.7139344215393066, 0.7144808769226074, 0.7207650542259216, 0.7209016680717468, 0.7206284403800964, 0.7211748361587524, 0.7196721434593201, 0.7200819849967957, 0.7193989157676697, 0.7154371738433838], "all_token_val_accuracy": [0.5629781484603882, 0.26912567019462585, 0.5663934350013733, 0.6521857976913452, 0.6938524842262268, 0.7036885023117065, 0.5811475515365601, 0.7143442630767822, 0.7039617300033569, 0.6905737519264221, 0.7105191349983215, 0.7008196711540222, 0.7030054926872253, 0.7004098296165466, 0.6948087215423584, 0.6982240676879883, 0.6979508399963379, 0.6994535326957703, 0.7012295126914978, 0.7002732157707214, 0.7002732157707214, 0.7008196711540222, 0.7010928988456726, 0.7010928988456726, 0.706830620765686, 0.7071038484573364, 0.708060085773468, 0.7083333134651184, 0.7132513523101807, 0.7143442630767822, 0.7139344215393066, 0.7144808769226074, 0.7207650542259216, 0.7209016680717468, 0.7206284403800964, 0.7211748361587524, 0.7196721434593201, 0.7200819849967957, 0.7193989157676697, 0.7154371738433838]}}