{"airline_train_0_4": {"num_of_epochs": 20, "learning_rate": 0.0001, "training_ds_fpath": "_train_0_4", "first_token_val_accuracy": [0.0, 0.0, 0.0, 0.0, 0.00013661202683579177, 0.005601092707365751, 0.18579235672950745, 0.6357923746109009, 0.6896175146102905, 0.6883879899978638, 0.6965847015380859, 0.7088797688484192, 0.672950804233551, 0.563524603843689, 0.49480873346328735, 0.5759562849998474, 0.6092896461486816, 0.652732253074646, 0.6588797569274902, 0.6255464553833008], "all_token_val_accuracy": [0.0, 0.0, 0.0, 0.0, 0.00013661202683579177, 0.005601092707365751, 0.18579235672950745, 0.6357923746109009, 0.6896175146102905, 0.6883879899978638, 0.6965847015380859, 0.7088797688484192, 0.672950804233551, 0.563524603843689, 0.49480873346328735, 0.5759562849998474, 0.6092896461486816, 0.652732253074646, 0.6588797569274902, 0.6255464553833008]}}