{"airline_train_8_32": {"num_of_epochs": 20, "learning_rate": 1e-05, "training_ds_fpath": "_train_8_32", "first_token_val_accuracy": [0.0, 0.0, 0.0, 0.0, 0.0, 0.0, 0.0009562841732986271, 0.02254098281264305, 0.35601094365119934, 0.6591529846191406, 0.6620218753814697, 0.6668033003807068, 0.675000011920929, 0.6920765042304993, 0.7024590373039246, 0.7151639461517334, 0.7109289765357971, 0.6931694149971008, 0.6853824853897095, 0.6903005242347717], "all_token_val_accuracy": [0.0, 0.0, 0.0, 0.0, 0.0, 0.0, 0.0009562841732986271, 0.02254098281264305, 0.35601094365119934, 0.6591529846191406, 0.6620218753814697, 0.6668033003807068, 0.675000011920929, 0.6920765042304993, 0.7024590373039246, 0.7151639461517334, 0.7109289765357971, 0.6931694149971008, 0.6853824853897095, 0.6903005242347717]}}