{"airline_train_0_16": {"num_of_epochs": 30, "learning_rate": 1e-05, "training_ds_fpath": "_train_0_16", "first_token_val_accuracy": [0.0, 0.0, 0.0, 0.0, 0.0, 0.0, 0.0, 0.0, 0.0, 0.0, 0.0, 0.0, 0.0, 0.0, 0.0, 0.00040983606595546007, 0.0008196721319109201, 0.004098360426723957, 0.012978142127394676, 0.0450819656252861, 0.12909835577011108, 0.28592896461486816, 0.48415300250053406, 0.6155737638473511, 0.6677595376968384, 0.6806011199951172, 0.6857923269271851, 0.6846994757652283, 0.6845628619194031, 0.6860655546188354], "all_token_val_accuracy": [0.0, 0.0, 0.0, 0.0, 0.0, 0.0, 0.0, 0.0, 0.0, 0.0, 0.0, 0.0, 0.0, 0.0, 0.0, 0.00040983606595546007, 0.0008196721319109201, 0.004098360426723957, 0.012978142127394676, 0.0450819656252861, 0.12909835577011108, 0.28592896461486816, 0.48415300250053406, 0.6155737638473511, 0.6677595376968384, 0.6806011199951172, 0.6857923269271851, 0.6846994757652283, 0.6845628619194031, 0.6860655546188354]}}