{"airline_train_7_16": {"num_of_epochs": 40, "learning_rate": 1e-05, "training_ds_fpath": "_train_7_16", "first_token_val_accuracy": [0.0, 0.0, 0.0, 0.0, 0.0, 0.0, 0.0, 0.0, 0.0, 0.0, 0.0, 0.0, 0.00027322405367158353, 0.0021857924293726683, 0.009426229633390903, 0.05833333358168602, 0.2218579202890396, 0.5221311450004578, 0.6586065292358398, 0.67909836769104, 0.6745901703834534, 0.6703552007675171, 0.6710382699966431, 0.6726775765419006, 0.6770491600036621, 0.6812841296195984, 0.6867486238479614, 0.6922131180763245, 0.7001366019248962, 0.7034152746200562, 0.7106557488441467, 0.7106557488441467, 0.7077868580818176, 0.7043715715408325, 0.6937158703804016, 0.6789617538452148, 0.6599726676940918, 0.6904371380805969, 0.6943988800048828, 0.6887978315353394], "all_token_val_accuracy": [0.0, 0.0, 0.0, 0.0, 0.0, 0.0, 0.0, 0.0, 0.0, 0.0, 0.0, 0.0, 0.00027322405367158353, 0.0021857924293726683, 0.009426229633390903, 0.05833333358168602, 0.2218579202890396, 0.5221311450004578, 0.6586065292358398, 0.67909836769104, 0.6745901703834534, 0.6703552007675171, 0.6710382699966431, 0.6726775765419006, 0.6770491600036621, 0.6812841296195984, 0.6867486238479614, 0.6922131180763245, 0.7001366019248962, 0.7034152746200562, 0.7106557488441467, 0.7106557488441467, 0.7077868580818176, 0.7043715715408325, 0.6937158703804016, 0.6789617538452148, 0.6599726676940918, 0.6904371380805969, 0.6943988800048828, 0.6887978315353394]}}