{"airline_train_9_32": {"num_of_epochs": 40, "learning_rate": 0.0005, "training_ds_fpath": "_train_9_32", "first_token_val_accuracy": [0.7064207792282104, 0.20942622423171997, 0.20942622423171997, 0.1662568300962448, 0.2504098415374756, 0.6322404146194458, 0.7157104015350342, 0.7005464434623718, 0.7386612296104431, 0.7090163826942444, 0.7545081973075867, 0.7400273084640503, 0.7064207792282104, 0.7095628380775452, 0.7321038246154785, 0.7266393303871155, 0.728415310382843, 0.7378415465354919, 0.7362021803855896, 0.7323770523071289, 0.7360655665397644, 0.7360655665397644, 0.7113388180732727, 0.7121584415435791, 0.7143442630767822, 0.7178961634635925, 0.7461748719215393, 0.7461748719215393, 0.7452185750007629, 0.7449453473091125, 0.7428961992263794, 0.7434425950050354, 0.7450819611549377, 0.7452185750007629, 0.7461748719215393, 0.7463114857673645, 0.7464480996131897, 0.7461748719215393, 0.7461748719215393, 0.7460382580757141], "all_token_val_accuracy": [0.7064207792282104, 0.20942622423171997, 0.20942622423171997, 0.1662568300962448, 0.2504098415374756, 0.6322404146194458, 0.7157104015350342, 0.7005464434623718, 0.7386612296104431, 0.7090163826942444, 0.7545081973075867, 0.7400273084640503, 0.7064207792282104, 0.7095628380775452, 0.7321038246154785, 0.7266393303871155, 0.728415310382843, 0.7378415465354919, 0.7362021803855896, 0.7323770523071289, 0.7360655665397644, 0.7360655665397644, 0.7113388180732727, 0.7121584415435791, 0.7143442630767822, 0.7178961634635925, 0.7461748719215393, 0.7461748719215393, 0.7452185750007629, 0.7449453473091125, 0.7428961992263794, 0.7434425950050354, 0.7450819611549377, 0.7452185750007629, 0.7461748719215393, 0.7463114857673645, 0.7464480996131897, 0.7461748719215393, 0.7461748719215393, 0.7460382580757141]}}