{"airline_train_0_32": {"num_of_epochs": 50, "learning_rate": 0.0005, "training_ds_fpath": "_train_0_32", "first_token_val_accuracy": [0.3158470094203949, 0.5853825211524963, 0.687841534614563, 0.7562841773033142, 0.7390710115432739, 0.7415300607681274, 0.7532786726951599, 0.7598360776901245, 0.7568305730819702, 0.7556011080741882, 0.7575136423110962, 0.7397540807723999, 0.7474043965339661, 0.7401639223098755, 0.7657103538513184, 0.7271857857704163, 0.7301912307739258, 0.7443988919258118, 0.7420765161514282, 0.7366120219230652, 0.744535505771637, 0.7685792446136475, 0.7116120457649231, 0.741256833076477, 0.7016393542289734, 0.7508196830749512, 0.7519125938415527, 0.7316939830780029, 0.7408469915390015, 0.7539617419242859, 0.7588797807693481, 0.7592896223068237, 0.7504098415374756, 0.7483606338500977, 0.7456284165382385, 0.7478141784667969, 0.7296448349952698, 0.7553278803825378, 0.6887978315353394, 0.7206284403800964, 0.6930328011512756, 0.757377028465271, 0.7015027403831482, 0.7002732157707214, 0.716256856918335, 0.7202185988426208, 0.7243169546127319, 0.7245901823043823, 0.7254098653793335, 0.7252732515335083], "all_token_val_accuracy": [0.3158470094203949, 0.5853825211524963, 0.687841534614563, 0.7562841773033142, 0.7390710115432739, 0.7415300607681274, 0.7532786726951599, 0.7598360776901245, 0.7568305730819702, 0.7556011080741882, 0.7575136423110962, 0.7397540807723999, 0.7474043965339661, 0.7401639223098755, 0.7657103538513184, 0.7271857857704163, 0.7301912307739258, 0.7443988919258118, 0.7420765161514282, 0.7366120219230652, 0.744535505771637, 0.7685792446136475, 0.7116120457649231, 0.741256833076477, 0.7016393542289734, 0.7508196830749512, 0.7519125938415527, 0.7316939830780029, 0.7408469915390015, 0.7539617419242859, 0.7588797807693481, 0.7592896223068237, 0.7504098415374756, 0.7483606338500977, 0.7456284165382385, 0.7478141784667969, 0.7296448349952698, 0.7553278803825378, 0.6887978315353394, 0.7206284403800964, 0.6930328011512756, 0.757377028465271, 0.7015027403831482, 0.7002732157707214, 0.716256856918335, 0.7202185988426208, 0.7243169546127319, 0.7245901823043823, 0.7254098653793335, 0.7252732515335083]}}