{"airline_train_5_16": {"num_of_epochs": 20, "learning_rate": 0.001, "training_ds_fpath": "_train_5_16", "first_token_val_accuracy": [0.40204918384552, 0.382103830575943, 0.6969945430755615, 0.6644808650016785, 0.6573770642280579, 0.6695355176925659, 0.6530054807662964, 0.6997267603874207, 0.7069672346115112, 0.6967213153839111, 0.7107923626899719, 0.713524580001831, 0.7098360657691956, 0.7118852734565735, 0.7099726796150208, 0.7054644823074341, 0.7064207792282104, 0.7110655903816223, 0.7103825211524963, 0.7084699273109436], "all_token_val_accuracy": [0.40204918384552, 0.382103830575943, 0.6969945430755615, 0.6644808650016785, 0.6573770642280579, 0.6695355176925659, 0.6530054807662964, 0.6997267603874207, 0.7069672346115112, 0.6967213153839111, 0.7107923626899719, 0.713524580001831, 0.7098360657691956, 0.7118852734565735, 0.7099726796150208, 0.7054644823074341, 0.7064207792282104, 0.7110655903816223, 0.7103825211524963, 0.7084699273109436]}}