{"airline_train_8_32": {"num_of_epochs": 40, "learning_rate": 0.0001, "training_ds_fpath": "_train_8_32", "first_token_val_accuracy": [0.6419398784637451, 0.2561475336551666, 0.5290983319282532, 0.6480874419212341, 0.7228142023086548, 0.6280054450035095, 0.7459016442298889, 0.7577868700027466, 0.7437158226966858, 0.7366120219230652, 0.7594262361526489, 0.7601093053817749, 0.742622971534729, 0.7650273442268372, 0.7631147503852844, 0.7482240200042725, 0.7326502799987793, 0.7471311688423157, 0.7538251280784607, 0.7307376861572266, 0.7598360776901245, 0.7572404146194458, 0.7557377219200134, 0.758060097694397, 0.7344262003898621, 0.7606557607650757, 0.7602459192276001, 0.7461748719215393, 0.7479507923126221, 0.7416666746139526, 0.7509562969207764, 0.7543715834617615, 0.7569671869277954, 0.7629781365394592, 0.7517759799957275, 0.7543715834617615, 0.7431694269180298, 0.7416666746139526, 0.7531420588493347, 0.7352458834648132], "all_token_val_accuracy": [0.6419398784637451, 0.2561475336551666, 0.5290983319282532, 0.6480874419212341, 0.7228142023086548, 0.6280054450035095, 0.7459016442298889, 0.7577868700027466, 0.7437158226966858, 0.7366120219230652, 0.7594262361526489, 0.7601093053817749, 0.742622971534729, 0.7650273442268372, 0.7631147503852844, 0.7482240200042725, 0.7326502799987793, 0.7471311688423157, 0.7538251280784607, 0.7307376861572266, 0.7598360776901245, 0.7572404146194458, 0.7557377219200134, 0.758060097694397, 0.7344262003898621, 0.7606557607650757, 0.7602459192276001, 0.7461748719215393, 0.7479507923126221, 0.7416666746139526, 0.7509562969207764, 0.7543715834617615, 0.7569671869277954, 0.7629781365394592, 0.7517759799957275, 0.7543715834617615, 0.7431694269180298, 0.7416666746139526, 0.7531420588493347, 0.7352458834648132]}}