{"airline_train_2_4": {"num_of_epochs": 50, "learning_rate": 0.001, "training_ds_fpath": "_train_2_4", "first_token_val_accuracy": [0.6653005480766296, 0.5706284046173096, 0.22295081615447998, 0.6120218634605408, 0.6553278565406799, 0.6730874180793762, 0.5234972834587097, 0.40491804480552673, 0.4927595555782318, 0.4752732217311859, 0.6709016561508179, 0.7213114500045776, 0.729098379611969, 0.6784152984619141, 0.6056010723114014, 0.5759562849998474, 0.5711748600006104, 0.5627049207687378, 0.6120218634605408, 0.6721311211585999, 0.7040983438491821, 0.7213114500045776, 0.7299180030822754, 0.7308743000030518, 0.7334699630737305, 0.7218579053878784, 0.6963114738464355, 0.6814207434654236, 0.6725409626960754, 0.6661202311515808, 0.661475419998169, 0.6703552007675171, 0.6785519123077393, 0.6829234957695007, 0.6728141903877258, 0.6650273203849792, 0.6636611819267273, 0.6625683307647705, 0.6629781126976013, 0.6627049446105957, 0.6657103896141052, 0.6673497557640076, 0.6680327653884888, 0.6672131419181824, 0.6668033003807068, 0.6666666865348816, 0.6658470034599304, 0.6659836173057556, 0.6651639342308044, 0.6651639342308044], "all_token_val_accuracy": [0.6653005480766296, 0.5706284046173096, 0.22295081615447998, 0.6120218634605408, 0.6553278565406799, 0.6730874180793762, 0.5234972834587097, 0.40491804480552673, 0.4927595555782318, 0.4752732217311859, 0.6709016561508179, 0.7213114500045776, 0.729098379611969, 0.6784152984619141, 0.6056010723114014, 0.5759562849998474, 0.5711748600006104, 0.5627049207687378, 0.6120218634605408, 0.6721311211585999, 0.7040983438491821, 0.7213114500045776, 0.7299180030822754, 0.7308743000030518, 0.7334699630737305, 0.7218579053878784, 0.6963114738464355, 0.6814207434654236, 0.6725409626960754, 0.6661202311515808, 0.661475419998169, 0.6703552007675171, 0.6785519123077393, 0.6829234957695007, 0.6728141903877258, 0.6650273203849792, 0.6636611819267273, 0.6625683307647705, 0.6629781126976013, 0.6627049446105957, 0.6657103896141052, 0.6673497557640076, 0.6680327653884888, 0.6672131419181824, 0.6668033003807068, 0.6666666865348816, 0.6658470034599304, 0.6659836173057556, 0.6651639342308044, 0.6651639342308044]}}