{"airline_train_4_8": {"num_of_epochs": 20, "learning_rate": 0.001, "training_ds_fpath": "_train_4_8", "first_token_val_accuracy": [0.21734972298145294, 0.37978142499923706, 0.6362021565437317, 0.2950819730758667, 0.7144808769226074, 0.6362021565437317, 0.6935792565345764, 0.6752732396125793, 0.6763660907745361, 0.7133879661560059, 0.7187158465385437, 0.728415310382843, 0.72295081615448, 0.7199453711509705, 0.7195355296134949, 0.7189890742301941, 0.7207650542259216, 0.7211748361587524, 0.7199453711509705, 0.7196721434593201], "all_token_val_accuracy": [0.21734972298145294, 0.37978142499923706, 0.6362021565437317, 0.2950819730758667, 0.7144808769226074, 0.6362021565437317, 0.6935792565345764, 0.6752732396125793, 0.6763660907745361, 0.7133879661560059, 0.7187158465385437, 0.728415310382843, 0.72295081615448, 0.7199453711509705, 0.7195355296134949, 0.7189890742301941, 0.7207650542259216, 0.7211748361587524, 0.7199453711509705, 0.7196721434593201]}}