{"airline_train_6_4": {"num_of_epochs": 40, "learning_rate": 0.0001, "training_ds_fpath": "_train_6_4", "first_token_val_accuracy": [0.0, 0.0, 0.0, 0.0, 0.00013661202683579177, 0.0025956283789128065, 0.0659836083650589, 0.5204917788505554, 0.6592895984649658, 0.6566939949989319, 0.6692622900009155, 0.6923497319221497, 0.7015027403831482, 0.695218563079834, 0.6732240319252014, 0.6609289646148682, 0.6211748719215393, 0.5592896342277527, 0.5734972953796387, 0.6422131061553955, 0.6262295246124268, 0.6267759799957275, 0.6326502561569214, 0.6441256999969482, 0.6393442749977112, 0.6377049088478088, 0.6234972476959229, 0.6203551888465881, 0.6387978196144104, 0.661475419998169, 0.6653005480766296, 0.6685792207717896, 0.6692622900009155, 0.6707650423049927, 0.6726775765419006, 0.6689890623092651, 0.6650273203849792, 0.6599726676940918, 0.6550546288490295, 0.6519125699996948], "all_token_val_accuracy": [0.0, 0.0, 0.0, 0.0, 0.00013661202683579177, 0.0025956283789128065, 0.0659836083650589, 0.5204917788505554, 0.6592895984649658, 0.6566939949989319, 0.6692622900009155, 0.6923497319221497, 0.7015027403831482, 0.695218563079834, 0.6732240319252014, 0.6609289646148682, 0.6211748719215393, 0.5592896342277527, 0.5734972953796387, 0.6422131061553955, 0.6262295246124268, 0.6267759799957275, 0.6326502561569214, 0.6441256999969482, 0.6393442749977112, 0.6377049088478088, 0.6234972476959229, 0.6203551888465881, 0.6387978196144104, 0.661475419998169, 0.6653005480766296, 0.6685792207717896, 0.6692622900009155, 0.6707650423049927, 0.6726775765419006, 0.6689890623092651, 0.6650273203849792, 0.6599726676940918, 0.6550546288490295, 0.6519125699996948]}}