{"airline_train_1_4": {"num_of_epochs": 30, "learning_rate": 0.001, "training_ds_fpath": "_train_1_4", "first_token_val_accuracy": [0.6117486357688904, 0.632377028465271, 0.2188524603843689, 0.5340163707733154, 0.625683069229126, 0.5049180388450623, 0.396584689617157, 0.5530054569244385, 0.6299180388450623, 0.641120195388794, 0.6471311450004578, 0.6416666507720947, 0.6284152865409851, 0.6187158226966858, 0.6117486357688904, 0.6153005361557007, 0.6271858215332031, 0.6344262361526489, 0.645901620388031, 0.6510928869247437, 0.6530054807662964, 0.654644787311554, 0.6553278565406799, 0.6558743119239807, 0.6549180150032043, 0.6545081734657288, 0.6523224115371704, 0.6497267484664917, 0.6474043726921082, 0.6454917788505554], "all_token_val_accuracy": [0.6117486357688904, 0.632377028465271, 0.2188524603843689, 0.5340163707733154, 0.625683069229126, 0.5049180388450623, 0.396584689617157, 0.5530054569244385, 0.6299180388450623, 0.641120195388794, 0.6471311450004578, 0.6416666507720947, 0.6284152865409851, 0.6187158226966858, 0.6117486357688904, 0.6153005361557007, 0.6271858215332031, 0.6344262361526489, 0.645901620388031, 0.6510928869247437, 0.6530054807662964, 0.654644787311554, 0.6553278565406799, 0.6558743119239807, 0.6549180150032043, 0.6545081734657288, 0.6523224115371704, 0.6497267484664917, 0.6474043726921082, 0.6454917788505554]}}