{"airline_train_0_8": {"num_of_epochs": 30, "learning_rate": 0.0005, "training_ds_fpath": "_train_0_8", "first_token_val_accuracy": [0.6893442869186401, 0.5629781484603882, 0.625683069229126, 0.5740436911582947, 0.5812841653823853, 0.5422131419181824, 0.5181694030761719, 0.547950804233551, 0.5275956392288208, 0.5326502919197083, 0.6327868700027466, 0.6565573811531067, 0.6071038246154785, 0.5687158703804016, 0.5673497319221497, 0.6366119980812073, 0.6691256761550903, 0.6759563088417053, 0.6759563088417053, 0.6763660907745361, 0.671721339225769, 0.6637977957725525, 0.6605191230773926, 0.6571038365364075, 0.6547814011573792, 0.654644787311554, 0.6575136780738831, 0.6591529846191406, 0.6586065292358398, 0.6579235196113586], "all_token_val_accuracy": [0.6893442869186401, 0.5629781484603882, 0.625683069229126, 0.5740436911582947, 0.5812841653823853, 0.5422131419181824, 0.5181694030761719, 0.547950804233551, 0.5275956392288208, 0.5326502919197083, 0.6327868700027466, 0.6565573811531067, 0.6071038246154785, 0.5687158703804016, 0.5673497319221497, 0.6366119980812073, 0.6691256761550903, 0.6759563088417053, 0.6759563088417053, 0.6763660907745361, 0.671721339225769, 0.6637977957725525, 0.6605191230773926, 0.6571038365364075, 0.6547814011573792, 0.654644787311554, 0.6575136780738831, 0.6591529846191406, 0.6586065292358398, 0.6579235196113586]}}