{"airline_train_6_16": {"num_of_epochs": 50, "learning_rate": 0.0005, "training_ds_fpath": "_train_6_16", "first_token_val_accuracy": [0.4691256880760193, 0.35628414154052734, 0.6941257119178772, 0.625683069229126, 0.7165300250053406, 0.7025956511497498, 0.6898906826972961, 0.6960382461547852, 0.7116120457649231, 0.7054644823074341, 0.6862021684646606, 0.6845628619194031, 0.6684426069259644, 0.6352459192276001, 0.6836065649986267, 0.6653005480766296, 0.6554644703865051, 0.6575136780738831, 0.6658470034599304, 0.6699453592300415, 0.6659836173057556, 0.6653005480766296, 0.6691256761550903, 0.671721339225769, 0.731010913848877, 0.6903005242347717, 0.6927595734596252, 0.6120218634605408, 0.6401639580726624, 0.6445355415344238, 0.6523224115371704, 0.658743143081665, 0.7234972715377808, 0.5366120338439941, 0.7172130942344666, 0.4860655665397644, 0.6564207673072815, 0.681010901927948, 0.6982240676879883, 0.651366114616394, 0.6554644703865051, 0.6721311211585999, 0.6640710234642029, 0.6545081734657288, 0.6556010842323303, 0.6562841534614563, 0.6595628261566162, 0.6598360538482666, 0.6583333611488342, 0.6580601334571838], "all_token_val_accuracy": [0.4691256880760193, 0.35628414154052734, 0.6941257119178772, 0.625683069229126, 0.7165300250053406, 0.7025956511497498, 0.6898906826972961, 0.6960382461547852, 0.7116120457649231, 0.7054644823074341, 0.6862021684646606, 0.6845628619194031, 0.6684426069259644, 0.6352459192276001, 0.6836065649986267, 0.6653005480766296, 0.6554644703865051, 0.6575136780738831, 0.6658470034599304, 0.6699453592300415, 0.6659836173057556, 0.6653005480766296, 0.6691256761550903, 0.671721339225769, 0.731010913848877, 0.6903005242347717, 0.6927595734596252, 0.6120218634605408, 0.6401639580726624, 0.6445355415344238, 0.6523224115371704, 0.658743143081665, 0.7234972715377808, 0.5366120338439941, 0.7172130942344666, 0.4860655665397644, 0.6564207673072815, 0.681010901927948, 0.6982240676879883, 0.651366114616394, 0.6554644703865051, 0.6721311211585999, 0.6640710234642029, 0.6545081734657288, 0.6556010842323303, 0.6562841534614563, 0.6595628261566162, 0.6598360538482666, 0.6583333611488342, 0.6580601334571838]}}