{"airline_train_1_16": {"num_of_epochs": 20, "learning_rate": 0.001, "training_ds_fpath": "_train_1_16", "first_token_val_accuracy": [0.661475419998169, 0.7398906946182251, 0.49521857500076294, 0.729098379611969, 0.3811475336551666, 0.5927595496177673, 0.7076502442359924, 0.6442623138427734, 0.7009562849998474, 0.6971311569213867, 0.6409835815429688, 0.6687158346176147, 0.6894809007644653, 0.6833333373069763, 0.6825136542320251, 0.687841534614563, 0.5457650423049927, 0.7273223996162415, 0.6926229596138, 0.6851093173027039], "all_token_val_accuracy": [0.661475419998169, 0.7398906946182251, 0.49521857500076294, 0.729098379611969, 0.3811475336551666, 0.5927595496177673, 0.7076502442359924, 0.6442623138427734, 0.7009562849998474, 0.6971311569213867, 0.6409835815429688, 0.6687158346176147, 0.6894809007644653, 0.6833333373069763, 0.6825136542320251, 0.687841534614563, 0.5457650423049927, 0.7273223996162415, 0.6926229596138, 0.6851093173027039]}}