{"airline_train_8_32": {"num_of_epochs": 40, "learning_rate": 0.001, "training_ds_fpath": "_train_8_32", "first_token_val_accuracy": [0.6281420588493347, 0.6715847253799438, 0.7233606576919556, 0.6665300726890564, 0.7450819611549377, 0.6038251519203186, 0.7614753842353821, 0.7452185750007629, 0.7614753842353821, 0.7416666746139526, 0.7498633861541748, 0.742622971534729, 0.7453551888465881, 0.7385246157646179, 0.7318305969238281, 0.743852436542511, 0.7001366019248962, 0.6639344096183777, 0.26571038365364075, 0.6031420826911926, 0.6767759323120117, 0.6650273203849792, 0.7161202430725098, 0.6726775765419006, 0.7226775884628296, 0.6829234957695007, 0.7250000238418579, 0.6949453353881836, 0.7036885023117065, 0.6517759561538696, 0.6930328011512756, 0.5945355296134949, 0.6105191111564636, 0.7035518884658813, 0.6666666865348816, 0.6856557130813599, 0.6822404265403748, 0.741256833076477, 0.7239071130752563, 0.7252732515335083], "all_token_val_accuracy": [0.6281420588493347, 0.6715847253799438, 0.7233606576919556, 0.6665300726890564, 0.7450819611549377, 0.6038251519203186, 0.7614753842353821, 0.7452185750007629, 0.7614753842353821, 0.7416666746139526, 0.7498633861541748, 0.742622971534729, 0.7453551888465881, 0.7385246157646179, 0.7318305969238281, 0.743852436542511, 0.7001366019248962, 0.6639344096183777, 0.26571038365364075, 0.6031420826911926, 0.6767759323120117, 0.6650273203849792, 0.7161202430725098, 0.6726775765419006, 0.7226775884628296, 0.6829234957695007, 0.7250000238418579, 0.6949453353881836, 0.7036885023117065, 0.6517759561538696, 0.6930328011512756, 0.5945355296134949, 0.6105191111564636, 0.7035518884658813, 0.6666666865348816, 0.6856557130813599, 0.6822404265403748, 0.741256833076477, 0.7239071130752563, 0.7252732515335083]}}