{"airline_train_5_32": {"num_of_epochs": 50, "learning_rate": 0.001, "training_ds_fpath": "_train_5_32", "first_token_val_accuracy": [0.26584699749946594, 0.5670765042304993, 0.6842896342277527, 0.6591529846191406, 0.604781448841095, 0.6807377338409424, 0.5659835934638977, 0.6422131061553955, 0.6148906946182251, 0.6815573573112488, 0.6700819730758667, 0.6405737996101379, 0.6454917788505554, 0.6463114619255066, 0.6907103657722473, 0.6862021684646606, 0.681010901927948, 0.672950804233551, 0.6718579530715942, 0.6907103657722473, 0.6687158346176147, 0.6628415584564209, 0.6620218753814697, 0.6617486476898193, 0.6612021923065186, 0.6610655784606934, 0.6596994400024414, 0.6602458953857422, 0.6603825092315674, 0.6583333611488342, 0.6550546288490295, 0.6549180150032043, 0.6550546288490295, 0.6540983319282532, 0.6535519361495972, 0.6524590253829956, 0.6525956392288208, 0.6687158346176147, 0.6187158226966858, 0.6397541165351868, 0.6491803526878357, 0.6479508280754089, 0.6484972834587097, 0.6471311450004578, 0.4684426188468933, 0.5875682830810547, 0.38101091980934143, 0.6913934350013733, 0.6412568092346191, 0.6837431788444519], "all_token_val_accuracy": [0.26584699749946594, 0.5670765042304993, 0.6842896342277527, 0.6591529846191406, 0.604781448841095, 0.6807377338409424, 0.5659835934638977, 0.6422131061553955, 0.6148906946182251, 0.6815573573112488, 0.6700819730758667, 0.6405737996101379, 0.6454917788505554, 0.6463114619255066, 0.6907103657722473, 0.6862021684646606, 0.681010901927948, 0.672950804233551, 0.6718579530715942, 0.6907103657722473, 0.6687158346176147, 0.6628415584564209, 0.6620218753814697, 0.6617486476898193, 0.6612021923065186, 0.6610655784606934, 0.6596994400024414, 0.6602458953857422, 0.6603825092315674, 0.6583333611488342, 0.6550546288490295, 0.6549180150032043, 0.6550546288490295, 0.6540983319282532, 0.6535519361495972, 0.6524590253829956, 0.6525956392288208, 0.6687158346176147, 0.6187158226966858, 0.6397541165351868, 0.6491803526878357, 0.6479508280754089, 0.6484972834587097, 0.6471311450004578, 0.4684426188468933, 0.5875682830810547, 0.38101091980934143, 0.6913934350013733, 0.6412568092346191, 0.6837431788444519]}}