{"airline_train_1_32": {"num_of_epochs": 50, "learning_rate": 1e-05, "training_ds_fpath": "_train_1_32", "first_token_val_accuracy": [0.0, 0.0, 0.0, 0.0, 0.0, 0.0, 0.00040983606595546007, 0.01284153014421463, 0.26243168115615845, 0.6525956392288208, 0.6739071011543274, 0.6706284284591675, 0.6784152984619141, 0.6812841296195984, 0.6931694149971008, 0.7028688788414001, 0.7072404623031616, 0.708060085773468, 0.7065573930740356, 0.6907103657722473, 0.6814207434654236, 0.6653005480766296, 0.6756830811500549, 0.6356557607650757, 0.6495901346206665, 0.686475396156311, 0.6767759323120117, 0.6984972953796387, 0.7103825211524963, 0.6928961873054504, 0.7095628380775452, 0.6799180507659912, 0.6991803050041199, 0.693306028842926, 0.6825136542320251, 0.7247267961502075, 0.7146174907684326, 0.6827868819236755, 0.7196721434593201, 0.6903005242347717, 0.7144808769226074, 0.7200819849967957, 0.7166666388511658, 0.7062841653823853, 0.714890718460083, 0.7065573930740356, 0.7025956511497498, 0.7125682830810547, 0.7146174907684326, 0.7192623019218445], "all_token_val_accuracy": [0.0, 0.0, 0.0, 0.0, 0.0, 0.0, 0.00040983606595546007, 0.01284153014421463, 0.26243168115615845, 0.6525956392288208, 0.6739071011543274, 0.6706284284591675, 0.6784152984619141, 0.6812841296195984, 0.6931694149971008, 0.7028688788414001, 0.7072404623031616, 0.708060085773468, 0.7065573930740356, 0.6907103657722473, 0.6814207434654236, 0.6653005480766296, 0.6756830811500549, 0.6356557607650757, 0.6495901346206665, 0.686475396156311, 0.6767759323120117, 0.6984972953796387, 0.7103825211524963, 0.6928961873054504, 0.7095628380775452, 0.6799180507659912, 0.6991803050041199, 0.693306028842926, 0.6825136542320251, 0.7247267961502075, 0.7146174907684326, 0.6827868819236755, 0.7196721434593201, 0.6903005242347717, 0.7144808769226074, 0.7200819849967957, 0.7166666388511658, 0.7062841653823853, 0.714890718460083, 0.7065573930740356, 0.7025956511497498, 0.7125682830810547, 0.7146174907684326, 0.7192623019218445]}}