{"airline_train_4_32": {"num_of_epochs": 50, "learning_rate": 0.0001, "training_ds_fpath": "_train_4_32", "first_token_val_accuracy": [0.3407103717327118, 0.4476775825023651, 0.5771858096122742, 0.5047814249992371, 0.5336065292358398, 0.7456284165382385, 0.7550546526908875, 0.7337431907653809, 0.7069672346115112, 0.7491803169250488, 0.6967213153839111, 0.7012295126914978, 0.7183060050010681, 0.723633885383606, 0.67909836769104, 0.6990436911582947, 0.6707650423049927, 0.7218579053878784, 0.7090163826942444, 0.7386612296104431, 0.7288251519203186, 0.7379781603813171, 0.75, 0.7484972476959229, 0.7368852496147156, 0.7431694269180298, 0.7467213273048401, 0.7314207553863525, 0.7599726915359497, 0.7467213273048401, 0.7571038007736206, 0.7480874061584473, 0.7282786965370178, 0.7057377099990845, 0.7327868938446045, 0.7318305969238281, 0.7107923626899719, 0.7200819849967957, 0.714890718460083, 0.7200819849967957, 0.730327844619751, 0.7377049326896667, 0.7379781603813171, 0.7392076253890991, 0.7099726796150208, 0.7120218873023987, 0.72295081615448, 0.7103825211524963, 0.7005464434623718, 0.7047814130783081], "all_token_val_accuracy": [0.3407103717327118, 0.4476775825023651, 0.5771858096122742, 0.5047814249992371, 0.5336065292358398, 0.7456284165382385, 0.7550546526908875, 0.7337431907653809, 0.7069672346115112, 0.7491803169250488, 0.6967213153839111, 0.7012295126914978, 0.7183060050010681, 0.723633885383606, 0.67909836769104, 0.6990436911582947, 0.6707650423049927, 0.7218579053878784, 0.7090163826942444, 0.7386612296104431, 0.7288251519203186, 0.7379781603813171, 0.75, 0.7484972476959229, 0.7368852496147156, 0.7431694269180298, 0.7467213273048401, 0.7314207553863525, 0.7599726915359497, 0.7467213273048401, 0.7571038007736206, 0.7480874061584473, 0.7282786965370178, 0.7057377099990845, 0.7327868938446045, 0.7318305969238281, 0.7107923626899719, 0.7200819849967957, 0.714890718460083, 0.7200819849967957, 0.730327844619751, 0.7377049326896667, 0.7379781603813171, 0.7392076253890991, 0.7099726796150208, 0.7120218873023987, 0.72295081615448, 0.7103825211524963, 0.7005464434623718, 0.7047814130783081]}}