{"airline_train_3_16": {"num_of_epochs": 40, "learning_rate": 0.0005, "training_ds_fpath": "_train_3_16", "first_token_val_accuracy": [0.7061475515365601, 0.45669397711753845, 0.5267759561538696, 0.6728141903877258, 0.693306028842926, 0.6867486238479614, 0.6826502680778503, 0.63852459192276, 0.7605191469192505, 0.7293716073036194, 0.7076502442359924, 0.7520492076873779, 0.729781448841095, 0.7209016680717468, 0.6994535326957703, 0.5046448111534119, 0.6983606815338135, 0.713524580001831, 0.7140710353851318, 0.7137978076934814, 0.7143442630767822, 0.7146174907684326, 0.7133879661560059, 0.7219945192337036, 0.7239071130752563, 0.7234972715377808, 0.721584677696228, 0.7198087573051453, 0.7193989157676697, 0.7196721434593201, 0.7195355296134949, 0.7198087573051453, 0.720355212688446, 0.7193989157676697, 0.7193989157676697, 0.7192623019218445, 0.7195355296134949, 0.7161202430725098, 0.7103825211524963, 0.7025956511497498], "all_token_val_accuracy": [0.7061475515365601, 0.45669397711753845, 0.5267759561538696, 0.6728141903877258, 0.693306028842926, 0.6867486238479614, 0.6826502680778503, 0.63852459192276, 0.7605191469192505, 0.7293716073036194, 0.7076502442359924, 0.7520492076873779, 0.729781448841095, 0.7209016680717468, 0.6994535326957703, 0.5046448111534119, 0.6983606815338135, 0.713524580001831, 0.7140710353851318, 0.7137978076934814, 0.7143442630767822, 0.7146174907684326, 0.7133879661560059, 0.7219945192337036, 0.7239071130752563, 0.7234972715377808, 0.721584677696228, 0.7198087573051453, 0.7193989157676697, 0.7196721434593201, 0.7195355296134949, 0.7198087573051453, 0.720355212688446, 0.7193989157676697, 0.7193989157676697, 0.7192623019218445, 0.7195355296134949, 0.7161202430725098, 0.7103825211524963, 0.7025956511497498]}}