{"airline_train_0_8": {"num_of_epochs": 20, "learning_rate": 0.0001, "training_ds_fpath": "_train_0_8", "first_token_val_accuracy": [0.0, 0.0, 0.00013661202683579177, 0.26256829500198364, 0.6801912784576416, 0.673633873462677, 0.693989098072052, 0.5897541046142578, 0.5624316930770874, 0.5897541046142578, 0.5859289765357971, 0.6554644703865051, 0.5991803407669067, 0.6270492076873779, 0.6244535446166992, 0.6435792446136475, 0.6680327653884888, 0.6775956153869629, 0.671721339225769, 0.6622951030731201], "all_token_val_accuracy": [0.0, 0.0, 0.00013661202683579177, 0.26256829500198364, 0.6801912784576416, 0.673633873462677, 0.693989098072052, 0.5897541046142578, 0.5624316930770874, 0.5897541046142578, 0.5859289765357971, 0.6554644703865051, 0.5991803407669067, 0.6270492076873779, 0.6244535446166992, 0.6435792446136475, 0.6680327653884888, 0.6775956153869629, 0.671721339225769, 0.6622951030731201]}}