{"airline_train_4_8": {"num_of_epochs": 50, "learning_rate": 0.0001, "training_ds_fpath": "_train_4_8", "first_token_val_accuracy": [0.0, 0.0, 0.005327868741005659, 0.4419398903846741, 0.6721311211585999, 0.6760929226875305, 0.6903005242347717, 0.6076502799987793, 0.6732240319252014, 0.6699453592300415, 0.6807377338409424, 0.6834699511528015, 0.6969945430755615, 0.7136611938476562, 0.7069672346115112, 0.6362021565437317, 0.6490437388420105, 0.6691256761550903, 0.7158470153808594, 0.7129781246185303, 0.6732240319252014, 0.6370218396186829, 0.680464506149292, 0.6953551769256592, 0.7045081853866577, 0.710109293460846, 0.701366126537323, 0.6336065530776978, 0.7016393542289734, 0.708060085773468, 0.69590163230896, 0.6890710592269897, 0.6606557369232178, 0.6942622661590576, 0.7077868580818176, 0.7095628380775452, 0.7107923626899719, 0.7110655903816223, 0.7047814130783081, 0.7079234719276428, 0.7008196711540222, 0.7064207792282104, 0.7099726796150208, 0.7095628380775452, 0.7061475515365601, 0.703278660774231, 0.7121584415435791, 0.713524580001831, 0.710109293460846, 0.7053278684616089], "all_token_val_accuracy": [0.0, 0.0, 0.005327868741005659, 0.4419398903846741, 0.6721311211585999, 0.6760929226875305, 0.6903005242347717, 0.6076502799987793, 0.6732240319252014, 0.6699453592300415, 0.6807377338409424, 0.6834699511528015, 0.6969945430755615, 0.7136611938476562, 0.7069672346115112, 0.6362021565437317, 0.6490437388420105, 0.6691256761550903, 0.7158470153808594, 0.7129781246185303, 0.6732240319252014, 0.6370218396186829, 0.680464506149292, 0.6953551769256592, 0.7045081853866577, 0.710109293460846, 0.701366126537323, 0.6336065530776978, 0.7016393542289734, 0.708060085773468, 0.69590163230896, 0.6890710592269897, 0.6606557369232178, 0.6942622661590576, 0.7077868580818176, 0.7095628380775452, 0.7107923626899719, 0.7110655903816223, 0.7047814130783081, 0.7079234719276428, 0.7008196711540222, 0.7064207792282104, 0.7099726796150208, 0.7095628380775452, 0.7061475515365601, 0.703278660774231, 0.7121584415435791, 0.713524580001831, 0.710109293460846, 0.7053278684616089]}}