{"airline_train_2_4": {"num_of_epochs": 40, "learning_rate": 0.001, "training_ds_fpath": "_train_2_4", "first_token_val_accuracy": [0.6751366257667542, 0.42226776480674744, 0.5163934230804443, 0.6627049446105957, 0.5032786726951599, 0.5733606815338135, 0.5596994757652283, 0.5290983319282532, 0.5314207673072815, 0.5819672346115112, 0.6144808530807495, 0.6364753842353821, 0.625683069229126, 0.6036885380744934, 0.588524580001831, 0.5827868580818176, 0.5790983438491821, 0.5700819492340088, 0.555464506149292, 0.5471311211585999, 0.5422131419181824, 0.5453552007675171, 0.5482240319252014, 0.5474043488502502, 0.5490437150001526, 0.5502732396125793, 0.5450819730758667, 0.5408470034599304, 0.5385245680809021, 0.5396174788475037, 0.5411202311515808, 0.5438524484634399, 0.547267735004425, 0.548633873462677, 0.5524590015411377, 0.5577868819236755, 0.5637978315353394, 0.5653005242347717, 0.5663934350013733, 0.5680328011512756], "all_token_val_accuracy": [0.6751366257667542, 0.42226776480674744, 0.5163934230804443, 0.6627049446105957, 0.5032786726951599, 0.5733606815338135, 0.5596994757652283, 0.5290983319282532, 0.5314207673072815, 0.5819672346115112, 0.6144808530807495, 0.6364753842353821, 0.625683069229126, 0.6036885380744934, 0.588524580001831, 0.5827868580818176, 0.5790983438491821, 0.5700819492340088, 0.555464506149292, 0.5471311211585999, 0.5422131419181824, 0.5453552007675171, 0.5482240319252014, 0.5474043488502502, 0.5490437150001526, 0.5502732396125793, 0.5450819730758667, 0.5408470034599304, 0.5385245680809021, 0.5396174788475037, 0.5411202311515808, 0.5438524484634399, 0.547267735004425, 0.548633873462677, 0.5524590015411377, 0.5577868819236755, 0.5637978315353394, 0.5653005242347717, 0.5663934350013733, 0.5680328011512756]}}