{"airline_train_5_32": {"num_of_epochs": 40, "learning_rate": 0.0001, "training_ds_fpath": "_train_5_32", "first_token_val_accuracy": [0.6625683307647705, 0.21243169903755188, 0.7196721434593201, 0.4826502799987793, 0.7491803169250488, 0.7046447992324829, 0.7065573930740356, 0.7185792326927185, 0.7536885142326355, 0.7315573692321777, 0.6935792565345764, 0.6624317169189453, 0.7046447992324829, 0.6991803050041199, 0.7144808769226074, 0.7352458834648132, 0.7109289765357971, 0.6860655546188354, 0.6909835934638977, 0.7258196473121643, 0.7269125580787659, 0.6542349457740784, 0.6986339092254639, 0.7098360657691956, 0.7250000238418579, 0.6663934588432312, 0.7232240438461304, 0.7143442630767822, 0.6823770403862, 0.679781436920166, 0.6904371380805969, 0.6923497319221497, 0.7321038246154785, 0.693306028842926, 0.721584677696228, 0.637841522693634, 0.694535493850708, 0.7407103776931763, 0.7271857857704163, 0.7023224234580994], "all_token_val_accuracy": [0.6625683307647705, 0.21243169903755188, 0.7196721434593201, 0.4826502799987793, 0.7491803169250488, 0.7046447992324829, 0.7065573930740356, 0.7185792326927185, 0.7536885142326355, 0.7315573692321777, 0.6935792565345764, 0.6624317169189453, 0.7046447992324829, 0.6991803050041199, 0.7144808769226074, 0.7352458834648132, 0.7109289765357971, 0.6860655546188354, 0.6909835934638977, 0.7258196473121643, 0.7269125580787659, 0.6542349457740784, 0.6986339092254639, 0.7098360657691956, 0.7250000238418579, 0.6663934588432312, 0.7232240438461304, 0.7143442630767822, 0.6823770403862, 0.679781436920166, 0.6904371380805969, 0.6923497319221497, 0.7321038246154785, 0.693306028842926, 0.721584677696228, 0.637841522693634, 0.694535493850708, 0.7407103776931763, 0.7271857857704163, 0.7023224234580994]}}