{"airline_train_9_4": {"num_of_epochs": 30, "learning_rate": 0.0001, "training_ds_fpath": "_train_9_4", "first_token_val_accuracy": [0.0, 0.0, 0.0, 0.00013661202683579177, 0.0012295081978663802, 0.0797814205288887, 0.6016393303871155, 0.6627049446105957, 0.6732240319252014, 0.6788251399993896, 0.6525956392288208, 0.5453552007675171, 0.41885244846343994, 0.34972676634788513, 0.5318306088447571, 0.5883879661560059, 0.5569671988487244, 0.5188524723052979, 0.5289617776870728, 0.5806010961532593, 0.5806010961532593, 0.6189890503883362, 0.6344262361526489, 0.6110655665397644, 0.5870218873023987, 0.5584699511528015, 0.5571038126945496, 0.5648906826972961, 0.5877048969268799, 0.6113387942314148], "all_token_val_accuracy": [0.0, 0.0, 0.0, 0.00013661202683579177, 0.0012295081978663802, 0.0797814205288887, 0.6016393303871155, 0.6627049446105957, 0.6732240319252014, 0.6788251399993896, 0.6525956392288208, 0.5453552007675171, 0.41885244846343994, 0.34972676634788513, 0.5318306088447571, 0.5883879661560059, 0.5569671988487244, 0.5188524723052979, 0.5289617776870728, 0.5806010961532593, 0.5806010961532593, 0.6189890503883362, 0.6344262361526489, 0.6110655665397644, 0.5870218873023987, 0.5584699511528015, 0.5571038126945496, 0.5648906826972961, 0.5877048969268799, 0.6113387942314148]}}