{"airline_train_7_16": {"num_of_epochs": 50, "learning_rate": 0.001, "training_ds_fpath": "_train_7_16", "first_token_val_accuracy": [0.5711748600006104, 0.7030054926872253, 0.6685792207717896, 0.7021858096122742, 0.6875683069229126, 0.693989098072052, 0.7293716073036194, 0.7061475515365601, 0.5300546288490295, 0.6725409626960754, 0.6851093173027039, 0.6744535565376282, 0.7060109376907349, 0.7039617300033569, 0.6900272965431213, 0.6800546646118164, 0.728415310382843, 0.702732264995575, 0.6530054807662964, 0.6829234957695007, 0.7405737638473511, 0.7323770523071289, 0.7165300250053406, 0.7137978076934814, 0.7110655903816223, 0.710109293460846, 0.7088797688484192, 0.7091529965400696, 0.7040983438491821, 0.702732264995575, 0.7023224234580994, 0.7021858096122742, 0.723633885383606, 0.7345628142356873, 0.7341530323028564, 0.7331967353820801, 0.7308743000030518, 0.7308743000030518, 0.729781448841095, 0.7267759442329407, 0.7255464196205139, 0.7254098653793335, 0.7252732515335083, 0.7248634099960327, 0.7228142023086548, 0.7198087573051453, 0.7191256880760193, 0.7185792326927185, 0.7184426188468933, 0.7184426188468933], "all_token_val_accuracy": [0.5711748600006104, 0.7030054926872253, 0.6685792207717896, 0.7021858096122742, 0.6875683069229126, 0.693989098072052, 0.7293716073036194, 0.7061475515365601, 0.5300546288490295, 0.6725409626960754, 0.6851093173027039, 0.6744535565376282, 0.7060109376907349, 0.7039617300033569, 0.6900272965431213, 0.6800546646118164, 0.728415310382843, 0.702732264995575, 0.6530054807662964, 0.6829234957695007, 0.7405737638473511, 0.7323770523071289, 0.7165300250053406, 0.7137978076934814, 0.7110655903816223, 0.710109293460846, 0.7088797688484192, 0.7091529965400696, 0.7040983438491821, 0.702732264995575, 0.7023224234580994, 0.7021858096122742, 0.723633885383606, 0.7345628142356873, 0.7341530323028564, 0.7331967353820801, 0.7308743000030518, 0.7308743000030518, 0.729781448841095, 0.7267759442329407, 0.7255464196205139, 0.7254098653793335, 0.7252732515335083, 0.7248634099960327, 0.7228142023086548, 0.7198087573051453, 0.7191256880760193, 0.7185792326927185, 0.7184426188468933, 0.7184426188468933]}}