{"airline_train_3_16": {"num_of_epochs": 10, "learning_rate": 0.0001, "training_ds_fpath": "_train_3_16", "first_token_val_accuracy": [0.0, 0.015846993774175644, 0.6919398903846741, 0.6998633742332458, 0.6051912307739258, 0.5919398665428162, 0.5946721434593201, 0.679781436920166, 0.5662568211555481, 0.6435792446136475], "all_token_val_accuracy": [0.0, 0.015846993774175644, 0.6919398903846741, 0.6998633742332458, 0.6051912307739258, 0.5919398665428162, 0.5946721434593201, 0.679781436920166, 0.5662568211555481, 0.6435792446136475]}}