{"airline_train_0_32": {"num_of_epochs": 5, "learning_rate": 0.0005, "training_ds_fpath": "_train_0_32", "first_token_val_accuracy": [0.6258196830749512, 0.7484972476959229, 0.6792349815368652, 0.7405737638473511, 0.7118852734565735], "all_token_val_accuracy": [0.6258196830749512, 0.7484972476959229, 0.6792349815368652, 0.7405737638473511, 0.7118852734565735]}}