{"airline_train_1_16": {"num_of_epochs": 5, "learning_rate": 0.001, "training_ds_fpath": "_train_1_16", "first_token_val_accuracy": [0.654644787311554, 0.7469945549964905, 0.7571038007736206, 0.7172130942344666, 0.6889344453811646], "all_token_val_accuracy": [0.654644787311554, 0.7469945549964905, 0.7571038007736206, 0.7172130942344666, 0.6889344453811646]}}