{"airline_train_0_8": {"num_of_epochs": 30, "learning_rate": 0.001, "training_ds_fpath": "_train_0_8", "first_token_val_accuracy": [0.6818305850028992, 0.3443989157676697, 0.44631147384643555, 0.4933060109615326, 0.5069671869277954, 0.5729508399963379, 0.605327844619751, 0.6006830334663391, 0.5307376980781555, 0.6460382342338562, 0.6524590253829956, 0.641120195388794, 0.674316942691803, 0.6868852376937866, 0.6874316930770874, 0.6782786846160889, 0.6678961515426636, 0.6740437150001526, 0.6806011199951172, 0.6814207434654236, 0.6844262480735779, 0.6894809007644653, 0.6901639103889465, 0.6954917907714844, 0.695218563079834, 0.6937158703804016, 0.6900272965431213, 0.6827868819236755, 0.679781436920166, 0.680464506149292], "all_token_val_accuracy": [0.6818305850028992, 0.3443989157676697, 0.44631147384643555, 0.4933060109615326, 0.5069671869277954, 0.5729508399963379, 0.605327844619751, 0.6006830334663391, 0.5307376980781555, 0.6460382342338562, 0.6524590253829956, 0.641120195388794, 0.674316942691803, 0.6868852376937866, 0.6874316930770874, 0.6782786846160889, 0.6678961515426636, 0.6740437150001526, 0.6806011199951172, 0.6814207434654236, 0.6844262480735779, 0.6894809007644653, 0.6901639103889465, 0.6954917907714844, 0.695218563079834, 0.6937158703804016, 0.6900272965431213, 0.6827868819236755, 0.679781436920166, 0.680464506149292]}}