{"airline_train_7_16": {"num_of_epochs": 20, "learning_rate": 1e-05, "training_ds_fpath": "_train_7_16", "first_token_val_accuracy": [0.0, 0.0, 0.0, 0.0, 0.0, 0.0, 0.0, 0.0, 0.0, 0.0, 0.0, 0.0, 0.0, 0.0005464481073431671, 0.0023224044125527143, 0.010792349465191364, 0.05669398978352547, 0.20573770999908447, 0.4886611998081207, 0.6499999761581421], "all_token_val_accuracy": [0.0, 0.0, 0.0, 0.0, 0.0, 0.0, 0.0, 0.0, 0.0, 0.0, 0.0, 0.0, 0.0, 0.0005464481073431671, 0.0023224044125527143, 0.010792349465191364, 0.05669398978352547, 0.20573770999908447, 0.4886611998081207, 0.6499999761581421]}}