{"airline_train_4_8": {"num_of_epochs": 5, "learning_rate": 0.0005, "training_ds_fpath": "_train_4_8", "first_token_val_accuracy": [0.6489071249961853, 0.6799180507659912, 0.7221311330795288, 0.6281420588493347, 0.6610655784606934], "all_token_val_accuracy": [0.6460382342338562, 0.6799180507659912, 0.7221311330795288, 0.6281420588493347, 0.6610655784606934]}}