{"airline_train_0_32": {"num_of_epochs": 40, "learning_rate": 0.0005, "training_ds_fpath": "_train_0_32", "first_token_val_accuracy": [0.6394808888435364, 0.7590163946151733, 0.7446721196174622, 0.7617486119270325, 0.7348360419273376, 0.7265027165412903, 0.7326502799987793, 0.7538251280784607, 0.6827868819236755, 0.7072404623031616, 0.7379781603813171, 0.7221311330795288, 0.6463114619255066, 0.7581967115402222, 0.7025956511497498, 0.7352458834648132, 0.7363387942314148, 0.7405737638473511, 0.7441256642341614, 0.7423497438430786, 0.707513689994812, 0.7184426188468933, 0.7510929107666016, 0.7132513523101807, 0.7640710473060608, 0.7603825330734253, 0.76352459192276, 0.7618852257728577, 0.7605191469192505, 0.7609289884567261, 0.7613387703895569, 0.7613387703895569, 0.7622950673103333, 0.7621584534645081, 0.7621584534645081, 0.7631147503852844, 0.7640710473060608, 0.7644808888435364, 0.7711748480796814, 0.7484972476959229], "all_token_val_accuracy": [0.6394808888435364, 0.7590163946151733, 0.7446721196174622, 0.7617486119270325, 0.7348360419273376, 0.7265027165412903, 0.7326502799987793, 0.7538251280784607, 0.6827868819236755, 0.7072404623031616, 0.7379781603813171, 0.7221311330795288, 0.6463114619255066, 0.7581967115402222, 0.7025956511497498, 0.7352458834648132, 0.7363387942314148, 0.7405737638473511, 0.7441256642341614, 0.7423497438430786, 0.707513689994812, 0.7184426188468933, 0.7510929107666016, 0.7132513523101807, 0.7640710473060608, 0.7603825330734253, 0.76352459192276, 0.7618852257728577, 0.7605191469192505, 0.7609289884567261, 0.7613387703895569, 0.7613387703895569, 0.7622950673103333, 0.7621584534645081, 0.7621584534645081, 0.7631147503852844, 0.7640710473060608, 0.7644808888435364, 0.7711748480796814, 0.7484972476959229]}}