{"airline_train_1_4": {"num_of_epochs": 20, "learning_rate": 0.001, "training_ds_fpath": "_train_1_4", "first_token_val_accuracy": [0.6273223757743835, 0.5896174907684326, 0.2527322471141815, 0.6715847253799438, 0.6218579411506653, 0.5644809007644653, 0.6471311450004578, 0.6482240557670593, 0.6530054807662964, 0.6838797926902771, 0.6654371619224548, 0.6583333611488342, 0.6515027284622192, 0.6275956034660339, 0.6013661026954651, 0.5815573930740356, 0.5908470153808594, 0.5995901823043823, 0.6065573692321777, 0.6103824973106384], "all_token_val_accuracy": [0.6273223757743835, 0.5896174907684326, 0.2527322471141815, 0.6715847253799438, 0.6218579411506653, 0.5644809007644653, 0.6471311450004578, 0.6482240557670593, 0.6530054807662964, 0.6838797926902771, 0.6654371619224548, 0.6583333611488342, 0.6515027284622192, 0.6275956034660339, 0.6013661026954651, 0.5815573930740356, 0.5908470153808594, 0.5995901823043823, 0.6065573692321777, 0.6103824973106384]}}