{"airline_train_8_16": {"num_of_epochs": 30, "learning_rate": 0.0001, "training_ds_fpath": "_train_8_16", "first_token_val_accuracy": [0.0, 0.647267758846283, 0.6557376980781555, 0.5568305850028992, 0.6598360538482666, 0.492896169424057, 0.5893442630767822, 0.5639344453811646, 0.6770491600036621, 0.6693989038467407, 0.6896175146102905, 0.6695355176925659, 0.6782786846160889, 0.6691256761550903, 0.6699453592300415, 0.6851093173027039, 0.6569672226905823, 0.6351093053817749, 0.6859289407730103, 0.6394808888435364, 0.6892076730728149, 0.6300546526908875, 0.6680327653884888, 0.6986339092254639, 0.7030054926872253, 0.7113388180732727, 0.7207650542259216, 0.7121584415435791, 0.6994535326957703, 0.6512295007705688], "all_token_val_accuracy": [0.0, 0.647267758846283, 0.6557376980781555, 0.5568305850028992, 0.6598360538482666, 0.492896169424057, 0.5893442630767822, 0.5639344453811646, 0.6770491600036621, 0.6693989038467407, 0.6896175146102905, 0.6695355176925659, 0.6782786846160889, 0.6691256761550903, 0.6699453592300415, 0.6851093173027039, 0.6569672226905823, 0.6351093053817749, 0.6859289407730103, 0.6394808888435364, 0.6892076730728149, 0.6300546526908875, 0.6680327653884888, 0.6986339092254639, 0.7030054926872253, 0.7113388180732727, 0.7207650542259216, 0.7121584415435791, 0.6994535326957703, 0.6512295007705688]}}