{"airline_train_5_8": {"num_of_epochs": 20, "learning_rate": 0.001, "training_ds_fpath": "_train_5_8", "first_token_val_accuracy": [0.6627049446105957, 0.39002731442451477, 0.667486310005188, 0.6301912665367126, 0.6245901584625244, 0.6556010842323303, 0.6773223876953125, 0.6808742880821228, 0.7073770761489868, 0.6953551769256592, 0.7092896103858948, 0.6539617776870728, 0.6090164184570312, 0.5810109376907349, 0.5886611938476562, 0.6006830334663391, 0.6202185750007629, 0.6329234838485718, 0.6438524723052979, 0.6474043726921082], "all_token_val_accuracy": [0.6627049446105957, 0.39002731442451477, 0.667486310005188, 0.6301912665367126, 0.6245901584625244, 0.6556010842323303, 0.6773223876953125, 0.6808742880821228, 0.7073770761489868, 0.6953551769256592, 0.7092896103858948, 0.6539617776870728, 0.6090164184570312, 0.5810109376907349, 0.5886611938476562, 0.6006830334663391, 0.6202185750007629, 0.6329234838485718, 0.6438524723052979, 0.6474043726921082]}}