{"airline_train_1_16": {"num_of_epochs": 30, "learning_rate": 0.001, "training_ds_fpath": "_train_1_16", "first_token_val_accuracy": [0.5632513761520386, 0.7367486357688904, 0.7592896223068237, 0.6834699511528015, 0.6333333253860474, 0.7193989157676697, 0.7127048969268799, 0.708743155002594, 0.6704918146133423, 0.6831967234611511, 0.687841534614563, 0.6882513761520386, 0.6894809007644653, 0.6926229596138, 0.6887978315353394, 0.6892076730728149, 0.6900272965431213, 0.6901639103889465, 0.6893442869186401, 0.687841534614563, 0.6896175146102905, 0.6920765042304993, 0.6918032765388489, 0.6920765042304993, 0.6946721076965332, 0.6975409984588623, 0.6994535326957703, 0.6986339092254639, 0.6991803050041199, 0.6979508399963379], "all_token_val_accuracy": [0.5632513761520386, 0.7367486357688904, 0.7592896223068237, 0.6834699511528015, 0.6333333253860474, 0.7193989157676697, 0.7127048969268799, 0.708743155002594, 0.6704918146133423, 0.6831967234611511, 0.687841534614563, 0.6882513761520386, 0.6894809007644653, 0.6926229596138, 0.6887978315353394, 0.6892076730728149, 0.6900272965431213, 0.6901639103889465, 0.6893442869186401, 0.687841534614563, 0.6896175146102905, 0.6920765042304993, 0.6918032765388489, 0.6920765042304993, 0.6946721076965332, 0.6975409984588623, 0.6994535326957703, 0.6986339092254639, 0.6991803050041199, 0.6979508399963379]}}