{"airline_train_2_32": {"num_of_epochs": 20, "learning_rate": 0.0005, "training_ds_fpath": "_train_2_32", "first_token_val_accuracy": [0.702732264995575, 0.695218563079834, 0.6549180150032043, 0.5840163826942444, 0.7356557250022888, 0.75, 0.7535519003868103, 0.7474043965339661, 0.7394808530807495, 0.7490437030792236, 0.7446721196174622, 0.7185792326927185, 0.7114754319190979, 0.6993169188499451, 0.7293716073036194, 0.7301912307739258, 0.7234972715377808, 0.7244535684585571, 0.733879804611206, 0.7355191111564636], "all_token_val_accuracy": [0.702732264995575, 0.695218563079834, 0.6549180150032043, 0.5840163826942444, 0.7356557250022888, 0.75, 0.7535519003868103, 0.7474043965339661, 0.7394808530807495, 0.7490437030792236, 0.7446721196174622, 0.7185792326927185, 0.7114754319190979, 0.6993169188499451, 0.7293716073036194, 0.7301912307739258, 0.7234972715377808, 0.7244535684585571, 0.733879804611206, 0.7355191111564636]}}