{"airline_train_4_4": {"num_of_epochs": 20, "learning_rate": 0.001, "training_ds_fpath": "_train_4_4", "first_token_val_accuracy": [0.6867486238479614, 0.6763660907745361, 0.5648906826972961, 0.6271858215332031, 0.47035518288612366, 0.5046448111534119, 0.596584677696228, 0.6448087692260742, 0.575683057308197, 0.578278660774231, 0.5557377338409424, 0.5217213034629822, 0.5036885142326355, 0.49863389134407043, 0.4073770344257355, 0.3747267723083496, 0.5066940188407898, 0.4617486298084259, 0.44275957345962524, 0.4926229417324066], "all_token_val_accuracy": [0.6867486238479614, 0.6763660907745361, 0.5648906826972961, 0.6271858215332031, 0.47035518288612366, 0.5046448111534119, 0.596584677696228, 0.6448087692260742, 0.575683057308197, 0.578278660774231, 0.5557377338409424, 0.5217213034629822, 0.5036885142326355, 0.49863389134407043, 0.4073770344257355, 0.3747267723083496, 0.5066940188407898, 0.4617486298084259, 0.44275957345962524, 0.4926229417324066]}}