{"airline_train_8_32": {"num_of_epochs": 50, "learning_rate": 1e-05, "training_ds_fpath": "_train_8_32", "first_token_val_accuracy": [0.0, 0.0, 0.0, 0.0, 0.0, 0.0, 0.0, 0.005464480724185705, 0.09959016740322113, 0.5401639342308044, 0.6620218753814697, 0.6625683307647705, 0.6610655784606934, 0.6647540926933289, 0.6751366257667542, 0.6879781484603882, 0.7031420469284058, 0.7151639461517334, 0.7153005599975586, 0.6946721076965332, 0.6770491600036621, 0.7024590373039246, 0.7140710353851318, 0.6982240676879883, 0.6732240319252014, 0.6937158703804016, 0.6848360896110535, 0.6782786846160889, 0.6919398903846741, 0.6913934350013733, 0.6807377338409424, 0.6673497557640076, 0.6663934588432312, 0.6815573573112488, 0.6867486238479614, 0.687158465385437, 0.6486338973045349, 0.6821038126945496, 0.7056010961532593, 0.70942622423172, 0.7077868580818176, 0.7008196711540222, 0.7110655903816223, 0.7109289765357971, 0.7110655903816223, 0.7088797688484192, 0.7017759680747986, 0.7072404623031616, 0.7180327773094177, 0.693989098072052], "all_token_val_accuracy": [0.0, 0.0, 0.0, 0.0, 0.0, 0.0, 0.0, 0.005464480724185705, 0.09959016740322113, 0.5401639342308044, 0.6620218753814697, 0.6625683307647705, 0.6610655784606934, 0.6647540926933289, 0.6751366257667542, 0.6879781484603882, 0.7031420469284058, 0.7151639461517334, 0.7153005599975586, 0.6946721076965332, 0.6770491600036621, 0.7024590373039246, 0.7140710353851318, 0.6982240676879883, 0.6732240319252014, 0.6937158703804016, 0.6848360896110535, 0.6782786846160889, 0.6919398903846741, 0.6913934350013733, 0.6807377338409424, 0.6673497557640076, 0.6663934588432312, 0.6815573573112488, 0.6867486238479614, 0.687158465385437, 0.6486338973045349, 0.6821038126945496, 0.7056010961532593, 0.70942622423172, 0.7077868580818176, 0.7008196711540222, 0.7110655903816223, 0.7109289765357971, 0.7110655903816223, 0.7088797688484192, 0.7017759680747986, 0.7072404623031616, 0.7180327773094177, 0.693989098072052]}}