{"airline_train_6_16": {"num_of_epochs": 40, "learning_rate": 0.0001, "training_ds_fpath": "_train_6_16", "first_token_val_accuracy": [0.0, 0.528415322303772, 0.7076502442359924, 0.6676229238510132, 0.6603825092315674, 0.6106557250022888, 0.6127049326896667, 0.666256844997406, 0.7016393542289734, 0.6603825092315674, 0.6538251638412476, 0.6892076730728149, 0.6892076730728149, 0.6642076373100281, 0.6755464673042297, 0.6661202311515808, 0.652732253074646, 0.7045081853866577, 0.6733606457710266, 0.7147541046142578, 0.6795082092285156, 0.6904371380805969, 0.6946721076965332, 0.7280054688453674, 0.6943988800048828, 0.6710382699966431, 0.6886612176895142, 0.7124316692352295, 0.7081966996192932, 0.6747267842292786, 0.6815573573112488, 0.6989070773124695, 0.6931694149971008, 0.7002732157707214, 0.6606557369232178, 0.6943988800048828, 0.6942622661590576, 0.6785519123077393, 0.6758196949958801, 0.6725409626960754], "all_token_val_accuracy": [0.0, 0.528415322303772, 0.7076502442359924, 0.6676229238510132, 0.6603825092315674, 0.6106557250022888, 0.6127049326896667, 0.666256844997406, 0.7016393542289734, 0.6603825092315674, 0.6538251638412476, 0.6892076730728149, 0.6892076730728149, 0.6642076373100281, 0.6755464673042297, 0.6661202311515808, 0.652732253074646, 0.7045081853866577, 0.6733606457710266, 0.7147541046142578, 0.6795082092285156, 0.6904371380805969, 0.6946721076965332, 0.7280054688453674, 0.6943988800048828, 0.6710382699966431, 0.6886612176895142, 0.7124316692352295, 0.7081966996192932, 0.6747267842292786, 0.6815573573112488, 0.6989070773124695, 0.6931694149971008, 0.7002732157707214, 0.6606557369232178, 0.6943988800048828, 0.6942622661590576, 0.6785519123077393, 0.6758196949958801, 0.6725409626960754]}}