{"airline_train_6_32": {"num_of_epochs": 40, "learning_rate": 1e-05, "training_ds_fpath": "_train_6_32", "first_token_val_accuracy": [0.0, 0.0, 0.0, 0.0, 0.0, 0.0, 0.0024590163957327604, 0.04617486521601677, 0.471994549036026, 0.659426212310791, 0.6620218753814697, 0.6654371619224548, 0.6755464673042297, 0.6870218515396118, 0.6969945430755615, 0.700683057308197, 0.7056010961532593, 0.7062841653823853, 0.701366126537323, 0.6997267603874207, 0.658196747303009, 0.6650273203849792, 0.6747267842292786, 0.6747267842292786, 0.6737704873085022, 0.6636611819267273, 0.6775956153869629, 0.658743143081665, 0.6788251399993896, 0.6565573811531067, 0.6542349457740784, 0.664890706539154, 0.6811475157737732, 0.6762295365333557, 0.6867486238479614, 0.6785519123077393, 0.6883879899978638, 0.6949453353881836, 0.6696721315383911, 0.6957650184631348], "all_token_val_accuracy": [0.0, 0.0, 0.0, 0.0, 0.0, 0.0, 0.0024590163957327604, 0.04617486521601677, 0.471994549036026, 0.659426212310791, 0.6620218753814697, 0.6654371619224548, 0.6755464673042297, 0.6870218515396118, 0.6969945430755615, 0.700683057308197, 0.7056010961532593, 0.7062841653823853, 0.701366126537323, 0.6997267603874207, 0.658196747303009, 0.6650273203849792, 0.6747267842292786, 0.6747267842292786, 0.6737704873085022, 0.6636611819267273, 0.6775956153869629, 0.658743143081665, 0.6788251399993896, 0.6565573811531067, 0.6542349457740784, 0.664890706539154, 0.6811475157737732, 0.6762295365333557, 0.6867486238479614, 0.6785519123077393, 0.6883879899978638, 0.6949453353881836, 0.6696721315383911, 0.6957650184631348]}}