{"airline_train_5_4": {"num_of_epochs": 40, "learning_rate": 0.001, "training_ds_fpath": "_train_5_4", "first_token_val_accuracy": [0.6185792088508606, 0.41762295365333557, 0.2984972596168518, 0.6989070773124695, 0.49849727749824524, 0.6151639223098755, 0.6756830811500549, 0.6942622661590576, 0.6920765042304993, 0.6892076730728149, 0.5853825211524963, 0.5114753842353821, 0.560245931148529, 0.6769125461578369, 0.6911202073097229, 0.695218563079834, 0.6950819492340088, 0.6923497319221497, 0.6874316930770874, 0.6836065649986267, 0.6831967234611511, 0.6793715953826904, 0.6751366257667542, 0.6726775765419006, 0.6711748838424683, 0.6715847253799438, 0.6718579530715942, 0.6710382699966431, 0.6710382699966431, 0.6706284284591675, 0.6695355176925659, 0.6680327653884888, 0.6642076373100281, 0.6629781126976013, 0.660792350769043, 0.6571038365364075, 0.6532787084579468, 0.6515027284622192, 0.6506830453872681, 0.6499999761581421], "all_token_val_accuracy": [0.6185792088508606, 0.41762295365333557, 0.2984972596168518, 0.6989070773124695, 0.49849727749824524, 0.6151639223098755, 0.6756830811500549, 0.6942622661590576, 0.6920765042304993, 0.6892076730728149, 0.5853825211524963, 0.5114753842353821, 0.560245931148529, 0.6769125461578369, 0.6911202073097229, 0.695218563079834, 0.6950819492340088, 0.6923497319221497, 0.6874316930770874, 0.6836065649986267, 0.6831967234611511, 0.6793715953826904, 0.6751366257667542, 0.6726775765419006, 0.6711748838424683, 0.6715847253799438, 0.6718579530715942, 0.6710382699966431, 0.6710382699966431, 0.6706284284591675, 0.6695355176925659, 0.6680327653884888, 0.6642076373100281, 0.6629781126976013, 0.660792350769043, 0.6571038365364075, 0.6532787084579468, 0.6515027284622192, 0.6506830453872681, 0.6499999761581421]}}