{"airline_train_8_8": {"num_of_epochs": 20, "learning_rate": 0.001, "training_ds_fpath": "_train_8_8", "first_token_val_accuracy": [0.6367486119270325, 0.3333333432674408, 0.6427595615386963, 0.5842896103858948, 0.7034152746200562, 0.7128415107727051, 0.7117486596107483, 0.7058743238449097, 0.7062841653823853, 0.6818305850028992, 0.6505464315414429, 0.6416666507720947, 0.6342896223068237, 0.6998633742332458, 0.5165300369262695, 0.5303278565406799, 0.6002732515335083, 0.6214480996131897, 0.6341530084609985, 0.6396175026893616], "all_token_val_accuracy": [0.6367486119270325, 0.3333333432674408, 0.6427595615386963, 0.5842896103858948, 0.7034152746200562, 0.7128415107727051, 0.7117486596107483, 0.7058743238449097, 0.7062841653823853, 0.6818305850028992, 0.6505464315414429, 0.6416666507720947, 0.6342896223068237, 0.6998633742332458, 0.5165300369262695, 0.5303278565406799, 0.6002732515335083, 0.6214480996131897, 0.6341530084609985, 0.6396175026893616]}}