{"airline_train_7_4": {"num_of_epochs": 20, "learning_rate": 0.0005, "training_ds_fpath": "_train_7_4", "first_token_val_accuracy": [0.00013661202683579177, 0.6295081973075867, 0.6312841773033142, 0.22103825211524963, 0.23483607172966003, 0.6255464553833008, 0.5853825211524963, 0.5811475515365601, 0.46994534134864807, 0.5919398665428162, 0.658743143081665, 0.6389344334602356, 0.5745901465415955, 0.5404371619224548, 0.5439890623092651, 0.5655737519264221, 0.5866120457649231, 0.6090164184570312, 0.626366138458252, 0.6241803169250488], "all_token_val_accuracy": [0.00013661202683579177, 0.6295081973075867, 0.6312841773033142, 0.22103825211524963, 0.23483607172966003, 0.6255464553833008, 0.5853825211524963, 0.5811475515365601, 0.46994534134864807, 0.5919398665428162, 0.658743143081665, 0.6389344334602356, 0.5745901465415955, 0.5404371619224548, 0.5439890623092651, 0.5655737519264221, 0.5866120457649231, 0.6090164184570312, 0.626366138458252, 0.6241803169250488]}}