{"airline_train_9_32": {"num_of_epochs": 30, "learning_rate": 0.0001, "training_ds_fpath": "_train_9_32", "first_token_val_accuracy": [0.01543715875595808, 0.699999988079071, 0.6448087692260742, 0.6076502799987793, 0.6565573811531067, 0.7210382223129272, 0.7300546169281006, 0.722267746925354, 0.7528688311576843, 0.7408469915390015, 0.7398906946182251, 0.6998633742332458, 0.7177595496177673, 0.7381147742271423, 0.755464494228363, 0.7387978434562683, 0.7415300607681274, 0.7639344334602356, 0.7557377219200134, 0.7431694269180298, 0.729098379611969, 0.7198087573051453, 0.7362021803855896, 0.7383880019187927, 0.7681694030761719, 0.7551912665367126, 0.7382513880729675, 0.7267759442329407, 0.7489070892333984, 0.7670764923095703], "all_token_val_accuracy": [0.01543715875595808, 0.699999988079071, 0.6448087692260742, 0.6076502799987793, 0.6565573811531067, 0.7210382223129272, 0.7300546169281006, 0.722267746925354, 0.7528688311576843, 0.7408469915390015, 0.7398906946182251, 0.6998633742332458, 0.7177595496177673, 0.7381147742271423, 0.755464494228363, 0.7387978434562683, 0.7415300607681274, 0.7639344334602356, 0.7557377219200134, 0.7431694269180298, 0.729098379611969, 0.7198087573051453, 0.7362021803855896, 0.7383880019187927, 0.7681694030761719, 0.7551912665367126, 0.7382513880729675, 0.7267759442329407, 0.7489070892333984, 0.7670764923095703]}}