{"airline_train_0_16": {"num_of_epochs": 10, "learning_rate": 0.001, "training_ds_fpath": "_train_0_16", "first_token_val_accuracy": [0.6240437030792236, 0.20942622423171997, 0.6307377219200134, 0.20942622423171997, 0.6251366138458252, 0.44221311807632446, 0.6071038246154785, 0.7562841773033142, 0.7337431907653809, 0.6696721315383911], "all_token_val_accuracy": [0.6240437030792236, 0.20942622423171997, 0.6307377219200134, 0.20942622423171997, 0.6251366138458252, 0.44221311807632446, 0.6071038246154785, 0.7562841773033142, 0.7337431907653809, 0.6696721315383911]}}