{"airline_train_5_32": {"num_of_epochs": 5, "learning_rate": 0.001, "training_ds_fpath": "_train_5_32", "first_token_val_accuracy": [0.6251366138458252, 0.7250000238418579, 0.5752732157707214, 0.666939914226532, 0.6730874180793762], "all_token_val_accuracy": [0.6251366138458252, 0.7250000238418579, 0.5752732157707214, 0.666939914226532, 0.6730874180793762]}}