{"airline_train_0_16": {"num_of_epochs": 30, "learning_rate": 0.0005, "training_ds_fpath": "_train_0_16", "first_token_val_accuracy": [0.7019125819206238, 0.643989086151123, 0.6573770642280579, 0.5950819849967957, 0.6842896342277527, 0.7265027165412903, 0.6495901346206665, 0.7245901823043823, 0.7259562611579895, 0.673633873462677, 0.5684426426887512, 0.7311475276947021, 0.7151639461517334, 0.7137978076934814, 0.7139344215393066, 0.7137978076934814, 0.7169398665428162, 0.7091529965400696, 0.7154371738433838, 0.7204918265342712, 0.7221311330795288, 0.7191256880760193, 0.7196721434593201, 0.7191256880760193, 0.7184426188468933, 0.7191256880760193, 0.7187158465385437, 0.7180327773094177, 0.7191256880760193, 0.7247267961502075], "all_token_val_accuracy": [0.7019125819206238, 0.643989086151123, 0.6573770642280579, 0.5950819849967957, 0.6842896342277527, 0.7265027165412903, 0.6495901346206665, 0.7245901823043823, 0.7259562611579895, 0.673633873462677, 0.5684426426887512, 0.7311475276947021, 0.7151639461517334, 0.7137978076934814, 0.7139344215393066, 0.7137978076934814, 0.7169398665428162, 0.7091529965400696, 0.7154371738433838, 0.7204918265342712, 0.7221311330795288, 0.7191256880760193, 0.7196721434593201, 0.7191256880760193, 0.7184426188468933, 0.7191256880760193, 0.7187158465385437, 0.7180327773094177, 0.7191256880760193, 0.7247267961502075]}}