{"airline_train_4_16": {"num_of_epochs": 30, "learning_rate": 1e-05, "training_ds_fpath": "_train_4_16", "first_token_val_accuracy": [0.0, 0.0, 0.0, 0.0, 0.0, 0.0, 0.0, 0.0, 0.0, 0.0, 0.0, 0.0, 0.0, 0.00040983606595546007, 0.0034153005108237267, 0.014480873942375183, 0.08278688788414001, 0.23319672048091888, 0.47103825211524963, 0.6420764923095703, 0.6786885261535645, 0.6826502680778503, 0.6812841296195984, 0.6806011199951172, 0.6784152984619141, 0.6789617538452148, 0.6825136542320251, 0.6907103657722473, 0.6964480876922607, 0.7028688788414001], "all_token_val_accuracy": [0.0, 0.0, 0.0, 0.0, 0.0, 0.0, 0.0, 0.0, 0.0, 0.0, 0.0, 0.0, 0.0, 0.00040983606595546007, 0.0034153005108237267, 0.014480873942375183, 0.08278688788414001, 0.23319672048091888, 0.47103825211524963, 0.6420764923095703, 0.6786885261535645, 0.6826502680778503, 0.6812841296195984, 0.6806011199951172, 0.6784152984619141, 0.6789617538452148, 0.6825136542320251, 0.6907103657722473, 0.6964480876922607, 0.7028688788414001]}}