{"airline_train_1_32": {"num_of_epochs": 30, "learning_rate": 0.0001, "training_ds_fpath": "_train_1_32", "first_token_val_accuracy": [0.6550546288490295, 0.5609289407730103, 0.6006830334663391, 0.5131147503852844, 0.7374317049980164, 0.7143442630767822, 0.7009562849998474, 0.6780054569244385, 0.7304644584655762, 0.7599726915359497, 0.7360655665397644, 0.7596994638442993, 0.7254098653793335, 0.7538251280784607, 0.742622971534729, 0.7259562611579895, 0.7241803407669067, 0.7413934469223022, 0.7441256642341614, 0.7629781365394592, 0.7446721196174622, 0.7157104015350342, 0.7415300607681274, 0.7439890503883362, 0.7538251280784607, 0.7543715834617615, 0.7568305730819702, 0.7584699392318726, 0.7564207911491394, 0.7617486119270325], "all_token_val_accuracy": [0.6550546288490295, 0.5609289407730103, 0.6006830334663391, 0.5131147503852844, 0.7374317049980164, 0.7143442630767822, 0.7009562849998474, 0.6780054569244385, 0.7304644584655762, 0.7599726915359497, 0.7360655665397644, 0.7596994638442993, 0.7254098653793335, 0.7538251280784607, 0.742622971534729, 0.7259562611579895, 0.7241803407669067, 0.7413934469223022, 0.7441256642341614, 0.7629781365394592, 0.7446721196174622, 0.7157104015350342, 0.7415300607681274, 0.7439890503883362, 0.7538251280784607, 0.7543715834617615, 0.7568305730819702, 0.7584699392318726, 0.7564207911491394, 0.7617486119270325]}}