{"airline_train_0_16": {"num_of_epochs": 5, "learning_rate": 0.001, "training_ds_fpath": "_train_0_16", "first_token_val_accuracy": [0.17240437865257263, 0.6924863457679749, 0.6728141903877258, 0.6580601334571838, 0.7327868938446045], "all_token_val_accuracy": [0.17240437865257263, 0.6924863457679749, 0.6728141903877258, 0.6580601334571838, 0.7327868938446045]}}