{"airline_train_0_32": {"num_of_epochs": 10, "learning_rate": 0.0005, "training_ds_fpath": "_train_0_32", "first_token_val_accuracy": [0.37650272250175476, 0.7633879780769348, 0.7051912546157837, 0.6431694030761719, 0.7564207911491394, 0.7464480996131897, 0.7325136661529541, 0.7248634099960327, 0.7758196592330933, 0.7139344215393066], "all_token_val_accuracy": [0.37650272250175476, 0.7633879780769348, 0.7051912546157837, 0.6431694030761719, 0.7564207911491394, 0.7464480996131897, 0.7325136661529541, 0.7248634099960327, 0.7758196592330933, 0.7139344215393066]}}