{"airline_train_3_8": {"num_of_epochs": 20, "learning_rate": 0.0005, "training_ds_fpath": "_train_3_8", "first_token_val_accuracy": [0.6595628261566162, 0.2289617508649826, 0.6449453830718994, 0.5924863219261169, 0.6418032646179199, 0.7150273323059082, 0.6316940188407898, 0.639890730381012, 0.6456283926963806, 0.661475419998169, 0.6827868819236755, 0.6916666626930237, 0.6826502680778503, 0.6740437150001526, 0.6851093173027039, 0.6863387823104858, 0.6857923269271851, 0.6874316930770874, 0.645901620388031, 0.6449453830718994], "all_token_val_accuracy": [0.6595628261566162, 0.2289617508649826, 0.6449453830718994, 0.5924863219261169, 0.6418032646179199, 0.7150273323059082, 0.6316940188407898, 0.639890730381012, 0.6456283926963806, 0.661475419998169, 0.6827868819236755, 0.6916666626930237, 0.6826502680778503, 0.6740437150001526, 0.6851093173027039, 0.6863387823104858, 0.6857923269271851, 0.6874316930770874, 0.645901620388031, 0.6449453830718994]}}