{"airline_train_6_16": {"num_of_epochs": 50, "learning_rate": 0.0001, "training_ds_fpath": "_train_6_16", "first_token_val_accuracy": [0.0, 0.17459017038345337, 0.688524603843689, 0.5095628499984741, 0.7150273323059082, 0.5144808888435364, 0.7084699273109436, 0.6437158584594727, 0.6855190992355347, 0.7023224234580994, 0.66557377576828, 0.6963114738464355, 0.6721311211585999, 0.699999988079071, 0.67909836769104, 0.7124316692352295, 0.7237704992294312, 0.7114754319190979, 0.7047814130783081, 0.6778688430786133, 0.7282786965370178, 0.7374317049980164, 0.6579235196113586, 0.6545081734657288, 0.6654371619224548, 0.7083333134651184, 0.6334699392318726, 0.7299180030822754, 0.7221311330795288, 0.6889344453811646, 0.710109293460846, 0.7163934707641602, 0.7095628380775452, 0.7066940069198608, 0.7021858096122742, 0.7106557488441467, 0.6941257119178772, 0.6987704634666443, 0.7066940069198608, 0.6657103896141052, 0.730327844619751, 0.7316939830780029, 0.7288251519203186, 0.7176229357719421, 0.7187158465385437, 0.7183060050010681, 0.715573787689209, 0.715573787689209, 0.7107923626899719, 0.7206284403800964], "all_token_val_accuracy": [0.0, 0.17459017038345337, 0.688524603843689, 0.5095628499984741, 0.7150273323059082, 0.5144808888435364, 0.7084699273109436, 0.6437158584594727, 0.6855190992355347, 0.7023224234580994, 0.66557377576828, 0.6963114738464355, 0.6721311211585999, 0.699999988079071, 0.67909836769104, 0.7124316692352295, 0.7237704992294312, 0.7114754319190979, 0.7047814130783081, 0.6778688430786133, 0.7282786965370178, 0.7374317049980164, 0.6579235196113586, 0.6545081734657288, 0.6654371619224548, 0.7083333134651184, 0.6334699392318726, 0.7299180030822754, 0.7221311330795288, 0.6889344453811646, 0.710109293460846, 0.7163934707641602, 0.7095628380775452, 0.7066940069198608, 0.7021858096122742, 0.7106557488441467, 0.6941257119178772, 0.6987704634666443, 0.7066940069198608, 0.6657103896141052, 0.730327844619751, 0.7316939830780029, 0.7288251519203186, 0.7176229357719421, 0.7187158465385437, 0.7183060050010681, 0.715573787689209, 0.715573787689209, 0.7107923626899719, 0.7206284403800964]}}