{"airline_train_5_8": {"num_of_epochs": 10, "learning_rate": 0.0005, "training_ds_fpath": "_train_5_8", "first_token_val_accuracy": [0.6409835815429688, 0.2393442690372467, 0.722267746925354, 0.7001366019248962, 0.7106557488441467, 0.7394808530807495, 0.7314207553863525, 0.5629781484603882, 0.7266393303871155, 0.7281420826911926], "all_token_val_accuracy": [0.6409835815429688, 0.2393442690372467, 0.722267746925354, 0.7001366019248962, 0.7106557488441467, 0.7394808530807495, 0.7314207553863525, 0.5629781484603882, 0.7266393303871155, 0.7281420826911926]}}