{"airline_train_7_4": {"num_of_epochs": 30, "learning_rate": 0.0005, "training_ds_fpath": "_train_7_4", "first_token_val_accuracy": [0.0, 0.6005464196205139, 0.6370218396186829, 0.2954918146133423, 0.6234972476959229, 0.4831967353820801, 0.4687158465385437, 0.637841522693634, 0.67909836769104, 0.680464506149292, 0.6454917788505554, 0.6346994638442993, 0.6375682950019836, 0.651366114616394, 0.6596994400024414, 0.6621584892272949, 0.6206284165382385, 0.591256856918335, 0.5800546407699585, 0.5989071130752563, 0.6133880019187927, 0.6248633861541748, 0.6349726915359497, 0.63852459192276, 0.639207661151886, 0.6394808888435364, 0.6318305730819702, 0.6271858215332031, 0.6274589896202087, 0.6321038007736206], "all_token_val_accuracy": [0.0, 0.6005464196205139, 0.6370218396186829, 0.2954918146133423, 0.6234972476959229, 0.4831967353820801, 0.4687158465385437, 0.637841522693634, 0.67909836769104, 0.680464506149292, 0.6454917788505554, 0.6346994638442993, 0.6375682950019836, 0.651366114616394, 0.6596994400024414, 0.6621584892272949, 0.6206284165382385, 0.591256856918335, 0.5800546407699585, 0.5989071130752563, 0.6133880019187927, 0.6248633861541748, 0.6349726915359497, 0.63852459192276, 0.639207661151886, 0.6394808888435364, 0.6318305730819702, 0.6271858215332031, 0.6274589896202087, 0.6321038007736206]}}