{"airline_train_3_4": {"num_of_epochs": 30, "learning_rate": 0.0005, "training_ds_fpath": "_train_3_4", "first_token_val_accuracy": [0.0, 0.4654371440410614, 0.646584689617157, 0.24767759442329407, 0.3681693971157074, 0.5303278565406799, 0.5191256999969482, 0.5618852376937866, 0.6206284165382385, 0.6258196830749512, 0.6483606696128845, 0.6345628499984741, 0.6558743119239807, 0.6549180150032043, 0.6515027284622192, 0.6564207673072815, 0.6443989276885986, 0.6318305730819702, 0.6241803169250488, 0.6267759799957275, 0.6355191469192505, 0.6413934230804443, 0.6728141903877258, 0.6706284284591675, 0.6286885142326355, 0.5806010961532593, 0.5815573930740356, 0.5804644823074341, 0.6480874419212341, 0.6866120100021362], "all_token_val_accuracy": [0.0, 0.4654371440410614, 0.646584689617157, 0.24767759442329407, 0.3681693971157074, 0.5303278565406799, 0.5191256999969482, 0.5618852376937866, 0.6206284165382385, 0.6258196830749512, 0.6483606696128845, 0.6345628499984741, 0.6558743119239807, 0.6549180150032043, 0.6515027284622192, 0.6564207673072815, 0.6443989276885986, 0.6318305730819702, 0.6241803169250488, 0.6267759799957275, 0.6355191469192505, 0.6413934230804443, 0.6728141903877258, 0.6706284284591675, 0.6286885142326355, 0.5806010961532593, 0.5815573930740356, 0.5804644823074341, 0.6480874419212341, 0.6866120100021362]}}