{"airline_train_2_32": {"num_of_epochs": 5, "learning_rate": 0.0005, "training_ds_fpath": "_train_2_32", "first_token_val_accuracy": [0.3998633921146393, 0.7307376861572266, 0.7042349576950073, 0.7251366376876831, 0.7202185988426208], "all_token_val_accuracy": [0.3998633921146393, 0.7307376861572266, 0.7042349576950073, 0.7251366376876831, 0.7202185988426208]}}