{"airline_train_3_32": {"num_of_epochs": 50, "learning_rate": 0.0005, "training_ds_fpath": "_train_3_32", "first_token_val_accuracy": [0.2810109257698059, 0.703278660774231, 0.7241803407669067, 0.7262294888496399, 0.6853824853897095, 0.7329235076904297, 0.7120218873023987, 0.6903005242347717, 0.7463114857673645, 0.6896175146102905, 0.7758196592330933, 0.7023224234580994, 0.6740437150001526, 0.7285519242286682, 0.7456284165382385, 0.7450819611549377, 0.743852436542511, 0.7430328130722046, 0.7427595853805542, 0.703278660774231, 0.7199453711509705, 0.6998633742332458, 0.7442622780799866, 0.6013661026954651, 0.667486310005188, 0.7159836292266846, 0.6978142261505127, 0.7121584415435791, 0.5211748480796814, 0.610792338848114, 0.7363387942314148, 0.7644808888435364, 0.7389343976974487, 0.7334699630737305, 0.733879804611206, 0.7334699630737305, 0.7453551888465881, 0.7525956034660339, 0.7509562969207764, 0.7497267723083496, 0.7495901584625244, 0.7523223757743835, 0.7285519242286682, 0.7282786965370178, 0.7281420826911926, 0.7278688549995422, 0.7281420826911926, 0.7281420826911926, 0.7292349934577942, 0.7289617657661438], "all_token_val_accuracy": [0.2810109257698059, 0.703278660774231, 0.7241803407669067, 0.7262294888496399, 0.6853824853897095, 0.7329235076904297, 0.7120218873023987, 0.6903005242347717, 0.7463114857673645, 0.6896175146102905, 0.7758196592330933, 0.7023224234580994, 0.6740437150001526, 0.7285519242286682, 0.7456284165382385, 0.7450819611549377, 0.743852436542511, 0.7430328130722046, 0.7427595853805542, 0.703278660774231, 0.7199453711509705, 0.6998633742332458, 0.7442622780799866, 0.6013661026954651, 0.667486310005188, 0.7159836292266846, 0.6978142261505127, 0.7121584415435791, 0.5211748480796814, 0.610792338848114, 0.7363387942314148, 0.7644808888435364, 0.7389343976974487, 0.7334699630737305, 0.733879804611206, 0.7334699630737305, 0.7453551888465881, 0.7525956034660339, 0.7509562969207764, 0.7497267723083496, 0.7495901584625244, 0.7523223757743835, 0.7285519242286682, 0.7282786965370178, 0.7281420826911926, 0.7278688549995422, 0.7281420826911926, 0.7281420826911926, 0.7292349934577942, 0.7289617657661438]}}