{"airline_train_8_32": {"num_of_epochs": 20, "learning_rate": 0.0005, "training_ds_fpath": "_train_8_32", "first_token_val_accuracy": [0.6265027523040771, 0.5569671988487244, 0.7387978434562683, 0.695218563079834, 0.755464494228363, 0.5978142023086548, 0.7556011080741882, 0.7342896461486816, 0.7459016442298889, 0.75, 0.7219945192337036, 0.7515027523040771, 0.7467213273048401, 0.7610656023025513, 0.7620218396186829, 0.6903005242347717, 0.7224043607711792, 0.7256830334663391, 0.7293716073036194, 0.7359289526939392], "all_token_val_accuracy": [0.6265027523040771, 0.5569671988487244, 0.7387978434562683, 0.695218563079834, 0.755464494228363, 0.5978142023086548, 0.7556011080741882, 0.7342896461486816, 0.7459016442298889, 0.75, 0.7219945192337036, 0.7515027523040771, 0.7467213273048401, 0.7610656023025513, 0.7620218396186829, 0.6903005242347717, 0.7224043607711792, 0.7256830334663391, 0.7293716073036194, 0.7359289526939392]}}