{"airline_train_1_8": {"num_of_epochs": 20, "learning_rate": 0.0005, "training_ds_fpath": "_train_1_8", "first_token_val_accuracy": [0.6280054450035095, 0.2881147563457489, 0.7172130942344666, 0.6795082092285156, 0.7084699273109436, 0.7161202430725098, 0.6811475157737732, 0.6441256999969482, 0.6438524723052979, 0.6685792207717896, 0.6923497319221497, 0.687158465385437, 0.6699453592300415, 0.6577869057655334, 0.6775956153869629, 0.6765027046203613, 0.6754098534584045, 0.6759563088417053, 0.675000011920929, 0.6650273203849792], "all_token_val_accuracy": [0.6280054450035095, 0.2881147563457489, 0.7172130942344666, 0.6795082092285156, 0.7084699273109436, 0.7161202430725098, 0.6811475157737732, 0.6441256999969482, 0.6438524723052979, 0.6685792207717896, 0.6923497319221497, 0.687158465385437, 0.6699453592300415, 0.6577869057655334, 0.6775956153869629, 0.6765027046203613, 0.6754098534584045, 0.6759563088417053, 0.675000011920929, 0.6650273203849792]}}