{"airline_train_3_16": {"num_of_epochs": 30, "learning_rate": 0.001, "training_ds_fpath": "_train_3_16", "first_token_val_accuracy": [0.6042349934577942, 0.34549179673194885, 0.6147540807723999, 0.6993169188499451, 0.7307376861572266, 0.5920764803886414, 0.6308743357658386, 0.6370218396186829, 0.6493169665336609, 0.688524603843689, 0.6785519123077393, 0.6688524484634399, 0.6741803288459778, 0.6887978315353394, 0.6851093173027039, 0.6875683069229126, 0.6881147623062134, 0.6922131180763245, 0.6907103657722473, 0.6836065649986267, 0.6856557130813599, 0.5616120100021362, 0.6394808888435364, 0.6539617776870728, 0.6475409865379333, 0.6636611819267273, 0.6515027284622192, 0.41803279519081116, 0.5408470034599304, 0.4767759442329407], "all_token_val_accuracy": [0.6042349934577942, 0.34549179673194885, 0.6147540807723999, 0.6993169188499451, 0.7307376861572266, 0.5920764803886414, 0.6308743357658386, 0.6370218396186829, 0.6493169665336609, 0.688524603843689, 0.6785519123077393, 0.6688524484634399, 0.6741803288459778, 0.6887978315353394, 0.6851093173027039, 0.6875683069229126, 0.6881147623062134, 0.6922131180763245, 0.6907103657722473, 0.6836065649986267, 0.6856557130813599, 0.5616120100021362, 0.6394808888435364, 0.6539617776870728, 0.6475409865379333, 0.6636611819267273, 0.6515027284622192, 0.41803279519081116, 0.5408470034599304, 0.4767759442329407]}}