{"airline_train_9_4": {"num_of_epochs": 50, "learning_rate": 0.0001, "training_ds_fpath": "_train_9_4", "first_token_val_accuracy": [0.0, 0.0, 0.0, 0.0, 0.00013661202683579177, 0.006284153088927269, 0.20983606576919556, 0.6438524723052979, 0.6997267603874207, 0.7009562849998474, 0.7046447992324829, 0.7072404623031616, 0.7073770761489868, 0.6942622661590576, 0.6247267723083496, 0.5680328011512756, 0.6299180388450623, 0.6241803169250488, 0.5994535684585571, 0.5814207792282104, 0.5759562849998474, 0.5788251161575317, 0.5926229357719421, 0.5801912546157837, 0.5868852734565735, 0.58442622423172, 0.5939890742301941, 0.5812841653823853, 0.5482240319252014, 0.5504098534584045, 0.5564207434654236, 0.5637978315353394, 0.5693988800048828, 0.5729508399963379, 0.5722677707672119, 0.5841529965400696, 0.5863388180732727, 0.5766393542289734, 0.5680328011512756, 0.5633879899978638, 0.562158465385437, 0.5605190992355347, 0.5613387823104858, 0.5674863457679749, 0.5655737519264221, 0.5781420469284058, 0.5845628380775452, 0.5874316692352295, 0.5868852734565735, 0.5866120457649231], "all_token_val_accuracy": [0.0, 0.0, 0.0, 0.0, 0.00013661202683579177, 0.006284153088927269, 0.20983606576919556, 0.6438524723052979, 0.6997267603874207, 0.7009562849998474, 0.7046447992324829, 0.7072404623031616, 0.7073770761489868, 0.6942622661590576, 0.6247267723083496, 0.5680328011512756, 0.6299180388450623, 0.6241803169250488, 0.5994535684585571, 0.5814207792282104, 0.5759562849998474, 0.5788251161575317, 0.5926229357719421, 0.5801912546157837, 0.5868852734565735, 0.58442622423172, 0.5939890742301941, 0.5812841653823853, 0.5482240319252014, 0.5504098534584045, 0.5564207434654236, 0.5637978315353394, 0.5693988800048828, 0.5729508399963379, 0.5722677707672119, 0.5841529965400696, 0.5863388180732727, 0.5765027403831482, 0.5677595734596252, 0.5629781484603882, 0.5617486238479614, 0.5601093173027039, 0.5609289407730103, 0.5672131180763245, 0.5653005242347717, 0.5778688788414001, 0.5842896103858948, 0.5871584415435791, 0.5866120457649231, 0.5863388180732727]}}