{"airline_train_9_32": {"num_of_epochs": 30, "learning_rate": 1e-05, "training_ds_fpath": "_train_9_32", "first_token_val_accuracy": [0.0, 0.0, 0.0, 0.0, 0.0, 0.0, 0.0, 0.0028688523452728987, 0.04139344394207001, 0.36967211961746216, 0.6636611819267273, 0.6905737519264221, 0.6911202073097229, 0.694535493850708, 0.7023224234580994, 0.7086065411567688, 0.7137978076934814, 0.720355212688446, 0.7172130942344666, 0.6831967234611511, 0.6915300488471985, 0.6704918146133423, 0.6773223876953125, 0.6643442511558533, 0.6453551650047302, 0.6493169665336609, 0.6271858215332031, 0.6338797807693481, 0.6300546526908875, 0.6426229476928711], "all_token_val_accuracy": [0.0, 0.0, 0.0, 0.0, 0.0, 0.0, 0.0, 0.0028688523452728987, 0.04139344394207001, 0.36967211961746216, 0.6636611819267273, 0.6905737519264221, 0.6911202073097229, 0.694535493850708, 0.7023224234580994, 0.7086065411567688, 0.7137978076934814, 0.720355212688446, 0.7172130942344666, 0.6831967234611511, 0.6915300488471985, 0.6704918146133423, 0.6773223876953125, 0.6643442511558533, 0.6453551650047302, 0.6493169665336609, 0.6271858215332031, 0.6338797807693481, 0.6300546526908875, 0.6426229476928711]}}