{"airline_train_6_4": {"num_of_epochs": 30, "learning_rate": 0.0001, "training_ds_fpath": "_train_6_4", "first_token_val_accuracy": [0.0, 0.0, 0.0, 0.0, 0.00013661202683579177, 0.0023224044125527143, 0.03920764848589897, 0.4174863398075104, 0.6737704873085022, 0.6900272965431213, 0.6953551769256592, 0.7045081853866577, 0.7107923626899719, 0.699999988079071, 0.6853824853897095, 0.6613388061523438, 0.5692622661590576, 0.5389344096183777, 0.6058743000030518, 0.6009562611579895, 0.6081967353820801, 0.5974043607711792, 0.58442622423172, 0.5692622661590576, 0.5394808650016785, 0.5622950792312622, 0.5937158465385437, 0.5998634099960327, 0.6046448349952698, 0.6054644584655762], "all_token_val_accuracy": [0.0, 0.0, 0.0, 0.0, 0.00013661202683579177, 0.0023224044125527143, 0.03920764848589897, 0.4174863398075104, 0.6737704873085022, 0.6900272965431213, 0.6953551769256592, 0.7045081853866577, 0.7107923626899719, 0.699999988079071, 0.6853824853897095, 0.6613388061523438, 0.5692622661590576, 0.5389344096183777, 0.6058743000030518, 0.6009562611579895, 0.6081967353820801, 0.5974043607711792, 0.58442622423172, 0.5692622661590576, 0.5394808650016785, 0.5622950792312622, 0.5937158465385437, 0.5998634099960327, 0.6046448349952698, 0.6054644584655762]}}