{"airline_train_9_32": {"num_of_epochs": 50, "learning_rate": 0.001, "training_ds_fpath": "_train_9_32", "first_token_val_accuracy": [0.7092896103858948, 0.6677595376968384, 0.7464480996131897, 0.7062841653823853, 0.647267758846283, 0.7449453473091125, 0.7465847134590149, 0.6734972596168518, 0.7321038246154785, 0.7330601215362549, 0.7549180388450623, 0.7583333253860474, 0.7521858215332031, 0.7248634099960327, 0.7433059811592102, 0.6418032646179199, 0.6657103896141052, 0.7060109376907349, 0.7381147742271423, 0.6580601334571838, 0.6837431788444519, 0.6289617419242859, 0.7453551888465881, 0.7256830334663391, 0.6949453353881836, 0.7061475515365601, 0.6943988800048828, 0.7204918265342712, 0.6912568211555481, 0.6665300726890564, 0.6737704873085022, 0.6855190992355347, 0.6968579292297363, 0.6960382461547852, 0.6956284046173096, 0.6980874538421631, 0.7001366019248962, 0.6954917907714844, 0.6967213153839111, 0.6967213153839111, 0.7015027403831482, 0.7004098296165466, 0.7019125819206238, 0.7017759680747986, 0.7019125819206238, 0.7019125819206238, 0.7015027403831482, 0.7008196711540222, 0.7010928988456726, 0.6922131180763245], "all_token_val_accuracy": [0.7092896103858948, 0.6677595376968384, 0.7464480996131897, 0.7062841653823853, 0.647267758846283, 0.7449453473091125, 0.7465847134590149, 0.6734972596168518, 0.7321038246154785, 0.7330601215362549, 0.7549180388450623, 0.7583333253860474, 0.7521858215332031, 0.7248634099960327, 0.7433059811592102, 0.6418032646179199, 0.6657103896141052, 0.7060109376907349, 0.7381147742271423, 0.6580601334571838, 0.6837431788444519, 0.6289617419242859, 0.7453551888465881, 0.7256830334663391, 0.6949453353881836, 0.7061475515365601, 0.6943988800048828, 0.7204918265342712, 0.6912568211555481, 0.6665300726890564, 0.6737704873085022, 0.6855190992355347, 0.6968579292297363, 0.6960382461547852, 0.6956284046173096, 0.6980874538421631, 0.7001366019248962, 0.6954917907714844, 0.6967213153839111, 0.6967213153839111, 0.7015027403831482, 0.7004098296165466, 0.7019125819206238, 0.7017759680747986, 0.7019125819206238, 0.7019125819206238, 0.7015027403831482, 0.7008196711540222, 0.7010928988456726, 0.6922131180763245]}}