{"airline_train_2_8": {"num_of_epochs": 5, "learning_rate": 0.0005, "training_ds_fpath": "_train_2_8", "first_token_val_accuracy": [0.18920764327049255, 0.7110655903816223, 0.33866119384765625, 0.5956284403800964, 0.6329234838485718], "all_token_val_accuracy": [0.18920764327049255, 0.7110655903816223, 0.33866119384765625, 0.5956284403800964, 0.6329234838485718]}}