{"pm_bnew_train_2_16": {"num_of_epochs": 50, "learning_rate": 0.0001, "training_ds_fpath": "_train_2_16", "first_token_val_accuracy": [0.0, 0.0, 0.0, 0.03333333507180214, 0.12444444745779037, 0.1666666716337204, 0.18666666746139526, 0.17777778208255768, 0.20444443821907043, 0.2199999988079071, 0.2288888841867447, 0.23111110925674438, 0.23111110925674438, 0.25111111998558044, 0.2199999988079071, 0.23999999463558197, 0.23999999463558197, 0.24222221970558167, 0.24888889491558075, 0.23555555939674377, 0.2266666740179062, 0.23333333432674408, 0.23999999463558197, 0.2244444489479065, 0.23333333432674408, 0.24888889491558075, 0.24666666984558105, 0.25333333015441895, 0.23999999463558197, 0.23999999463558197, 0.2288888841867447, 0.23333333432674408, 0.21111111342906952, 0.2288888841867447, 0.2133333384990692, 0.23333333432674408, 0.24444444477558136, 0.24888889491558075, 0.25555557012557983, 0.2266666740179062, 0.23555555939674377, 0.23333333432674408, 0.24222221970558167, 0.23777778446674347, 0.2266666740179062, 0.23333333432674408, 0.24444444477558136, 0.2222222238779068, 0.23999999463558197, 0.24888889491558075], "all_token_val_accuracy": [0.0, 0.0, 0.0, 0.03333333507180214, 0.12444444745779037, 0.1666666716337204, 0.18666666746139526, 0.17777778208255768, 0.20444443821907043, 0.2199999988079071, 0.2288888841867447, 0.23111110925674438, 0.23111110925674438, 0.25111111998558044, 0.2199999988079071, 0.23999999463558197, 0.23999999463558197, 0.24222221970558167, 0.24888889491558075, 0.23555555939674377, 0.2266666740179062, 0.23333333432674408, 0.23999999463558197, 0.2244444489479065, 0.23333333432674408, 0.24888889491558075, 0.24666666984558105, 0.25333333015441895, 0.23999999463558197, 0.23999999463558197, 0.2288888841867447, 0.23333333432674408, 0.21111111342906952, 0.2288888841867447, 0.2133333384990692, 0.23333333432674408, 0.24444444477558136, 0.24888889491558075, 0.25555557012557983, 0.2266666740179062, 0.23555555939674377, 0.23333333432674408, 0.24222221970558167, 0.23777778446674347, 0.2266666740179062, 0.23333333432674408, 0.24444444477558136, 0.2222222238779068, 0.23999999463558197, 0.24888889491558075]}}