{"pm_bnew_train_1_32": {"num_of_epochs": 50, "learning_rate": 0.0001, "training_ds_fpath": "_train_1_32", "first_token_val_accuracy": [0.0, 0.028888888657093048, 0.1733333319425583, 0.20000000298023224, 0.18666666746139526, 0.2133333384990692, 0.23111110925674438, 0.21555554866790771, 0.23999999463558197, 0.24888889491558075, 0.24222221970558167, 0.2622222304344177, 0.25777778029441833, 0.25777778029441833, 0.23333333432674408, 0.23333333432674408, 0.2222222238779068, 0.24444444477558136, 0.23555555939674377, 0.2177777737379074, 0.23111110925674438, 0.2177777737379074, 0.23333333432674408, 0.2222222238779068, 0.23777778446674347, 0.2244444489479065, 0.2222222238779068, 0.21555554866790771, 0.24666666984558105, 0.23333333432674408, 0.2222222238779068, 0.19333332777023315, 0.2177777737379074, 0.2266666740179062, 0.2177777737379074, 0.21555554866790771, 0.18888889253139496, 0.2288888841867447, 0.2266666740179062, 0.23777778446674347, 0.2266666740179062, 0.2199999988079071, 0.21111111342906952, 0.18888889253139496, 0.2199999988079071, 0.23555555939674377, 0.23777778446674347, 0.23999999463558197, 0.20666666328907013, 0.2177777737379074], "all_token_val_accuracy": [0.0, 0.028888888657093048, 0.1733333319425583, 0.20000000298023224, 0.18666666746139526, 0.2133333384990692, 0.23111110925674438, 0.21555554866790771, 0.23999999463558197, 0.24888889491558075, 0.24222221970558167, 0.2622222304344177, 0.25777778029441833, 0.25777778029441833, 0.23333333432674408, 0.23333333432674408, 0.2222222238779068, 0.24444444477558136, 0.23555555939674377, 0.2177777737379074, 0.23111110925674438, 0.2177777737379074, 0.23333333432674408, 0.2222222238779068, 0.23777778446674347, 0.2244444489479065, 0.2222222238779068, 0.21555554866790771, 0.24666666984558105, 0.23333333432674408, 0.2222222238779068, 0.19333332777023315, 0.2177777737379074, 0.2266666740179062, 0.2177777737379074, 0.21555554866790771, 0.18888889253139496, 0.2288888841867447, 0.2266666740179062, 0.23777778446674347, 0.2266666740179062, 0.2199999988079071, 0.21111111342906952, 0.18888889253139496, 0.2199999988079071, 0.23555555939674377, 0.23777778446674347, 0.23999999463558197, 0.20666666328907013, 0.2177777737379074]}}