{"pm_bnew_train_2_32": {"num_of_epochs": 50, "learning_rate": 0.0001, "training_ds_fpath": "_train_2_32", "first_token_val_accuracy": [0.0, 0.024444444105029106, 0.15111111104488373, 0.19555555284023285, 0.19555555284023285, 0.19333332777023315, 0.23777778446674347, 0.23333333432674408, 0.24888889491558075, 0.24666666984558105, 0.25999999046325684, 0.2622222304344177, 0.25333333015441895, 0.25111111998558044, 0.273333340883255, 0.2822222113609314, 0.2866666615009308, 0.2666666805744171, 0.2755555510520935, 0.2844444513320923, 0.2888889014720917, 0.2711111009120941, 0.2755555510520935, 0.2622222304344177, 0.2777777910232544, 0.2822222113609314, 0.2822222113609314, 0.2755555510520935, 0.2800000011920929, 0.2755555510520935, 0.2711111009120941, 0.273333340883255, 0.2844444513320923, 0.2933333218097687, 0.273333340883255, 0.2911111116409302, 0.30888888239860535, 0.2933333218097687, 0.273333340883255, 0.2777777910232544, 0.2911111116409302, 0.2888889014720917, 0.2844444513320923, 0.2866666615009308, 0.29777777194976807, 0.2933333218097687, 0.2800000011920929, 0.29555556178092957, 0.2911111116409302, 0.25333333015441895], "all_token_val_accuracy": [0.0, 0.024444444105029106, 0.15111111104488373, 0.19555555284023285, 0.19555555284023285, 0.19333332777023315, 0.23777778446674347, 0.23333333432674408, 0.24888889491558075, 0.24666666984558105, 0.25999999046325684, 0.2622222304344177, 0.25333333015441895, 0.25111111998558044, 0.273333340883255, 0.2822222113609314, 0.2866666615009308, 0.2666666805744171, 0.2755555510520935, 0.2844444513320923, 0.2888889014720917, 0.2711111009120941, 0.2755555510520935, 0.2622222304344177, 0.2777777910232544, 0.2822222113609314, 0.2822222113609314, 0.2755555510520935, 0.2800000011920929, 0.2755555510520935, 0.2711111009120941, 0.273333340883255, 0.2844444513320923, 0.2933333218097687, 0.273333340883255, 0.2911111116409302, 0.30888888239860535, 0.2933333218097687, 0.273333340883255, 0.2777777910232544, 0.2911111116409302, 0.2888889014720917, 0.2844444513320923, 0.2866666615009308, 0.29777777194976807, 0.2933333218097687, 0.2800000011920929, 0.29555556178092957, 0.2911111116409302, 0.25333333015441895]}}