{"pm_bnew_train_1_4": {"num_of_epochs": 20, "learning_rate": 0.0005, "training_ds_fpath": "_train_1_4", "first_token_val_accuracy": [0.0, 0.0, 0.011111111380159855, 0.10000000149011612, 0.14444445073604584, 0.14666666090488434, 0.15111111104488373, 0.18000000715255737, 0.18222221732139587, 0.162222221493721, 0.20666666328907013, 0.18222221732139587, 0.19555555284023285, 0.18666666746139526, 0.1733333319425583, 0.2133333384990692, 0.20888888835906982, 0.20000000298023224, 0.19333332777023315, 0.19777777791023254], "all_token_val_accuracy": [0.0, 0.0, 0.011111111380159855, 0.10000000149011612, 0.14444445073604584, 0.14666666090488434, 0.15111111104488373, 0.18000000715255737, 0.18222221732139587, 0.162222221493721, 0.20666666328907013, 0.18222221732139587, 0.19555555284023285, 0.18666666746139526, 0.1733333319425583, 0.2133333384990692, 0.20888888835906982, 0.20000000298023224, 0.19333332777023315, 0.19777777791023254]}}