{"pm_bnew_train_6_8": {"num_of_epochs": 50, "learning_rate": 0.0001, "training_ds_fpath": "_train_6_8", "first_token_val_accuracy": [0.0, 0.0, 0.0, 0.0, 0.0, 0.0, 0.006666666828095913, 0.03999999910593033, 0.09111110866069794, 0.11555555462837219, 0.14888888597488403, 0.1644444465637207, 0.1733333319425583, 0.19333332777023315, 0.20222222805023193, 0.20222222805023193, 0.19777777791023254, 0.19555555284023285, 0.20222222805023193, 0.18666666746139526, 0.18888889253139496, 0.18000000715255737, 0.1711111068725586, 0.19777777791023254, 0.2244444489479065, 0.20222222805023193, 0.18444444239139557, 0.2222222238779068, 0.2133333384990692, 0.21111111342906952, 0.20222222805023193, 0.21111111342906952, 0.21555554866790771, 0.21555554866790771, 0.20888888835906982, 0.21555554866790771, 0.2244444489479065, 0.21111111342906952, 0.2133333384990692, 0.19555555284023285, 0.19777777791023254, 0.2199999988079071, 0.21555554866790771, 0.2199999988079071, 0.2199999988079071, 0.2199999988079071, 0.2133333384990692, 0.2266666740179062, 0.23333333432674408, 0.2199999988079071], "all_token_val_accuracy": [0.0, 0.0, 0.0, 0.0, 0.0, 0.0, 0.006666666828095913, 0.03999999910593033, 0.09111110866069794, 0.11555555462837219, 0.14888888597488403, 0.1644444465637207, 0.1733333319425583, 0.19333332777023315, 0.20222222805023193, 0.20222222805023193, 0.19777777791023254, 0.19555555284023285, 0.20222222805023193, 0.18666666746139526, 0.18888889253139496, 0.18000000715255737, 0.1711111068725586, 0.19777777791023254, 0.2244444489479065, 0.20222222805023193, 0.18444444239139557, 0.2222222238779068, 0.2133333384990692, 0.21111111342906952, 0.20222222805023193, 0.21111111342906952, 0.21555554866790771, 0.21555554866790771, 0.20888888835906982, 0.21555554866790771, 0.2244444489479065, 0.21111111342906952, 0.2133333384990692, 0.19555555284023285, 0.19777777791023254, 0.2199999988079071, 0.21555554866790771, 0.2199999988079071, 0.2199999988079071, 0.2199999988079071, 0.2133333384990692, 0.2266666740179062, 0.23333333432674408, 0.2199999988079071]}}