{"pm_bnew_train_2_8": {"num_of_epochs": 50, "learning_rate": 0.0001, "training_ds_fpath": "_train_2_8", "first_token_val_accuracy": [0.0, 0.0, 0.0, 0.0, 0.0, 0.002222222276031971, 0.004444444552063942, 0.035555556416511536, 0.09555555880069733, 0.11777777969837189, 0.13111111521720886, 0.14000000059604645, 0.14000000059604645, 0.15555556118488312, 0.162222221493721, 0.162222221493721, 0.17555555701255798, 0.18000000715255737, 0.18444444239139557, 0.18666666746139526, 0.18666666746139526, 0.18666666746139526, 0.19333332777023315, 0.18888889253139496, 0.19111111760139465, 0.17555555701255798, 0.19555555284023285, 0.20666666328907013, 0.19555555284023285, 0.20000000298023224, 0.20666666328907013, 0.2133333384990692, 0.21111111342906952, 0.20444443821907043, 0.18444444239139557, 0.2133333384990692, 0.20222222805023193, 0.19555555284023285, 0.20000000298023224, 0.2177777737379074, 0.19777777791023254, 0.20444443821907043, 0.2199999988079071, 0.2133333384990692, 0.20666666328907013, 0.20222222805023193, 0.2133333384990692, 0.2177777737379074, 0.2199999988079071, 0.2133333384990692], "all_token_val_accuracy": [0.0, 0.0, 0.0, 0.0, 0.0, 0.002222222276031971, 0.004444444552063942, 0.035555556416511536, 0.09555555880069733, 0.11777777969837189, 0.13111111521720886, 0.14000000059604645, 0.14000000059604645, 0.15555556118488312, 0.162222221493721, 0.162222221493721, 0.17555555701255798, 0.18000000715255737, 0.18444444239139557, 0.18666666746139526, 0.18666666746139526, 0.18666666746139526, 0.19333332777023315, 0.18888889253139496, 0.19111111760139465, 0.17555555701255798, 0.19555555284023285, 0.20666666328907013, 0.19555555284023285, 0.20000000298023224, 0.20666666328907013, 0.2133333384990692, 0.21111111342906952, 0.20444443821907043, 0.18444444239139557, 0.2133333384990692, 0.20222222805023193, 0.19555555284023285, 0.20000000298023224, 0.2177777737379074, 0.19777777791023254, 0.20444443821907043, 0.2199999988079071, 0.2133333384990692, 0.20666666328907013, 0.20222222805023193, 0.2133333384990692, 0.2177777737379074, 0.2199999988079071, 0.2133333384990692]}}