{"pm_bnew_train_7_16": {"num_of_epochs": 50, "learning_rate": 0.0001, "training_ds_fpath": "_train_7_16", "first_token_val_accuracy": [0.0, 0.0, 0.0, 0.06666667014360428, 0.12666666507720947, 0.18666666746139526, 0.18444444239139557, 0.18000000715255737, 0.20000000298023224, 0.19111111760139465, 0.23333333432674408, 0.21111111342906952, 0.23555555939674377, 0.2199999988079071, 0.21111111342906952, 0.21555554866790771, 0.23555555939674377, 0.2266666740179062, 0.23555555939674377, 0.21111111342906952, 0.2288888841867447, 0.23555555939674377, 0.2222222238779068, 0.21111111342906952, 0.2288888841867447, 0.2177777737379074, 0.25555557012557983, 0.24888889491558075, 0.2266666740179062, 0.25111111998558044, 0.25555557012557983, 0.24888889491558075, 0.25999999046325684, 0.23999999463558197, 0.25555557012557983, 0.2666666805744171, 0.2622222304344177, 0.25777778029441833, 0.25555557012557983, 0.24666666984558105, 0.24222221970558167, 0.23333333432674408, 0.24222221970558167, 0.25333333015441895, 0.25111111998558044, 0.23777778446674347, 0.2244444489479065, 0.25777778029441833, 0.2777777910232544, 0.25555557012557983], "all_token_val_accuracy": [0.0, 0.0, 0.0, 0.06666667014360428, 0.12666666507720947, 0.18666666746139526, 0.18444444239139557, 0.18000000715255737, 0.20000000298023224, 0.19111111760139465, 0.23333333432674408, 0.21111111342906952, 0.23555555939674377, 0.2199999988079071, 0.21111111342906952, 0.21555554866790771, 0.23555555939674377, 0.2266666740179062, 0.23555555939674377, 0.21111111342906952, 0.2288888841867447, 0.23555555939674377, 0.2222222238779068, 0.21111111342906952, 0.2288888841867447, 0.2177777737379074, 0.25555557012557983, 0.24888889491558075, 0.2266666740179062, 0.25111111998558044, 0.25555557012557983, 0.24888889491558075, 0.25999999046325684, 0.23999999463558197, 0.25555557012557983, 0.2666666805744171, 0.2622222304344177, 0.25777778029441833, 0.25555557012557983, 0.24666666984558105, 0.24222221970558167, 0.23333333432674408, 0.24222221970558167, 0.25333333015441895, 0.25111111998558044, 0.23777778446674347, 0.2244444489479065, 0.25777778029441833, 0.2777777910232544, 0.25555557012557983]}}