{"restaurant_train_8_4": {"num_of_epochs": 20, "learning_rate": 0.0005, "training_ds_fpath": "_train_8_4", "first_token_val_accuracy": [0.06676958501338959, 0.4067927300930023, 0.35739096999168396, 0.4384407699108124, 0.4091084599494934, 0.43419528007507324, 0.42570436000823975, 0.4913160800933838, 0.5032805800437927, 0.4828251600265503, 0.4642994999885559, 0.47857969999313354, 0.4920879900455475, 0.5059822201728821, 0.5140872001647949, 0.5140872001647949, 0.5245079398155212, 0.5241219401359558, 0.5214203000068665, 0.5175607800483704], "all_token_val_accuracy": [0.06676958501338959, 0.4067927300930023, 0.35739096999168396, 0.4384407699108124, 0.4091084599494934, 0.43419528007507324, 0.42570436000823975, 0.4913160800933838, 0.5032805800437927, 0.4828251600265503, 0.4642994999885559, 0.47857969999313354, 0.4920879900455475, 0.5059822201728821, 0.5140872001647949, 0.5140872001647949, 0.5245079398155212, 0.5241219401359558, 0.5214203000068665, 0.5175607800483704]}}