{"restaurant_train_4_8": {"num_of_epochs": 30, "learning_rate": 0.0005, "training_ds_fpath": "_train_4_8", "first_token_val_accuracy": [0.18216904997825623, 0.35507526993751526, 0.4504052400588989, 0.5333847999572754, 0.5198764801025391, 0.5299112200737, 0.5079119801521301, 0.5063682198524475, 0.5696642398834229, 0.5449633598327637, 0.5534542798995972, 0.56464684009552, 0.5650327801704407, 0.5700501799583435, 0.5827865600585938, 0.5700501799583435, 0.6028560400009155, 0.5237360000610352, 0.5553840398788452, 0.5808568000793457, 0.5789270401000977, 0.5908915400505066, 0.5858741998672485, 0.5820146799087524, 0.5827865600585938, 0.5824006199836731, 0.5789270401000977, 0.576611340045929, 0.5773832201957703, 0.5781551599502563], "all_token_val_accuracy": [0.18216904997825623, 0.35507526993751526, 0.4504052400588989, 0.5333847999572754, 0.5198764801025391, 0.5299112200737, 0.5079119801521301, 0.5063682198524475, 0.5696642398834229, 0.5449633598327637, 0.5534542798995972, 0.56464684009552, 0.5650327801704407, 0.5700501799583435, 0.5827865600585938, 0.5700501799583435, 0.6028560400009155, 0.5237360000610352, 0.5553840398788452, 0.5808568000793457, 0.5789270401000977, 0.5908915400505066, 0.5858741998672485, 0.5820146799087524, 0.5827865600585938, 0.5824006199836731, 0.5789270401000977, 0.576611340045929, 0.5773832201957703, 0.5781551599502563]}}