{"restaurant_train_5_32": {"num_of_epochs": 40, "learning_rate": 0.0001, "training_ds_fpath": "_train_5_32", "first_token_val_accuracy": [0.33384793996810913, 0.5055962800979614, 0.593593180179596, 0.6487842798233032, 0.7143959999084473, 0.7861829400062561, 0.7279042601585388, 0.7676572799682617, 0.796217679977417, 0.8108838200569153, 0.8205326199531555, 0.8031647801399231, 0.8054804801940918, 0.7904284000396729, 0.8143573999404907, 0.8043226599693298, 0.7734465599060059, 0.8128135800361633, 0.8236202001571655, 0.8027788400650024, 0.8066383600234985, 0.8116557598114014, 0.8000771999359131, 0.825935959815979, 0.8205326199531555, 0.8251640200614929, 0.7900424599647522, 0.8043226599693298, 0.8147433400154114, 0.7966036200523376, 0.8081821799278259, 0.7966036200523376, 0.8062524199485779, 0.8135854601860046, 0.8398301601409912, 0.8182169198989868, 0.8112697601318359, 0.8267078399658203, 0.7973755598068237, 0.8220764398574829], "all_token_val_accuracy": [0.33384793996810913, 0.5055962800979614, 0.593593180179596, 0.6487842798233032, 0.7140100598335266, 0.7861829400062561, 0.7279042601585388, 0.7676572799682617, 0.796217679977417, 0.8108838200569153, 0.8205326199531555, 0.8031647801399231, 0.8054804801940918, 0.7904284000396729, 0.8143573999404907, 0.8043226599693298, 0.7734465599060059, 0.8128135800361633, 0.8236202001571655, 0.8027788400650024, 0.8066383600234985, 0.8116557598114014, 0.8000771999359131, 0.825935959815979, 0.8205326199531555, 0.8251640200614929, 0.7900424599647522, 0.8043226599693298, 0.8147433400154114, 0.7966036200523376, 0.8081821799278259, 0.7966036200523376, 0.8062524199485779, 0.8135854601860046, 0.8398301601409912, 0.8182169198989868, 0.8112697601318359, 0.8267078399658203, 0.7973755598068237, 0.8220764398574829]}}