{"restaurant_train_5_4": {"num_of_epochs": 20, "learning_rate": 0.0005, "training_ds_fpath": "_train_5_4", "first_token_val_accuracy": [0.26244693994522095, 0.40563488006591797, 0.4612118899822235, 0.43419528007507324, 0.3855654299259186, 0.4345812499523163, 0.4450019299983978, 0.4573523700237274, 0.46005403995513916, 0.4260903000831604, 0.4550366699695587, 0.469702810049057, 0.3693554699420929, 0.4488614499568939, 0.4469316899776459, 0.4457738399505615, 0.4492473900318146, 0.452335000038147, 0.4534928500652313, 0.45387881994247437], "all_token_val_accuracy": [0.26244693994522095, 0.40563488006591797, 0.4612118899822235, 0.43419528007507324, 0.3855654299259186, 0.4345812499523163, 0.4450019299983978, 0.4573523700237274, 0.46005403995513916, 0.4260903000831604, 0.4550366699695587, 0.469702810049057, 0.3693554699420929, 0.4488614499568939, 0.4469316899776459, 0.4457738399505615, 0.4492473900318146, 0.452335000038147, 0.4534928500652313, 0.45387881994247437]}}