{"restaurant_train_3_8": {"num_of_epochs": 30, "learning_rate": 0.0005, "training_ds_fpath": "_train_3_8", "first_token_val_accuracy": [0.21574681997299194, 0.37205711007118225, 0.4550366699695587, 0.49093014001846313, 0.56464684009552, 0.5638749599456787, 0.5465071201324463, 0.5604013800621033, 0.550752580165863, 0.512929379940033, 0.5962948799133301, 0.5109996199607849, 0.5553840398788452, 0.5658047199249268, 0.5685063600540161, 0.559629499912262, 0.548822820186615, 0.5604013800621033, 0.5978386998176575, 0.6090312600135803, 0.5638749599456787, 0.5623311400413513, 0.575453519821167, 0.5769972801208496, 0.580470860004425, 0.580470860004425, 0.5820146799087524, 0.5862601399421692, 0.5874179601669312, 0.5897337198257446], "all_token_val_accuracy": [0.21574681997299194, 0.37205711007118225, 0.4550366699695587, 0.49093014001846313, 0.56464684009552, 0.5638749599456787, 0.5465071201324463, 0.5604013800621033, 0.550752580165863, 0.512929379940033, 0.5962948799133301, 0.5109996199607849, 0.5553840398788452, 0.5658047199249268, 0.5685063600540161, 0.559629499912262, 0.548822820186615, 0.5604013800621033, 0.5978386998176575, 0.6090312600135803, 0.5638749599456787, 0.5623311400413513, 0.575453519821167, 0.5769972801208496, 0.580470860004425, 0.580470860004425, 0.5820146799087524, 0.5862601399421692, 0.5874179601669312, 0.5897337198257446]}}