{"restaurant_train_1_16": {"num_of_epochs": 40, "learning_rate": 0.0001, "training_ds_fpath": "_train_1_16", "first_token_val_accuracy": [0.23002701997756958, 0.3172520399093628, 0.3357776999473572, 0.46931686997413635, 0.45696642994880676, 0.5345426201820374, 0.5673485398292542, 0.6036279201507568, 0.6155924201011658, 0.6765727400779724, 0.6592049598693848, 0.6499421000480652, 0.6514859199523926, 0.6707834601402283, 0.6514859199523926, 0.6673099398612976, 0.6476263999938965, 0.654959499835968, 0.7093786001205444, 0.6912388801574707, 0.6642223000526428, 0.6804322600364685, 0.6850636601448059, 0.6449247598648071, 0.6715553998947144, 0.7093786001205444, 0.7066769599914551, 0.7059050798416138, 0.6993438601493835, 0.6835198998451233, 0.686993420124054, 0.7032033801078796, 0.7035893201828003, 0.7024314999580383, 0.7097645401954651, 0.6966422200202942, 0.6943265199661255, 0.6966422200202942, 0.6970281600952148, 0.6978000998497009], "all_token_val_accuracy": [0.23002701997756958, 0.3172520399093628, 0.3357776999473572, 0.46931686997413635, 0.45696642994880676, 0.5345426201820374, 0.5673485398292542, 0.6036279201507568, 0.6155924201011658, 0.6765727400779724, 0.6592049598693848, 0.6499421000480652, 0.6514859199523926, 0.6707834601402283, 0.6514859199523926, 0.6673099398612976, 0.6476263999938965, 0.654959499835968, 0.7093786001205444, 0.6912388801574707, 0.6642223000526428, 0.6804322600364685, 0.6850636601448059, 0.6449247598648071, 0.6715553998947144, 0.7093786001205444, 0.7066769599914551, 0.7059050798416138, 0.6993438601493835, 0.6835198998451233, 0.686993420124054, 0.7032033801078796, 0.7035893201828003, 0.7024314999580383, 0.7097645401954651, 0.6966422200202942, 0.6943265199661255, 0.6966422200202942, 0.6970281600952148, 0.6978000998497009]}}