{"restaurant_train_7_32": {"num_of_epochs": 40, "learning_rate": 0.0001, "training_ds_fpath": "_train_7_32", "first_token_val_accuracy": [0.16055576503276825, 0.47780779004096985, 0.5283674001693726, 0.644152820110321, 0.7132381200790405, 0.686993420124054, 0.7421844601631165, 0.7479737401008606, 0.7487456798553467, 0.7132381200790405, 0.799305260181427, 0.7869548201560974, 0.8058664798736572, 0.780393660068512, 0.7850250601768494, 0.8000771999359131, 0.7472018599510193, 0.7989193201065063, 0.7842531800270081, 0.8027788400650024, 0.7456580400466919, 0.799305260181427, 0.794287919998169, 0.799305260181427, 0.7958317399024963, 0.8047086000442505, 0.7935160398483276, 0.7923581600189209, 0.8058664798736572, 0.7888845801353455, 0.7896565198898315, 0.7884986400604248, 0.7869548201560974, 0.7707448601722717, 0.7726746201515198, 0.7989193201065063, 0.7969895601272583, 0.7950598001480103, 0.8058664798736572, 0.8004631400108337], "all_token_val_accuracy": [0.16055576503276825, 0.47780779004096985, 0.5283674001693726, 0.644152820110321, 0.7132381200790405, 0.686993420124054, 0.7421844601631165, 0.7479737401008606, 0.7487456798553467, 0.7132381200790405, 0.799305260181427, 0.7869548201560974, 0.8058664798736572, 0.780393660068512, 0.7850250601768494, 0.8000771999359131, 0.7472018599510193, 0.7989193201065063, 0.7842531800270081, 0.8027788400650024, 0.7456580400466919, 0.799305260181427, 0.794287919998169, 0.799305260181427, 0.7958317399024963, 0.8047086000442505, 0.7935160398483276, 0.7923581600189209, 0.8058664798736572, 0.7888845801353455, 0.7896565198898315, 0.7884986400604248, 0.7869548201560974, 0.7707448601722717, 0.7726746201515198, 0.7989193201065063, 0.7969895601272583, 0.7950598001480103, 0.8058664798736572, 0.8004631400108337]}}