{"restaurant_train_0_32": {"num_of_epochs": 40, "learning_rate": 0.0001, "training_ds_fpath": "_train_0_32", "first_token_val_accuracy": [0.3326900899410248, 0.40100347995758057, 0.5422616600990295, 0.6117329001426697, 0.6626784801483154, 0.6939405798912048, 0.749517560005188, 0.7672713398933411, 0.7688151001930237, 0.7730606198310852, 0.7796217799186707, 0.7776920199394226, 0.7877267599105835, 0.7576225399971008, 0.7908143401145935, 0.7892705798149109, 0.7908143401145935, 0.7923581600189209, 0.7657275199890137, 0.7815515398979187, 0.7892705798149109, 0.7645696401596069, 0.7950598001480103, 0.796217679977417, 0.7827093601226807, 0.768429160118103, 0.7730606198310852, 0.794287919998169, 0.777306079864502, 0.8058664798736572, 0.7996912598609924, 0.7977614998817444, 0.7973755598068237, 0.7900424599647522, 0.8031647801399231, 0.8089540600776672, 0.8062524199485779, 0.8031647801399231, 0.732535719871521, 0.7637977600097656], "all_token_val_accuracy": [0.3326900899410248, 0.40100347995758057, 0.5422616600990295, 0.6117329001426697, 0.6626784801483154, 0.6939405798912048, 0.749517560005188, 0.7672713398933411, 0.7688151001930237, 0.7730606198310852, 0.7796217799186707, 0.7776920199394226, 0.7877267599105835, 0.7576225399971008, 0.7908143401145935, 0.7892705798149109, 0.7908143401145935, 0.7923581600189209, 0.7657275199890137, 0.7815515398979187, 0.7892705798149109, 0.7645696401596069, 0.7950598001480103, 0.796217679977417, 0.7827093601226807, 0.768429160118103, 0.7730606198310852, 0.794287919998169, 0.777306079864502, 0.8058664798736572, 0.7996912598609924, 0.7977614998817444, 0.7973755598068237, 0.7900424599647522, 0.8031647801399231, 0.8089540600776672, 0.8062524199485779, 0.8031647801399231, 0.732535719871521, 0.7637977600097656]}}