{"restaurant_train_8_32": {"num_of_epochs": 40, "learning_rate": 0.0001, "training_ds_fpath": "_train_8_32", "first_token_val_accuracy": [0.36047857999801636, 0.46854496002197266, 0.5901196599006653, 0.6634504199028015, 0.7441142201423645, 0.7406406998634338, 0.7680432200431824, 0.7537630200386047, 0.7861829400062561, 0.7989193201065063, 0.8058664798736572, 0.801235020160675, 0.810111939907074, 0.7869548201560974, 0.8209185600280762, 0.8124276399612427, 0.8116557598114014, 0.7946738600730896, 0.8008490800857544, 0.7923581600189209, 0.8031647801399231, 0.78232342004776, 0.7939019799232483, 0.8108838200569153, 0.8093400001525879, 0.7900424599647522, 0.8124276399612427, 0.8070243000984192, 0.8027788400650024, 0.8135854601860046, 0.8143573999404907, 0.8066383600234985, 0.8182169198989868, 0.8016210198402405, 0.8000771999359131, 0.8085681200027466, 0.8147433400154114, 0.8170590400695801, 0.8170590400695801, 0.824006199836731], "all_token_val_accuracy": [0.36047857999801636, 0.46854496002197266, 0.5901196599006653, 0.6634504199028015, 0.7441142201423645, 0.7406406998634338, 0.7680432200431824, 0.7537630200386047, 0.7861829400062561, 0.7989193201065063, 0.8058664798736572, 0.801235020160675, 0.810111939907074, 0.7869548201560974, 0.8209185600280762, 0.8124276399612427, 0.8116557598114014, 0.7946738600730896, 0.8008490800857544, 0.7923581600189209, 0.8031647801399231, 0.78232342004776, 0.7939019799232483, 0.8108838200569153, 0.8093400001525879, 0.7900424599647522, 0.8124276399612427, 0.8070243000984192, 0.8027788400650024, 0.8135854601860046, 0.8143573999404907, 0.8066383600234985, 0.8182169198989868, 0.8016210198402405, 0.8000771999359131, 0.8085681200027466, 0.8147433400154114, 0.8170590400695801, 0.8170590400695801, 0.824006199836731]}}