{"scitail_b_train_7_8": {"num_of_epochs": 50, "learning_rate": 0.0001, "training_ds_fpath": "_train_7_8", "first_token_val_accuracy": [0.0007727975025773048, 0.006182380020618439, 0.014683152548968792, 0.0015455950051546097, 0.0015455950051546097, 0.008500772528350353, 0.06414219737052917, 0.27357032895088196, 0.4242658317089081, 0.46986088156700134, 0.48377126455307007, 0.4922720193862915, 0.49613600969314575, 0.4969088137149811, 0.4969088137149811, 0.49381762742996216, 0.4899536371231079, 0.4613601267337799, 0.4721792936325073, 0.4953632056713104, 0.4945904314517975, 0.49072644114494324, 0.49072644114494324, 0.49304482340812683, 0.4914992153644562, 0.4945904314517975, 0.49613600969314575, 0.5139103531837463, 0.5085007548332214, 0.5123647451400757, 0.5077279806137085, 0.5100463628768921, 0.5193199515342712, 0.5162287354469299, 0.510819137096405, 0.515455961227417, 0.5092735886573792, 0.5115919709205627, 0.510819137096405, 0.5185471177101135, 0.5285934805870056, 0.5316846966743469, 0.5115919709205627, 0.5046367645263672, 0.5030912160873413, 0.4976816177368164, 0.5216383337974548, 0.5471406579017639, 0.5378670692443848, 0.5432766675949097], "all_token_val_accuracy": [0.0, 0.0, 0.0, 0.0, 0.0, 0.005409582518041134, 0.05023184046149254, 0.26275116205215454, 0.4219474494457245, 0.4690881073474884, 0.48299846053123474, 0.4914992153644562, 0.4953632056713104, 0.4969088137149811, 0.4969088137149811, 0.49381762742996216, 0.4899536371231079, 0.4613601267337799, 0.4721792936325073, 0.4953632056713104, 0.4945904314517975, 0.49072644114494324, 0.49072644114494324, 0.49304482340812683, 0.4914992153644562, 0.4945904314517975, 0.49613600969314575, 0.5139103531837463, 0.5085007548332214, 0.5123647451400757, 0.5077279806137085, 0.5100463628768921, 0.5193199515342712, 0.5162287354469299, 0.510819137096405, 0.515455961227417, 0.5092735886573792, 0.5115919709205627, 0.510819137096405, 0.5185471177101135, 0.5285934805870056, 0.5316846966743469, 0.5115919709205627, 0.5046367645263672, 0.5030912160873413, 0.4976816177368164, 0.5216383337974548, 0.5471406579017639, 0.5378670692443848, 0.5432766675949097]}}