{"scitail_b_train_1_8": {"num_of_epochs": 5, "learning_rate": 0.001, "training_ds_fpath": "_train_1_8", "first_token_val_accuracy": [0.49845439195632935, 0.5007727742195129, 0.5139103531837463, 0.4953632056713104, 0.4945904314517975], "all_token_val_accuracy": [0.49845439195632935, 0.5007727742195129, 0.5139103531837463, 0.4953632056713104, 0.4945904314517975]}}