{"scitail_b_train_2_4": {"num_of_epochs": 30, "learning_rate": 0.0005, "training_ds_fpath": "_train_2_4", "first_token_val_accuracy": [0.0, 0.11823802441358566, 0.4459041655063629, 0.49304482340812683, 0.47295209765434265, 0.4922720193862915, 0.5023183822631836, 0.5030912160873413, 0.5146831274032593, 0.5177743434906006, 0.5324574708938599, 0.5231839418411255, 0.526275098323822, 0.5170015692710876, 0.526275098323822, 0.526275098323822, 0.5285934805870056, 0.5378670692443848, 0.5394126772880554, 0.5239567160606384, 0.530911922454834, 0.5394126772880554, 0.5370942950248718, 0.5425038933753967, 0.541731059551239, 0.541731059551239, 0.5378670692443848, 0.5363214612007141, 0.5332303047180176, 0.5363214612007141], "all_token_val_accuracy": [0.0, 0.11823802441358566, 0.4459041655063629, 0.49304482340812683, 0.47295209765434265, 0.4922720193862915, 0.5023183822631836, 0.5030912160873413, 0.5146831274032593, 0.5177743434906006, 0.5324574708938599, 0.5231839418411255, 0.526275098323822, 0.5170015692710876, 0.526275098323822, 0.526275098323822, 0.5285934805870056, 0.5378670692443848, 0.5394126772880554, 0.5239567160606384, 0.530911922454834, 0.5394126772880554, 0.5370942950248718, 0.5425038933753967, 0.541731059551239, 0.541731059551239, 0.5378670692443848, 0.5363214612007141, 0.5332303047180176, 0.5363214612007141]}}