{"scitail_b_train_9_16": {"num_of_epochs": 10, "learning_rate": 0.001, "training_ds_fpath": "_train_9_16", "first_token_val_accuracy": [0.4760432839393616, 0.4976816177368164, 0.49381762742996216, 0.5224111080169678, 0.5015456080436707, 0.4969088137149811, 0.530911922454834, 0.49845439195632935, 0.48068004846572876, 0.5], "all_token_val_accuracy": [0.4760432839393616, 0.4976816177368164, 0.49381762742996216, 0.5224111080169678, 0.5015456080436707, 0.4969088137149811, 0.530911922454834, 0.49845439195632935, 0.48068004846572876, 0.5]}}