{"scitail_b_train_1_8": {"num_of_epochs": 10, "learning_rate": 0.0005, "training_ds_fpath": "_train_1_8", "first_token_val_accuracy": [0.026275115087628365, 0.5, 0.5077279806137085, 0.5193199515342712, 0.5231839418411255, 0.5139103531837463, 0.5115919709205627, 0.5231839418411255, 0.5030912160873413, 0.510819137096405], "all_token_val_accuracy": [0.026275115087628365, 0.5, 0.5077279806137085, 0.5193199515342712, 0.5231839418411255, 0.5139103531837463, 0.5115919709205627, 0.5231839418411255, 0.5030912160873413, 0.510819137096405]}}