{"scitail_b_train_7_32": {"num_of_epochs": 20, "learning_rate": 0.0001, "training_ds_fpath": "_train_7_32", "first_token_val_accuracy": [0.0, 0.43663060665130615, 0.5007727742195129, 0.48763522505760193, 0.4791344702243805, 0.5092735886573792, 0.47758886218070984, 0.5077279806137085, 0.49381762742996216, 0.49304482340812683, 0.510819137096405, 0.5247295498847961, 0.5023183822631836, 0.5409582853317261, 0.5370942950248718, 0.5463678240776062, 0.5618237853050232, 0.568006157875061, 0.5772797465324402, 0.5695517659187317], "all_token_val_accuracy": [0.0, 0.43663060665130615, 0.5007727742195129, 0.48763522505760193, 0.4791344702243805, 0.5092735886573792, 0.47758886218070984, 0.5077279806137085, 0.49381762742996216, 0.49304482340812683, 0.510819137096405, 0.5247295498847961, 0.5023183822631836, 0.5409582853317261, 0.5370942950248718, 0.5463678240776062, 0.5618237853050232, 0.568006157875061, 0.5772797465324402, 0.5695517659187317]}}