{"scitail_b_train_3_32": {"num_of_epochs": 5, "learning_rate": 0.001, "training_ds_fpath": "_train_3_32", "first_token_val_accuracy": [0.5030912160873413, 0.5556414127349854, 0.5, 0.5340030789375305, 0.5085007548332214], "all_token_val_accuracy": [0.5030912160873413, 0.5556414127349854, 0.5, 0.5340030789375305, 0.5085007548332214]}}