{"scitail_b_train_0_16": {"num_of_epochs": 5, "learning_rate": 0.0001, "training_ds_fpath": "_train_0_16", "first_token_val_accuracy": [0.0, 0.013137557543814182, 0.4683153033256531, 0.5139103531837463, 0.5123647451400757], "all_token_val_accuracy": [0.0, 0.013137557543814182, 0.4683153033256531, 0.5139103531837463, 0.5123647451400757]}}