{"scitail_b_train_7_32": {"num_of_epochs": 40, "learning_rate": 0.0001, "training_ds_fpath": "_train_7_32", "first_token_val_accuracy": [0.22874806821346283, 0.5054095983505249, 0.49613600969314575, 0.48299846053123474, 0.5007727742195129, 0.4899536371231079, 0.5046367645263672, 0.5115919709205627, 0.5224111080169678, 0.530911922454834, 0.5826893448829651, 0.5463678240776062, 0.5865533351898193, 0.5873261094093323, 0.6004636883735657, 0.5927357077598572, 0.6058732867240906, 0.5904173254966736, 0.6182380318641663, 0.5857805013656616, 0.5765069723129272, 0.5950540900230408, 0.6174651980400085, 0.583462119102478, 0.5672333836555481, 0.6221020221710205, 0.6004636883735657, 0.6074188351631165, 0.5757341384887695, 0.5950540900230408, 0.6089644432067871, 0.6004636883735657, 0.6166924238204956, 0.6058732867240906, 0.6213291883468628, 0.6066460609436035, 0.6120556592941284, 0.6213291883468628, 0.599690854549408, 0.5911900997161865], "all_token_val_accuracy": [0.22874806821346283, 0.5054095983505249, 0.49613600969314575, 0.48299846053123474, 0.5007727742195129, 0.4899536371231079, 0.5046367645263672, 0.5115919709205627, 0.5224111080169678, 0.530911922454834, 0.5826893448829651, 0.5463678240776062, 0.5865533351898193, 0.5873261094093323, 0.6004636883735657, 0.5927357077598572, 0.6058732867240906, 0.5904173254966736, 0.6182380318641663, 0.5857805013656616, 0.5765069723129272, 0.5950540900230408, 0.6174651980400085, 0.583462119102478, 0.5672333836555481, 0.6221020221710205, 0.6004636883735657, 0.6074188351631165, 0.5757341384887695, 0.5950540900230408, 0.6089644432067871, 0.6004636883735657, 0.6166924238204956, 0.6058732867240906, 0.6213291883468628, 0.6066460609436035, 0.6120556592941284, 0.6213291883468628, 0.599690854549408, 0.5911900997161865]}}