{"scitail_b_train_1_32": {"num_of_epochs": 5, "learning_rate": 0.001, "training_ds_fpath": "_train_1_32", "first_token_val_accuracy": [0.5, 0.5092735886573792, 0.526275098323822, 0.5023183822631836, 0.5061823725700378], "all_token_val_accuracy": [0.5, 0.5092735886573792, 0.526275098323822, 0.5023183822631836, 0.5061823725700378]}}