{"scitail_b_train_6_16": {"num_of_epochs": 20, "learning_rate": 0.0005, "training_ds_fpath": "_train_6_16", "first_token_val_accuracy": [0.5069552063941956, 0.5030912160873413, 0.4992271959781647, 0.4969088137149811, 0.5061823725700378, 0.5293663144111633, 0.530911922454834, 0.5200927257537842, 0.5208655595779419, 0.530911922454834, 0.5285934805870056, 0.5193199515342712, 0.530911922454834, 0.5301390886306763, 0.5347759127616882, 0.5355486869812012, 0.5355486869812012, 0.5332303047180176, 0.5394126772880554, 0.5363214612007141], "all_token_val_accuracy": [0.5069552063941956, 0.5030912160873413, 0.4992271959781647, 0.4969088137149811, 0.5061823725700378, 0.5293663144111633, 0.530911922454834, 0.5200927257537842, 0.5208655595779419, 0.530911922454834, 0.5285934805870056, 0.5193199515342712, 0.530911922454834, 0.5301390886306763, 0.5347759127616882, 0.5355486869812012, 0.5355486869812012, 0.5332303047180176, 0.5394126772880554, 0.5363214612007141]}}