{"scitail_b_train_4_16": {"num_of_epochs": 40, "learning_rate": 1e-05, "training_ds_fpath": "_train_4_16", "first_token_val_accuracy": [0.0, 0.0, 0.0, 0.0, 0.0, 0.0, 0.0, 0.0, 0.0, 0.0, 0.0, 0.0, 0.0, 0.0, 0.0, 0.0, 0.0, 0.0, 0.0007727975025773048, 0.023956723511219025, 0.18701700866222382, 0.40494590997695923, 0.47758886218070984, 0.4945904314517975, 0.49613600969314575, 0.4969088137149811, 0.4992271959781647, 0.49613600969314575, 0.49613600969314575, 0.49381762742996216, 0.4969088137149811, 0.4922720193862915, 0.48299846053123474, 0.46986088156700134, 0.4744976758956909, 0.4768160879611969, 0.4760432839393616, 0.47063368558883667, 0.4667696952819824, 0.458268940448761], "all_token_val_accuracy": [0.0, 0.0, 0.0, 0.0, 0.0, 0.0, 0.0, 0.0, 0.0, 0.0, 0.0, 0.0, 0.0, 0.0, 0.0, 0.0, 0.0, 0.0, 0.0007727975025773048, 0.023956723511219025, 0.18701700866222382, 0.40494590997695923, 0.47758886218070984, 0.4945904314517975, 0.49613600969314575, 0.4969088137149811, 0.4992271959781647, 0.49613600969314575, 0.49613600969314575, 0.49381762742996216, 0.4969088137149811, 0.4922720193862915, 0.48299846053123474, 0.46986088156700134, 0.4744976758956909, 0.4768160879611969, 0.4760432839393616, 0.47063368558883667, 0.4667696952819824, 0.458268940448761]}}