{"scitail_b_train_3_16": {"num_of_epochs": 20, "learning_rate": 0.0005, "training_ds_fpath": "_train_3_16", "first_token_val_accuracy": [0.5007727742195129, 0.49845439195632935, 0.5092735886573792, 0.4953632056713104, 0.4760432839393616, 0.47527047991752625, 0.5, 0.5293663144111633, 0.5455950498580933, 0.5278207063674927, 0.515455961227417, 0.5517774224281311, 0.5324574708938599, 0.5394126772880554, 0.5425038933753967, 0.5432766675949097, 0.5463678240776062, 0.5494590401649475, 0.5556414127349854, 0.5533230304718018], "all_token_val_accuracy": [0.5007727742195129, 0.49845439195632935, 0.5092735886573792, 0.4953632056713104, 0.4760432839393616, 0.47527047991752625, 0.5, 0.5293663144111633, 0.5455950498580933, 0.5278207063674927, 0.515455961227417, 0.5517774224281311, 0.5324574708938599, 0.5394126772880554, 0.5425038933753967, 0.5432766675949097, 0.5463678240776062, 0.5494590401649475, 0.5556414127349854, 0.5533230304718018]}}