{"scitail_b_train_8_8": {"num_of_epochs": 10, "learning_rate": 0.001, "training_ds_fpath": "_train_8_8", "first_token_val_accuracy": [0.5046367645263672, 0.471406489610672, 0.5, 0.5, 0.5247295498847961, 0.4768160879611969, 0.5123647451400757, 0.5363214612007141, 0.530911922454834, 0.5355486869812012], "all_token_val_accuracy": [0.5046367645263672, 0.471406489610672, 0.5, 0.5, 0.5247295498847961, 0.4768160879611969, 0.5123647451400757, 0.5363214612007141, 0.530911922454834, 0.5355486869812012]}}