{"scitail_b_train_7_32": {"num_of_epochs": 30, "learning_rate": 0.001, "training_ds_fpath": "_train_7_32", "first_token_val_accuracy": [0.5015456080436707, 0.5131375789642334, 0.5316846966743469, 0.5664606094360352, 0.5502318143844604, 0.5193199515342712, 0.5270479321479797, 0.5479134321212769, 0.5525502562522888, 0.5471406579017639, 0.5092735886573792, 0.5170015692710876, 0.5123647451400757, 0.5200927257537842, 0.5030912160873413, 0.5085007548332214, 0.5231839418411255, 0.5146831274032593, 0.5208655595779419, 0.5131375789642334, 0.515455961227417, 0.5092735886573792, 0.5085007548332214, 0.5077279806137085, 0.5061823725700378, 0.5069552063941956, 0.5100463628768921, 0.5394126772880554, 0.5316846966743469, 0.5255023241043091], "all_token_val_accuracy": [0.5015456080436707, 0.5131375789642334, 0.5316846966743469, 0.5664606094360352, 0.5502318143844604, 0.5193199515342712, 0.5270479321479797, 0.5479134321212769, 0.5525502562522888, 0.5471406579017639, 0.5092735886573792, 0.5170015692710876, 0.5123647451400757, 0.5200927257537842, 0.5030912160873413, 0.5085007548332214, 0.5231839418411255, 0.5146831274032593, 0.5208655595779419, 0.5131375789642334, 0.515455961227417, 0.5092735886573792, 0.5085007548332214, 0.5077279806137085, 0.5061823725700378, 0.5069552063941956, 0.5100463628768921, 0.5394126772880554, 0.5316846966743469, 0.5255023241043091]}}