{"scitail_b_train_6_32": {"num_of_epochs": 5, "learning_rate": 0.0005, "training_ds_fpath": "_train_6_32", "first_token_val_accuracy": [0.5015456080436707, 0.5, 0.5146831274032593, 0.5054095983505249, 0.5610510110855103], "all_token_val_accuracy": [0.5015456080436707, 0.5, 0.5146831274032593, 0.5054095983505249, 0.5610510110855103]}}