{"scitail_b_train_6_8": {"num_of_epochs": 5, "learning_rate": 0.001, "training_ds_fpath": "_train_6_8", "first_token_val_accuracy": [0.45749613642692566, 0.458268940448761, 0.44667696952819824, 0.4374034106731415, 0.4667696952819824], "all_token_val_accuracy": [0.45749613642692566, 0.458268940448761, 0.44667696952819824, 0.4374034106731415, 0.4667696952819824]}}