{"scitail_b_train_4_4": {"num_of_epochs": 5, "learning_rate": 0.001, "training_ds_fpath": "_train_4_4", "first_token_val_accuracy": [0.26352396607398987, 0.4899536371231079, 0.20247295498847961, 0.49381762742996216, 0.5285934805870056], "all_token_val_accuracy": [0.26352396607398987, 0.4899536371231079, 0.20247295498847961, 0.49381762742996216, 0.5285934805870056]}}