{"scitail_b_train_2_8": {"num_of_epochs": 30, "learning_rate": 0.001, "training_ds_fpath": "_train_2_8", "first_token_val_accuracy": [0.49304482340812683, 0.46213293075561523, 0.4250386357307434, 0.40571871399879456, 0.46522411704063416, 0.4814528524875641, 0.4613601267337799, 0.442812979221344, 0.4381761848926544, 0.44744977355003357, 0.4482225775718689, 0.4412674009799957, 0.442812979221344, 0.44204017519950867, 0.44204017519950867, 0.4397217929363251, 0.4397217929363251, 0.4397217929363251, 0.43894898891448975, 0.43894898891448975, 0.43894898891448975, 0.4381761848926544, 0.4381761848926544, 0.4397217929363251, 0.4397217929363251, 0.4412674009799957, 0.4412674009799957, 0.4412674009799957, 0.442812979221344, 0.4412674009799957], "all_token_val_accuracy": [0.49304482340812683, 0.46213293075561523, 0.4250386357307434, 0.40571871399879456, 0.46522411704063416, 0.4814528524875641, 0.4613601267337799, 0.442812979221344, 0.4381761848926544, 0.44744977355003357, 0.4482225775718689, 0.4412674009799957, 0.442812979221344, 0.44204017519950867, 0.44204017519950867, 0.4397217929363251, 0.4397217929363251, 0.4397217929363251, 0.43894898891448975, 0.43894898891448975, 0.43894898891448975, 0.4381761848926544, 0.4381761848926544, 0.4397217929363251, 0.4397217929363251, 0.4412674009799957, 0.4412674009799957, 0.4412674009799957, 0.442812979221344, 0.4412674009799957]}}