{"scitail_b_train_0_16": {"num_of_epochs": 30, "learning_rate": 0.001, "training_ds_fpath": "_train_0_16", "first_token_val_accuracy": [0.32457494735717773, 0.48068004846572876, 0.48377126455307007, 0.5301390886306763, 0.5239567160606384, 0.5564142465591431, 0.5378670692443848, 0.5293663144111633, 0.5479134321212769, 0.557959794998169, 0.5224111080169678, 0.5139103531837463, 0.5177743434906006, 0.5162287354469299, 0.5224111080169678, 0.5200927257537842, 0.5185471177101135, 0.5077279806137085, 0.5123647451400757, 0.5131375789642334, 0.5123647451400757, 0.5123647451400757, 0.5123647451400757, 0.5123647451400757, 0.5131375789642334, 0.510819137096405, 0.5139103531837463, 0.5100463628768921, 0.5100463628768921, 0.510819137096405], "all_token_val_accuracy": [0.32457494735717773, 0.48068004846572876, 0.48377126455307007, 0.5301390886306763, 0.5239567160606384, 0.5564142465591431, 0.5378670692443848, 0.5293663144111633, 0.5479134321212769, 0.557959794998169, 0.5224111080169678, 0.5139103531837463, 0.5177743434906006, 0.5162287354469299, 0.5224111080169678, 0.5200927257537842, 0.5185471177101135, 0.5077279806137085, 0.5123647451400757, 0.5131375789642334, 0.5123647451400757, 0.5123647451400757, 0.5123647451400757, 0.5123647451400757, 0.5131375789642334, 0.510819137096405, 0.5139103531837463, 0.5100463628768921, 0.5100463628768921, 0.510819137096405]}}