{"scitail_b_train_5_16": {"num_of_epochs": 40, "learning_rate": 0.0001, "training_ds_fpath": "_train_5_16", "first_token_val_accuracy": [0.0, 0.014683152548968792, 0.4922720193862915, 0.455950528383255, 0.5038639903068542, 0.4914992153644562, 0.47836166620254517, 0.5007727742195129, 0.5200927257537842, 0.5448222756385803, 0.49845439195632935, 0.5085007548332214, 0.5409582853317261, 0.5795981287956238, 0.5780525207519531, 0.5842349529266357, 0.5734157562255859, 0.557187020778656, 0.5757341384887695, 0.5695517659187317, 0.5819165110588074, 0.5803709626197815, 0.5842349529266357, 0.5857805013656616, 0.5850077271461487, 0.5826893448829651, 0.5811437368392944, 0.5819165110588074, 0.5471406579017639, 0.5865533351898193, 0.6081916689872742, 0.5973724722862244, 0.5888717174530029, 0.6051004528999329, 0.599690854549408, 0.5958268642425537, 0.6027820706367493, 0.6004636883735657, 0.5958268642425537, 0.6027820706367493], "all_token_val_accuracy": [0.0, 0.014683152548968792, 0.4922720193862915, 0.455950528383255, 0.5038639903068542, 0.4914992153644562, 0.47836166620254517, 0.5007727742195129, 0.5200927257537842, 0.5448222756385803, 0.49845439195632935, 0.5085007548332214, 0.5409582853317261, 0.5795981287956238, 0.5780525207519531, 0.5842349529266357, 0.5734157562255859, 0.557187020778656, 0.5757341384887695, 0.5695517659187317, 0.5819165110588074, 0.5803709626197815, 0.5842349529266357, 0.5857805013656616, 0.5850077271461487, 0.5826893448829651, 0.5811437368392944, 0.5819165110588074, 0.5471406579017639, 0.5865533351898193, 0.6081916689872742, 0.5973724722862244, 0.5888717174530029, 0.6051004528999329, 0.599690854549408, 0.5958268642425537, 0.6027820706367493, 0.6004636883735657, 0.5958268642425537, 0.6027820706367493]}}