{"scitail_b_train_6_4": {"num_of_epochs": 20, "learning_rate": 0.0005, "training_ds_fpath": "_train_6_4", "first_token_val_accuracy": [0.0, 0.46754249930381775, 0.510819137096405, 0.510819137096405, 0.5139103531837463, 0.5069552063941956, 0.5038639903068542, 0.4899536371231079, 0.5394126772880554, 0.5015456080436707, 0.5115919709205627, 0.5085007548332214, 0.5015456080436707, 0.5247295498847961, 0.5293663144111633, 0.5301390886306763, 0.526275098323822, 0.5131375789642334, 0.5216383337974548, 0.5247295498847961], "all_token_val_accuracy": [0.0, 0.46754249930381775, 0.510819137096405, 0.510819137096405, 0.5139103531837463, 0.5069552063941956, 0.5038639903068542, 0.4899536371231079, 0.5394126772880554, 0.5015456080436707, 0.5115919709205627, 0.5085007548332214, 0.5015456080436707, 0.5247295498847961, 0.5293663144111633, 0.5301390886306763, 0.526275098323822, 0.5131375789642334, 0.5216383337974548, 0.5247295498847961]}}