{"scitail_b_train_2_8": {"num_of_epochs": 40, "learning_rate": 0.0001, "training_ds_fpath": "_train_2_8", "first_token_val_accuracy": [0.0, 0.0, 0.0, 0.2380216419696808, 0.458268940448761, 0.42581143975257874, 0.4976816177368164, 0.4945904314517975, 0.4969088137149811, 0.49072644114494324, 0.5054095983505249, 0.4922720193862915, 0.4992271959781647, 0.5069552063941956, 0.5023183822631836, 0.486862450838089, 0.49613600969314575, 0.49304482340812683, 0.4914992153644562, 0.4721792936325073, 0.4721792936325073, 0.486862450838089, 0.4791344702243805, 0.47758886218070984, 0.486862450838089, 0.4799072742462158, 0.48377126455307007, 0.4953632056713104, 0.4992271959781647, 0.47836166620254517, 0.4799072742462158, 0.486862450838089, 0.4945904314517975, 0.4992271959781647, 0.49845439195632935, 0.5046367645263672, 0.5046367645263672, 0.5123647451400757, 0.4945904314517975, 0.48840802907943726], "all_token_val_accuracy": [0.0, 0.0, 0.0, 0.2380216419696808, 0.458268940448761, 0.42581143975257874, 0.4976816177368164, 0.4945904314517975, 0.4969088137149811, 0.49072644114494324, 0.5054095983505249, 0.4922720193862915, 0.4992271959781647, 0.5069552063941956, 0.5023183822631836, 0.486862450838089, 0.49613600969314575, 0.49304482340812683, 0.4914992153644562, 0.4721792936325073, 0.4721792936325073, 0.486862450838089, 0.4791344702243805, 0.47758886218070984, 0.486862450838089, 0.4799072742462158, 0.48377126455307007, 0.4953632056713104, 0.4992271959781647, 0.47836166620254517, 0.4799072742462158, 0.486862450838089, 0.4945904314517975, 0.4992271959781647, 0.49845439195632935, 0.5046367645263672, 0.5046367645263672, 0.5123647451400757, 0.4945904314517975, 0.48840802907943726]}}