{"scitail_b_train_6_8": {"num_of_epochs": 10, "learning_rate": 0.001, "training_ds_fpath": "_train_6_8", "first_token_val_accuracy": [0.4953632056713104, 0.5193199515342712, 0.5015456080436707, 0.5162287354469299, 0.5170015692710876, 0.4992271959781647, 0.5231839418411255, 0.5231839418411255, 0.5092735886573792, 0.5131375789642334], "all_token_val_accuracy": [0.4953632056713104, 0.5193199515342712, 0.5015456080436707, 0.5162287354469299, 0.5170015692710876, 0.4992271959781647, 0.5231839418411255, 0.5231839418411255, 0.5092735886573792, 0.5131375789642334]}}