{"scitail_b_train_9_4": {"num_of_epochs": 50, "learning_rate": 0.0001, "training_ds_fpath": "_train_9_4", "first_token_val_accuracy": [0.0, 0.0, 0.0, 0.0, 0.0, 0.0, 0.0, 0.006182380020618439, 0.36398762464523315, 0.4721792936325073, 0.4953632056713104, 0.4945904314517975, 0.48299846053123474, 0.43663060665130615, 0.4768160879611969, 0.5131375789642334, 0.5270479321479797, 0.5231839418411255, 0.5085007548332214, 0.5224111080169678, 0.5231839418411255, 0.5216383337974548, 0.48068004846572876, 0.4976816177368164, 0.5185471177101135, 0.5216383337974548, 0.5193199515342712, 0.45208656787872314, 0.43431222438812256, 0.43431222438812256, 0.45517775416374207, 0.5193199515342712, 0.5092735886573792, 0.5100463628768921, 0.5092735886573792, 0.4992271959781647, 0.48840802907943726, 0.4768160879611969, 0.4721792936325073, 0.46445131301879883, 0.46754249930381775, 0.455950528383255, 0.4737248718738556, 0.47836166620254517, 0.46986088156700134, 0.484544038772583, 0.5007727742195129, 0.5085007548332214, 0.5092735886573792, 0.5015456080436707], "all_token_val_accuracy": [0.0, 0.0, 0.0, 0.0, 0.0, 0.0, 0.0, 0.006182380020618439, 0.36398762464523315, 0.4721792936325073, 0.4953632056713104, 0.4945904314517975, 0.48299846053123474, 0.43663060665130615, 0.4768160879611969, 0.5131375789642334, 0.5270479321479797, 0.5231839418411255, 0.5085007548332214, 0.5224111080169678, 0.5231839418411255, 0.5216383337974548, 0.48068004846572876, 0.4976816177368164, 0.5185471177101135, 0.5216383337974548, 0.5193199515342712, 0.45208656787872314, 0.43431222438812256, 0.43431222438812256, 0.45517775416374207, 0.5193199515342712, 0.5092735886573792, 0.5100463628768921, 0.5092735886573792, 0.4992271959781647, 0.48840802907943726, 0.4768160879611969, 0.4721792936325073, 0.46445131301879883, 0.46754249930381775, 0.455950528383255, 0.4737248718738556, 0.47836166620254517, 0.46986088156700134, 0.484544038772583, 0.5007727742195129, 0.5085007548332214, 0.5092735886573792, 0.5015456080436707]}}