{"scitail_b_train_6_32": {"num_of_epochs": 10, "learning_rate": 0.0001, "training_ds_fpath": "_train_6_32", "first_token_val_accuracy": [0.22720247507095337, 0.4799072742462158, 0.5115919709205627, 0.5285934805870056, 0.5649150013923645, 0.4992271959781647, 0.5324574708938599, 0.557959794998169, 0.5749613642692566, 0.568006157875061], "all_token_val_accuracy": [0.22642967104911804, 0.4799072742462158, 0.5115919709205627, 0.5285934805870056, 0.5649150013923645, 0.4992271959781647, 0.5324574708938599, 0.557959794998169, 0.5749613642692566, 0.568006157875061]}}