{"scitail_b_train_3_4": {"num_of_epochs": 50, "learning_rate": 0.0001, "training_ds_fpath": "_train_3_4", "first_token_val_accuracy": [0.0, 0.0, 0.0, 0.0, 0.0, 0.0, 0.05486862361431122, 0.3037094175815582, 0.48763522505760193, 0.4969088137149811, 0.49845439195632935, 0.4969088137149811, 0.46986088156700134, 0.4667696952819824, 0.4914992153644562, 0.5216383337974548, 0.5046367645263672, 0.48299846053123474, 0.48377126455307007, 0.4899536371231079, 0.46522411704063416, 0.4528593420982361, 0.455950528383255, 0.45672333240509033, 0.4482225775718689, 0.4590417444705963, 0.4528593420982361, 0.455950528383255, 0.45981451869010925, 0.471406489610672, 0.4744976758956909, 0.4822256565093994, 0.4760432839393616, 0.4605873227119446, 0.4721792936325073, 0.471406489610672, 0.46522411704063416, 0.46754249930381775, 0.4667696952819824, 0.49845439195632935, 0.5378670692443848, 0.5347759127616882, 0.5061823725700378, 0.5007727742195129, 0.4992271959781647, 0.4992271959781647, 0.510819137096405, 0.5123647451400757, 0.5208655595779419, 0.5231839418411255], "all_token_val_accuracy": [0.0, 0.0, 0.0, 0.0, 0.0, 0.0, 0.05486862361431122, 0.3037094175815582, 0.486862450838089, 0.4953632056713104, 0.4969088137149811, 0.49613600969314575, 0.46986088156700134, 0.4667696952819824, 0.4914992153644562, 0.5216383337974548, 0.5046367645263672, 0.48299846053123474, 0.48377126455307007, 0.4899536371231079, 0.46522411704063416, 0.4528593420982361, 0.455950528383255, 0.45672333240509033, 0.4482225775718689, 0.4590417444705963, 0.4528593420982361, 0.455950528383255, 0.45981451869010925, 0.471406489610672, 0.4744976758956909, 0.4822256565093994, 0.4760432839393616, 0.4605873227119446, 0.4721792936325073, 0.471406489610672, 0.46522411704063416, 0.46754249930381775, 0.4667696952819824, 0.49845439195632935, 0.5378670692443848, 0.5347759127616882, 0.5061823725700378, 0.5007727742195129, 0.4992271959781647, 0.4992271959781647, 0.510819137096405, 0.5123647451400757, 0.5208655595779419, 0.5231839418411255]}}