{"scitail_b_train_4_32": {"num_of_epochs": 20, "learning_rate": 0.0001, "training_ds_fpath": "_train_4_32", "first_token_val_accuracy": [0.0007727975025773048, 0.4667696952819824, 0.5, 0.4822256565093994, 0.4992271959781647, 0.515455961227417, 0.5123647451400757, 0.5061823725700378, 0.5293663144111633, 0.5486862659454346, 0.5540958046913147, 0.5247295498847961, 0.5355486869812012, 0.5664606094360352, 0.5772797465324402, 0.58809894323349, 0.5633693933486938, 0.5942813158035278, 0.6012364625930786, 0.6081916689872742], "all_token_val_accuracy": [0.0007727975025773048, 0.4667696952819824, 0.5, 0.4822256565093994, 0.4992271959781647, 0.515455961227417, 0.5123647451400757, 0.5061823725700378, 0.5293663144111633, 0.5486862659454346, 0.5540958046913147, 0.5247295498847961, 0.5355486869812012, 0.5664606094360352, 0.5772797465324402, 0.58809894323349, 0.5633693933486938, 0.5942813158035278, 0.6012364625930786, 0.6081916689872742]}}