{"scitail_b_train_4_32": {"num_of_epochs": 30, "learning_rate": 0.0001, "training_ds_fpath": "_train_4_32", "first_token_val_accuracy": [0.19860896468162537, 0.4397217929363251, 0.49845439195632935, 0.45517775416374207, 0.5162287354469299, 0.5092735886573792, 0.4953632056713104, 0.5030912160873413, 0.5038639903068542, 0.5285934805870056, 0.5432766675949097, 0.5795981287956238, 0.5780525207519531, 0.5734157562255859, 0.5564142465591431, 0.6035548448562622, 0.5873261094093323, 0.6012364625930786, 0.6004636883735657, 0.5850077271461487, 0.58809894323349, 0.598918080329895, 0.5919629335403442, 0.5919629335403442, 0.5973724722862244, 0.5942813158035278, 0.5911900997161865, 0.5981453061103821, 0.5772797465324402, 0.6089644432067871], "all_token_val_accuracy": [0.19860896468162537, 0.4397217929363251, 0.49845439195632935, 0.45517775416374207, 0.5162287354469299, 0.5092735886573792, 0.4953632056713104, 0.5030912160873413, 0.5038639903068542, 0.5285934805870056, 0.5432766675949097, 0.5795981287956238, 0.5780525207519531, 0.5734157562255859, 0.5564142465591431, 0.6035548448562622, 0.5873261094093323, 0.6012364625930786, 0.6004636883735657, 0.5850077271461487, 0.58809894323349, 0.598918080329895, 0.5919629335403442, 0.5919629335403442, 0.5973724722862244, 0.5942813158035278, 0.5911900997161865, 0.5981453061103821, 0.5772797465324402, 0.6089644432067871]}}