{"scitail_b_train_3_8": {"num_of_epochs": 10, "learning_rate": 0.001, "training_ds_fpath": "_train_3_8", "first_token_val_accuracy": [0.5, 0.5, 0.5394126772880554, 0.5332303047180176, 0.5131375789642334, 0.5123647451400757, 0.5270479321479797, 0.510819137096405, 0.4969088137149811, 0.5316846966743469], "all_token_val_accuracy": [0.5, 0.5, 0.5394126772880554, 0.5332303047180176, 0.5131375789642334, 0.5123647451400757, 0.5270479321479797, 0.510819137096405, 0.4969088137149811, 0.5316846966743469]}}