{"scitail_b_train_4_16": {"num_of_epochs": 20, "learning_rate": 0.001, "training_ds_fpath": "_train_4_16", "first_token_val_accuracy": [0.5, 0.5015456080436707, 0.5, 0.5224111080169678, 0.5772797465324402, 0.5842349529266357, 0.6120556592941284, 0.557187020778656, 0.5448222756385803, 0.583462119102478, 0.6190108060836792, 0.6043276786804199, 0.5363214612007141, 0.5973724722862244, 0.5935084819793701, 0.5942813158035278, 0.5904173254966736, 0.5950540900230408, 0.6051004528999329, 0.6058732867240906], "all_token_val_accuracy": [0.5, 0.5015456080436707, 0.5, 0.5224111080169678, 0.5772797465324402, 0.5842349529266357, 0.6120556592941284, 0.557187020778656, 0.5448222756385803, 0.583462119102478, 0.6190108060836792, 0.6043276786804199, 0.5363214612007141, 0.5973724722862244, 0.5935084819793701, 0.5942813158035278, 0.5904173254966736, 0.5950540900230408, 0.6051004528999329, 0.6058732867240906]}}