{"scitail_b_train_7_32": {"num_of_epochs": 20, "learning_rate": 0.0005, "training_ds_fpath": "_train_7_32", "first_token_val_accuracy": [0.48531684279441833, 0.5633693933486938, 0.5332303047180176, 0.5278207063674927, 0.5486862659454346, 0.5278207063674927, 0.5525502562522888, 0.5440494418144226, 0.510819137096405, 0.5471406579017639, 0.5347759127616882, 0.5927357077598572, 0.5865533351898193, 0.5965996980667114, 0.5927357077598572, 0.5973724722862244, 0.5942813158035278, 0.5958268642425537, 0.5958268642425537, 0.58809894323349], "all_token_val_accuracy": [0.48531684279441833, 0.5633693933486938, 0.5332303047180176, 0.5278207063674927, 0.5486862659454346, 0.5278207063674927, 0.5525502562522888, 0.5440494418144226, 0.510819137096405, 0.5471406579017639, 0.5347759127616882, 0.5927357077598572, 0.5865533351898193, 0.5965996980667114, 0.5927357077598572, 0.5973724722862244, 0.5942813158035278, 0.5958268642425537, 0.5958268642425537, 0.58809894323349]}}