{"scitail_b_train_4_8": {"num_of_epochs": 40, "learning_rate": 0.0005, "training_ds_fpath": "_train_4_8", "first_token_val_accuracy": [0.3778979778289795, 0.5, 0.4822256565093994, 0.49613600969314575, 0.46445131301879883, 0.4976816177368164, 0.4976816177368164, 0.4667696952819824, 0.4590417444705963, 0.471406489610672, 0.49072644114494324, 0.4513137638568878, 0.4737248718738556, 0.4737248718738556, 0.4683153033256531, 0.4613601267337799, 0.47836166620254517, 0.49381762742996216, 0.49381762742996216, 0.5015456080436707, 0.4899536371231079, 0.484544038772583, 0.48763522505760193, 0.49304482340812683, 0.4992271959781647, 0.4922720193862915, 0.49381762742996216, 0.5038639903068542, 0.515455961227417, 0.510819137096405, 0.5115919709205627, 0.5123647451400757, 0.5038639903068542, 0.5085007548332214, 0.5092735886573792, 0.5077279806137085, 0.5054095983505249, 0.5100463628768921, 0.515455961227417, 0.5100463628768921], "all_token_val_accuracy": [0.3778979778289795, 0.5, 0.4822256565093994, 0.49613600969314575, 0.46445131301879883, 0.4976816177368164, 0.4976816177368164, 0.4667696952819824, 0.4590417444705963, 0.471406489610672, 0.49072644114494324, 0.4513137638568878, 0.4737248718738556, 0.4737248718738556, 0.4683153033256531, 0.4613601267337799, 0.47836166620254517, 0.49381762742996216, 0.49381762742996216, 0.5015456080436707, 0.4899536371231079, 0.484544038772583, 0.48763522505760193, 0.49304482340812683, 0.4992271959781647, 0.4922720193862915, 0.49381762742996216, 0.5038639903068542, 0.515455961227417, 0.510819137096405, 0.5115919709205627, 0.5123647451400757, 0.5038639903068542, 0.5085007548332214, 0.5092735886573792, 0.5077279806137085, 0.5054095983505249, 0.5100463628768921, 0.515455961227417, 0.5100463628768921]}}