{"scitail_b_train_1_8": {"num_of_epochs": 30, "learning_rate": 0.0001, "training_ds_fpath": "_train_1_8", "first_token_val_accuracy": [0.0, 0.0, 0.0, 0.0, 0.15069551765918732, 0.43353942036628723, 0.4536321461200714, 0.4605873227119446, 0.46986088156700134, 0.4899536371231079, 0.4768160879611969, 0.4822256565093994, 0.4791344702243805, 0.484544038772583, 0.49613600969314575, 0.49845439195632935, 0.4953632056713104, 0.4976816177368164, 0.4976816177368164, 0.5038639903068542, 0.4976816177368164, 0.5, 0.5030912160873413, 0.4969088137149811, 0.4945904314517975, 0.4945904314517975, 0.4922720193862915, 0.49613600969314575, 0.5015456080436707, 0.5085007548332214], "all_token_val_accuracy": [0.0, 0.0, 0.0, 0.0, 0.15069551765918732, 0.43353942036628723, 0.4536321461200714, 0.4605873227119446, 0.46986088156700134, 0.4899536371231079, 0.4768160879611969, 0.4822256565093994, 0.4791344702243805, 0.484544038772583, 0.49613600969314575, 0.49845439195632935, 0.4953632056713104, 0.4976816177368164, 0.4976816177368164, 0.5038639903068542, 0.4976816177368164, 0.5, 0.5030912160873413, 0.4969088137149811, 0.4945904314517975, 0.4945904314517975, 0.4922720193862915, 0.49613600969314575, 0.5015456080436707, 0.5085007548332214]}}