{"scitail_b_train_5_8": {"num_of_epochs": 10, "learning_rate": 0.0001, "training_ds_fpath": "_train_5_8", "first_token_val_accuracy": [0.0, 0.0, 0.0007727975025773048, 0.2952086627483368, 0.46754249930381775, 0.484544038772583, 0.5231839418411255, 0.486862450838089, 0.5069552063941956, 0.4953632056713104], "all_token_val_accuracy": [0.0, 0.0, 0.0007727975025773048, 0.2952086627483368, 0.46754249930381775, 0.484544038772583, 0.5231839418411255, 0.486862450838089, 0.5069552063941956, 0.4953632056713104]}}