{"scitail_b_train_3_4": {"num_of_epochs": 10, "learning_rate": 0.0005, "training_ds_fpath": "_train_3_4", "first_token_val_accuracy": [0.0, 0.49613600969314575, 0.5, 0.486862450838089, 0.5023183822631836, 0.510819137096405, 0.48068004846572876, 0.4922720193862915, 0.48763522505760193, 0.458268940448761], "all_token_val_accuracy": [0.0, 0.49613600969314575, 0.5, 0.486862450838089, 0.5023183822631836, 0.510819137096405, 0.48068004846572876, 0.4922720193862915, 0.48763522505760193, 0.458268940448761]}}