{"scitail_b_train_5_16": {"num_of_epochs": 20, "learning_rate": 0.001, "training_ds_fpath": "_train_5_16", "first_token_val_accuracy": [0.5703245997428894, 0.5007727742195129, 0.510819137096405, 0.48763522505760193, 0.5239567160606384, 0.4969088137149811, 0.5115919709205627, 0.5115919709205627, 0.5046367645263672, 0.510819137096405, 0.5061823725700378, 0.5038639903068542, 0.5023183822631836, 0.5, 0.49381762742996216, 0.49381762742996216, 0.4922720193862915, 0.4922720193862915, 0.4914992153644562, 0.4914992153644562], "all_token_val_accuracy": [0.5703245997428894, 0.5007727742195129, 0.510819137096405, 0.48763522505760193, 0.5239567160606384, 0.4969088137149811, 0.5115919709205627, 0.5115919709205627, 0.5046367645263672, 0.510819137096405, 0.5061823725700378, 0.5038639903068542, 0.5023183822631836, 0.5, 0.49381762742996216, 0.49381762742996216, 0.4922720193862915, 0.4922720193862915, 0.4914992153644562, 0.4914992153644562]}}