{"scitail_b_train_2_4": {"num_of_epochs": 40, "learning_rate": 0.0001, "training_ds_fpath": "_train_2_4", "first_token_val_accuracy": [0.0, 0.0, 0.0, 0.0, 0.0, 0.0, 0.0, 0.005409582518041134, 0.04173106700181961, 0.26352396607398987, 0.44976815581321716, 0.486862450838089, 0.49381762742996216, 0.49072644114494324, 0.47527047991752625, 0.4683153033256531, 0.44899535179138184, 0.4528593420982361, 0.4636785089969635, 0.48840802907943726, 0.4891808331012726, 0.49845439195632935, 0.49845439195632935, 0.4945904314517975, 0.49072644114494324, 0.484544038772583, 0.4744976758956909, 0.47836166620254517, 0.4922720193862915, 0.4969088137149811, 0.4992271959781647, 0.4969088137149811, 0.5046367645263672, 0.5146831274032593, 0.5131375789642334, 0.5100463628768921, 0.5046367645263672, 0.5046367645263672, 0.5061823725700378, 0.5030912160873413], "all_token_val_accuracy": [0.0, 0.0, 0.0, 0.0, 0.0, 0.0, 0.0, 0.005409582518041134, 0.04173106700181961, 0.26352396607398987, 0.44976815581321716, 0.486862450838089, 0.49381762742996216, 0.49072644114494324, 0.47527047991752625, 0.4683153033256531, 0.44899535179138184, 0.4528593420982361, 0.4636785089969635, 0.48840802907943726, 0.4891808331012726, 0.49845439195632935, 0.49845439195632935, 0.4945904314517975, 0.49072644114494324, 0.484544038772583, 0.4744976758956909, 0.47836166620254517, 0.4922720193862915, 0.4969088137149811, 0.4992271959781647, 0.4969088137149811, 0.5046367645263672, 0.5146831274032593, 0.5131375789642334, 0.5100463628768921, 0.5046367645263672, 0.5046367645263672, 0.5061823725700378, 0.5030912160873413]}}