{"scitail_b_train_2_4": {"num_of_epochs": 50, "learning_rate": 0.001, "training_ds_fpath": "_train_2_4", "first_token_val_accuracy": [0.11823802441358566, 0.5, 0.5030912160873413, 0.5007727742195129, 0.47063368558883667, 0.4969088137149811, 0.47063368558883667, 0.44435858726501465, 0.4760432839393616, 0.471406489610672, 0.47527047991752625, 0.4969088137149811, 0.4899536371231079, 0.48608964681625366, 0.48377126455307007, 0.4822256565093994, 0.4791344702243805, 0.4914992153644562, 0.4945904314517975, 0.49613600969314575, 0.49381762742996216, 0.49613600969314575, 0.49381762742996216, 0.49613600969314575, 0.4953632056713104, 0.4976816177368164, 0.4992271959781647, 0.5, 0.5007727742195129, 0.49845439195632935, 0.4992271959781647, 0.4992271959781647, 0.5015456080436707, 0.5038639903068542, 0.5061823725700378, 0.5054095983505249, 0.5054095983505249, 0.5054095983505249, 0.5046367645263672, 0.5054095983505249, 0.5054095983505249, 0.5085007548332214, 0.5061823725700378, 0.5069552063941956, 0.5061823725700378, 0.5038639903068542, 0.5046367645263672, 0.5046367645263672, 0.5077279806137085, 0.5069552063941956], "all_token_val_accuracy": [0.11823802441358566, 0.5, 0.5030912160873413, 0.5007727742195129, 0.47063368558883667, 0.4969088137149811, 0.47063368558883667, 0.44435858726501465, 0.4760432839393616, 0.471406489610672, 0.47527047991752625, 0.4969088137149811, 0.4899536371231079, 0.48608964681625366, 0.48377126455307007, 0.4822256565093994, 0.4791344702243805, 0.4914992153644562, 0.4945904314517975, 0.49613600969314575, 0.49381762742996216, 0.49613600969314575, 0.49381762742996216, 0.49613600969314575, 0.4953632056713104, 0.4976816177368164, 0.4992271959781647, 0.5, 0.5007727742195129, 0.49845439195632935, 0.4992271959781647, 0.4992271959781647, 0.5015456080436707, 0.5038639903068542, 0.5061823725700378, 0.5054095983505249, 0.5054095983505249, 0.5054095983505249, 0.5046367645263672, 0.5054095983505249, 0.5054095983505249, 0.5085007548332214, 0.5061823725700378, 0.5069552063941956, 0.5061823725700378, 0.5038639903068542, 0.5046367645263672, 0.5046367645263672, 0.5077279806137085, 0.5069552063941956]}}