{"scitail_b_train_1_4": {"num_of_epochs": 50, "learning_rate": 0.0005, "training_ds_fpath": "_train_1_4", "first_token_val_accuracy": [0.0, 0.47063368558883667, 0.49304482340812683, 0.47758886218070984, 0.48299846053123474, 0.48763522505760193, 0.4953632056713104, 0.5007727742195129, 0.4992271959781647, 0.5023183822631836, 0.510819137096405, 0.5069552063941956, 0.5046367645263672, 0.5069552063941956, 0.5100463628768921, 0.5146831274032593, 0.5231839418411255, 0.5324574708938599, 0.5448222756385803, 0.5502318143844604, 0.5432766675949097, 0.5479134321212769, 0.5510046482086182, 0.5409582853317261, 0.5347759127616882, 0.5347759127616882, 0.5363214612007141, 0.5363214612007141, 0.5363214612007141, 0.5355486869812012, 0.5340030789375305, 0.530911922454834, 0.530911922454834, 0.5293663144111633, 0.5293663144111633, 0.530911922454834, 0.5324574708938599, 0.5332303047180176, 0.5355486869812012, 0.5370942950248718, 0.5378670692443848, 0.5378670692443848, 0.5386399030685425, 0.5370942950248718, 0.5370942950248718, 0.5370942950248718, 0.5401854515075684, 0.5355486869812012, 0.5355486869812012, 0.5332303047180176], "all_token_val_accuracy": [0.0, 0.46986088156700134, 0.49304482340812683, 0.47758886218070984, 0.48299846053123474, 0.48763522505760193, 0.4953632056713104, 0.5007727742195129, 0.4992271959781647, 0.5023183822631836, 0.510819137096405, 0.5069552063941956, 0.5046367645263672, 0.5069552063941956, 0.5100463628768921, 0.5146831274032593, 0.5231839418411255, 0.5324574708938599, 0.5448222756385803, 0.5502318143844604, 0.5432766675949097, 0.5479134321212769, 0.5510046482086182, 0.5409582853317261, 0.5347759127616882, 0.5347759127616882, 0.5363214612007141, 0.5363214612007141, 0.5363214612007141, 0.5355486869812012, 0.5340030789375305, 0.530911922454834, 0.530911922454834, 0.5293663144111633, 0.5293663144111633, 0.530911922454834, 0.5324574708938599, 0.5332303047180176, 0.5355486869812012, 0.5370942950248718, 0.5378670692443848, 0.5378670692443848, 0.5386399030685425, 0.5370942950248718, 0.5370942950248718, 0.5370942950248718, 0.5401854515075684, 0.5355486869812012, 0.5355486869812012, 0.5332303047180176]}}