{"scitail_b_train_8_4": {"num_of_epochs": 50, "learning_rate": 0.001, "training_ds_fpath": "_train_8_4", "first_token_val_accuracy": [0.0015455950051546097, 0.5, 0.5030912160873413, 0.48763522505760193, 0.4760432839393616, 0.4667696952819824, 0.47295209765434265, 0.48840802907943726, 0.4799072742462158, 0.4914992153644562, 0.48299846053123474, 0.4799072742462158, 0.47527047991752625, 0.4744976758956909, 0.47527047991752625, 0.47836166620254517, 0.4760432839393616, 0.47758886218070984, 0.47836166620254517, 0.4814528524875641, 0.4814528524875641, 0.4799072742462158, 0.4791344702243805, 0.48068004846572876, 0.48377126455307007, 0.48377126455307007, 0.48377126455307007, 0.4814528524875641, 0.47758886218070984, 0.4791344702243805, 0.4768160879611969, 0.47527047991752625, 0.4760432839393616, 0.47758886218070984, 0.47836166620254517, 0.48068004846572876, 0.4799072742462158, 0.48299846053123474, 0.4814528524875641, 0.4814528524875641, 0.4814528524875641, 0.4822256565093994, 0.4822256565093994, 0.4814528524875641, 0.4814528524875641, 0.4814528524875641, 0.4822256565093994, 0.4822256565093994, 0.4799072742462158, 0.4791344702243805], "all_token_val_accuracy": [0.0015455950051546097, 0.5, 0.5030912160873413, 0.48763522505760193, 0.4760432839393616, 0.4667696952819824, 0.47295209765434265, 0.48840802907943726, 0.4799072742462158, 0.4914992153644562, 0.48299846053123474, 0.4799072742462158, 0.47527047991752625, 0.4744976758956909, 0.47527047991752625, 0.47836166620254517, 0.4760432839393616, 0.47758886218070984, 0.47836166620254517, 0.4814528524875641, 0.4814528524875641, 0.4799072742462158, 0.4791344702243805, 0.48068004846572876, 0.48377126455307007, 0.48377126455307007, 0.48377126455307007, 0.4814528524875641, 0.47758886218070984, 0.4791344702243805, 0.4768160879611969, 0.47527047991752625, 0.4760432839393616, 0.47758886218070984, 0.47836166620254517, 0.48068004846572876, 0.4799072742462158, 0.48299846053123474, 0.4814528524875641, 0.4814528524875641, 0.4814528524875641, 0.4822256565093994, 0.4822256565093994, 0.4814528524875641, 0.4814528524875641, 0.4814528524875641, 0.4822256565093994, 0.4822256565093994, 0.4799072742462158, 0.4791344702243805]}}