{"scitail_b_train_6_32": {"num_of_epochs": 10, "learning_rate": 0.0005, "training_ds_fpath": "_train_6_32", "first_token_val_accuracy": [0.5, 0.5, 0.5007727742195129, 0.5772797465324402, 0.5440494418144226, 0.5085007548332214, 0.5316846966743469, 0.6267387866973877, 0.6174651980400085, 0.6391035318374634], "all_token_val_accuracy": [0.5, 0.5, 0.5007727742195129, 0.5772797465324402, 0.5440494418144226, 0.5085007548332214, 0.5316846966743469, 0.6267387866973877, 0.6174651980400085, 0.6391035318374634]}}