{"scitail_b_train_1_4": {"num_of_epochs": 10, "learning_rate": 0.0005, "training_ds_fpath": "_train_1_4", "first_token_val_accuracy": [0.0, 0.41885626316070557, 0.45981451869010925, 0.515455961227417, 0.515455961227417, 0.48608964681625366, 0.4976816177368164, 0.5085007548332214, 0.5007727742195129, 0.4760432839393616], "all_token_val_accuracy": [0.0, 0.41885626316070557, 0.45981451869010925, 0.5146831274032593, 0.5139103531837463, 0.48531684279441833, 0.4969088137149811, 0.5077279806137085, 0.5, 0.47527047991752625]}}