{"scitail_b_train_5_32": {"num_of_epochs": 10, "learning_rate": 0.0001, "training_ds_fpath": "_train_5_32", "first_token_val_accuracy": [0.18006181716918945, 0.5224111080169678, 0.5355486869812012, 0.4914992153644562, 0.5123647451400757, 0.5030912160873413, 0.5370942950248718, 0.5641421675682068, 0.5556414127349854, 0.5494590401649475], "all_token_val_accuracy": [0.17928902804851532, 0.5224111080169678, 0.5355486869812012, 0.4914992153644562, 0.5123647451400757, 0.5030912160873413, 0.5370942950248718, 0.5641421675682068, 0.5556414127349854, 0.5494590401649475]}}