{"scitail_b_train_4_32": {"num_of_epochs": 10, "learning_rate": 0.0001, "training_ds_fpath": "_train_4_32", "first_token_val_accuracy": [0.023956723511219025, 0.5208655595779419, 0.5085007548332214, 0.5, 0.5208655595779419, 0.5664606094360352, 0.5139103531837463, 0.5224111080169678, 0.5618237853050232, 0.5734157562255859], "all_token_val_accuracy": [0.023956723511219025, 0.5208655595779419, 0.5085007548332214, 0.5, 0.5208655595779419, 0.5664606094360352, 0.5139103531837463, 0.5224111080169678, 0.5618237853050232, 0.5734157562255859]}}