{"scitail_b_train_7_32": {"num_of_epochs": 50, "learning_rate": 1e-05, "training_ds_fpath": "_train_7_32", "first_token_val_accuracy": [0.0, 0.0, 0.0, 0.0, 0.0, 0.0, 0.0, 0.0, 0.0, 0.3183925747871399, 0.486862450838089, 0.4969088137149811, 0.4992271959781647, 0.4969088137149811, 0.4914992153644562, 0.4899536371231079, 0.4760432839393616, 0.46986088156700134, 0.46522411704063416, 0.4721792936325073, 0.4690881073474884, 0.46445131301879883, 0.4667696952819824, 0.46986088156700134, 0.46986088156700134, 0.47527047991752625, 0.4690881073474884, 0.4814528524875641, 0.4760432839393616, 0.4760432839393616, 0.4799072742462158, 0.48299846053123474, 0.47836166620254517, 0.48299846053123474, 0.4891808331012726, 0.5030912160873413, 0.5278207063674927, 0.5162287354469299, 0.5115919709205627, 0.5038639903068542, 0.5177743434906006, 0.5100463628768921, 0.5092735886573792, 0.5077279806137085, 0.5193199515342712, 0.526275098323822, 0.5131375789642334, 0.5170015692710876, 0.5061823725700378, 0.5077279806137085], "all_token_val_accuracy": [0.0, 0.0, 0.0, 0.0, 0.0, 0.0, 0.0, 0.0, 0.0, 0.3183925747871399, 0.486862450838089, 0.4969088137149811, 0.4992271959781647, 0.4969088137149811, 0.4914992153644562, 0.4899536371231079, 0.4760432839393616, 0.46986088156700134, 0.46522411704063416, 0.4721792936325073, 0.4690881073474884, 0.46445131301879883, 0.4667696952819824, 0.46986088156700134, 0.46986088156700134, 0.47527047991752625, 0.4690881073474884, 0.4814528524875641, 0.4760432839393616, 0.4760432839393616, 0.4799072742462158, 0.48299846053123474, 0.47836166620254517, 0.48299846053123474, 0.4891808331012726, 0.5030912160873413, 0.5278207063674927, 0.5162287354469299, 0.5115919709205627, 0.5038639903068542, 0.5177743434906006, 0.5100463628768921, 0.5092735886573792, 0.5077279806137085, 0.5193199515342712, 0.526275098323822, 0.5131375789642334, 0.5170015692710876, 0.5061823725700378, 0.5077279806137085]}}