{"scitail_b_train_5_16": {"num_of_epochs": 50, "learning_rate": 1e-05, "training_ds_fpath": "_train_5_16", "first_token_val_accuracy": [0.0, 0.0, 0.0, 0.0, 0.0, 0.0, 0.0, 0.0, 0.0, 0.0, 0.0, 0.0, 0.0, 0.0, 0.0, 0.0, 0.0, 0.0, 0.0007727975025773048, 0.020865533500909805, 0.16692426800727844, 0.3863987624645233, 0.4636785089969635, 0.4891808331012726, 0.4945904314517975, 0.4945904314517975, 0.4969088137149811, 0.4992271959781647, 0.49381762742996216, 0.49304482340812683, 0.49072644114494324, 0.48763522505760193, 0.48763522505760193, 0.48763522505760193, 0.484544038772583, 0.48299846053123474, 0.4791344702243805, 0.4791344702243805, 0.4768160879611969, 0.47836166620254517, 0.4768160879611969, 0.47758886218070984, 0.47527047991752625, 0.47527047991752625, 0.4737248718738556, 0.47295209765434265, 0.4667696952819824, 0.4721792936325073, 0.46754249930381775, 0.47527047991752625], "all_token_val_accuracy": [0.0, 0.0, 0.0, 0.0, 0.0, 0.0, 0.0, 0.0, 0.0, 0.0, 0.0, 0.0, 0.0, 0.0, 0.0, 0.0, 0.0, 0.0, 0.0007727975025773048, 0.020865533500909805, 0.16692426800727844, 0.3863987624645233, 0.4636785089969635, 0.4891808331012726, 0.4945904314517975, 0.4945904314517975, 0.4969088137149811, 0.4992271959781647, 0.49381762742996216, 0.49304482340812683, 0.49072644114494324, 0.48763522505760193, 0.48763522505760193, 0.48763522505760193, 0.484544038772583, 0.48299846053123474, 0.4791344702243805, 0.4791344702243805, 0.4768160879611969, 0.47836166620254517, 0.4768160879611969, 0.47758886218070984, 0.47527047991752625, 0.47527047991752625, 0.4737248718738556, 0.47295209765434265, 0.4667696952819824, 0.4721792936325073, 0.46754249930381775, 0.47527047991752625]}}