{"scitail_b_train_9_16": {"num_of_epochs": 20, "learning_rate": 1e-05, "training_ds_fpath": "_train_9_16", "first_token_val_accuracy": [0.0, 0.0, 0.0, 0.0, 0.0, 0.0, 0.0, 0.0, 0.0, 0.0, 0.0, 0.0, 0.0, 0.0, 0.0, 0.0, 0.0015455950051546097, 0.04559505358338356, 0.2202472984790802, 0.39489954710006714], "all_token_val_accuracy": [0.0, 0.0, 0.0, 0.0, 0.0, 0.0, 0.0, 0.0, 0.0, 0.0, 0.0, 0.0, 0.0, 0.0, 0.0, 0.0, 0.0015455950051546097, 0.04559505358338356, 0.2202472984790802, 0.39489954710006714]}}