{"scitail_b_train_8_4": {"num_of_epochs": 20, "learning_rate": 0.0001, "training_ds_fpath": "_train_8_4", "first_token_val_accuracy": [0.0, 0.0, 0.0, 0.0, 0.0, 0.0, 0.0069551775231957436, 0.4304482340812683, 0.4891808331012726, 0.4945904314517975, 0.4922720193862915, 0.4768160879611969, 0.4536321461200714, 0.486862450838089, 0.5046367645263672, 0.5278207063674927, 0.5085007548332214, 0.5054095983505249, 0.5015456080436707, 0.5100463628768921], "all_token_val_accuracy": [0.0, 0.0, 0.0, 0.0, 0.0, 0.0, 0.0069551775231957436, 0.4304482340812683, 0.4891808331012726, 0.4945904314517975, 0.4922720193862915, 0.4768160879611969, 0.4536321461200714, 0.486862450838089, 0.5046367645263672, 0.5278207063674927, 0.5085007548332214, 0.5054095983505249, 0.5015456080436707, 0.5100463628768921]}}