{"scitail_b_train_3_8": {"num_of_epochs": 50, "learning_rate": 1e-05, "training_ds_fpath": "_train_3_8", "first_token_val_accuracy": [0.0, 0.0, 0.0, 0.0, 0.0, 0.0, 0.0, 0.0, 0.0, 0.0, 0.0, 0.0, 0.0, 0.0, 0.0, 0.0, 0.0, 0.0, 0.0, 0.0, 0.0, 0.0, 0.0, 0.0, 0.0, 0.0, 0.0, 0.0, 0.0, 0.0, 0.0, 0.0, 0.0, 0.0, 0.0007727975025773048, 0.015455950982868671, 0.05023184046149254, 0.14374034106731415, 0.27279752492904663, 0.3670788109302521, 0.42812982201576233, 0.442812979221344, 0.4605873227119446, 0.4659969210624695, 0.47063368558883667, 0.4768160879611969, 0.4791344702243805, 0.48377126455307007, 0.484544038772583, 0.48763522505760193], "all_token_val_accuracy": [0.0, 0.0, 0.0, 0.0, 0.0, 0.0, 0.0, 0.0, 0.0, 0.0, 0.0, 0.0, 0.0, 0.0, 0.0, 0.0, 0.0, 0.0, 0.0, 0.0, 0.0, 0.0, 0.0, 0.0, 0.0, 0.0, 0.0, 0.0, 0.0, 0.0, 0.0, 0.0, 0.0, 0.0, 0.0007727975025773048, 0.015455950982868671, 0.05023184046149254, 0.14374034106731415, 0.27279752492904663, 0.3670788109302521, 0.42812982201576233, 0.442812979221344, 0.4605873227119446, 0.4659969210624695, 0.47063368558883667, 0.4768160879611969, 0.4791344702243805, 0.48377126455307007, 0.484544038772583, 0.48763522505760193]}}