{"scitail_b_train_7_32": {"num_of_epochs": 50, "learning_rate": 0.001, "training_ds_fpath": "_train_7_32", "first_token_val_accuracy": [0.5, 0.5, 0.5, 0.5440494418144226, 0.5224111080169678, 0.526275098323822, 0.5208655595779419, 0.5757341384887695, 0.5672333836555481, 0.568006157875061, 0.5649150013923645, 0.58809894323349, 0.5649150013923645, 0.541731059551239, 0.5656877756118774, 0.5625966191291809, 0.5633693933486938, 0.5857805013656616, 0.5850077271461487, 0.5888717174530029, 0.5973724722862244, 0.6043276786804199, 0.5896444916725159, 0.5919629335403442, 0.5873261094093323, 0.5896444916725159, 0.5888717174530029, 0.5888717174530029, 0.5780525207519531, 0.5811437368392944, 0.541731059551239, 0.5054095983505249, 0.5162287354469299, 0.5255023241043091, 0.5255023241043091, 0.5247295498847961, 0.526275098323822, 0.5239567160606384, 0.5224111080169678, 0.5255023241043091, 0.5139103531837463, 0.5216383337974548, 0.5200927257537842, 0.5231839418411255, 0.5216383337974548, 0.5247295498847961, 0.5270479321479797, 0.5255023241043091, 0.5301390886306763, 0.5293663144111633], "all_token_val_accuracy": [0.5, 0.5, 0.5, 0.5440494418144226, 0.5224111080169678, 0.526275098323822, 0.5208655595779419, 0.5757341384887695, 0.5672333836555481, 0.568006157875061, 0.5649150013923645, 0.58809894323349, 0.5649150013923645, 0.541731059551239, 0.5656877756118774, 0.5625966191291809, 0.5633693933486938, 0.5857805013656616, 0.5850077271461487, 0.5888717174530029, 0.5973724722862244, 0.6043276786804199, 0.5896444916725159, 0.5919629335403442, 0.5873261094093323, 0.5896444916725159, 0.5888717174530029, 0.5888717174530029, 0.5780525207519531, 0.5811437368392944, 0.541731059551239, 0.5054095983505249, 0.5162287354469299, 0.5255023241043091, 0.5255023241043091, 0.5247295498847961, 0.526275098323822, 0.5239567160606384, 0.5224111080169678, 0.5255023241043091, 0.5139103531837463, 0.5216383337974548, 0.5200927257537842, 0.5231839418411255, 0.5216383337974548, 0.5247295498847961, 0.5270479321479797, 0.5255023241043091, 0.5301390886306763, 0.5293663144111633]}}