{"scitail_b_train_6_16": {"num_of_epochs": 40, "learning_rate": 0.0005, "training_ds_fpath": "_train_6_16", "first_token_val_accuracy": [0.5054095983505249, 0.49613600969314575, 0.5270479321479797, 0.526275098323822, 0.5200927257537842, 0.5394126772880554, 0.5510046482086182, 0.5494590401649475, 0.557959794998169, 0.557187020778656, 0.5510046482086182, 0.5455950498580933, 0.5502318143844604, 0.5463678240776062, 0.5471406579017639, 0.5517774224281311, 0.5502318143844604, 0.5517774224281311, 0.5440494418144226, 0.5432766675949097, 0.5432766675949097, 0.5401854515075684, 0.541731059551239, 0.5455950498580933, 0.5471406579017639, 0.5486862659454346, 0.5440494418144226, 0.5448222756385803, 0.5448222756385803, 0.5479134321212769, 0.5471406579017639, 0.5471406579017639, 0.5486862659454346, 0.5471406579017639, 0.5463678240776062, 0.5463678240776062, 0.5463678240776062, 0.5463678240776062, 0.5463678240776062, 0.5479134321212769], "all_token_val_accuracy": [0.5054095983505249, 0.49613600969314575, 0.5270479321479797, 0.526275098323822, 0.5200927257537842, 0.5394126772880554, 0.5510046482086182, 0.5494590401649475, 0.557959794998169, 0.557187020778656, 0.5510046482086182, 0.5455950498580933, 0.5502318143844604, 0.5463678240776062, 0.5471406579017639, 0.5517774224281311, 0.5502318143844604, 0.5517774224281311, 0.5440494418144226, 0.5432766675949097, 0.5432766675949097, 0.5401854515075684, 0.541731059551239, 0.5455950498580933, 0.5471406579017639, 0.5486862659454346, 0.5440494418144226, 0.5448222756385803, 0.5448222756385803, 0.5479134321212769, 0.5471406579017639, 0.5471406579017639, 0.5486862659454346, 0.5471406579017639, 0.5463678240776062, 0.5463678240776062, 0.5463678240776062, 0.5463678240776062, 0.5463678240776062, 0.5479134321212769]}}