{"scitail_b_train_7_16": {"num_of_epochs": 30, "learning_rate": 0.001, "training_ds_fpath": "_train_7_16", "first_token_val_accuracy": [0.49845439195632935, 0.5023183822631836, 0.49845439195632935, 0.5378670692443848, 0.5695517659187317, 0.5780525207519531, 0.5819165110588074, 0.6066460609436035, 0.5919629335403442, 0.572642982006073, 0.5958268642425537, 0.6004636883735657, 0.5911900997161865, 0.6074188351631165, 0.6058732867240906, 0.5981453061103821, 0.5942813158035278, 0.5950540900230408, 0.5973724722862244, 0.5965996980667114, 0.6051004528999329, 0.6027820706367493, 0.5973724722862244, 0.5973724722862244, 0.599690854549408, 0.5965996980667114, 0.5904173254966736, 0.5919629335403442, 0.5873261094093323, 0.5896444916725159], "all_token_val_accuracy": [0.49845439195632935, 0.5023183822631836, 0.49845439195632935, 0.5378670692443848, 0.5695517659187317, 0.5780525207519531, 0.5819165110588074, 0.6066460609436035, 0.5919629335403442, 0.572642982006073, 0.5958268642425537, 0.6004636883735657, 0.5911900997161865, 0.6074188351631165, 0.6058732867240906, 0.5981453061103821, 0.5942813158035278, 0.5950540900230408, 0.5973724722862244, 0.5965996980667114, 0.6051004528999329, 0.6027820706367493, 0.5973724722862244, 0.5973724722862244, 0.599690854549408, 0.5965996980667114, 0.5904173254966736, 0.5919629335403442, 0.5873261094093323, 0.5896444916725159]}}