{"scitail_b_train_9_16": {"num_of_epochs": 50, "learning_rate": 0.0001, "training_ds_fpath": "_train_9_16", "first_token_val_accuracy": [0.0, 0.009273570030927658, 0.4992271959781647, 0.49072644114494324, 0.5115919709205627, 0.5162287354469299, 0.5432766675949097, 0.5394126772880554, 0.5471406579017639, 0.5401854515075684, 0.526275098323822, 0.5409582853317261, 0.526275098323822, 0.5479134321212769, 0.5641421675682068, 0.5193199515342712, 0.5494590401649475, 0.5625966191291809, 0.5347759127616882, 0.5378670692443848, 0.557959794998169, 0.5587326288223267, 0.5386399030685425, 0.5479134321212769, 0.5440494418144226, 0.5564142465591431, 0.5471406579017639, 0.5486862659454346, 0.5540958046913147, 0.5625966191291809, 0.557959794998169, 0.5618237853050232, 0.5656877756118774, 0.5780525207519531, 0.5641421675682068, 0.5687789916992188, 0.583462119102478, 0.568006157875061, 0.5749613642692566, 0.5695517659187317, 0.5618237853050232, 0.583462119102478, 0.5641421675682068, 0.5633693933486938, 0.5757341384887695, 0.5695517659187317, 0.5633693933486938, 0.5595054030418396, 0.5610510110855103, 0.5780525207519531], "all_token_val_accuracy": [0.0, 0.009273570030927658, 0.4992271959781647, 0.49072644114494324, 0.5115919709205627, 0.5162287354469299, 0.5432766675949097, 0.5394126772880554, 0.5471406579017639, 0.5401854515075684, 0.526275098323822, 0.5409582853317261, 0.526275098323822, 0.5479134321212769, 0.5641421675682068, 0.5193199515342712, 0.5494590401649475, 0.5625966191291809, 0.5347759127616882, 0.5378670692443848, 0.557959794998169, 0.5587326288223267, 0.5386399030685425, 0.5479134321212769, 0.5440494418144226, 0.5564142465591431, 0.5471406579017639, 0.5486862659454346, 0.5540958046913147, 0.5625966191291809, 0.557959794998169, 0.5618237853050232, 0.5656877756118774, 0.5780525207519531, 0.5641421675682068, 0.5687789916992188, 0.583462119102478, 0.568006157875061, 0.5749613642692566, 0.5695517659187317, 0.5618237853050232, 0.583462119102478, 0.5641421675682068, 0.5633693933486938, 0.5757341384887695, 0.5695517659187317, 0.5633693933486938, 0.5595054030418396, 0.5610510110855103, 0.5780525207519531]}}