{"scitail_b_train_0_4": {"num_of_epochs": 20, "learning_rate": 0.0001, "training_ds_fpath": "_train_0_4", "first_token_val_accuracy": [0.0, 0.0, 0.0, 0.0, 0.0, 0.0, 0.0, 0.028593508526682854, 0.3632148504257202, 0.4505409598350525, 0.45440495014190674, 0.486862450838089, 0.471406489610672, 0.4636785089969635, 0.4667696952819824, 0.4760432839393616, 0.5085007548332214, 0.5007727742195129, 0.5046367645263672, 0.5131375789642334], "all_token_val_accuracy": [0.0, 0.0, 0.0, 0.0, 0.0, 0.0, 0.0, 0.028593508526682854, 0.3632148504257202, 0.4505409598350525, 0.45440495014190674, 0.48608964681625366, 0.471406489610672, 0.4636785089969635, 0.4667696952819824, 0.4760432839393616, 0.5085007548332214, 0.5007727742195129, 0.5046367645263672, 0.5131375789642334]}}