{"scitail_b_train_1_16": {"num_of_epochs": 30, "learning_rate": 0.0005, "training_ds_fpath": "_train_1_16", "first_token_val_accuracy": [0.47836166620254517, 0.5007727742195129, 0.5085007548332214, 0.5200927257537842, 0.4953632056713104, 0.5394126772880554, 0.5363214612007141, 0.5556414127349854, 0.5610510110855103, 0.5587326288223267, 0.557187020778656, 0.5641421675682068, 0.5540958046913147, 0.5548686385154724, 0.568006157875061, 0.5672333836555481, 0.5649150013923645, 0.5564142465591431, 0.5564142465591431, 0.5556414127349854, 0.5540958046913147, 0.5556414127349854, 0.5564142465591431, 0.5564142465591431, 0.5533230304718018, 0.5510046482086182, 0.5494590401649475, 0.5486862659454346, 0.5494590401649475, 0.5494590401649475], "all_token_val_accuracy": [0.47836166620254517, 0.5007727742195129, 0.5085007548332214, 0.5200927257537842, 0.4953632056713104, 0.5394126772880554, 0.5363214612007141, 0.5556414127349854, 0.5610510110855103, 0.5587326288223267, 0.557187020778656, 0.5641421675682068, 0.5540958046913147, 0.5548686385154724, 0.568006157875061, 0.5672333836555481, 0.5649150013923645, 0.5564142465591431, 0.5564142465591431, 0.5556414127349854, 0.5540958046913147, 0.5556414127349854, 0.5564142465591431, 0.5564142465591431, 0.5533230304718018, 0.5510046482086182, 0.5494590401649475, 0.5486862659454346, 0.5494590401649475, 0.5494590401649475]}}