{"scitail_b_train_6_8": {"num_of_epochs": 40, "learning_rate": 0.0001, "training_ds_fpath": "_train_6_8", "first_token_val_accuracy": [0.0, 0.0, 0.0, 0.0015455950051546097, 0.3415765166282654, 0.4899536371231079, 0.48068004846572876, 0.4528593420982361, 0.5, 0.5, 0.5069552063941956, 0.515455961227417, 0.5023183822631836, 0.5007727742195129, 0.4992271959781647, 0.49845439195632935, 0.4992271959781647, 0.5123647451400757, 0.5231839418411255, 0.5177743434906006, 0.5085007548332214, 0.5193199515342712, 0.5193199515342712, 0.5185471177101135, 0.5231839418411255, 0.5278207063674927, 0.5239567160606384, 0.5255023241043091, 0.5324574708938599, 0.5030912160873413, 0.5231839418411255, 0.5324574708938599, 0.5363214612007141, 0.5239567160606384, 0.530911922454834, 0.5285934805870056, 0.5255023241043091, 0.5278207063674927, 0.5270479321479797, 0.5278207063674927], "all_token_val_accuracy": [0.0, 0.0, 0.0, 0.0015455950051546097, 0.3415765166282654, 0.4899536371231079, 0.48068004846572876, 0.4528593420982361, 0.5, 0.5, 0.5069552063941956, 0.515455961227417, 0.5023183822631836, 0.5007727742195129, 0.4992271959781647, 0.49845439195632935, 0.4992271959781647, 0.5123647451400757, 0.5231839418411255, 0.5177743434906006, 0.5085007548332214, 0.5193199515342712, 0.5193199515342712, 0.5185471177101135, 0.5231839418411255, 0.5278207063674927, 0.5239567160606384, 0.5255023241043091, 0.5324574708938599, 0.5030912160873413, 0.5231839418411255, 0.5324574708938599, 0.5363214612007141, 0.5239567160606384, 0.530911922454834, 0.5285934805870056, 0.5255023241043091, 0.5278207063674927, 0.5270479321479797, 0.5278207063674927]}}