{"scitail_b_train_1_8": {"num_of_epochs": 5, "learning_rate": 0.0001, "training_ds_fpath": "_train_1_8", "first_token_val_accuracy": [0.0, 0.0, 0.0, 0.1893353909254074, 0.4768160879611969], "all_token_val_accuracy": [0.0, 0.0, 0.0, 0.1893353909254074, 0.4768160879611969]}}