{"scitail_b_train_0_4": {"num_of_epochs": 30, "learning_rate": 0.001, "training_ds_fpath": "_train_0_4", "first_token_val_accuracy": [0.06955178081989288, 0.46522411704063416, 0.49381762742996216, 0.47527047991752625, 0.5038639903068542, 0.5085007548332214, 0.5054095983505249, 0.5146831274032593, 0.510819137096405, 0.5146831274032593, 0.5131375789642334, 0.5146831274032593, 0.5061823725700378, 0.5054095983505249, 0.5092735886573792, 0.510819137096405, 0.5115919709205627, 0.5131375789642334, 0.5131375789642334, 0.5386399030685425, 0.5386399030685425, 0.5324574708938599, 0.5231839418411255, 0.5131375789642334, 0.5015456080436707, 0.5023183822631836, 0.5131375789642334, 0.5185471177101135, 0.5162287354469299, 0.5177743434906006], "all_token_val_accuracy": [0.06955178081989288, 0.46522411704063416, 0.49381762742996216, 0.47527047991752625, 0.5038639903068542, 0.5085007548332214, 0.5054095983505249, 0.5146831274032593, 0.510819137096405, 0.5146831274032593, 0.5131375789642334, 0.5146831274032593, 0.5061823725700378, 0.5054095983505249, 0.5092735886573792, 0.510819137096405, 0.5115919709205627, 0.5131375789642334, 0.5131375789642334, 0.5386399030685425, 0.5386399030685425, 0.5324574708938599, 0.5231839418411255, 0.5131375789642334, 0.5015456080436707, 0.5023183822631836, 0.5131375789642334, 0.5185471177101135, 0.5162287354469299, 0.5177743434906006]}}