{"scitail_b_train_6_16": {"num_of_epochs": 50, "learning_rate": 0.001, "training_ds_fpath": "_train_6_16", "first_token_val_accuracy": [0.5, 0.5239567160606384, 0.5285934805870056, 0.5239567160606384, 0.5347759127616882, 0.5425038933753967, 0.5494590401649475, 0.541731059551239, 0.541731059551239, 0.5432766675949097, 0.5255023241043091, 0.5347759127616882, 0.5363214612007141, 0.5386399030685425, 0.5440494418144226, 0.5463678240776062, 0.5471406579017639, 0.5378670692443848, 0.5370942950248718, 0.5378670692443848, 0.5355486869812012, 0.5386399030685425, 0.5425038933753967, 0.5455950498580933, 0.5455950498580933, 0.5455950498580933, 0.5463678240776062, 0.5448222756385803, 0.5471406579017639, 0.5486862659454346, 0.5494590401649475, 0.5486862659454346, 0.5463678240776062, 0.5440494418144226, 0.5455950498580933, 0.5479134321212769, 0.5494590401649475, 0.5486862659454346, 0.5502318143844604, 0.5494590401649475, 0.5479134321212769, 0.5479134321212769, 0.5479134321212769, 0.5479134321212769, 0.5471406579017639, 0.5479134321212769, 0.5479134321212769, 0.5471406579017639, 0.5479134321212769, 0.5494590401649475], "all_token_val_accuracy": [0.5, 0.5239567160606384, 0.5285934805870056, 0.5239567160606384, 0.5347759127616882, 0.5425038933753967, 0.5494590401649475, 0.541731059551239, 0.541731059551239, 0.5432766675949097, 0.5255023241043091, 0.5347759127616882, 0.5363214612007141, 0.5386399030685425, 0.5440494418144226, 0.5463678240776062, 0.5471406579017639, 0.5378670692443848, 0.5370942950248718, 0.5378670692443848, 0.5355486869812012, 0.5386399030685425, 0.5425038933753967, 0.5455950498580933, 0.5455950498580933, 0.5455950498580933, 0.5463678240776062, 0.5448222756385803, 0.5471406579017639, 0.5486862659454346, 0.5494590401649475, 0.5486862659454346, 0.5463678240776062, 0.5440494418144226, 0.5455950498580933, 0.5479134321212769, 0.5494590401649475, 0.5486862659454346, 0.5502318143844604, 0.5494590401649475, 0.5479134321212769, 0.5479134321212769, 0.5479134321212769, 0.5479134321212769, 0.5471406579017639, 0.5479134321212769, 0.5479134321212769, 0.5471406579017639, 0.5479134321212769, 0.5494590401649475]}}