{"scitail_b_train_4_8": {"num_of_epochs": 30, "learning_rate": 0.001, "training_ds_fpath": "_train_4_8", "first_token_val_accuracy": [0.44667696952819824, 0.5, 0.4613601267337799, 0.5, 0.4791344702243805, 0.5293663144111633, 0.5139103531837463, 0.5517774224281311, 0.5316846966743469, 0.5486862659454346, 0.5440494418144226, 0.5540958046913147, 0.5494590401649475, 0.5471406579017639, 0.5394126772880554, 0.5363214612007141, 0.5378670692443848, 0.5378670692443848, 0.5370942950248718, 0.5370942950248718, 0.5370942950248718, 0.5394126772880554, 0.5394126772880554, 0.541731059551239, 0.5425038933753967, 0.5409582853317261, 0.5401854515075684, 0.5378670692443848, 0.5370942950248718, 0.5355486869812012], "all_token_val_accuracy": [0.44667696952819824, 0.5, 0.4613601267337799, 0.5, 0.4791344702243805, 0.5293663144111633, 0.5139103531837463, 0.5517774224281311, 0.5316846966743469, 0.5486862659454346, 0.5440494418144226, 0.5540958046913147, 0.5494590401649475, 0.5471406579017639, 0.5394126772880554, 0.5363214612007141, 0.5378670692443848, 0.5378670692443848, 0.5370942950248718, 0.5370942950248718, 0.5370942950248718, 0.5394126772880554, 0.5394126772880554, 0.541731059551239, 0.5425038933753967, 0.5409582853317261, 0.5401854515075684, 0.5378670692443848, 0.5370942950248718, 0.5355486869812012]}}