{"scitail_b_train_4_16": {"num_of_epochs": 40, "learning_rate": 0.001, "training_ds_fpath": "_train_4_16", "first_token_val_accuracy": [0.5, 0.5, 0.4976816177368164, 0.5131375789642334, 0.5510046482086182, 0.5007727742195129, 0.5656877756118774, 0.5942813158035278, 0.572642982006073, 0.5795981287956238, 0.5819165110588074, 0.5850077271461487, 0.5865533351898193, 0.5850077271461487, 0.5842349529266357, 0.5850077271461487, 0.583462119102478, 0.5826893448829651, 0.583462119102478, 0.5819165110588074, 0.5765069723129272, 0.5649150013923645, 0.5641421675682068, 0.5664606094360352, 0.5757341384887695, 0.5239567160606384, 0.5850077271461487, 0.5540958046913147, 0.5633693933486938, 0.541731059551239, 0.5355486869812012, 0.5425038933753967, 0.5432766675949097, 0.5494590401649475, 0.5510046482086182, 0.5502318143844604, 0.5471406579017639, 0.5502318143844604, 0.5510046482086182, 0.5479134321212769], "all_token_val_accuracy": [0.5, 0.5, 0.4976816177368164, 0.5131375789642334, 0.5510046482086182, 0.5007727742195129, 0.5656877756118774, 0.5942813158035278, 0.572642982006073, 0.5795981287956238, 0.5819165110588074, 0.5850077271461487, 0.5865533351898193, 0.5850077271461487, 0.5842349529266357, 0.5850077271461487, 0.583462119102478, 0.5826893448829651, 0.583462119102478, 0.5819165110588074, 0.5765069723129272, 0.5649150013923645, 0.5641421675682068, 0.5664606094360352, 0.5757341384887695, 0.5239567160606384, 0.5850077271461487, 0.5540958046913147, 0.5633693933486938, 0.541731059551239, 0.5355486869812012, 0.5425038933753967, 0.5432766675949097, 0.5494590401649475, 0.5510046482086182, 0.5502318143844604, 0.5471406579017639, 0.5502318143844604, 0.5510046482086182, 0.5479134321212769]}}