{"scitail_b_train_2_32": {"num_of_epochs": 20, "learning_rate": 0.0001, "training_ds_fpath": "_train_2_32", "first_token_val_accuracy": [0.09505409747362137, 0.5061823725700378, 0.48840802907943726, 0.5085007548332214, 0.5301390886306763, 0.5030912160873413, 0.5224111080169678, 0.5564142465591431, 0.5595054030418396, 0.5533230304718018, 0.5973724722862244, 0.5873261094093323, 0.6128284335136414, 0.5911900997161865, 0.5950540900230408, 0.5710973739624023, 0.5896444916725159, 0.5803709626197815, 0.6259660124778748, 0.6004636883735657], "all_token_val_accuracy": [0.09505409747362137, 0.5061823725700378, 0.48840802907943726, 0.5085007548332214, 0.5301390886306763, 0.5030912160873413, 0.5224111080169678, 0.5564142465591431, 0.5595054030418396, 0.5533230304718018, 0.5973724722862244, 0.5873261094093323, 0.6128284335136414, 0.5911900997161865, 0.5950540900230408, 0.5710973739624023, 0.5896444916725159, 0.5803709626197815, 0.6259660124778748, 0.6004636883735657]}}