{"scitail_b_train_9_8": {"num_of_epochs": 10, "learning_rate": 0.001, "training_ds_fpath": "_train_9_8", "first_token_val_accuracy": [0.5, 0.5, 0.49613600969314575, 0.5200927257537842, 0.5054095983505249, 0.48763522505760193, 0.4992271959781647, 0.4976816177368164, 0.4969088137149811, 0.48299846053123474], "all_token_val_accuracy": [0.5, 0.5, 0.49613600969314575, 0.5200927257537842, 0.5054095983505249, 0.48763522505760193, 0.4992271959781647, 0.4976816177368164, 0.4969088137149811, 0.48299846053123474]}}