{"scitail_b_train_6_8": {"num_of_epochs": 5, "learning_rate": 0.0005, "training_ds_fpath": "_train_6_8", "first_token_val_accuracy": [0.35935086011886597, 0.49845439195632935, 0.48377126455307007, 0.5, 0.49072644114494324], "all_token_val_accuracy": [0.35935086011886597, 0.49845439195632935, 0.48377126455307007, 0.5, 0.49072644114494324]}}