{"scitail_b_train_0_32": {"num_of_epochs": 50, "learning_rate": 0.0005, "training_ds_fpath": "_train_0_32", "first_token_val_accuracy": [0.5131375789642334, 0.5123647451400757, 0.49845439195632935, 0.5641421675682068, 0.5123647451400757, 0.5440494418144226, 0.5772797465324402, 0.5965996980667114, 0.5958268642425537, 0.5896444916725159, 0.5765069723129272, 0.5958268642425537, 0.5819165110588074, 0.5896444916725159, 0.5973724722862244, 0.5981453061103821, 0.5942813158035278, 0.5965996980667114, 0.5950540900230408, 0.598918080329895, 0.599690854549408, 0.6012364625930786, 0.6020092964172363, 0.599690854549408, 0.599690854549408, 0.5942813158035278, 0.599690854549408, 0.5958268642425537, 0.5958268642425537, 0.5981453061103821, 0.6112828254699707, 0.6035548448562622, 0.5958268642425537, 0.5811437368392944, 0.5718701481819153, 0.5826893448829651, 0.5602782368659973, 0.572642982006073, 0.6012364625930786, 0.5602782368659973, 0.5687789916992188, 0.5904173254966736, 0.5942813158035278, 0.5865533351898193, 0.5911900997161865, 0.5927357077598572, 0.5927357077598572, 0.5935084819793701, 0.5973724722862244, 0.5927357077598572], "all_token_val_accuracy": [0.5131375789642334, 0.5123647451400757, 0.49845439195632935, 0.5641421675682068, 0.5123647451400757, 0.5440494418144226, 0.5772797465324402, 0.5965996980667114, 0.5958268642425537, 0.5896444916725159, 0.5765069723129272, 0.5958268642425537, 0.5819165110588074, 0.5896444916725159, 0.5973724722862244, 0.5981453061103821, 0.5942813158035278, 0.5965996980667114, 0.5950540900230408, 0.598918080329895, 0.599690854549408, 0.6012364625930786, 0.6020092964172363, 0.599690854549408, 0.599690854549408, 0.5942813158035278, 0.599690854549408, 0.5958268642425537, 0.5958268642425537, 0.5981453061103821, 0.6112828254699707, 0.6035548448562622, 0.5958268642425537, 0.5811437368392944, 0.5718701481819153, 0.5826893448829651, 0.5602782368659973, 0.572642982006073, 0.6012364625930786, 0.5602782368659973, 0.5687789916992188, 0.5904173254966736, 0.5942813158035278, 0.5865533351898193, 0.5911900997161865, 0.5927357077598572, 0.5927357077598572, 0.5935084819793701, 0.5973724722862244, 0.5927357077598572]}}