{"scitail_b_train_0_16": {"num_of_epochs": 50, "learning_rate": 0.001, "training_ds_fpath": "_train_0_16", "first_token_val_accuracy": [0.5007727742195129, 0.5224111080169678, 0.5015456080436707, 0.4969088137149811, 0.5, 0.5, 0.5038639903068542, 0.5, 0.5, 0.5, 0.5, 0.5, 0.5, 0.5, 0.5015456080436707, 0.5015456080436707, 0.5015456080436707, 0.5, 0.5015456080436707, 0.5525502562522888, 0.5115919709205627, 0.5023183822631836, 0.5795981287956238, 0.5, 0.5, 0.5, 0.5649150013923645, 0.5540958046913147, 0.5525502562522888, 0.5618237853050232, 0.5803709626197815, 0.5888717174530029, 0.5842349529266357, 0.5904173254966736, 0.5896444916725159, 0.5911900997161865, 0.5873261094093323, 0.5819165110588074, 0.5795981287956238, 0.5772797465324402, 0.5765069723129272, 0.5741885900497437, 0.5757341384887695, 0.5765069723129272, 0.5795981287956238, 0.5795981287956238, 0.5780525207519531, 0.5788253545761108, 0.5765069723129272, 0.5757341384887695], "all_token_val_accuracy": [0.5007727742195129, 0.5224111080169678, 0.5015456080436707, 0.4969088137149811, 0.5, 0.5, 0.5038639903068542, 0.5, 0.5, 0.5, 0.5, 0.5, 0.5, 0.5, 0.5015456080436707, 0.5015456080436707, 0.5015456080436707, 0.5, 0.5015456080436707, 0.5525502562522888, 0.5115919709205627, 0.5023183822631836, 0.5795981287956238, 0.5, 0.5, 0.5, 0.5649150013923645, 0.5540958046913147, 0.5525502562522888, 0.5618237853050232, 0.5803709626197815, 0.5888717174530029, 0.5842349529266357, 0.5904173254966736, 0.5896444916725159, 0.5911900997161865, 0.5873261094093323, 0.5819165110588074, 0.5795981287956238, 0.5772797465324402, 0.5765069723129272, 0.5741885900497437, 0.5757341384887695, 0.5765069723129272, 0.5795981287956238, 0.5795981287956238, 0.5780525207519531, 0.5788253545761108, 0.5765069723129272, 0.5757341384887695]}}