{"scitail_b_train_0_32": {"num_of_epochs": 20, "learning_rate": 0.001, "training_ds_fpath": "_train_0_32", "first_token_val_accuracy": [0.5, 0.5, 0.5231839418411255, 0.5293663144111633, 0.5618237853050232, 0.6244204044342041, 0.5795981287956238, 0.6360123753547668, 0.6352395415306091, 0.6391035318374634, 0.6398763656616211, 0.6460587382316589, 0.6414219737052917, 0.6344667673110962, 0.6476043462753296, 0.6499227285385132, 0.6460587382316589, 0.6306027770042419, 0.6352395415306091, 0.6367851495742798], "all_token_val_accuracy": [0.5, 0.5, 0.5231839418411255, 0.5293663144111633, 0.5618237853050232, 0.6244204044342041, 0.5795981287956238, 0.6360123753547668, 0.6352395415306091, 0.6391035318374634, 0.6398763656616211, 0.6460587382316589, 0.6414219737052917, 0.6344667673110962, 0.6476043462753296, 0.6499227285385132, 0.6460587382316589, 0.6306027770042419, 0.6352395415306091, 0.6367851495742798]}}