{"scitail_b_train_4_8": {"num_of_epochs": 30, "learning_rate": 0.0005, "training_ds_fpath": "_train_4_8", "first_token_val_accuracy": [0.2720247209072113, 0.4922720193862915, 0.4760432839393616, 0.5007727742195129, 0.4992271959781647, 0.4976816177368164, 0.5162287354469299, 0.49381762742996216, 0.5270479321479797, 0.5425038933753967, 0.5664606094360352, 0.5425038933753967, 0.5587326288223267, 0.5548686385154724, 0.5347759127616882, 0.5455950498580933, 0.5440494418144226, 0.5463678240776062, 0.5401854515075684, 0.5664606094360352, 0.557187020778656, 0.5564142465591431, 0.557187020778656, 0.5564142465591431, 0.5533230304718018, 0.557187020778656, 0.557187020778656, 0.5587326288223267, 0.5602782368659973, 0.5602782368659973], "all_token_val_accuracy": [0.2720247209072113, 0.4922720193862915, 0.4760432839393616, 0.5007727742195129, 0.4992271959781647, 0.4976816177368164, 0.5162287354469299, 0.49381762742996216, 0.5270479321479797, 0.5425038933753967, 0.5664606094360352, 0.5425038933753967, 0.5587326288223267, 0.5548686385154724, 0.5347759127616882, 0.5455950498580933, 0.5440494418144226, 0.5463678240776062, 0.5401854515075684, 0.5664606094360352, 0.557187020778656, 0.5564142465591431, 0.557187020778656, 0.5564142465591431, 0.5533230304718018, 0.557187020778656, 0.557187020778656, 0.5587326288223267, 0.5602782368659973, 0.5602782368659973]}}