{"scitail_b_train_4_32": {"num_of_epochs": 40, "learning_rate": 0.0005, "training_ds_fpath": "_train_4_32", "first_token_val_accuracy": [0.5, 0.4969088137149811, 0.5046367645263672, 0.5479134321212769, 0.49845439195632935, 0.5177743434906006, 0.4891808331012726, 0.5355486869812012, 0.557959794998169, 0.5285934805870056, 0.5355486869812012, 0.5363214612007141, 0.5231839418411255, 0.5208655595779419, 0.5463678240776062, 0.5471406579017639, 0.5463678240776062, 0.5440494418144226, 0.5425038933753967, 0.5386399030685425, 0.5471406579017639, 0.5386399030685425, 0.5455950498580933, 0.5455950498580933, 0.5432766675949097, 0.5425038933753967, 0.5479134321212769, 0.5347759127616882, 0.5170015692710876, 0.5216383337974548, 0.5, 0.5494590401649475, 0.5092735886573792, 0.5146831274032593, 0.5200927257537842, 0.5193199515342712, 0.5193199515342712, 0.4922720193862915, 0.5340030789375305, 0.5216383337974548], "all_token_val_accuracy": [0.5, 0.4969088137149811, 0.5046367645263672, 0.5479134321212769, 0.49845439195632935, 0.5177743434906006, 0.4891808331012726, 0.5355486869812012, 0.557959794998169, 0.5285934805870056, 0.5355486869812012, 0.5363214612007141, 0.5231839418411255, 0.5208655595779419, 0.5463678240776062, 0.5471406579017639, 0.5463678240776062, 0.5440494418144226, 0.5425038933753967, 0.5386399030685425, 0.5471406579017639, 0.5386399030685425, 0.5455950498580933, 0.5455950498580933, 0.5432766675949097, 0.5425038933753967, 0.5479134321212769, 0.5347759127616882, 0.5170015692710876, 0.5216383337974548, 0.5, 0.5494590401649475, 0.5092735886573792, 0.5146831274032593, 0.5200927257537842, 0.5193199515342712, 0.5193199515342712, 0.4922720193862915, 0.5340030789375305, 0.5216383337974548]}}