{"scitail_b_train_6_8": {"num_of_epochs": 20, "learning_rate": 0.0001, "training_ds_fpath": "_train_6_8", "first_token_val_accuracy": [0.0, 0.0, 0.0, 0.05023184046149254, 0.442812979221344, 0.48299846053123474, 0.5162287354469299, 0.5085007548332214, 0.510819137096405, 0.5278207063674927, 0.5123647451400757, 0.5193199515342712, 0.5293663144111633, 0.5340030789375305, 0.5115919709205627, 0.5038639903068542, 0.5255023241043091, 0.5370942950248718, 0.5340030789375305, 0.5085007548332214], "all_token_val_accuracy": [0.0, 0.0, 0.0, 0.05023184046149254, 0.442812979221344, 0.48299846053123474, 0.5162287354469299, 0.5085007548332214, 0.510819137096405, 0.5278207063674927, 0.5123647451400757, 0.5193199515342712, 0.5293663144111633, 0.5340030789375305, 0.5115919709205627, 0.5038639903068542, 0.5255023241043091, 0.5370942950248718, 0.5340030789375305, 0.5085007548332214]}}