{"scitail_b_train_2_4": {"num_of_epochs": 5, "learning_rate": 0.001, "training_ds_fpath": "_train_2_4", "first_token_val_accuracy": [0.014683152548968792, 0.5146831274032593, 0.5123647451400757, 0.4992271959781647, 0.5100463628768921], "all_token_val_accuracy": [0.014683152548968792, 0.5146831274032593, 0.5123647451400757, 0.4992271959781647, 0.5100463628768921]}}