{"scitail_b_train_9_16": {"num_of_epochs": 50, "learning_rate": 1e-05, "training_ds_fpath": "_train_9_16", "first_token_val_accuracy": [0.0, 0.0, 0.0, 0.0, 0.0, 0.0, 0.0, 0.0, 0.0, 0.0, 0.0, 0.0, 0.0, 0.0, 0.0, 0.0, 0.0, 0.0007727975025773048, 0.03168470039963722, 0.2588871717453003, 0.44899535179138184, 0.4721792936325073, 0.4891808331012726, 0.49381762742996216, 0.4945904314517975, 0.49613600969314575, 0.49613600969314575, 0.4945904314517975, 0.48763522505760193, 0.48299846053123474, 0.46986088156700134, 0.4814528524875641, 0.4667696952819824, 0.4659969210624695, 0.46522411704063416, 0.4590417444705963, 0.46522411704063416, 0.4613601267337799, 0.46986088156700134, 0.4536321461200714, 0.458268940448761, 0.47295209765434265, 0.4737248718738556, 0.45672333240509033, 0.45672333240509033, 0.45981451869010925, 0.4737248718738556, 0.4814528524875641, 0.48068004846572876, 0.4799072742462158], "all_token_val_accuracy": [0.0, 0.0, 0.0, 0.0, 0.0, 0.0, 0.0, 0.0, 0.0, 0.0, 0.0, 0.0, 0.0, 0.0, 0.0, 0.0, 0.0, 0.0007727975025773048, 0.03168470039963722, 0.2588871717453003, 0.44899535179138184, 0.4721792936325073, 0.4891808331012726, 0.49381762742996216, 0.4945904314517975, 0.49613600969314575, 0.49613600969314575, 0.4945904314517975, 0.48763522505760193, 0.48299846053123474, 0.46986088156700134, 0.4814528524875641, 0.4667696952819824, 0.4659969210624695, 0.46522411704063416, 0.4590417444705963, 0.46522411704063416, 0.4613601267337799, 0.46986088156700134, 0.4536321461200714, 0.458268940448761, 0.47295209765434265, 0.4737248718738556, 0.45672333240509033, 0.45672333240509033, 0.45981451869010925, 0.4737248718738556, 0.4814528524875641, 0.48068004846572876, 0.4799072742462158]}}