{"scitail_b_train_3_16": {"num_of_epochs": 20, "learning_rate": 1e-05, "training_ds_fpath": "_train_3_16", "first_token_val_accuracy": [0.0, 0.0, 0.0, 0.0, 0.0, 0.0, 0.0, 0.0, 0.0, 0.0, 0.0, 0.0, 0.0, 0.0, 0.0, 0.0, 0.04250386357307434, 0.2666151523590088, 0.44744977355003357, 0.48840802907943726], "all_token_val_accuracy": [0.0, 0.0, 0.0, 0.0, 0.0, 0.0, 0.0, 0.0, 0.0, 0.0, 0.0, 0.0, 0.0, 0.0, 0.0, 0.0, 0.04250386357307434, 0.2666151523590088, 0.44744977355003357, 0.48840802907943726]}}