{"amazon_dvd_t_train_7_4": {"num_of_epochs": 20, "learning_rate": 0.0005, "training_ds_fpath": "_train_7_4", "first_token_val_accuracy": [0.0, 0.004999999888241291, 0.6620000004768372, 0.7419999837875366, 0.7459999918937683, 0.7509999871253967, 0.7649999856948853, 0.7630000114440918, 0.7630000114440918, 0.7620000243186951, 0.7570000290870667, 0.7599999904632568, 0.7620000243186951, 0.7609999775886536, 0.7540000081062317, 0.7509999871253967, 0.75, 0.7480000257492065, 0.7429999709129333, 0.7409999966621399], "all_token_val_accuracy": [0.0, 0.004999999888241291, 0.6620000004768372, 0.7419999837875366, 0.7459999918937683, 0.7509999871253967, 0.7649999856948853, 0.7630000114440918, 0.7630000114440918, 0.7620000243186951, 0.7570000290870667, 0.7599999904632568, 0.7620000243186951, 0.7609999775886536, 0.7540000081062317, 0.7509999871253967, 0.75, 0.7480000257492065, 0.7429999709129333, 0.7409999966621399]}}