{"amazon_dvd_t_train_5_16": {"num_of_epochs": 40, "learning_rate": 0.0001, "training_ds_fpath": "_train_5_16", "first_token_val_accuracy": [0.0, 0.0020000000949949026, 0.5820000171661377, 0.6660000085830688, 0.7239999771118164, 0.7639999985694885, 0.7770000100135803, 0.7919999957084656, 0.7950000166893005, 0.7929999828338623, 0.7990000247955322, 0.8019999861717224, 0.7990000247955322, 0.800000011920929, 0.8029999732971191, 0.8029999732971191, 0.800000011920929, 0.800000011920929, 0.8029999732971191, 0.8029999732971191, 0.7950000166893005, 0.7950000166893005, 0.7950000166893005, 0.7979999780654907, 0.7940000295639038, 0.7929999828338623, 0.7940000295639038, 0.7940000295639038, 0.7940000295639038, 0.7950000166893005, 0.7950000166893005, 0.7960000038146973, 0.7960000038146973, 0.7929999828338623, 0.7950000166893005, 0.7960000038146973, 0.7979999780654907, 0.7889999747276306, 0.7889999747276306, 0.7960000038146973], "all_token_val_accuracy": [0.0, 0.0020000000949949026, 0.5820000171661377, 0.6660000085830688, 0.7239999771118164, 0.7639999985694885, 0.7770000100135803, 0.7919999957084656, 0.7950000166893005, 0.7929999828338623, 0.7990000247955322, 0.8019999861717224, 0.7990000247955322, 0.800000011920929, 0.8029999732971191, 0.8029999732971191, 0.800000011920929, 0.800000011920929, 0.8029999732971191, 0.8029999732971191, 0.7950000166893005, 0.7950000166893005, 0.7950000166893005, 0.7979999780654907, 0.7940000295639038, 0.7929999828338623, 0.7940000295639038, 0.7940000295639038, 0.7940000295639038, 0.7950000166893005, 0.7950000166893005, 0.7960000038146973, 0.7960000038146973, 0.7929999828338623, 0.7950000166893005, 0.7960000038146973, 0.7979999780654907, 0.7889999747276306, 0.7889999747276306, 0.7960000038146973]}}