{"amazon_dvd_t_train_9_4": {"num_of_epochs": 20, "learning_rate": 0.0005, "training_ds_fpath": "_train_9_4", "first_token_val_accuracy": [0.0, 0.003000000026077032, 0.6940000057220459, 0.7070000171661377, 0.7360000014305115, 0.7730000019073486, 0.7590000033378601, 0.7580000162124634, 0.7699999809265137, 0.7789999842643738, 0.7850000262260437, 0.7900000214576721, 0.7919999957084656, 0.7889999747276306, 0.7879999876022339, 0.7870000004768372, 0.7839999794960022, 0.7839999794960022, 0.7850000262260437, 0.7850000262260437], "all_token_val_accuracy": [0.0, 0.003000000026077032, 0.6919999718666077, 0.703000009059906, 0.7310000061988831, 0.7670000195503235, 0.753000020980835, 0.753000020980835, 0.7649999856948853, 0.7739999890327454, 0.7829999923706055, 0.7900000214576721, 0.7919999957084656, 0.7889999747276306, 0.7879999876022339, 0.7870000004768372, 0.7839999794960022, 0.7839999794960022, 0.7850000262260437, 0.7850000262260437]}}