{"amazon_dvd_t_train_7_8": {"num_of_epochs": 30, "learning_rate": 0.0005, "training_ds_fpath": "_train_7_8", "first_token_val_accuracy": [0.014999999664723873, 0.6940000057220459, 0.7580000162124634, 0.7570000290870667, 0.7590000033378601, 0.7549999952316284, 0.753000020980835, 0.753000020980835, 0.7570000290870667, 0.7519999742507935, 0.7519999742507935, 0.746999979019165, 0.7480000257492065, 0.7480000257492065, 0.746999979019165, 0.7459999918937683, 0.7480000257492065, 0.7490000128746033, 0.75, 0.7490000128746033, 0.7490000128746033, 0.7450000047683716, 0.7450000047683716, 0.7450000047683716, 0.7450000047683716, 0.7450000047683716, 0.7480000257492065, 0.7480000257492065, 0.746999979019165, 0.746999979019165], "all_token_val_accuracy": [0.014999999664723873, 0.6940000057220459, 0.7580000162124634, 0.7570000290870667, 0.7590000033378601, 0.7549999952316284, 0.753000020980835, 0.753000020980835, 0.7570000290870667, 0.7519999742507935, 0.7519999742507935, 0.746999979019165, 0.7480000257492065, 0.7480000257492065, 0.746999979019165, 0.7459999918937683, 0.7480000257492065, 0.7490000128746033, 0.75, 0.7490000128746033, 0.7490000128746033, 0.7450000047683716, 0.7450000047683716, 0.7450000047683716, 0.7450000047683716, 0.7450000047683716, 0.7480000257492065, 0.7480000257492065, 0.746999979019165, 0.746999979019165]}}