{"amazon_dvd_t_train_7_32": {"num_of_epochs": 40, "learning_rate": 0.0001, "training_ds_fpath": "_train_7_32", "first_token_val_accuracy": [0.0020000000949949026, 0.6060000061988831, 0.7319999933242798, 0.7689999938011169, 0.7829999923706055, 0.7870000004768372, 0.7900000214576721, 0.7979999780654907, 0.7979999780654907, 0.7979999780654907, 0.8040000200271606, 0.800000011920929, 0.8019999861717224, 0.8009999990463257, 0.8009999990463257, 0.8059999942779541, 0.8040000200271606, 0.8040000200271606, 0.8069999814033508, 0.8080000281333923, 0.8090000152587891, 0.8080000281333923, 0.8059999942779541, 0.8080000281333923, 0.8069999814033508, 0.8009999990463257, 0.8029999732971191, 0.8080000281333923, 0.8050000071525574, 0.8050000071525574, 0.8050000071525574, 0.8050000071525574, 0.8029999732971191, 0.8019999861717224, 0.8009999990463257, 0.8069999814033508, 0.8080000281333923, 0.8080000281333923, 0.8069999814033508, 0.8040000200271606], "all_token_val_accuracy": [0.0020000000949949026, 0.6060000061988831, 0.7319999933242798, 0.7689999938011169, 0.7829999923706055, 0.7870000004768372, 0.7900000214576721, 0.7979999780654907, 0.7979999780654907, 0.7979999780654907, 0.8040000200271606, 0.800000011920929, 0.8019999861717224, 0.8009999990463257, 0.8009999990463257, 0.8059999942779541, 0.8040000200271606, 0.8040000200271606, 0.8069999814033508, 0.8080000281333923, 0.8090000152587891, 0.8080000281333923, 0.8059999942779541, 0.8080000281333923, 0.8069999814033508, 0.8009999990463257, 0.8029999732971191, 0.8080000281333923, 0.8050000071525574, 0.8050000071525574, 0.8050000071525574, 0.8050000071525574, 0.8029999732971191, 0.8019999861717224, 0.8009999990463257, 0.8069999814033508, 0.8080000281333923, 0.8080000281333923, 0.8069999814033508, 0.8040000200271606]}}