{"amazon_dvd_t_train_4_32": {"num_of_epochs": 40, "learning_rate": 0.0001, "training_ds_fpath": "_train_4_32", "first_token_val_accuracy": [0.0020000000949949026, 0.671999990940094, 0.7300000190734863, 0.7770000100135803, 0.7820000052452087, 0.7829999923706055, 0.7829999923706055, 0.7990000247955322, 0.796999990940094, 0.8029999732971191, 0.8119999766349792, 0.8069999814033508, 0.8080000281333923, 0.7979999780654907, 0.7979999780654907, 0.8109999895095825, 0.8100000023841858, 0.8109999895095825, 0.8080000281333923, 0.8090000152587891, 0.8109999895095825, 0.8080000281333923, 0.8100000023841858, 0.800000011920929, 0.7990000247955322, 0.8019999861717224, 0.8050000071525574, 0.8040000200271606, 0.8069999814033508, 0.8040000200271606, 0.8040000200271606, 0.8059999942779541, 0.8040000200271606, 0.8069999814033508, 0.8069999814033508, 0.8109999895095825, 0.8100000023841858, 0.8130000233650208, 0.8119999766349792, 0.8090000152587891], "all_token_val_accuracy": [0.0020000000949949026, 0.671999990940094, 0.7300000190734863, 0.7770000100135803, 0.7820000052452087, 0.7829999923706055, 0.7829999923706055, 0.7990000247955322, 0.796999990940094, 0.8029999732971191, 0.8119999766349792, 0.8069999814033508, 0.8080000281333923, 0.7979999780654907, 0.7979999780654907, 0.8109999895095825, 0.8100000023841858, 0.8109999895095825, 0.8080000281333923, 0.8090000152587891, 0.8109999895095825, 0.8080000281333923, 0.8100000023841858, 0.800000011920929, 0.7990000247955322, 0.8019999861717224, 0.8050000071525574, 0.8040000200271606, 0.8069999814033508, 0.8040000200271606, 0.8040000200271606, 0.8059999942779541, 0.8040000200271606, 0.8069999814033508, 0.8069999814033508, 0.8109999895095825, 0.8100000023841858, 0.8130000233650208, 0.8119999766349792, 0.8090000152587891]}}