{"amazon_dvd_t_train_6_16": {"num_of_epochs": 40, "learning_rate": 0.0001, "training_ds_fpath": "_train_6_16", "first_token_val_accuracy": [0.0, 0.0020000000949949026, 0.5849999785423279, 0.6620000004768372, 0.6930000185966492, 0.734000027179718, 0.7540000081062317, 0.7620000243186951, 0.7670000195503235, 0.7749999761581421, 0.7739999890327454, 0.7850000262260437, 0.7839999794960022, 0.7879999876022339, 0.7839999794960022, 0.7860000133514404, 0.7799999713897705, 0.7860000133514404, 0.7839999794960022, 0.7829999923706055, 0.7850000262260437, 0.7889999747276306, 0.7829999923706055, 0.7799999713897705, 0.7789999842643738, 0.777999997138977, 0.7770000100135803, 0.7770000100135803, 0.7770000100135803, 0.7829999923706055, 0.7839999794960022, 0.7850000262260437, 0.7799999713897705, 0.7839999794960022, 0.7789999842643738, 0.777999997138977, 0.777999997138977, 0.7760000228881836, 0.7749999761581421, 0.7749999761581421], "all_token_val_accuracy": [0.0, 0.0020000000949949026, 0.5849999785423279, 0.6620000004768372, 0.6930000185966492, 0.734000027179718, 0.7540000081062317, 0.7620000243186951, 0.7670000195503235, 0.7749999761581421, 0.7739999890327454, 0.7850000262260437, 0.7839999794960022, 0.7879999876022339, 0.7839999794960022, 0.7860000133514404, 0.7799999713897705, 0.7860000133514404, 0.7839999794960022, 0.7829999923706055, 0.7850000262260437, 0.7889999747276306, 0.7829999923706055, 0.7799999713897705, 0.7789999842643738, 0.777999997138977, 0.7770000100135803, 0.7770000100135803, 0.7770000100135803, 0.7829999923706055, 0.7839999794960022, 0.7850000262260437, 0.7799999713897705, 0.7839999794960022, 0.7789999842643738, 0.777999997138977, 0.777999997138977, 0.7760000228881836, 0.7749999761581421, 0.7749999761581421]}}