{"amazon_dvd_t_train_2_32": {"num_of_epochs": 40, "learning_rate": 0.0001, "training_ds_fpath": "_train_2_32", "first_token_val_accuracy": [0.0, 0.6309999823570251, 0.6840000152587891, 0.7760000228881836, 0.7940000295639038, 0.7929999828338623, 0.8009999990463257, 0.796999990940094, 0.8059999942779541, 0.8109999895095825, 0.8109999895095825, 0.8009999990463257, 0.8019999861717224, 0.8140000104904175, 0.8090000152587891, 0.8069999814033508, 0.8159999847412109, 0.8109999895095825, 0.8109999895095825, 0.8090000152587891, 0.8040000200271606, 0.8040000200271606, 0.8029999732971191, 0.796999990940094, 0.8069999814033508, 0.8130000233650208, 0.8080000281333923, 0.8100000023841858, 0.8059999942779541, 0.8119999766349792, 0.8069999814033508, 0.8080000281333923, 0.8050000071525574, 0.8090000152587891, 0.8090000152587891, 0.8040000200271606, 0.8059999942779541, 0.8059999942779541, 0.8059999942779541, 0.8069999814033508], "all_token_val_accuracy": [0.0, 0.6309999823570251, 0.6840000152587891, 0.7760000228881836, 0.7940000295639038, 0.7929999828338623, 0.8009999990463257, 0.796999990940094, 0.8059999942779541, 0.8109999895095825, 0.8109999895095825, 0.8009999990463257, 0.8019999861717224, 0.8140000104904175, 0.8090000152587891, 0.8069999814033508, 0.8159999847412109, 0.8109999895095825, 0.8109999895095825, 0.8090000152587891, 0.8040000200271606, 0.8040000200271606, 0.8029999732971191, 0.796999990940094, 0.8069999814033508, 0.8130000233650208, 0.8080000281333923, 0.8100000023841858, 0.8059999942779541, 0.8119999766349792, 0.8069999814033508, 0.8080000281333923, 0.8050000071525574, 0.8090000152587891, 0.8090000152587891, 0.8040000200271606, 0.8059999942779541, 0.8059999942779541, 0.8059999942779541, 0.8069999814033508]}}