{"amazon_electronics_c_train_3_16": {"num_of_epochs": 50, "learning_rate": 0.001, "training_ds_fpath": "_train_3_16", "first_token_val_accuracy": [0.7749999761581421, 0.6449999809265137, 0.699999988079071, 0.8450000286102295, 0.8399999737739563, 0.7649999856948853, 0.7900000214576721, 0.7850000262260437, 0.7900000214576721, 0.7900000214576721, 0.7900000214576721, 0.7799999713897705, 0.7950000166893005, 0.800000011920929, 0.800000011920929, 0.8050000071525574, 0.800000011920929, 0.800000011920929, 0.800000011920929, 0.800000011920929, 0.800000011920929, 0.800000011920929, 0.8050000071525574, 0.8050000071525574, 0.8050000071525574, 0.8050000071525574, 0.8050000071525574, 0.8050000071525574, 0.8050000071525574, 0.8050000071525574, 0.8050000071525574, 0.8100000023841858, 0.8100000023841858, 0.8149999976158142, 0.8149999976158142, 0.8149999976158142, 0.8149999976158142, 0.8149999976158142, 0.8149999976158142, 0.8149999976158142, 0.8149999976158142, 0.8149999976158142, 0.8149999976158142, 0.8149999976158142, 0.8149999976158142, 0.8149999976158142, 0.8149999976158142, 0.8149999976158142, 0.8149999976158142, 0.8149999976158142], "all_token_val_accuracy": [0.7749999761581421, 0.6449999809265137, 0.699999988079071, 0.8450000286102295, 0.8399999737739563, 0.7649999856948853, 0.7900000214576721, 0.7850000262260437, 0.7900000214576721, 0.7900000214576721, 0.7900000214576721, 0.7799999713897705, 0.7950000166893005, 0.800000011920929, 0.800000011920929, 0.8050000071525574, 0.800000011920929, 0.800000011920929, 0.800000011920929, 0.800000011920929, 0.800000011920929, 0.800000011920929, 0.8050000071525574, 0.8050000071525574, 0.8050000071525574, 0.8050000071525574, 0.8050000071525574, 0.8050000071525574, 0.8050000071525574, 0.8050000071525574, 0.8050000071525574, 0.8100000023841858, 0.8100000023841858, 0.8149999976158142, 0.8149999976158142, 0.8149999976158142, 0.8149999976158142, 0.8149999976158142, 0.8149999976158142, 0.8149999976158142, 0.8149999976158142, 0.8149999976158142, 0.8149999976158142, 0.8149999976158142, 0.8149999976158142, 0.8149999976158142, 0.8149999976158142, 0.8149999976158142, 0.8149999976158142, 0.8149999976158142]}}