{"amazon_electronics_c_train_4_16": {"num_of_epochs": 10, "learning_rate": 0.001, "training_ds_fpath": "_train_4_16", "first_token_val_accuracy": [0.7950000166893005, 0.7699999809265137, 0.8399999737739563, 0.7250000238418579, 0.7850000262260437, 0.6150000095367432, 0.8050000071525574, 0.8050000071525574, 0.8100000023841858, 0.7250000238418579], "all_token_val_accuracy": [0.7950000166893005, 0.7699999809265137, 0.8399999737739563, 0.7250000238418579, 0.7850000262260437, 0.6150000095367432, 0.8050000071525574, 0.8050000071525574, 0.8100000023841858, 0.7250000238418579]}}