{"amazon_electronics_c_train_7_4": {"num_of_epochs": 30, "learning_rate": 0.0001, "training_ds_fpath": "_train_7_4", "first_token_val_accuracy": [0.0, 0.0, 0.0, 0.0, 0.0, 0.0, 0.0, 0.0, 0.0, 0.019999999552965164, 0.11999999731779099, 0.3400000035762787, 0.5400000214576721, 0.6100000143051147, 0.6549999713897705, 0.6800000071525574, 0.6850000023841858, 0.7049999833106995, 0.7099999785423279, 0.7149999737739563, 0.7450000047683716, 0.7549999952316284, 0.7549999952316284, 0.7699999809265137, 0.7549999952316284, 0.75, 0.7549999952316284, 0.7549999952316284, 0.7649999856948853, 0.7649999856948853], "all_token_val_accuracy": [0.0, 0.0, 0.0, 0.0, 0.0, 0.0, 0.0, 0.0, 0.0, 0.019999999552965164, 0.11999999731779099, 0.3400000035762787, 0.5400000214576721, 0.6050000190734863, 0.6499999761581421, 0.675000011920929, 0.6800000071525574, 0.699999988079071, 0.7049999833106995, 0.7099999785423279, 0.7400000095367432, 0.75, 0.75, 0.7649999856948853, 0.75, 0.7450000047683716, 0.75, 0.75, 0.7599999904632568, 0.7599999904632568]}}