{"amazon_electronics_c_train_9_4": {"num_of_epochs": 50, "learning_rate": 0.0005, "training_ds_fpath": "_train_9_4", "first_token_val_accuracy": [0.0, 0.014999999664723873, 0.7149999737739563, 0.8050000071525574, 0.8349999785423279, 0.8199999928474426, 0.800000011920929, 0.7900000214576721, 0.7950000166893005, 0.7950000166893005, 0.824999988079071, 0.824999988079071, 0.824999988079071, 0.824999988079071, 0.824999988079071, 0.824999988079071, 0.824999988079071, 0.824999988079071, 0.8199999928474426, 0.8199999928474426, 0.8199999928474426, 0.8299999833106995, 0.8299999833106995, 0.8299999833106995, 0.8199999928474426, 0.8149999976158142, 0.8199999928474426, 0.8149999976158142, 0.8149999976158142, 0.8149999976158142, 0.8149999976158142, 0.8149999976158142, 0.8149999976158142, 0.8149999976158142, 0.8149999976158142, 0.8149999976158142, 0.8199999928474426, 0.8149999976158142, 0.8149999976158142, 0.8299999833106995, 0.824999988079071, 0.824999988079071, 0.824999988079071, 0.824999988079071, 0.8299999833106995, 0.8199999928474426, 0.8199999928474426, 0.8199999928474426, 0.8199999928474426, 0.8199999928474426], "all_token_val_accuracy": [0.0, 0.014999999664723873, 0.7049999833106995, 0.8050000071525574, 0.8349999785423279, 0.8199999928474426, 0.800000011920929, 0.7900000214576721, 0.7950000166893005, 0.7950000166893005, 0.824999988079071, 0.824999988079071, 0.824999988079071, 0.824999988079071, 0.824999988079071, 0.824999988079071, 0.824999988079071, 0.824999988079071, 0.8199999928474426, 0.8199999928474426, 0.8199999928474426, 0.8299999833106995, 0.8299999833106995, 0.8299999833106995, 0.8199999928474426, 0.8149999976158142, 0.8199999928474426, 0.8149999976158142, 0.8149999976158142, 0.8149999976158142, 0.8149999976158142, 0.8149999976158142, 0.8149999976158142, 0.8149999976158142, 0.8149999976158142, 0.8149999976158142, 0.8199999928474426, 0.8149999976158142, 0.8149999976158142, 0.8299999833106995, 0.824999988079071, 0.824999988079071, 0.824999988079071, 0.824999988079071, 0.8299999833106995, 0.8199999928474426, 0.8199999928474426, 0.8199999928474426, 0.8199999928474426, 0.8199999928474426]}}