{"amazon_electronics_c_train_1_4": {"num_of_epochs": 20, "learning_rate": 0.001, "training_ds_fpath": "_train_1_4", "first_token_val_accuracy": [0.0, 0.8050000071525574, 0.7699999809265137, 0.7549999952316284, 0.7300000190734863, 0.7250000238418579, 0.7250000238418579, 0.7400000095367432, 0.7400000095367432, 0.75, 0.7400000095367432, 0.7549999952316284, 0.75, 0.7450000047683716, 0.7450000047683716, 0.7450000047683716, 0.7450000047683716, 0.7450000047683716, 0.7450000047683716, 0.7450000047683716], "all_token_val_accuracy": [0.0, 0.8050000071525574, 0.7699999809265137, 0.7549999952316284, 0.7300000190734863, 0.7250000238418579, 0.7250000238418579, 0.7400000095367432, 0.7400000095367432, 0.75, 0.7400000095367432, 0.7549999952316284, 0.75, 0.7450000047683716, 0.7450000047683716, 0.7450000047683716, 0.7450000047683716, 0.7450000047683716, 0.7450000047683716, 0.7450000047683716]}}