{"amazon_electronics_c_train_9_8": {"num_of_epochs": 50, "learning_rate": 0.001, "training_ds_fpath": "_train_9_8", "first_token_val_accuracy": [0.7850000262260437, 0.7599999904632568, 0.8050000071525574, 0.7699999809265137, 0.7400000095367432, 0.75, 0.800000011920929, 0.800000011920929, 0.7950000166893005, 0.7950000166893005, 0.800000011920929, 0.800000011920929, 0.800000011920929, 0.800000011920929, 0.800000011920929, 0.800000011920929, 0.800000011920929, 0.800000011920929, 0.7950000166893005, 0.800000011920929, 0.7950000166893005, 0.7950000166893005, 0.7950000166893005, 0.7950000166893005, 0.7950000166893005, 0.7950000166893005, 0.7950000166893005, 0.7950000166893005, 0.800000011920929, 0.800000011920929, 0.800000011920929, 0.800000011920929, 0.7950000166893005, 0.800000011920929, 0.7900000214576721, 0.7950000166893005, 0.7950000166893005, 0.7950000166893005, 0.7950000166893005, 0.7900000214576721, 0.7900000214576721, 0.7900000214576721, 0.7900000214576721, 0.7900000214576721, 0.7900000214576721, 0.7900000214576721, 0.7900000214576721, 0.7900000214576721, 0.7900000214576721, 0.7900000214576721], "all_token_val_accuracy": [0.7850000262260437, 0.7599999904632568, 0.8050000071525574, 0.7699999809265137, 0.7400000095367432, 0.75, 0.800000011920929, 0.800000011920929, 0.7950000166893005, 0.7950000166893005, 0.800000011920929, 0.800000011920929, 0.800000011920929, 0.800000011920929, 0.800000011920929, 0.800000011920929, 0.800000011920929, 0.800000011920929, 0.7950000166893005, 0.800000011920929, 0.7950000166893005, 0.7950000166893005, 0.7950000166893005, 0.7950000166893005, 0.7950000166893005, 0.7950000166893005, 0.7950000166893005, 0.7950000166893005, 0.800000011920929, 0.800000011920929, 0.800000011920929, 0.800000011920929, 0.7950000166893005, 0.800000011920929, 0.7900000214576721, 0.7950000166893005, 0.7950000166893005, 0.7950000166893005, 0.7950000166893005, 0.7900000214576721, 0.7900000214576721, 0.7900000214576721, 0.7900000214576721, 0.7900000214576721, 0.7900000214576721, 0.7900000214576721, 0.7900000214576721, 0.7900000214576721, 0.7900000214576721, 0.7900000214576721]}}