{"amazon_electronics_c_train_2_4": {"num_of_epochs": 10, "learning_rate": 0.0005, "training_ds_fpath": "_train_2_4", "first_token_val_accuracy": [0.0, 0.0, 0.6100000143051147, 0.7350000143051147, 0.7900000214576721, 0.8050000071525574, 0.7850000262260437, 0.7900000214576721, 0.800000011920929, 0.7850000262260437], "all_token_val_accuracy": [0.0, 0.0, 0.6100000143051147, 0.7350000143051147, 0.7900000214576721, 0.8050000071525574, 0.7850000262260437, 0.7900000214576721, 0.800000011920929, 0.7850000262260437]}}