{"amazon_electronics_c_train_7_4": {"num_of_epochs": 20, "learning_rate": 0.001, "training_ds_fpath": "_train_7_4", "first_token_val_accuracy": [0.004999999888241291, 0.7749999761581421, 0.7549999952316284, 0.7200000286102295, 0.7049999833106995, 0.7400000095367432, 0.7599999904632568, 0.7649999856948853, 0.7549999952316284, 0.75, 0.7599999904632568, 0.7649999856948853, 0.7649999856948853, 0.7649999856948853, 0.7749999761581421, 0.7699999809265137, 0.7649999856948853, 0.7649999856948853, 0.7649999856948853, 0.7649999856948853], "all_token_val_accuracy": [0.004999999888241291, 0.7699999809265137, 0.7549999952316284, 0.7200000286102295, 0.7049999833106995, 0.7400000095367432, 0.7599999904632568, 0.7649999856948853, 0.7549999952316284, 0.75, 0.7599999904632568, 0.7649999856948853, 0.7649999856948853, 0.7649999856948853, 0.7749999761581421, 0.7699999809265137, 0.7649999856948853, 0.7649999856948853, 0.7649999856948853, 0.7649999856948853]}}