{"amazon_electronics_c_train_9_4": {"num_of_epochs": 40, "learning_rate": 0.0001, "training_ds_fpath": "_train_9_4", "first_token_val_accuracy": [0.0, 0.0, 0.0, 0.0, 0.0, 0.0, 0.0, 0.0, 0.0, 0.004999999888241291, 0.07500000298023224, 0.17000000178813934, 0.4300000071525574, 0.5799999833106995, 0.6499999761581421, 0.699999988079071, 0.7149999737739563, 0.7450000047683716, 0.75, 0.7450000047683716, 0.7400000095367432, 0.7699999809265137, 0.7799999713897705, 0.7749999761581421, 0.7850000262260437, 0.7950000166893005, 0.7950000166893005, 0.8100000023841858, 0.800000011920929, 0.7900000214576721, 0.7850000262260437, 0.7900000214576721, 0.7900000214576721, 0.7900000214576721, 0.7900000214576721, 0.7900000214576721, 0.7900000214576721, 0.7900000214576721, 0.800000011920929, 0.8050000071525574], "all_token_val_accuracy": [0.0, 0.0, 0.0, 0.0, 0.0, 0.0, 0.0, 0.0, 0.0, 0.004999999888241291, 0.07500000298023224, 0.17000000178813934, 0.4300000071525574, 0.574999988079071, 0.6449999809265137, 0.6949999928474426, 0.7099999785423279, 0.7450000047683716, 0.75, 0.7450000047683716, 0.7400000095367432, 0.7699999809265137, 0.7799999713897705, 0.7749999761581421, 0.7850000262260437, 0.7950000166893005, 0.7950000166893005, 0.8100000023841858, 0.800000011920929, 0.7900000214576721, 0.7850000262260437, 0.7900000214576721, 0.7900000214576721, 0.7900000214576721, 0.7900000214576721, 0.7900000214576721, 0.7900000214576721, 0.7900000214576721, 0.800000011920929, 0.8050000071525574]}}