{"amazon_electronics_c_train_7_32": {"num_of_epochs": 20, "learning_rate": 1e-05, "training_ds_fpath": "_train_7_32", "first_token_val_accuracy": [0.0, 0.0, 0.0, 0.0, 0.0, 0.0, 0.0, 0.0, 0.0, 0.0, 0.0, 0.0, 0.0, 0.03500000014901161, 0.10999999940395355, 0.1550000011920929, 0.3799999952316284, 0.47999998927116394, 0.550000011920929, 0.5950000286102295], "all_token_val_accuracy": [0.0, 0.0, 0.0, 0.0, 0.0, 0.0, 0.0, 0.0, 0.0, 0.0, 0.0, 0.0, 0.0, 0.03500000014901161, 0.10999999940395355, 0.1550000011920929, 0.3799999952316284, 0.47999998927116394, 0.550000011920929, 0.5899999737739563]}}