{"amazon_electronics_c_train_9_8": {"num_of_epochs": 40, "learning_rate": 0.0001, "training_ds_fpath": "_train_9_8", "first_token_val_accuracy": [0.0, 0.0, 0.0, 0.0, 0.02500000037252903, 0.38499999046325684, 0.6499999761581421, 0.6949999928474426, 0.7250000238418579, 0.7599999904632568, 0.7649999856948853, 0.7749999761581421, 0.7950000166893005, 0.8050000071525574, 0.8050000071525574, 0.8199999928474426, 0.8149999976158142, 0.8100000023841858, 0.8199999928474426, 0.8299999833106995, 0.824999988079071, 0.824999988079071, 0.824999988079071, 0.824999988079071, 0.8299999833106995, 0.8299999833106995, 0.824999988079071, 0.824999988079071, 0.824999988079071, 0.824999988079071, 0.8299999833106995, 0.8349999785423279, 0.8349999785423279, 0.8299999833106995, 0.8299999833106995, 0.824999988079071, 0.824999988079071, 0.824999988079071, 0.824999988079071, 0.8349999785423279], "all_token_val_accuracy": [0.0, 0.0, 0.0, 0.0, 0.02500000037252903, 0.38499999046325684, 0.6449999809265137, 0.6899999976158142, 0.7200000286102295, 0.7549999952316284, 0.7599999904632568, 0.7699999809265137, 0.7950000166893005, 0.8050000071525574, 0.8050000071525574, 0.8199999928474426, 0.8149999976158142, 0.8100000023841858, 0.8199999928474426, 0.8299999833106995, 0.824999988079071, 0.824999988079071, 0.824999988079071, 0.824999988079071, 0.8299999833106995, 0.8299999833106995, 0.824999988079071, 0.824999988079071, 0.824999988079071, 0.824999988079071, 0.8299999833106995, 0.8349999785423279, 0.8349999785423279, 0.8299999833106995, 0.8299999833106995, 0.824999988079071, 0.824999988079071, 0.824999988079071, 0.824999988079071, 0.8349999785423279]}}