{"amazon_electronics_c_train_7_4": {"num_of_epochs": 10, "learning_rate": 0.001, "training_ds_fpath": "_train_7_4", "first_token_val_accuracy": [0.054999999701976776, 0.7749999761581421, 0.7850000262260437, 0.7799999713897705, 0.7649999856948853, 0.7649999856948853, 0.7649999856948853, 0.7699999809265137, 0.7549999952316284, 0.7450000047683716], "all_token_val_accuracy": [0.054999999701976776, 0.7749999761581421, 0.7850000262260437, 0.7799999713897705, 0.7649999856948853, 0.7649999856948853, 0.7649999856948853, 0.7699999809265137, 0.7549999952316284, 0.7450000047683716]}}