{"amazon_electronics_c_train_2_8": {"num_of_epochs": 50, "learning_rate": 0.0001, "training_ds_fpath": "_train_2_8", "first_token_val_accuracy": [0.0, 0.0, 0.0, 0.0, 0.0, 0.10000000149011612, 0.44999998807907104, 0.6200000047683716, 0.675000011920929, 0.6949999928474426, 0.7099999785423279, 0.7400000095367432, 0.7549999952316284, 0.7699999809265137, 0.7799999713897705, 0.7799999713897705, 0.7900000214576721, 0.7850000262260437, 0.7900000214576721, 0.7900000214576721, 0.7900000214576721, 0.7850000262260437, 0.7799999713897705, 0.7900000214576721, 0.7900000214576721, 0.7900000214576721, 0.7900000214576721, 0.7850000262260437, 0.7850000262260437, 0.7749999761581421, 0.7749999761581421, 0.7799999713897705, 0.7850000262260437, 0.7799999713897705, 0.7749999761581421, 0.7749999761581421, 0.7749999761581421, 0.7749999761581421, 0.7749999761581421, 0.7749999761581421, 0.7749999761581421, 0.7850000262260437, 0.7900000214576721, 0.7950000166893005, 0.7850000262260437, 0.7799999713897705, 0.7850000262260437, 0.7850000262260437, 0.7850000262260437, 0.7850000262260437], "all_token_val_accuracy": [0.0, 0.0, 0.0, 0.0, 0.0, 0.10000000149011612, 0.44999998807907104, 0.6200000047683716, 0.675000011920929, 0.6949999928474426, 0.7099999785423279, 0.7400000095367432, 0.7549999952316284, 0.7699999809265137, 0.7799999713897705, 0.7799999713897705, 0.7900000214576721, 0.7850000262260437, 0.7900000214576721, 0.7900000214576721, 0.7900000214576721, 0.7850000262260437, 0.7799999713897705, 0.7900000214576721, 0.7900000214576721, 0.7900000214576721, 0.7900000214576721, 0.7850000262260437, 0.7850000262260437, 0.7749999761581421, 0.7749999761581421, 0.7799999713897705, 0.7850000262260437, 0.7799999713897705, 0.7749999761581421, 0.7749999761581421, 0.7749999761581421, 0.7749999761581421, 0.7749999761581421, 0.7749999761581421, 0.7749999761581421, 0.7850000262260437, 0.7900000214576721, 0.7950000166893005, 0.7850000262260437, 0.7799999713897705, 0.7850000262260437, 0.7850000262260437, 0.7850000262260437, 0.7850000262260437]}}