{"amazon_electronics_c_train_4_8": {"num_of_epochs": 30, "learning_rate": 0.0001, "training_ds_fpath": "_train_4_8", "first_token_val_accuracy": [0.0, 0.0, 0.0, 0.0, 0.06499999761581421, 0.38999998569488525, 0.625, 0.6899999976158142, 0.7250000238418579, 0.75, 0.7450000047683716, 0.7649999856948853, 0.7749999761581421, 0.7950000166893005, 0.7950000166893005, 0.8100000023841858, 0.8100000023841858, 0.8149999976158142, 0.8100000023841858, 0.800000011920929, 0.8050000071525574, 0.800000011920929, 0.800000011920929, 0.800000011920929, 0.800000011920929, 0.7950000166893005, 0.800000011920929, 0.800000011920929, 0.800000011920929, 0.800000011920929], "all_token_val_accuracy": [0.0, 0.0, 0.0, 0.0, 0.06499999761581421, 0.38999998569488525, 0.625, 0.6899999976158142, 0.7250000238418579, 0.75, 0.7450000047683716, 0.7649999856948853, 0.7699999809265137, 0.7900000214576721, 0.7900000214576721, 0.8100000023841858, 0.8100000023841858, 0.8149999976158142, 0.8100000023841858, 0.800000011920929, 0.8050000071525574, 0.800000011920929, 0.800000011920929, 0.800000011920929, 0.800000011920929, 0.7950000166893005, 0.800000011920929, 0.800000011920929, 0.800000011920929, 0.800000011920929]}}