{"amazon_electronics_c_train_2_8": {"num_of_epochs": 30, "learning_rate": 0.0001, "training_ds_fpath": "_train_2_8", "first_token_val_accuracy": [0.0, 0.0, 0.0, 0.0, 0.019999999552965164, 0.3149999976158142, 0.5950000286102295, 0.6449999809265137, 0.675000011920929, 0.6949999928474426, 0.7099999785423279, 0.75, 0.7900000214576721, 0.8050000071525574, 0.800000011920929, 0.7850000262260437, 0.800000011920929, 0.7900000214576721, 0.7950000166893005, 0.8050000071525574, 0.7900000214576721, 0.7850000262260437, 0.7850000262260437, 0.8050000071525574, 0.7900000214576721, 0.7900000214576721, 0.7850000262260437, 0.7900000214576721, 0.8050000071525574, 0.8050000071525574], "all_token_val_accuracy": [0.0, 0.0, 0.0, 0.0, 0.019999999552965164, 0.3149999976158142, 0.5950000286102295, 0.6449999809265137, 0.675000011920929, 0.6949999928474426, 0.7099999785423279, 0.75, 0.7900000214576721, 0.8050000071525574, 0.800000011920929, 0.7850000262260437, 0.800000011920929, 0.7900000214576721, 0.7950000166893005, 0.8050000071525574, 0.7900000214576721, 0.7850000262260437, 0.7850000262260437, 0.8050000071525574, 0.7900000214576721, 0.7900000214576721, 0.7850000262260437, 0.7900000214576721, 0.8050000071525574, 0.8050000071525574]}}