{"amazon_electronics_c_train_2_32": {"num_of_epochs": 40, "learning_rate": 1e-05, "training_ds_fpath": "_train_2_32", "first_token_val_accuracy": [0.0, 0.0, 0.0, 0.0, 0.0, 0.0, 0.0, 0.0, 0.0, 0.0, 0.0, 0.0, 0.019999999552965164, 0.05999999865889549, 0.14499999582767487, 0.33000001311302185, 0.46000000834465027, 0.5550000071525574, 0.5950000286102295, 0.6200000047683716, 0.6349999904632568, 0.6600000262260437, 0.6850000023841858, 0.699999988079071, 0.7149999737739563, 0.7350000143051147, 0.7450000047683716, 0.7549999952316284, 0.7699999809265137, 0.7850000262260437, 0.7850000262260437, 0.7799999713897705, 0.7699999809265137, 0.7850000262260437, 0.7900000214576721, 0.7900000214576721, 0.8100000023841858, 0.8149999976158142, 0.8149999976158142, 0.8149999976158142], "all_token_val_accuracy": [0.0, 0.0, 0.0, 0.0, 0.0, 0.0, 0.0, 0.0, 0.0, 0.0, 0.0, 0.0, 0.019999999552965164, 0.05999999865889549, 0.14499999582767487, 0.33000001311302185, 0.46000000834465027, 0.5550000071525574, 0.5899999737739563, 0.6150000095367432, 0.6299999952316284, 0.6549999713897705, 0.6800000071525574, 0.6949999928474426, 0.7099999785423279, 0.7300000190734863, 0.7400000095367432, 0.75, 0.7649999856948853, 0.7799999713897705, 0.7799999713897705, 0.7749999761581421, 0.7649999856948853, 0.7799999713897705, 0.7850000262260437, 0.7850000262260437, 0.8050000071525574, 0.8100000023841858, 0.8100000023841858, 0.8100000023841858]}}