{"amazon_electronics_c_train_5_16": {"num_of_epochs": 40, "learning_rate": 1e-05, "training_ds_fpath": "_train_5_16", "first_token_val_accuracy": [0.0, 0.0, 0.0, 0.0, 0.0, 0.0, 0.0, 0.0, 0.0, 0.0, 0.0, 0.0, 0.0, 0.0, 0.0, 0.0, 0.0, 0.0, 0.0, 0.0, 0.0, 0.0, 0.0, 0.0, 0.0, 0.0, 0.0, 0.0, 0.009999999776482582, 0.029999999329447746, 0.054999999701976776, 0.09000000357627869, 0.11999999731779099, 0.15000000596046448, 0.20499999821186066, 0.33500000834465027, 0.4000000059604645, 0.44999998807907104, 0.4950000047683716, 0.5350000262260437], "all_token_val_accuracy": [0.0, 0.0, 0.0, 0.0, 0.0, 0.0, 0.0, 0.0, 0.0, 0.0, 0.0, 0.0, 0.0, 0.0, 0.0, 0.0, 0.0, 0.0, 0.0, 0.0, 0.0, 0.0, 0.0, 0.0, 0.0, 0.0, 0.0, 0.0, 0.009999999776482582, 0.029999999329447746, 0.054999999701976776, 0.09000000357627869, 0.11999999731779099, 0.15000000596046448, 0.20499999821186066, 0.33500000834465027, 0.4000000059604645, 0.44999998807907104, 0.4950000047683716, 0.5350000262260437]}}