{"amazon_electronics_c_train_4_8": {"num_of_epochs": 30, "learning_rate": 0.001, "training_ds_fpath": "_train_4_8", "first_token_val_accuracy": [0.7049999833106995, 0.7850000262260437, 0.7599999904632568, 0.7300000190734863, 0.800000011920929, 0.8050000071525574, 0.7799999713897705, 0.7699999809265137, 0.6899999976158142, 0.7300000190734863, 0.7649999856948853, 0.7549999952316284, 0.7549999952316284, 0.7599999904632568, 0.7549999952316284, 0.7549999952316284, 0.7400000095367432, 0.7200000286102295, 0.7049999833106995, 0.7049999833106995, 0.7049999833106995, 0.7049999833106995, 0.7049999833106995, 0.7200000286102295, 0.7200000286102295, 0.7200000286102295, 0.7200000286102295, 0.7200000286102295, 0.7250000238418579, 0.7350000143051147], "all_token_val_accuracy": [0.7049999833106995, 0.7699999809265137, 0.7549999952316284, 0.7300000190734863, 0.800000011920929, 0.8050000071525574, 0.7799999713897705, 0.7699999809265137, 0.6899999976158142, 0.7300000190734863, 0.7649999856948853, 0.7549999952316284, 0.7549999952316284, 0.7599999904632568, 0.7549999952316284, 0.7549999952316284, 0.7400000095367432, 0.7200000286102295, 0.7049999833106995, 0.7049999833106995, 0.7049999833106995, 0.7049999833106995, 0.7049999833106995, 0.7200000286102295, 0.7200000286102295, 0.7200000286102295, 0.7200000286102295, 0.7200000286102295, 0.7250000238418579, 0.7350000143051147]}}