{"amazon_electronics_c_train_8_8": {"num_of_epochs": 50, "learning_rate": 0.0001, "training_ds_fpath": "_train_8_8", "first_token_val_accuracy": [0.0, 0.0, 0.0, 0.0, 0.054999999701976776, 0.4749999940395355, 0.6399999856948853, 0.7099999785423279, 0.7300000190734863, 0.7549999952316284, 0.7599999904632568, 0.7699999809265137, 0.7699999809265137, 0.7749999761581421, 0.7799999713897705, 0.7749999761581421, 0.7799999713897705, 0.7850000262260437, 0.7850000262260437, 0.800000011920929, 0.800000011920929, 0.8100000023841858, 0.8100000023841858, 0.8149999976158142, 0.8050000071525574, 0.8050000071525574, 0.8050000071525574, 0.8050000071525574, 0.8050000071525574, 0.8050000071525574, 0.8050000071525574, 0.8050000071525574, 0.800000011920929, 0.800000011920929, 0.8050000071525574, 0.8100000023841858, 0.8100000023841858, 0.8100000023841858, 0.8050000071525574, 0.8050000071525574, 0.8050000071525574, 0.800000011920929, 0.8050000071525574, 0.8100000023841858, 0.8050000071525574, 0.8100000023841858, 0.8199999928474426, 0.8199999928474426, 0.8199999928474426, 0.8149999976158142], "all_token_val_accuracy": [0.0, 0.0, 0.0, 0.0, 0.054999999701976776, 0.4749999940395355, 0.6349999904632568, 0.7049999833106995, 0.7250000238418579, 0.7549999952316284, 0.7599999904632568, 0.7699999809265137, 0.7699999809265137, 0.7749999761581421, 0.7799999713897705, 0.7749999761581421, 0.7799999713897705, 0.7850000262260437, 0.7850000262260437, 0.800000011920929, 0.800000011920929, 0.8100000023841858, 0.8100000023841858, 0.8149999976158142, 0.8050000071525574, 0.8050000071525574, 0.8050000071525574, 0.8050000071525574, 0.8050000071525574, 0.8050000071525574, 0.8050000071525574, 0.8050000071525574, 0.800000011920929, 0.800000011920929, 0.8050000071525574, 0.8100000023841858, 0.8100000023841858, 0.8100000023841858, 0.8050000071525574, 0.8050000071525574, 0.8050000071525574, 0.800000011920929, 0.8050000071525574, 0.8100000023841858, 0.8050000071525574, 0.8100000023841858, 0.8199999928474426, 0.8199999928474426, 0.8199999928474426, 0.8149999976158142]}}