{"amazon_electronics_c_train_6_16": {"num_of_epochs": 10, "learning_rate": 0.0005, "training_ds_fpath": "_train_6_16", "first_token_val_accuracy": [0.8100000023841858, 0.8299999833106995, 0.8299999833106995, 0.8349999785423279, 0.824999988079071, 0.824999988079071, 0.8100000023841858, 0.7699999809265137, 0.7699999809265137, 0.7749999761581421], "all_token_val_accuracy": [0.8100000023841858, 0.8299999833106995, 0.8299999833106995, 0.8349999785423279, 0.824999988079071, 0.824999988079071, 0.8100000023841858, 0.7699999809265137, 0.7699999809265137, 0.7749999761581421]}}