{"amazon_electronics_c_train_5_8": {"num_of_epochs": 5, "learning_rate": 0.001, "training_ds_fpath": "_train_5_8", "first_token_val_accuracy": [0.7099999785423279, 0.7649999856948853, 0.7699999809265137, 0.7649999856948853, 0.7749999761581421], "all_token_val_accuracy": [0.7099999785423279, 0.7649999856948853, 0.7699999809265137, 0.7649999856948853, 0.7749999761581421]}}