{"amazon_electronics_c_train_3_8": {"num_of_epochs": 30, "learning_rate": 0.001, "training_ds_fpath": "_train_3_8", "first_token_val_accuracy": [0.7749999761581421, 0.7950000166893005, 0.7950000166893005, 0.8450000286102295, 0.8450000286102295, 0.8399999737739563, 0.824999988079071, 0.8299999833106995, 0.8349999785423279, 0.8349999785423279, 0.8349999785423279, 0.8299999833106995, 0.8050000071525574, 0.8450000286102295, 0.8450000286102295, 0.8500000238418579, 0.8450000286102295, 0.8450000286102295, 0.8450000286102295, 0.8450000286102295, 0.8399999737739563, 0.8399999737739563, 0.8399999737739563, 0.8399999737739563, 0.8399999737739563, 0.8399999737739563, 0.8399999737739563, 0.8399999737739563, 0.8399999737739563, 0.8399999737739563], "all_token_val_accuracy": [0.7699999809265137, 0.7950000166893005, 0.7950000166893005, 0.8450000286102295, 0.8450000286102295, 0.8399999737739563, 0.824999988079071, 0.8299999833106995, 0.8349999785423279, 0.8349999785423279, 0.8349999785423279, 0.8299999833106995, 0.8050000071525574, 0.8450000286102295, 0.8450000286102295, 0.8500000238418579, 0.8450000286102295, 0.8450000286102295, 0.8450000286102295, 0.8450000286102295, 0.8399999737739563, 0.8399999737739563, 0.8399999737739563, 0.8399999737739563, 0.8399999737739563, 0.8399999737739563, 0.8399999737739563, 0.8399999737739563, 0.8399999737739563, 0.8399999737739563]}}