{"amazon_electronics_c_train_7_16": {"num_of_epochs": 5, "learning_rate": 0.001, "training_ds_fpath": "_train_7_16", "first_token_val_accuracy": [0.7850000262260437, 0.8399999737739563, 0.8399999737739563, 0.8399999737739563, 0.8500000238418579], "all_token_val_accuracy": [0.7850000262260437, 0.8399999737739563, 0.8399999737739563, 0.8399999737739563, 0.8500000238418579]}}