{"amazon_electronics_c_train_2_16": {"num_of_epochs": 10, "learning_rate": 0.0005, "training_ds_fpath": "_train_2_16", "first_token_val_accuracy": [0.7450000047683716, 0.8299999833106995, 0.8450000286102295, 0.8199999928474426, 0.8199999928474426, 0.824999988079071, 0.800000011920929, 0.8450000286102295, 0.8399999737739563, 0.8299999833106995], "all_token_val_accuracy": [0.7450000047683716, 0.8299999833106995, 0.8450000286102295, 0.8199999928474426, 0.8199999928474426, 0.824999988079071, 0.800000011920929, 0.8450000286102295, 0.8399999737739563, 0.8299999833106995]}}