{"amazon_electronics_c_train_5_32": {"num_of_epochs": 40, "learning_rate": 1e-05, "training_ds_fpath": "_train_5_32", "first_token_val_accuracy": [0.0, 0.0, 0.0, 0.0, 0.0, 0.0, 0.0, 0.0, 0.0, 0.0, 0.0, 0.0, 0.0, 0.004999999888241291, 0.054999999701976776, 0.10999999940395355, 0.18000000715255737, 0.38499999046325684, 0.48500001430511475, 0.5600000023841858, 0.5950000286102295, 0.6200000047683716, 0.6499999761581421, 0.675000011920929, 0.6800000071525574, 0.6850000023841858, 0.7099999785423279, 0.7250000238418579, 0.7450000047683716, 0.7549999952316284, 0.7549999952316284, 0.7599999904632568, 0.7699999809265137, 0.7699999809265137, 0.7850000262260437, 0.7900000214576721, 0.7850000262260437, 0.800000011920929, 0.8050000071525574, 0.800000011920929], "all_token_val_accuracy": [0.0, 0.0, 0.0, 0.0, 0.0, 0.0, 0.0, 0.0, 0.0, 0.0, 0.0, 0.0, 0.0, 0.004999999888241291, 0.054999999701976776, 0.10999999940395355, 0.18000000715255737, 0.38499999046325684, 0.48500001430511475, 0.5600000023841858, 0.5899999737739563, 0.6150000095367432, 0.6449999809265137, 0.6700000166893005, 0.675000011920929, 0.6800000071525574, 0.7049999833106995, 0.7200000286102295, 0.7400000095367432, 0.7549999952316284, 0.7549999952316284, 0.7599999904632568, 0.7699999809265137, 0.7699999809265137, 0.7850000262260437, 0.7900000214576721, 0.7850000262260437, 0.800000011920929, 0.8050000071525574, 0.800000011920929]}}