{"amazon_electronics_c_train_3_8": {"num_of_epochs": 10, "learning_rate": 0.001, "training_ds_fpath": "_train_3_8", "first_token_val_accuracy": [0.6449999809265137, 0.7850000262260437, 0.8149999976158142, 0.8149999976158142, 0.8550000190734863, 0.8399999737739563, 0.8450000286102295, 0.8349999785423279, 0.8399999737739563, 0.8399999737739563], "all_token_val_accuracy": [0.6449999809265137, 0.7850000262260437, 0.8149999976158142, 0.8149999976158142, 0.8550000190734863, 0.8399999737739563, 0.8450000286102295, 0.8349999785423279, 0.8399999737739563, 0.8399999737739563]}}