{"amazon_electronics_c_train_7_32": {"num_of_epochs": 50, "learning_rate": 1e-05, "training_ds_fpath": "_train_7_32", "first_token_val_accuracy": [0.0, 0.0, 0.0, 0.0, 0.0, 0.0, 0.0, 0.0, 0.0, 0.0, 0.0, 0.0, 0.0, 0.009999999776482582, 0.054999999701976776, 0.11500000208616257, 0.1899999976158142, 0.4000000059604645, 0.5049999952316284, 0.5649999976158142, 0.6100000143051147, 0.6150000095367432, 0.6449999809265137, 0.6549999713897705, 0.6800000071525574, 0.6949999928474426, 0.7049999833106995, 0.7200000286102295, 0.7350000143051147, 0.7400000095367432, 0.7549999952316284, 0.7549999952316284, 0.7649999856948853, 0.7699999809265137, 0.7850000262260437, 0.7850000262260437, 0.7850000262260437, 0.7850000262260437, 0.7900000214576721, 0.7900000214576721, 0.7850000262260437, 0.7900000214576721, 0.7950000166893005, 0.7950000166893005, 0.7950000166893005, 0.7950000166893005, 0.7900000214576721, 0.800000011920929, 0.800000011920929, 0.800000011920929], "all_token_val_accuracy": [0.0, 0.0, 0.0, 0.0, 0.0, 0.0, 0.0, 0.0, 0.0, 0.0, 0.0, 0.0, 0.0, 0.009999999776482582, 0.054999999701976776, 0.11500000208616257, 0.1899999976158142, 0.4000000059604645, 0.5049999952316284, 0.5649999976158142, 0.6050000190734863, 0.6100000143051147, 0.6399999856948853, 0.6499999761581421, 0.675000011920929, 0.6899999976158142, 0.699999988079071, 0.7149999737739563, 0.7350000143051147, 0.7400000095367432, 0.7549999952316284, 0.7549999952316284, 0.7649999856948853, 0.7699999809265137, 0.7850000262260437, 0.7850000262260437, 0.7850000262260437, 0.7850000262260437, 0.7900000214576721, 0.7900000214576721, 0.7850000262260437, 0.7900000214576721, 0.7950000166893005, 0.7950000166893005, 0.7950000166893005, 0.7950000166893005, 0.7900000214576721, 0.800000011920929, 0.800000011920929, 0.800000011920929]}}