{"amazon_electronics_c_train_4_4": {"num_of_epochs": 5, "learning_rate": 0.001, "training_ds_fpath": "_train_4_4", "first_token_val_accuracy": [0.0, 0.75, 0.7400000095367432, 0.7749999761581421, 0.7599999904632568], "all_token_val_accuracy": [0.0, 0.75, 0.7400000095367432, 0.7749999761581421, 0.7599999904632568]}}