{"amazon_electronics_c_train_1_8": {"num_of_epochs": 10, "learning_rate": 0.0001, "training_ds_fpath": "_train_1_8", "first_token_val_accuracy": [0.0, 0.0, 0.0, 0.0, 0.0, 0.10999999940395355, 0.4350000023841858, 0.6100000143051147, 0.6700000166893005, 0.699999988079071], "all_token_val_accuracy": [0.0, 0.0, 0.0, 0.0, 0.0, 0.10999999940395355, 0.4350000023841858, 0.6100000143051147, 0.6700000166893005, 0.699999988079071]}}