{"amazon_electronics_c_train_3_32": {"num_of_epochs": 5, "learning_rate": 0.0001, "training_ds_fpath": "_train_3_32", "first_token_val_accuracy": [0.0, 0.699999988079071, 0.7749999761581421, 0.8050000071525574, 0.8349999785423279], "all_token_val_accuracy": [0.0, 0.6949999928474426, 0.7699999809265137, 0.800000011920929, 0.8349999785423279]}}