{"amazon_electronics_c_train_3_4": {"num_of_epochs": 30, "learning_rate": 0.0001, "training_ds_fpath": "_train_3_4", "first_token_val_accuracy": [0.0, 0.0, 0.0, 0.0, 0.0, 0.0, 0.0, 0.0, 0.0, 0.029999999329447746, 0.11500000208616257, 0.29499998688697815, 0.5249999761581421, 0.6299999952316284, 0.6899999976158142, 0.6949999928474426, 0.7200000286102295, 0.7350000143051147, 0.7450000047683716, 0.7599999904632568, 0.7450000047683716, 0.75, 0.7450000047683716, 0.7549999952316284, 0.7649999856948853, 0.7749999761581421, 0.7799999713897705, 0.7799999713897705, 0.7749999761581421, 0.7749999761581421], "all_token_val_accuracy": [0.0, 0.0, 0.0, 0.0, 0.0, 0.0, 0.0, 0.0, 0.0, 0.029999999329447746, 0.11500000208616257, 0.29499998688697815, 0.5249999761581421, 0.6200000047683716, 0.6800000071525574, 0.6850000023841858, 0.7099999785423279, 0.7250000238418579, 0.7350000143051147, 0.7599999904632568, 0.7450000047683716, 0.75, 0.7450000047683716, 0.7549999952316284, 0.7649999856948853, 0.7749999761581421, 0.7799999713897705, 0.7799999713897705, 0.7749999761581421, 0.7749999761581421]}}