{"amazon_electronics_c_train_5_8": {"num_of_epochs": 10, "learning_rate": 0.0001, "training_ds_fpath": "_train_5_8", "first_token_val_accuracy": [0.0, 0.0, 0.0, 0.0, 0.019999999552965164, 0.23499999940395355, 0.574999988079071, 0.6549999713897705, 0.7200000286102295, 0.7599999904632568], "all_token_val_accuracy": [0.0, 0.0, 0.0, 0.0, 0.019999999552965164, 0.23499999940395355, 0.574999988079071, 0.6499999761581421, 0.7149999737739563, 0.7549999952316284]}}