{"amazon_electronics_c_train_1_16": {"num_of_epochs": 5, "learning_rate": 0.0005, "training_ds_fpath": "_train_1_16", "first_token_val_accuracy": [0.6949999928474426, 0.6850000023841858, 0.8100000023841858, 0.800000011920929, 0.8349999785423279], "all_token_val_accuracy": [0.6949999928474426, 0.6850000023841858, 0.8100000023841858, 0.800000011920929, 0.8349999785423279]}}