{"amazon_electronics_c_train_8_32": {"num_of_epochs": 50, "learning_rate": 0.0005, "training_ds_fpath": "_train_8_32", "first_token_val_accuracy": [0.7950000166893005, 0.8500000238418579, 0.8399999737739563, 0.8600000143051147, 0.8600000143051147, 0.8600000143051147, 0.8500000238418579, 0.8799999952316284, 0.8700000047683716, 0.8299999833106995, 0.8700000047683716, 0.8700000047683716, 0.8700000047683716, 0.8700000047683716, 0.8899999856948853, 0.8899999856948853, 0.8899999856948853, 0.8899999856948853, 0.8899999856948853, 0.8899999856948853, 0.8949999809265137, 0.8899999856948853, 0.8849999904632568, 0.8849999904632568, 0.8899999856948853, 0.8899999856948853, 0.8899999856948853, 0.8899999856948853, 0.8949999809265137, 0.8949999809265137, 0.875, 0.8450000286102295, 0.8899999856948853, 0.8999999761581421, 0.8999999761581421, 0.8999999761581421, 0.8899999856948853, 0.8899999856948853, 0.8799999952316284, 0.8999999761581421, 0.8999999761581421, 0.8999999761581421, 0.8999999761581421, 0.8999999761581421, 0.8999999761581421, 0.8999999761581421, 0.8999999761581421, 0.8999999761581421, 0.8999999761581421, 0.8949999809265137], "all_token_val_accuracy": [0.7950000166893005, 0.8500000238418579, 0.8399999737739563, 0.8600000143051147, 0.8600000143051147, 0.8600000143051147, 0.8500000238418579, 0.8799999952316284, 0.8700000047683716, 0.8299999833106995, 0.8700000047683716, 0.8700000047683716, 0.8700000047683716, 0.8700000047683716, 0.8899999856948853, 0.8899999856948853, 0.8899999856948853, 0.8899999856948853, 0.8899999856948853, 0.8899999856948853, 0.8949999809265137, 0.8899999856948853, 0.8849999904632568, 0.8849999904632568, 0.8899999856948853, 0.8899999856948853, 0.8899999856948853, 0.8899999856948853, 0.8949999809265137, 0.8949999809265137, 0.875, 0.8450000286102295, 0.8899999856948853, 0.8999999761581421, 0.8999999761581421, 0.8999999761581421, 0.8899999856948853, 0.8899999856948853, 0.8799999952316284, 0.8999999761581421, 0.8999999761581421, 0.8999999761581421, 0.8999999761581421, 0.8999999761581421, 0.8999999761581421, 0.8999999761581421, 0.8999999761581421, 0.8999999761581421, 0.8999999761581421, 0.8949999809265137]}}