{"amazon_electronics_c_train_3_32": {"num_of_epochs": 40, "learning_rate": 0.0005, "training_ds_fpath": "_train_3_32", "first_token_val_accuracy": [0.75, 0.8650000095367432, 0.8650000095367432, 0.8799999952316284, 0.875, 0.8949999809265137, 0.8899999856948853, 0.8849999904632568, 0.8899999856948853, 0.8949999809265137, 0.8949999809265137, 0.8899999856948853, 0.8899999856948853, 0.8799999952316284, 0.8799999952316284, 0.8799999952316284, 0.8799999952316284, 0.875, 0.875, 0.875, 0.8799999952316284, 0.875, 0.875, 0.875, 0.875, 0.875, 0.875, 0.875, 0.875, 0.875, 0.8799999952316284, 0.8849999904632568, 0.8849999904632568, 0.8799999952316284, 0.8799999952316284, 0.8799999952316284, 0.8799999952316284, 0.8799999952316284, 0.8799999952316284, 0.875], "all_token_val_accuracy": [0.75, 0.8650000095367432, 0.8650000095367432, 0.8799999952316284, 0.875, 0.8949999809265137, 0.8899999856948853, 0.8849999904632568, 0.8899999856948853, 0.8949999809265137, 0.8949999809265137, 0.8899999856948853, 0.8899999856948853, 0.8799999952316284, 0.8799999952316284, 0.8799999952316284, 0.8799999952316284, 0.875, 0.875, 0.875, 0.8799999952316284, 0.875, 0.875, 0.875, 0.875, 0.875, 0.875, 0.875, 0.875, 0.875, 0.8799999952316284, 0.8849999904632568, 0.8849999904632568, 0.8799999952316284, 0.8799999952316284, 0.8799999952316284, 0.8799999952316284, 0.8799999952316284, 0.8799999952316284, 0.875]}}