{"amazon_electronics_c_train_4_4": {"num_of_epochs": 40, "learning_rate": 0.0001, "training_ds_fpath": "_train_4_4", "first_token_val_accuracy": [0.0, 0.0, 0.0, 0.0, 0.0, 0.0, 0.0, 0.0, 0.0, 0.029999999329447746, 0.10499999672174454, 0.25999999046325684, 0.5199999809265137, 0.5849999785423279, 0.6650000214576721, 0.675000011920929, 0.6899999976158142, 0.7049999833106995, 0.7149999737739563, 0.7149999737739563, 0.7200000286102295, 0.7350000143051147, 0.7400000095367432, 0.7400000095367432, 0.7400000095367432, 0.7400000095367432, 0.7549999952316284, 0.7599999904632568, 0.7749999761581421, 0.7699999809265137, 0.7749999761581421, 0.7799999713897705, 0.7900000214576721, 0.800000011920929, 0.800000011920929, 0.800000011920929, 0.800000011920929, 0.800000011920929, 0.800000011920929, 0.800000011920929], "all_token_val_accuracy": [0.0, 0.0, 0.0, 0.0, 0.0, 0.0, 0.0, 0.0, 0.0, 0.029999999329447746, 0.10499999672174454, 0.25999999046325684, 0.5199999809265137, 0.5849999785423279, 0.6600000262260437, 0.6700000166893005, 0.6850000023841858, 0.699999988079071, 0.7099999785423279, 0.7099999785423279, 0.7149999737739563, 0.7300000190734863, 0.7400000095367432, 0.7400000095367432, 0.7400000095367432, 0.7400000095367432, 0.7549999952316284, 0.7599999904632568, 0.7749999761581421, 0.7699999809265137, 0.7749999761581421, 0.7799999713897705, 0.7900000214576721, 0.800000011920929, 0.800000011920929, 0.800000011920929, 0.800000011920929, 0.800000011920929, 0.800000011920929, 0.800000011920929]}}