{"amazon_electronics_c_train_6_32": {"num_of_epochs": 50, "learning_rate": 1e-05, "training_ds_fpath": "_train_6_32", "first_token_val_accuracy": [0.0, 0.0, 0.0, 0.0, 0.0, 0.0, 0.0, 0.0, 0.0, 0.0, 0.0, 0.0, 0.0, 0.0, 0.0, 0.04500000178813934, 0.07999999821186066, 0.1550000011920929, 0.26499998569488525, 0.41999998688697815, 0.5149999856948853, 0.5699999928474426, 0.6299999952316284, 0.6549999713897705, 0.6800000071525574, 0.6800000071525574, 0.7049999833106995, 0.7350000143051147, 0.7300000190734863, 0.7450000047683716, 0.7599999904632568, 0.7599999904632568, 0.7549999952316284, 0.7749999761581421, 0.7799999713897705, 0.7950000166893005, 0.8050000071525574, 0.8149999976158142, 0.824999988079071, 0.824999988079071, 0.8199999928474426, 0.824999988079071, 0.824999988079071, 0.8299999833106995, 0.8349999785423279, 0.8399999737739563, 0.8399999737739563, 0.8399999737739563, 0.8450000286102295, 0.8450000286102295], "all_token_val_accuracy": [0.0, 0.0, 0.0, 0.0, 0.0, 0.0, 0.0, 0.0, 0.0, 0.0, 0.0, 0.0, 0.0, 0.0, 0.0, 0.04500000178813934, 0.07999999821186066, 0.1550000011920929, 0.26499998569488525, 0.41999998688697815, 0.5149999856948853, 0.5699999928474426, 0.625, 0.6499999761581421, 0.675000011920929, 0.675000011920929, 0.699999988079071, 0.7300000190734863, 0.7250000238418579, 0.7400000095367432, 0.7549999952316284, 0.7549999952316284, 0.75, 0.7699999809265137, 0.7749999761581421, 0.7900000214576721, 0.800000011920929, 0.8100000023841858, 0.8199999928474426, 0.8199999928474426, 0.8149999976158142, 0.8199999928474426, 0.8199999928474426, 0.824999988079071, 0.8299999833106995, 0.8399999737739563, 0.8399999737739563, 0.8399999737739563, 0.8450000286102295, 0.8450000286102295]}}