{"amazon_electronics_c_train_9_4": {"num_of_epochs": 30, "learning_rate": 0.0001, "training_ds_fpath": "_train_9_4", "first_token_val_accuracy": [0.0, 0.0, 0.0, 0.0, 0.0, 0.0, 0.0, 0.0, 0.0, 0.02500000037252903, 0.10499999672174454, 0.23499999940395355, 0.5199999809265137, 0.6200000047683716, 0.6650000214576721, 0.699999988079071, 0.7350000143051147, 0.7450000047683716, 0.7450000047683716, 0.75, 0.7549999952316284, 0.7749999761581421, 0.7799999713897705, 0.8050000071525574, 0.8100000023841858, 0.800000011920929, 0.800000011920929, 0.7950000166893005, 0.8100000023841858, 0.8199999928474426], "all_token_val_accuracy": [0.0, 0.0, 0.0, 0.0, 0.0, 0.0, 0.0, 0.0, 0.0, 0.02500000037252903, 0.10499999672174454, 0.23499999940395355, 0.5149999856948853, 0.6150000095367432, 0.6600000262260437, 0.6949999928474426, 0.7300000190734863, 0.7400000095367432, 0.7400000095367432, 0.7450000047683716, 0.75, 0.7699999809265137, 0.7749999761581421, 0.800000011920929, 0.8050000071525574, 0.7950000166893005, 0.7950000166893005, 0.7900000214576721, 0.8050000071525574, 0.8149999976158142]}}