{"amazon_electronics_c_train_7_32": {"num_of_epochs": 40, "learning_rate": 0.001, "training_ds_fpath": "_train_7_32", "first_token_val_accuracy": [0.6549999713897705, 0.8399999737739563, 0.8399999737739563, 0.8050000071525574, 0.8199999928474426, 0.824999988079071, 0.8199999928474426, 0.824999988079071, 0.824999988079071, 0.824999988079071, 0.824999988079071, 0.824999988079071, 0.824999988079071, 0.8149999976158142, 0.8149999976158142, 0.8149999976158142, 0.8299999833106995, 0.8050000071525574, 0.8149999976158142, 0.8050000071525574, 0.8050000071525574, 0.8050000071525574, 0.8100000023841858, 0.8100000023841858, 0.8100000023841858, 0.7900000214576721, 0.7900000214576721, 0.7900000214576721, 0.7900000214576721, 0.7900000214576721, 0.7900000214576721, 0.7900000214576721, 0.7950000166893005, 0.7950000166893005, 0.7950000166893005, 0.7950000166893005, 0.7950000166893005, 0.7950000166893005, 0.7950000166893005, 0.7950000166893005], "all_token_val_accuracy": [0.6549999713897705, 0.8399999737739563, 0.8399999737739563, 0.8050000071525574, 0.8199999928474426, 0.824999988079071, 0.8199999928474426, 0.824999988079071, 0.824999988079071, 0.824999988079071, 0.824999988079071, 0.824999988079071, 0.824999988079071, 0.8149999976158142, 0.8149999976158142, 0.8149999976158142, 0.8299999833106995, 0.8050000071525574, 0.8149999976158142, 0.8050000071525574, 0.8050000071525574, 0.8050000071525574, 0.8100000023841858, 0.8100000023841858, 0.8100000023841858, 0.7900000214576721, 0.7900000214576721, 0.7900000214576721, 0.7900000214576721, 0.7900000214576721, 0.7900000214576721, 0.7900000214576721, 0.7950000166893005, 0.7950000166893005, 0.7950000166893005, 0.7950000166893005, 0.7950000166893005, 0.7950000166893005, 0.7950000166893005, 0.7950000166893005]}}