{"amazon_electronics_c_train_8_32": {"num_of_epochs": 10, "learning_rate": 0.001, "training_ds_fpath": "_train_8_32", "first_token_val_accuracy": [0.7699999809265137, 0.8299999833106995, 0.8650000095367432, 0.8600000143051147, 0.800000011920929, 0.8299999833106995, 0.8349999785423279, 0.8399999737739563, 0.8399999737739563, 0.8399999737739563], "all_token_val_accuracy": [0.7699999809265137, 0.8299999833106995, 0.8650000095367432, 0.8600000143051147, 0.800000011920929, 0.8299999833106995, 0.8349999785423279, 0.8399999737739563, 0.8399999737739563, 0.8399999737739563]}}