{"amazon_electronics_c_train_1_32": {"num_of_epochs": 50, "learning_rate": 0.0001, "training_ds_fpath": "_train_1_32", "first_token_val_accuracy": [0.0, 0.6349999904632568, 0.7799999713897705, 0.8399999737739563, 0.824999988079071, 0.824999988079071, 0.8399999737739563, 0.8349999785423279, 0.8399999737739563, 0.8550000190734863, 0.8600000143051147, 0.8600000143051147, 0.8550000190734863, 0.8600000143051147, 0.8550000190734863, 0.8550000190734863, 0.8550000190734863, 0.8450000286102295, 0.8500000238418579, 0.8450000286102295, 0.8299999833106995, 0.8399999737739563, 0.8399999737739563, 0.8349999785423279, 0.8349999785423279, 0.8600000143051147, 0.8550000190734863, 0.8500000238418579, 0.8399999737739563, 0.8399999737739563, 0.8399999737739563, 0.8399999737739563, 0.8399999737739563, 0.8399999737739563, 0.8349999785423279, 0.8349999785423279, 0.8349999785423279, 0.8299999833106995, 0.8349999785423279, 0.8349999785423279, 0.8349999785423279, 0.8299999833106995, 0.8299999833106995, 0.8299999833106995, 0.8299999833106995, 0.8299999833106995, 0.8650000095367432, 0.8550000190734863, 0.8650000095367432, 0.8600000143051147], "all_token_val_accuracy": [0.0, 0.6299999952316284, 0.7749999761581421, 0.8399999737739563, 0.824999988079071, 0.824999988079071, 0.8399999737739563, 0.8349999785423279, 0.8399999737739563, 0.8550000190734863, 0.8600000143051147, 0.8600000143051147, 0.8550000190734863, 0.8600000143051147, 0.8550000190734863, 0.8550000190734863, 0.8550000190734863, 0.8450000286102295, 0.8500000238418579, 0.8450000286102295, 0.8299999833106995, 0.8399999737739563, 0.8399999737739563, 0.8349999785423279, 0.8349999785423279, 0.8600000143051147, 0.8550000190734863, 0.8500000238418579, 0.8399999737739563, 0.8399999737739563, 0.8399999737739563, 0.8399999737739563, 0.8399999737739563, 0.8399999737739563, 0.8349999785423279, 0.8349999785423279, 0.8349999785423279, 0.8299999833106995, 0.8349999785423279, 0.8349999785423279, 0.8349999785423279, 0.8299999833106995, 0.8299999833106995, 0.8299999833106995, 0.8299999833106995, 0.8299999833106995, 0.8650000095367432, 0.8550000190734863, 0.8650000095367432, 0.8600000143051147]}}