{"amazon_electronics_c_train_0_32": {"num_of_epochs": 30, "learning_rate": 1e-05, "training_ds_fpath": "_train_0_32", "first_token_val_accuracy": [0.0, 0.0, 0.0, 0.0, 0.0, 0.0, 0.0, 0.0, 0.0, 0.0, 0.0, 0.0, 0.0, 0.0, 0.04500000178813934, 0.10999999940395355, 0.17000000178813934, 0.36000001430511475, 0.48500001430511475, 0.574999988079071, 0.6050000190734863, 0.6399999856948853, 0.6650000214576721, 0.6650000214576721, 0.699999988079071, 0.7200000286102295, 0.7300000190734863, 0.75, 0.7549999952316284, 0.7699999809265137], "all_token_val_accuracy": [0.0, 0.0, 0.0, 0.0, 0.0, 0.0, 0.0, 0.0, 0.0, 0.0, 0.0, 0.0, 0.0, 0.0, 0.04500000178813934, 0.10999999940395355, 0.17000000178813934, 0.36000001430511475, 0.48500001430511475, 0.5699999928474426, 0.6000000238418579, 0.6349999904632568, 0.6600000262260437, 0.6600000262260437, 0.6949999928474426, 0.7149999737739563, 0.7250000238418579, 0.7450000047683716, 0.75, 0.7649999856948853]}}