{"amazon_electronics_c_train_7_32": {"num_of_epochs": 30, "learning_rate": 1e-05, "training_ds_fpath": "_train_7_32", "first_token_val_accuracy": [0.0, 0.0, 0.0, 0.0, 0.0, 0.0, 0.0, 0.0, 0.0, 0.0, 0.0, 0.0, 0.0, 0.009999999776482582, 0.054999999701976776, 0.10499999672174454, 0.1899999976158142, 0.38499999046325684, 0.47999998927116394, 0.5649999976158142, 0.6150000095367432, 0.6299999952316284, 0.6499999761581421, 0.6650000214576721, 0.6850000023841858, 0.6800000071525574, 0.7149999737739563, 0.7149999737739563, 0.7250000238418579, 0.7350000143051147], "all_token_val_accuracy": [0.0, 0.0, 0.0, 0.0, 0.0, 0.0, 0.0, 0.0, 0.0, 0.0, 0.0, 0.0, 0.0, 0.009999999776482582, 0.054999999701976776, 0.10499999672174454, 0.1899999976158142, 0.38499999046325684, 0.47999998927116394, 0.5649999976158142, 0.6100000143051147, 0.625, 0.6449999809265137, 0.6600000262260437, 0.6800000071525574, 0.675000011920929, 0.7099999785423279, 0.7099999785423279, 0.7200000286102295, 0.7300000190734863]}}