{"amazon_electronics_c_train_8_8": {"num_of_epochs": 20, "learning_rate": 0.0005, "training_ds_fpath": "_train_8_8", "first_token_val_accuracy": [0.10499999672174454, 0.7649999856948853, 0.7900000214576721, 0.7950000166893005, 0.800000011920929, 0.8199999928474426, 0.8149999976158142, 0.8349999785423279, 0.8349999785423279, 0.824999988079071, 0.8299999833106995, 0.8299999833106995, 0.8349999785423279, 0.8299999833106995, 0.824999988079071, 0.8299999833106995, 0.824999988079071, 0.8199999928474426, 0.8199999928474426, 0.824999988079071], "all_token_val_accuracy": [0.10499999672174454, 0.7649999856948853, 0.7900000214576721, 0.7950000166893005, 0.800000011920929, 0.8199999928474426, 0.8149999976158142, 0.8349999785423279, 0.8349999785423279, 0.824999988079071, 0.8299999833106995, 0.8299999833106995, 0.8349999785423279, 0.8299999833106995, 0.824999988079071, 0.8299999833106995, 0.824999988079071, 0.8199999928474426, 0.8199999928474426, 0.824999988079071]}}