{"amazon_electronics_c_train_8_8": {"num_of_epochs": 5, "learning_rate": 0.0005, "training_ds_fpath": "_train_8_8", "first_token_val_accuracy": [0.0, 0.7450000047683716, 0.7900000214576721, 0.7850000262260437, 0.7950000166893005], "all_token_val_accuracy": [0.0, 0.7450000047683716, 0.7900000214576721, 0.7850000262260437, 0.7950000166893005]}}