{"amazon_electronics_c_train_2_4": {"num_of_epochs": 20, "learning_rate": 0.001, "training_ds_fpath": "_train_2_4", "first_token_val_accuracy": [0.0, 0.8100000023841858, 0.6150000095367432, 0.6600000262260437, 0.75, 0.7049999833106995, 0.6949999928474426, 0.6899999976158142, 0.6800000071525574, 0.675000011920929, 0.6899999976158142, 0.7049999833106995, 0.7200000286102295, 0.7400000095367432, 0.7450000047683716, 0.7400000095367432, 0.7099999785423279, 0.7149999737739563, 0.6949999928474426, 0.6800000071525574], "all_token_val_accuracy": [0.0, 0.8100000023841858, 0.6150000095367432, 0.6600000262260437, 0.75, 0.7049999833106995, 0.6949999928474426, 0.6899999976158142, 0.6800000071525574, 0.675000011920929, 0.6899999976158142, 0.7049999833106995, 0.7200000286102295, 0.7400000095367432, 0.7450000047683716, 0.7400000095367432, 0.7099999785423279, 0.7149999737739563, 0.6949999928474426, 0.6800000071525574]}}