{"amazon_electronics_c_train_2_32": {"num_of_epochs": 50, "learning_rate": 1e-05, "training_ds_fpath": "_train_2_32", "first_token_val_accuracy": [0.0, 0.0, 0.0, 0.0, 0.0, 0.0, 0.0, 0.0, 0.0, 0.0, 0.0, 0.0, 0.004999999888241291, 0.04500000178813934, 0.10000000149011612, 0.1899999976158142, 0.4050000011920929, 0.5049999952316284, 0.5799999833106995, 0.6100000143051147, 0.6449999809265137, 0.6600000262260437, 0.675000011920929, 0.6899999976158142, 0.7099999785423279, 0.7300000190734863, 0.75, 0.7549999952316284, 0.7549999952316284, 0.7749999761581421, 0.7850000262260437, 0.7850000262260437, 0.7850000262260437, 0.7950000166893005, 0.7900000214576721, 0.8050000071525574, 0.8050000071525574, 0.8050000071525574, 0.8149999976158142, 0.8199999928474426, 0.8199999928474426, 0.8199999928474426, 0.8199999928474426, 0.824999988079071, 0.8349999785423279, 0.824999988079071, 0.824999988079071, 0.824999988079071, 0.8299999833106995, 0.8349999785423279], "all_token_val_accuracy": [0.0, 0.0, 0.0, 0.0, 0.0, 0.0, 0.0, 0.0, 0.0, 0.0, 0.0, 0.0, 0.004999999888241291, 0.04500000178813934, 0.10000000149011612, 0.1899999976158142, 0.4050000011920929, 0.5049999952316284, 0.5799999833106995, 0.6050000190734863, 0.6399999856948853, 0.6549999713897705, 0.6700000166893005, 0.6850000023841858, 0.7049999833106995, 0.7250000238418579, 0.7450000047683716, 0.75, 0.75, 0.7699999809265137, 0.7799999713897705, 0.7799999713897705, 0.7799999713897705, 0.7900000214576721, 0.7850000262260437, 0.800000011920929, 0.800000011920929, 0.800000011920929, 0.8100000023841858, 0.8149999976158142, 0.8149999976158142, 0.8149999976158142, 0.8149999976158142, 0.8199999928474426, 0.8299999833106995, 0.8199999928474426, 0.8199999928474426, 0.8199999928474426, 0.824999988079071, 0.8299999833106995]}}