{"amazon_electronics_c_train_0_32": {"num_of_epochs": 10, "learning_rate": 0.001, "training_ds_fpath": "_train_0_32", "first_token_val_accuracy": [0.824999988079071, 0.7350000143051147, 0.7799999713897705, 0.7850000262260437, 0.8100000023841858, 0.8100000023841858, 0.8199999928474426, 0.824999988079071, 0.824999988079071, 0.8149999976158142], "all_token_val_accuracy": [0.824999988079071, 0.7350000143051147, 0.7799999713897705, 0.7850000262260437, 0.8100000023841858, 0.8100000023841858, 0.8199999928474426, 0.824999988079071, 0.824999988079071, 0.8149999976158142]}}