{"amazon_electronics_c_train_6_8": {"num_of_epochs": 10, "learning_rate": 0.0001, "training_ds_fpath": "_train_6_8", "first_token_val_accuracy": [0.0, 0.0, 0.0, 0.0, 0.0, 0.11500000208616257, 0.5350000262260437, 0.699999988079071, 0.7549999952316284, 0.7900000214576721], "all_token_val_accuracy": [0.0, 0.0, 0.0, 0.0, 0.0, 0.11500000208616257, 0.5350000262260437, 0.6949999928474426, 0.75, 0.7850000262260437]}}