{"amazon_electronics_c_train_3_32": {"num_of_epochs": 5, "learning_rate": 0.001, "training_ds_fpath": "_train_3_32", "first_token_val_accuracy": [0.75, 0.824999988079071, 0.7799999713897705, 0.7699999809265137, 0.8500000238418579], "all_token_val_accuracy": [0.75, 0.824999988079071, 0.7799999713897705, 0.7699999809265137, 0.8500000238418579]}}