{"amazon_electronics_c_train_0_8": {"num_of_epochs": 20, "learning_rate": 0.001, "training_ds_fpath": "_train_0_8", "first_token_val_accuracy": [0.7400000095367432, 0.800000011920929, 0.7749999761581421, 0.7400000095367432, 0.7200000286102295, 0.7699999809265137, 0.7799999713897705, 0.7749999761581421, 0.7749999761581421, 0.7749999761581421, 0.75, 0.7450000047683716, 0.7350000143051147, 0.7549999952316284, 0.7549999952316284, 0.7649999856948853, 0.7649999856948853, 0.7649999856948853, 0.7649999856948853, 0.7699999809265137], "all_token_val_accuracy": [0.7350000143051147, 0.7950000166893005, 0.7749999761581421, 0.7400000095367432, 0.7200000286102295, 0.7699999809265137, 0.7799999713897705, 0.7749999761581421, 0.7749999761581421, 0.7749999761581421, 0.75, 0.7450000047683716, 0.7350000143051147, 0.7549999952316284, 0.7549999952316284, 0.7649999856948853, 0.7649999856948853, 0.7649999856948853, 0.7649999856948853, 0.7699999809265137]}}