{"amazon_electronics_c_train_5_8": {"num_of_epochs": 20, "learning_rate": 0.0001, "training_ds_fpath": "_train_5_8", "first_token_val_accuracy": [0.0, 0.0, 0.0, 0.0, 0.0, 0.014999999664723873, 0.1599999964237213, 0.4950000047683716, 0.6200000047683716, 0.6899999976158142, 0.7300000190734863, 0.75, 0.7649999856948853, 0.7699999809265137, 0.7549999952316284, 0.7749999761581421, 0.7749999761581421, 0.7749999761581421, 0.7850000262260437, 0.7850000262260437], "all_token_val_accuracy": [0.0, 0.0, 0.0, 0.0, 0.0, 0.014999999664723873, 0.1599999964237213, 0.4950000047683716, 0.6150000095367432, 0.6850000023841858, 0.7250000238418579, 0.7450000047683716, 0.7599999904632568, 0.7649999856948853, 0.7549999952316284, 0.7749999761581421, 0.7749999761581421, 0.7749999761581421, 0.7850000262260437, 0.7850000262260437]}}