{"amazon_electronics_c_train_7_16": {"num_of_epochs": 10, "learning_rate": 0.0005, "training_ds_fpath": "_train_7_16", "first_token_val_accuracy": [0.6650000214576721, 0.75, 0.8349999785423279, 0.8500000238418579, 0.8349999785423279, 0.875, 0.875, 0.8349999785423279, 0.8650000095367432, 0.8700000047683716], "all_token_val_accuracy": [0.6650000214576721, 0.75, 0.8349999785423279, 0.8500000238418579, 0.8349999785423279, 0.875, 0.875, 0.8349999785423279, 0.8650000095367432, 0.8700000047683716]}}