{"amazon_electronics_c_train_4_4": {"num_of_epochs": 10, "learning_rate": 0.0005, "training_ds_fpath": "_train_4_4", "first_token_val_accuracy": [0.0, 0.014999999664723873, 0.6850000023841858, 0.7649999856948853, 0.7850000262260437, 0.7850000262260437, 0.7900000214576721, 0.8050000071525574, 0.8100000023841858, 0.8050000071525574], "all_token_val_accuracy": [0.0, 0.014999999664723873, 0.6850000023841858, 0.7649999856948853, 0.7850000262260437, 0.7850000262260437, 0.7900000214576721, 0.8050000071525574, 0.8100000023841858, 0.8050000071525574]}}