{"amazon_electronics_c_train_5_32": {"num_of_epochs": 10, "learning_rate": 0.0005, "training_ds_fpath": "_train_5_32", "first_token_val_accuracy": [0.8199999928474426, 0.8500000238418579, 0.7549999952316284, 0.8700000047683716, 0.8799999952316284, 0.8949999809265137, 0.8949999809265137, 0.8899999856948853, 0.8899999856948853, 0.8799999952316284], "all_token_val_accuracy": [0.8199999928474426, 0.8500000238418579, 0.7549999952316284, 0.8700000047683716, 0.8799999952316284, 0.8949999809265137, 0.8949999809265137, 0.8899999856948853, 0.8899999856948853, 0.8799999952316284]}}