{"amazon_electronics_c_train_7_8": {"num_of_epochs": 20, "learning_rate": 0.0005, "training_ds_fpath": "_train_7_8", "first_token_val_accuracy": [0.014999999664723873, 0.7850000262260437, 0.8550000190734863, 0.8349999785423279, 0.8349999785423279, 0.8100000023841858, 0.8149999976158142, 0.7900000214576721, 0.7850000262260437, 0.7950000166893005, 0.824999988079071, 0.824999988079071, 0.824999988079071, 0.8199999928474426, 0.8199999928474426, 0.8199999928474426, 0.8199999928474426, 0.8149999976158142, 0.8100000023841858, 0.8100000023841858], "all_token_val_accuracy": [0.014999999664723873, 0.7799999713897705, 0.8550000190734863, 0.8349999785423279, 0.8349999785423279, 0.8100000023841858, 0.8149999976158142, 0.7900000214576721, 0.7850000262260437, 0.7950000166893005, 0.824999988079071, 0.824999988079071, 0.824999988079071, 0.8199999928474426, 0.8199999928474426, 0.8199999928474426, 0.8199999928474426, 0.8149999976158142, 0.8100000023841858, 0.8100000023841858]}}