{"amazon_electronics_c_train_4_16": {"num_of_epochs": 50, "learning_rate": 0.0005, "training_ds_fpath": "_train_4_16", "first_token_val_accuracy": [0.7599999904632568, 0.8199999928474426, 0.824999988079071, 0.8349999785423279, 0.8600000143051147, 0.8799999952316284, 0.8500000238418579, 0.8500000238418579, 0.8500000238418579, 0.7250000238418579, 0.7850000262260437, 0.8550000190734863, 0.8299999833106995, 0.8199999928474426, 0.7799999713897705, 0.8050000071525574, 0.8050000071525574, 0.7900000214576721, 0.7850000262260437, 0.7900000214576721, 0.7900000214576721, 0.7900000214576721, 0.7850000262260437, 0.7900000214576721, 0.7900000214576721, 0.8050000071525574, 0.800000011920929, 0.8050000071525574, 0.800000011920929, 0.800000011920929, 0.8050000071525574, 0.8050000071525574, 0.8050000071525574, 0.800000011920929, 0.800000011920929, 0.7950000166893005, 0.800000011920929, 0.800000011920929, 0.8050000071525574, 0.800000011920929, 0.7950000166893005, 0.7950000166893005, 0.7950000166893005, 0.7950000166893005, 0.7900000214576721, 0.800000011920929, 0.7950000166893005, 0.7950000166893005, 0.7950000166893005, 0.7950000166893005], "all_token_val_accuracy": [0.7599999904632568, 0.8199999928474426, 0.824999988079071, 0.8349999785423279, 0.8600000143051147, 0.8799999952316284, 0.8500000238418579, 0.8500000238418579, 0.8500000238418579, 0.7250000238418579, 0.7799999713897705, 0.8500000238418579, 0.8299999833106995, 0.8199999928474426, 0.7799999713897705, 0.8050000071525574, 0.8050000071525574, 0.7900000214576721, 0.7850000262260437, 0.7900000214576721, 0.7900000214576721, 0.7900000214576721, 0.7850000262260437, 0.7900000214576721, 0.7900000214576721, 0.8050000071525574, 0.800000011920929, 0.8050000071525574, 0.800000011920929, 0.800000011920929, 0.8050000071525574, 0.8050000071525574, 0.8050000071525574, 0.800000011920929, 0.800000011920929, 0.7950000166893005, 0.800000011920929, 0.800000011920929, 0.8050000071525574, 0.800000011920929, 0.7950000166893005, 0.7950000166893005, 0.7950000166893005, 0.7950000166893005, 0.7900000214576721, 0.800000011920929, 0.7950000166893005, 0.7950000166893005, 0.7950000166893005, 0.7950000166893005]}}