{"amazon_electronics_c_train_4_16": {"num_of_epochs": 20, "learning_rate": 0.0001, "training_ds_fpath": "_train_4_16", "first_token_val_accuracy": [0.0, 0.0, 0.05000000074505806, 0.6299999952316284, 0.7200000286102295, 0.7749999761581421, 0.7799999713897705, 0.8050000071525574, 0.7950000166893005, 0.8050000071525574, 0.7900000214576721, 0.8100000023841858, 0.8149999976158142, 0.8149999976158142, 0.800000011920929, 0.800000011920929, 0.800000011920929, 0.8050000071525574, 0.800000011920929, 0.8050000071525574], "all_token_val_accuracy": [0.0, 0.0, 0.05000000074505806, 0.625, 0.7149999737739563, 0.7699999809265137, 0.7749999761581421, 0.800000011920929, 0.7900000214576721, 0.800000011920929, 0.7850000262260437, 0.8050000071525574, 0.8149999976158142, 0.8149999976158142, 0.800000011920929, 0.800000011920929, 0.800000011920929, 0.8050000071525574, 0.800000011920929, 0.8050000071525574]}}