{"amazon_electronics_c_train_2_16": {"num_of_epochs": 40, "learning_rate": 1e-05, "training_ds_fpath": "_train_2_16", "first_token_val_accuracy": [0.0, 0.0, 0.0, 0.0, 0.0, 0.0, 0.0, 0.0, 0.0, 0.0, 0.0, 0.0, 0.0, 0.0, 0.0, 0.0, 0.0, 0.0, 0.0, 0.0, 0.0, 0.0, 0.0, 0.0, 0.0, 0.0, 0.0, 0.0, 0.019999999552965164, 0.04500000178813934, 0.07000000029802322, 0.10499999672174454, 0.14499999582767487, 0.1850000023841858, 0.28999999165534973, 0.38499999046325684, 0.44999998807907104, 0.5049999952316284, 0.5600000023841858, 0.5849999785423279], "all_token_val_accuracy": [0.0, 0.0, 0.0, 0.0, 0.0, 0.0, 0.0, 0.0, 0.0, 0.0, 0.0, 0.0, 0.0, 0.0, 0.0, 0.0, 0.0, 0.0, 0.0, 0.0, 0.0, 0.0, 0.0, 0.0, 0.0, 0.0, 0.0, 0.0, 0.019999999552965164, 0.04500000178813934, 0.07000000029802322, 0.10499999672174454, 0.14499999582767487, 0.1850000023841858, 0.28999999165534973, 0.38499999046325684, 0.44999998807907104, 0.5049999952316284, 0.5600000023841858, 0.5849999785423279]}}