{"amazon_electronics_c_train_2_8": {"num_of_epochs": 10, "learning_rate": 0.0005, "training_ds_fpath": "_train_2_8", "first_token_val_accuracy": [0.004999999888241291, 0.7649999856948853, 0.8050000071525574, 0.800000011920929, 0.7749999761581421, 0.7699999809265137, 0.8149999976158142, 0.8299999833106995, 0.8399999737739563, 0.8399999737739563], "all_token_val_accuracy": [0.004999999888241291, 0.7599999904632568, 0.8050000071525574, 0.800000011920929, 0.7749999761581421, 0.7699999809265137, 0.8149999976158142, 0.8299999833106995, 0.8399999737739563, 0.8399999737739563]}}