{"amazon_electronics_c_train_6_32": {"num_of_epochs": 20, "learning_rate": 0.0005, "training_ds_fpath": "_train_6_32", "first_token_val_accuracy": [0.7850000262260437, 0.8299999833106995, 0.875, 0.8849999904632568, 0.875, 0.8650000095367432, 0.8650000095367432, 0.8650000095367432, 0.8600000143051147, 0.8650000095367432, 0.8600000143051147, 0.8700000047683716, 0.8700000047683716, 0.824999988079071, 0.8199999928474426, 0.7850000262260437, 0.8299999833106995, 0.8199999928474426, 0.8199999928474426, 0.8050000071525574], "all_token_val_accuracy": [0.7850000262260437, 0.8299999833106995, 0.875, 0.8849999904632568, 0.875, 0.8650000095367432, 0.8650000095367432, 0.8650000095367432, 0.8600000143051147, 0.8650000095367432, 0.8600000143051147, 0.8700000047683716, 0.8700000047683716, 0.824999988079071, 0.8199999928474426, 0.7850000262260437, 0.8299999833106995, 0.8199999928474426, 0.8199999928474426, 0.8050000071525574]}}