{"amazon_electronics_c_train_4_32": {"num_of_epochs": 40, "learning_rate": 0.001, "training_ds_fpath": "_train_4_32", "first_token_val_accuracy": [0.8149999976158142, 0.7850000262260437, 0.824999988079071, 0.8299999833106995, 0.8299999833106995, 0.8349999785423279, 0.824999988079071, 0.8199999928474426, 0.8199999928474426, 0.800000011920929, 0.7900000214576721, 0.7250000238418579, 0.8199999928474426, 0.7699999809265137, 0.6800000071525574, 0.7749999761581421, 0.7950000166893005, 0.7900000214576721, 0.7950000166893005, 0.800000011920929, 0.8050000071525574, 0.800000011920929, 0.800000011920929, 0.8050000071525574, 0.8050000071525574, 0.8100000023841858, 0.800000011920929, 0.8100000023841858, 0.8100000023841858, 0.8100000023841858, 0.8050000071525574, 0.8100000023841858, 0.8100000023841858, 0.7699999809265137, 0.550000011920929, 0.7400000095367432, 0.6700000166893005, 0.7549999952316284, 0.7300000190734863, 0.7350000143051147], "all_token_val_accuracy": [0.8149999976158142, 0.7850000262260437, 0.824999988079071, 0.8299999833106995, 0.8299999833106995, 0.8349999785423279, 0.824999988079071, 0.8199999928474426, 0.8199999928474426, 0.800000011920929, 0.7900000214576721, 0.7250000238418579, 0.8199999928474426, 0.7699999809265137, 0.6800000071525574, 0.7749999761581421, 0.7950000166893005, 0.7900000214576721, 0.7950000166893005, 0.800000011920929, 0.8050000071525574, 0.800000011920929, 0.800000011920929, 0.8050000071525574, 0.8050000071525574, 0.8100000023841858, 0.800000011920929, 0.8100000023841858, 0.8100000023841858, 0.8100000023841858, 0.8050000071525574, 0.8100000023841858, 0.8100000023841858, 0.7699999809265137, 0.550000011920929, 0.7400000095367432, 0.6700000166893005, 0.7549999952316284, 0.7300000190734863, 0.7350000143051147]}}