{"amazon_electronics_c_train_7_4": {"num_of_epochs": 40, "learning_rate": 0.001, "training_ds_fpath": "_train_7_4", "first_token_val_accuracy": [0.0, 0.7099999785423279, 0.7799999713897705, 0.7950000166893005, 0.7649999856948853, 0.75, 0.75, 0.7850000262260437, 0.7400000095367432, 0.7300000190734863, 0.7400000095367432, 0.7599999904632568, 0.7699999809265137, 0.7699999809265137, 0.7599999904632568, 0.7749999761581421, 0.7699999809265137, 0.7749999761581421, 0.7649999856948853, 0.7649999856948853, 0.7599999904632568, 0.7599999904632568, 0.7599999904632568, 0.7599999904632568, 0.7599999904632568, 0.7599999904632568, 0.7599999904632568, 0.7649999856948853, 0.7649999856948853, 0.7649999856948853, 0.7649999856948853, 0.7649999856948853, 0.7649999856948853, 0.7649999856948853, 0.7649999856948853, 0.7649999856948853, 0.7649999856948853, 0.7649999856948853, 0.7649999856948853, 0.7699999809265137], "all_token_val_accuracy": [0.0, 0.7099999785423279, 0.7749999761581421, 0.7900000214576721, 0.7649999856948853, 0.75, 0.75, 0.7850000262260437, 0.7400000095367432, 0.7300000190734863, 0.7400000095367432, 0.7599999904632568, 0.7699999809265137, 0.7699999809265137, 0.7599999904632568, 0.7749999761581421, 0.7699999809265137, 0.7749999761581421, 0.7649999856948853, 0.7649999856948853, 0.7599999904632568, 0.7599999904632568, 0.7599999904632568, 0.7599999904632568, 0.7599999904632568, 0.7599999904632568, 0.7599999904632568, 0.7649999856948853, 0.7649999856948853, 0.7649999856948853, 0.7649999856948853, 0.7649999856948853, 0.7649999856948853, 0.7649999856948853, 0.7649999856948853, 0.7649999856948853, 0.7649999856948853, 0.7649999856948853, 0.7649999856948853, 0.7699999809265137]}}