{"amazon_electronics_c_train_2_4": {"num_of_epochs": 40, "learning_rate": 0.001, "training_ds_fpath": "_train_2_4", "first_token_val_accuracy": [0.0, 0.7350000143051147, 0.8199999928474426, 0.8100000023841858, 0.824999988079071, 0.8100000023841858, 0.800000011920929, 0.7900000214576721, 0.8100000023841858, 0.7799999713897705, 0.7850000262260437, 0.7649999856948853, 0.7649999856948853, 0.7649999856948853, 0.7649999856948853, 0.7649999856948853, 0.7649999856948853, 0.7649999856948853, 0.7699999809265137, 0.7699999809265137, 0.7749999761581421, 0.7749999761581421, 0.7749999761581421, 0.7699999809265137, 0.7749999761581421, 0.7749999761581421, 0.7749999761581421, 0.7799999713897705, 0.7799999713897705, 0.7799999713897705, 0.7799999713897705, 0.7799999713897705, 0.7799999713897705, 0.7799999713897705, 0.7799999713897705, 0.7799999713897705, 0.7799999713897705, 0.7799999713897705, 0.7799999713897705, 0.7850000262260437], "all_token_val_accuracy": [0.0, 0.7300000190734863, 0.8149999976158142, 0.7900000214576721, 0.8100000023841858, 0.8100000023841858, 0.800000011920929, 0.7900000214576721, 0.8100000023841858, 0.7799999713897705, 0.7850000262260437, 0.7649999856948853, 0.7649999856948853, 0.7649999856948853, 0.7649999856948853, 0.7649999856948853, 0.7649999856948853, 0.7649999856948853, 0.7699999809265137, 0.7699999809265137, 0.7749999761581421, 0.7749999761581421, 0.7749999761581421, 0.7699999809265137, 0.7749999761581421, 0.7749999761581421, 0.7749999761581421, 0.7799999713897705, 0.7799999713897705, 0.7799999713897705, 0.7799999713897705, 0.7799999713897705, 0.7799999713897705, 0.7799999713897705, 0.7799999713897705, 0.7799999713897705, 0.7799999713897705, 0.7799999713897705, 0.7799999713897705, 0.7850000262260437]}}