{"amazon_electronics_c_train_4_8": {"num_of_epochs": 10, "learning_rate": 0.001, "training_ds_fpath": "_train_4_8", "first_token_val_accuracy": [0.6899999976158142, 0.7799999713897705, 0.7400000095367432, 0.699999988079071, 0.7099999785423279, 0.6949999928474426, 0.699999988079071, 0.699999988079071, 0.699999988079071, 0.6949999928474426], "all_token_val_accuracy": [0.6899999976158142, 0.7799999713897705, 0.7400000095367432, 0.699999988079071, 0.7099999785423279, 0.6949999928474426, 0.699999988079071, 0.699999988079071, 0.699999988079071, 0.6949999928474426]}}