{"amazon_electronics_c_train_9_16": {"num_of_epochs": 40, "learning_rate": 0.0005, "training_ds_fpath": "_train_9_16", "first_token_val_accuracy": [0.75, 0.7900000214576721, 0.7950000166893005, 0.824999988079071, 0.8500000238418579, 0.8149999976158142, 0.8050000071525574, 0.8149999976158142, 0.8100000023841858, 0.8100000023841858, 0.8149999976158142, 0.8149999976158142, 0.800000011920929, 0.7950000166893005, 0.800000011920929, 0.800000011920929, 0.800000011920929, 0.7950000166893005, 0.7950000166893005, 0.7950000166893005, 0.7950000166893005, 0.7950000166893005, 0.7950000166893005, 0.7950000166893005, 0.7950000166893005, 0.7950000166893005, 0.7950000166893005, 0.7850000262260437, 0.7850000262260437, 0.7850000262260437, 0.7850000262260437, 0.7850000262260437, 0.7850000262260437, 0.7850000262260437, 0.7850000262260437, 0.7850000262260437, 0.7850000262260437, 0.7850000262260437, 0.7850000262260437, 0.7850000262260437], "all_token_val_accuracy": [0.75, 0.7900000214576721, 0.7950000166893005, 0.824999988079071, 0.8500000238418579, 0.8149999976158142, 0.8050000071525574, 0.8149999976158142, 0.8100000023841858, 0.8100000023841858, 0.8149999976158142, 0.8149999976158142, 0.800000011920929, 0.7950000166893005, 0.800000011920929, 0.800000011920929, 0.800000011920929, 0.7950000166893005, 0.7950000166893005, 0.7950000166893005, 0.7950000166893005, 0.7950000166893005, 0.7950000166893005, 0.7950000166893005, 0.7950000166893005, 0.7950000166893005, 0.7950000166893005, 0.7850000262260437, 0.7850000262260437, 0.7850000262260437, 0.7850000262260437, 0.7850000262260437, 0.7850000262260437, 0.7850000262260437, 0.7850000262260437, 0.7850000262260437, 0.7850000262260437, 0.7850000262260437, 0.7850000262260437, 0.7850000262260437]}}