{"amazon_electronics_c_train_9_32": {"num_of_epochs": 5, "learning_rate": 0.001, "training_ds_fpath": "_train_9_32", "first_token_val_accuracy": [0.8349999785423279, 0.8650000095367432, 0.8550000190734863, 0.7099999785423279, 0.6800000071525574], "all_token_val_accuracy": [0.8349999785423279, 0.8650000095367432, 0.8550000190734863, 0.7099999785423279, 0.6800000071525574]}}