{"amazon_electronics_c_train_6_32": {"num_of_epochs": 5, "learning_rate": 0.001, "training_ds_fpath": "_train_6_32", "first_token_val_accuracy": [0.7799999713897705, 0.7200000286102295, 0.7049999833106995, 0.699999988079071, 0.8199999928474426], "all_token_val_accuracy": [0.7799999713897705, 0.7200000286102295, 0.7049999833106995, 0.699999988079071, 0.8199999928474426]}}