{"amazon_electronics_c_train_0_16": {"num_of_epochs": 30, "learning_rate": 0.0001, "training_ds_fpath": "_train_0_16", "first_token_val_accuracy": [0.0, 0.0, 0.1850000023841858, 0.6949999928474426, 0.7549999952316284, 0.7950000166893005, 0.800000011920929, 0.800000011920929, 0.7950000166893005, 0.8149999976158142, 0.8199999928474426, 0.8149999976158142, 0.8149999976158142, 0.8299999833106995, 0.8199999928474426, 0.8199999928474426, 0.8149999976158142, 0.8100000023841858, 0.8050000071525574, 0.8100000023841858, 0.8149999976158142, 0.8100000023841858, 0.8100000023841858, 0.8050000071525574, 0.8050000071525574, 0.8050000071525574, 0.8050000071525574, 0.8100000023841858, 0.8100000023841858, 0.8149999976158142], "all_token_val_accuracy": [0.0, 0.0, 0.1850000023841858, 0.6899999976158142, 0.75, 0.7900000214576721, 0.7950000166893005, 0.7950000166893005, 0.7900000214576721, 0.8100000023841858, 0.8199999928474426, 0.8149999976158142, 0.8149999976158142, 0.8299999833106995, 0.8199999928474426, 0.8199999928474426, 0.8149999976158142, 0.8100000023841858, 0.8050000071525574, 0.8100000023841858, 0.8149999976158142, 0.8100000023841858, 0.8100000023841858, 0.8050000071525574, 0.8050000071525574, 0.8050000071525574, 0.8050000071525574, 0.8100000023841858, 0.8100000023841858, 0.8149999976158142]}}