{"amazon_electronics_c_train_9_32": {"num_of_epochs": 30, "learning_rate": 1e-05, "training_ds_fpath": "_train_9_32", "first_token_val_accuracy": [0.0, 0.0, 0.0, 0.0, 0.0, 0.0, 0.0, 0.0, 0.0, 0.0, 0.0, 0.0, 0.009999999776482582, 0.054999999701976776, 0.125, 0.2549999952316284, 0.4399999976158142, 0.550000011920929, 0.6150000095367432, 0.625, 0.6600000262260437, 0.675000011920929, 0.6949999928474426, 0.699999988079071, 0.7200000286102295, 0.7200000286102295, 0.7350000143051147, 0.75, 0.7699999809265137, 0.7799999713897705], "all_token_val_accuracy": [0.0, 0.0, 0.0, 0.0, 0.0, 0.0, 0.0, 0.0, 0.0, 0.0, 0.0, 0.0, 0.009999999776482582, 0.054999999701976776, 0.125, 0.2549999952316284, 0.4399999976158142, 0.550000011920929, 0.6100000143051147, 0.6200000047683716, 0.6549999713897705, 0.6700000166893005, 0.6899999976158142, 0.6949999928474426, 0.7149999737739563, 0.7149999737739563, 0.7300000190734863, 0.7450000047683716, 0.7649999856948853, 0.7749999761581421]}}