{"amazon_electronics_c_train_0_32": {"num_of_epochs": 40, "learning_rate": 0.001, "training_ds_fpath": "_train_0_32", "first_token_val_accuracy": [0.5249999761581421, 0.824999988079071, 0.8050000071525574, 0.7950000166893005, 0.7749999761581421, 0.800000011920929, 0.800000011920929, 0.800000011920929, 0.7799999713897705, 0.7850000262260437, 0.7749999761581421, 0.7749999761581421, 0.7749999761581421, 0.7699999809265137, 0.7749999761581421, 0.7799999713897705, 0.7799999713897705, 0.7799999713897705, 0.7749999761581421, 0.7799999713897705, 0.7749999761581421, 0.7749999761581421, 0.7749999761581421, 0.7749999761581421, 0.7749999761581421, 0.7749999761581421, 0.7749999761581421, 0.7749999761581421, 0.7699999809265137, 0.7850000262260437, 0.7850000262260437, 0.7850000262260437, 0.7850000262260437, 0.7900000214576721, 0.7950000166893005, 0.7950000166893005, 0.7950000166893005, 0.7900000214576721, 0.7950000166893005, 0.7900000214576721], "all_token_val_accuracy": [0.5249999761581421, 0.824999988079071, 0.8050000071525574, 0.7950000166893005, 0.7749999761581421, 0.800000011920929, 0.800000011920929, 0.800000011920929, 0.7799999713897705, 0.7850000262260437, 0.7749999761581421, 0.7749999761581421, 0.7749999761581421, 0.7699999809265137, 0.7749999761581421, 0.7799999713897705, 0.7799999713897705, 0.7799999713897705, 0.7749999761581421, 0.7799999713897705, 0.7749999761581421, 0.7749999761581421, 0.7749999761581421, 0.7749999761581421, 0.7749999761581421, 0.7749999761581421, 0.7749999761581421, 0.7749999761581421, 0.7699999809265137, 0.7850000262260437, 0.7850000262260437, 0.7850000262260437, 0.7850000262260437, 0.7900000214576721, 0.7950000166893005, 0.7950000166893005, 0.7950000166893005, 0.7900000214576721, 0.7950000166893005, 0.7900000214576721]}}