{"amazon_electronics_c_train_3_16": {"num_of_epochs": 20, "learning_rate": 0.001, "training_ds_fpath": "_train_3_16", "first_token_val_accuracy": [0.7549999952316284, 0.7950000166893005, 0.8299999833106995, 0.8299999833106995, 0.8050000071525574, 0.8100000023841858, 0.8050000071525574, 0.8100000023841858, 0.8199999928474426, 0.7950000166893005, 0.7950000166893005, 0.7950000166893005, 0.800000011920929, 0.800000011920929, 0.800000011920929, 0.800000011920929, 0.800000011920929, 0.800000011920929, 0.800000011920929, 0.800000011920929], "all_token_val_accuracy": [0.7549999952316284, 0.7950000166893005, 0.8299999833106995, 0.8299999833106995, 0.8050000071525574, 0.8100000023841858, 0.8050000071525574, 0.8100000023841858, 0.8199999928474426, 0.7950000166893005, 0.7950000166893005, 0.7950000166893005, 0.800000011920929, 0.800000011920929, 0.800000011920929, 0.800000011920929, 0.800000011920929, 0.800000011920929, 0.800000011920929, 0.800000011920929]}}