{"amazon_electronics_c_train_4_16": {"num_of_epochs": 40, "learning_rate": 0.0005, "training_ds_fpath": "_train_4_16", "first_token_val_accuracy": [0.7699999809265137, 0.8100000023841858, 0.824999988079071, 0.8100000023841858, 0.7950000166893005, 0.7950000166893005, 0.7950000166893005, 0.8050000071525574, 0.8199999928474426, 0.8100000023841858, 0.8100000023841858, 0.800000011920929, 0.7950000166893005, 0.7950000166893005, 0.7950000166893005, 0.800000011920929, 0.7950000166893005, 0.800000011920929, 0.800000011920929, 0.800000011920929, 0.800000011920929, 0.8050000071525574, 0.800000011920929, 0.800000011920929, 0.800000011920929, 0.800000011920929, 0.800000011920929, 0.800000011920929, 0.800000011920929, 0.800000011920929, 0.800000011920929, 0.800000011920929, 0.800000011920929, 0.800000011920929, 0.800000011920929, 0.800000011920929, 0.800000011920929, 0.8050000071525574, 0.7950000166893005, 0.7950000166893005], "all_token_val_accuracy": [0.7699999809265137, 0.8100000023841858, 0.824999988079071, 0.8100000023841858, 0.7950000166893005, 0.7950000166893005, 0.7950000166893005, 0.8050000071525574, 0.8199999928474426, 0.8100000023841858, 0.8100000023841858, 0.800000011920929, 0.7950000166893005, 0.7950000166893005, 0.7950000166893005, 0.800000011920929, 0.7950000166893005, 0.800000011920929, 0.800000011920929, 0.800000011920929, 0.800000011920929, 0.8050000071525574, 0.800000011920929, 0.800000011920929, 0.800000011920929, 0.800000011920929, 0.800000011920929, 0.800000011920929, 0.800000011920929, 0.800000011920929, 0.800000011920929, 0.800000011920929, 0.800000011920929, 0.800000011920929, 0.800000011920929, 0.800000011920929, 0.800000011920929, 0.8050000071525574, 0.7950000166893005, 0.7950000166893005]}}