{"amazon_electronics_c_train_7_16": {"num_of_epochs": 20, "learning_rate": 0.0001, "training_ds_fpath": "_train_7_16", "first_token_val_accuracy": [0.0, 0.0, 0.14499999582767487, 0.675000011920929, 0.7450000047683716, 0.7850000262260437, 0.800000011920929, 0.8199999928474426, 0.8299999833106995, 0.8399999737739563, 0.8399999737739563, 0.8500000238418579, 0.8500000238418579, 0.8600000143051147, 0.8600000143051147, 0.8600000143051147, 0.8650000095367432, 0.8650000095367432, 0.8650000095367432, 0.8650000095367432], "all_token_val_accuracy": [0.0, 0.0, 0.14499999582767487, 0.6700000166893005, 0.7450000047683716, 0.7850000262260437, 0.800000011920929, 0.8199999928474426, 0.8299999833106995, 0.8399999737739563, 0.8399999737739563, 0.8500000238418579, 0.8500000238418579, 0.8600000143051147, 0.8600000143051147, 0.8600000143051147, 0.8650000095367432, 0.8650000095367432, 0.8650000095367432, 0.8650000095367432]}}