{"amazon_electronics_c_train_6_8": {"num_of_epochs": 30, "learning_rate": 0.001, "training_ds_fpath": "_train_6_8", "first_token_val_accuracy": [0.7599999904632568, 0.8349999785423279, 0.8650000095367432, 0.8100000023841858, 0.8299999833106995, 0.8450000286102295, 0.8600000143051147, 0.8349999785423279, 0.800000011920929, 0.8050000071525574, 0.8050000071525574, 0.800000011920929, 0.800000011920929, 0.800000011920929, 0.8050000071525574, 0.8050000071525574, 0.8050000071525574, 0.800000011920929, 0.8050000071525574, 0.8199999928474426, 0.8199999928474426, 0.8199999928474426, 0.8199999928474426, 0.824999988079071, 0.824999988079071, 0.824999988079071, 0.824999988079071, 0.8299999833106995, 0.8299999833106995, 0.8299999833106995], "all_token_val_accuracy": [0.7549999952316284, 0.8349999785423279, 0.8650000095367432, 0.8100000023841858, 0.8299999833106995, 0.8450000286102295, 0.8600000143051147, 0.8349999785423279, 0.800000011920929, 0.8050000071525574, 0.8050000071525574, 0.800000011920929, 0.800000011920929, 0.800000011920929, 0.8050000071525574, 0.8050000071525574, 0.8050000071525574, 0.800000011920929, 0.8050000071525574, 0.8199999928474426, 0.8199999928474426, 0.8199999928474426, 0.8199999928474426, 0.824999988079071, 0.824999988079071, 0.824999988079071, 0.824999988079071, 0.8299999833106995, 0.8299999833106995, 0.8299999833106995]}}