{"amazon_electronics_c_train_5_8": {"num_of_epochs": 30, "learning_rate": 0.0001, "training_ds_fpath": "_train_5_8", "first_token_val_accuracy": [0.0, 0.0, 0.0, 0.0, 0.08500000089406967, 0.4449999928474426, 0.6150000095367432, 0.6800000071525574, 0.7350000143051147, 0.7599999904632568, 0.7599999904632568, 0.7900000214576721, 0.7950000166893005, 0.7850000262260437, 0.8050000071525574, 0.8149999976158142, 0.8199999928474426, 0.824999988079071, 0.7850000262260437, 0.8199999928474426, 0.824999988079071, 0.824999988079071, 0.8349999785423279, 0.8399999737739563, 0.8399999737739563, 0.8399999737739563, 0.8399999737739563, 0.8399999737739563, 0.8349999785423279, 0.8349999785423279], "all_token_val_accuracy": [0.0, 0.0, 0.0, 0.0, 0.08500000089406967, 0.4449999928474426, 0.6100000143051147, 0.675000011920929, 0.7300000190734863, 0.7599999904632568, 0.7599999904632568, 0.7900000214576721, 0.7950000166893005, 0.7850000262260437, 0.8050000071525574, 0.8149999976158142, 0.8199999928474426, 0.824999988079071, 0.7850000262260437, 0.8199999928474426, 0.824999988079071, 0.824999988079071, 0.8349999785423279, 0.8399999737739563, 0.8399999737739563, 0.8399999737739563, 0.8399999737739563, 0.8399999737739563, 0.8349999785423279, 0.8349999785423279]}}