{"amazon_electronics_c_train_7_8": {"num_of_epochs": 50, "learning_rate": 0.001, "training_ds_fpath": "_train_7_8", "first_token_val_accuracy": [0.7200000286102295, 0.7749999761581421, 0.800000011920929, 0.8149999976158142, 0.8050000071525574, 0.8100000023841858, 0.8100000023841858, 0.8050000071525574, 0.8149999976158142, 0.8050000071525574, 0.7900000214576721, 0.7950000166893005, 0.7950000166893005, 0.8050000071525574, 0.7950000166893005, 0.7950000166893005, 0.7950000166893005, 0.7950000166893005, 0.7950000166893005, 0.7950000166893005, 0.7950000166893005, 0.7950000166893005, 0.7950000166893005, 0.7950000166893005, 0.7950000166893005, 0.7950000166893005, 0.7950000166893005, 0.7950000166893005, 0.7950000166893005, 0.7950000166893005, 0.7950000166893005, 0.7950000166893005, 0.7950000166893005, 0.7950000166893005, 0.7950000166893005, 0.7950000166893005, 0.7900000214576721, 0.7699999809265137, 0.7699999809265137, 0.7699999809265137, 0.7699999809265137, 0.7699999809265137, 0.7649999856948853, 0.7599999904632568, 0.7699999809265137, 0.7699999809265137, 0.7699999809265137, 0.7799999713897705, 0.7799999713897705, 0.7799999713897705], "all_token_val_accuracy": [0.7149999737739563, 0.7699999809265137, 0.800000011920929, 0.8149999976158142, 0.8050000071525574, 0.8100000023841858, 0.8100000023841858, 0.8050000071525574, 0.8149999976158142, 0.8050000071525574, 0.7900000214576721, 0.7950000166893005, 0.7950000166893005, 0.8050000071525574, 0.7950000166893005, 0.7950000166893005, 0.7950000166893005, 0.7950000166893005, 0.7950000166893005, 0.7950000166893005, 0.7950000166893005, 0.7950000166893005, 0.7950000166893005, 0.7950000166893005, 0.7950000166893005, 0.7950000166893005, 0.7950000166893005, 0.7950000166893005, 0.7950000166893005, 0.7950000166893005, 0.7950000166893005, 0.7950000166893005, 0.7950000166893005, 0.7950000166893005, 0.7950000166893005, 0.7950000166893005, 0.7900000214576721, 0.7699999809265137, 0.7699999809265137, 0.7699999809265137, 0.7699999809265137, 0.7699999809265137, 0.7649999856948853, 0.7599999904632568, 0.7699999809265137, 0.7699999809265137, 0.7699999809265137, 0.7799999713897705, 0.7799999713897705, 0.7799999713897705]}}