{"amazon_electronics_c_train_0_16": {"num_of_epochs": 20, "learning_rate": 0.001, "training_ds_fpath": "_train_0_16", "first_token_val_accuracy": [0.8050000071525574, 0.7450000047683716, 0.7200000286102295, 0.7850000262260437, 0.7850000262260437, 0.7749999761581421, 0.7549999952316284, 0.7549999952316284, 0.7599999904632568, 0.7649999856948853, 0.7799999713897705, 0.7850000262260437, 0.7850000262260437, 0.7799999713897705, 0.7799999713897705, 0.7749999761581421, 0.7749999761581421, 0.7699999809265137, 0.7699999809265137, 0.7649999856948853], "all_token_val_accuracy": [0.8050000071525574, 0.7450000047683716, 0.7200000286102295, 0.7850000262260437, 0.7850000262260437, 0.7749999761581421, 0.7549999952316284, 0.7549999952316284, 0.7599999904632568, 0.7649999856948853, 0.7799999713897705, 0.7850000262260437, 0.7850000262260437, 0.7799999713897705, 0.7799999713897705, 0.7749999761581421, 0.7749999761581421, 0.7699999809265137, 0.7699999809265137, 0.7649999856948853]}}