{"amazon_electronics_c_train_5_8": {"num_of_epochs": 50, "learning_rate": 0.001, "training_ds_fpath": "_train_5_8", "first_token_val_accuracy": [0.8050000071525574, 0.8149999976158142, 0.7699999809265137, 0.8199999928474426, 0.7450000047683716, 0.7900000214576721, 0.7950000166893005, 0.7950000166893005, 0.7950000166893005, 0.7900000214576721, 0.7900000214576721, 0.7900000214576721, 0.7900000214576721, 0.7900000214576721, 0.7900000214576721, 0.7900000214576721, 0.7900000214576721, 0.7900000214576721, 0.7900000214576721, 0.7900000214576721, 0.7900000214576721, 0.7900000214576721, 0.800000011920929, 0.8050000071525574, 0.8050000071525574, 0.8050000071525574, 0.800000011920929, 0.800000011920929, 0.800000011920929, 0.800000011920929, 0.800000011920929, 0.800000011920929, 0.800000011920929, 0.800000011920929, 0.7950000166893005, 0.7950000166893005, 0.7950000166893005, 0.800000011920929, 0.8050000071525574, 0.8050000071525574, 0.8050000071525574, 0.8050000071525574, 0.8050000071525574, 0.7950000166893005, 0.7950000166893005, 0.7950000166893005, 0.7950000166893005, 0.7950000166893005, 0.7950000166893005, 0.7950000166893005], "all_token_val_accuracy": [0.8050000071525574, 0.8149999976158142, 0.7699999809265137, 0.8199999928474426, 0.7450000047683716, 0.7900000214576721, 0.7950000166893005, 0.7950000166893005, 0.7950000166893005, 0.7900000214576721, 0.7900000214576721, 0.7900000214576721, 0.7900000214576721, 0.7900000214576721, 0.7900000214576721, 0.7900000214576721, 0.7900000214576721, 0.7900000214576721, 0.7900000214576721, 0.7900000214576721, 0.7900000214576721, 0.7900000214576721, 0.800000011920929, 0.8050000071525574, 0.8050000071525574, 0.8050000071525574, 0.800000011920929, 0.800000011920929, 0.800000011920929, 0.800000011920929, 0.800000011920929, 0.800000011920929, 0.800000011920929, 0.800000011920929, 0.7950000166893005, 0.7950000166893005, 0.7950000166893005, 0.800000011920929, 0.8050000071525574, 0.8050000071525574, 0.8050000071525574, 0.8050000071525574, 0.8050000071525574, 0.7950000166893005, 0.7950000166893005, 0.7950000166893005, 0.7950000166893005, 0.7950000166893005, 0.7950000166893005, 0.7950000166893005]}}