{"amazon_electronics_c_train_1_32": {"num_of_epochs": 30, "learning_rate": 0.0005, "training_ds_fpath": "_train_1_32", "first_token_val_accuracy": [0.8050000071525574, 0.8399999737739563, 0.7749999761581421, 0.7599999904632568, 0.7950000166893005, 0.8550000190734863, 0.8550000190734863, 0.8650000095367432, 0.8450000286102295, 0.8450000286102295, 0.8450000286102295, 0.8399999737739563, 0.8550000190734863, 0.8550000190734863, 0.8450000286102295, 0.8399999737739563, 0.8149999976158142, 0.8299999833106995, 0.8299999833106995, 0.8450000286102295, 0.8399999737739563, 0.8399999737739563, 0.8399999737739563, 0.8399999737739563, 0.8399999737739563, 0.8399999737739563, 0.8399999737739563, 0.8399999737739563, 0.8399999737739563, 0.8399999737739563], "all_token_val_accuracy": [0.8050000071525574, 0.8399999737739563, 0.7749999761581421, 0.7599999904632568, 0.7950000166893005, 0.8550000190734863, 0.8550000190734863, 0.8650000095367432, 0.8450000286102295, 0.8450000286102295, 0.8450000286102295, 0.8399999737739563, 0.8550000190734863, 0.8550000190734863, 0.8450000286102295, 0.8399999737739563, 0.8149999976158142, 0.8299999833106995, 0.8299999833106995, 0.8450000286102295, 0.8399999737739563, 0.8399999737739563, 0.8399999737739563, 0.8399999737739563, 0.8399999737739563, 0.8399999737739563, 0.8399999737739563, 0.8399999737739563, 0.8399999737739563, 0.8399999737739563]}}