{"amazon_electronics_c_train_7_16": {"num_of_epochs": 20, "learning_rate": 0.0005, "training_ds_fpath": "_train_7_16", "first_token_val_accuracy": [0.7649999856948853, 0.7200000286102295, 0.8399999737739563, 0.8550000190734863, 0.8600000143051147, 0.8500000238418579, 0.8600000143051147, 0.8700000047683716, 0.8650000095367432, 0.875, 0.8700000047683716, 0.8650000095367432, 0.8650000095367432, 0.8650000095367432, 0.8650000095367432, 0.8650000095367432, 0.8650000095367432, 0.8600000143051147, 0.8650000095367432, 0.8600000143051147], "all_token_val_accuracy": [0.7649999856948853, 0.7200000286102295, 0.8399999737739563, 0.8550000190734863, 0.8600000143051147, 0.8500000238418579, 0.8600000143051147, 0.8700000047683716, 0.8650000095367432, 0.875, 0.8700000047683716, 0.8650000095367432, 0.8650000095367432, 0.8650000095367432, 0.8650000095367432, 0.8650000095367432, 0.8650000095367432, 0.8600000143051147, 0.8650000095367432, 0.8600000143051147]}}