{"amazon_electronics_c_train_6_4": {"num_of_epochs": 20, "learning_rate": 0.001, "training_ds_fpath": "_train_6_4", "first_token_val_accuracy": [0.0, 0.7450000047683716, 0.824999988079071, 0.7450000047683716, 0.7549999952316284, 0.8199999928474426, 0.824999988079071, 0.8149999976158142, 0.800000011920929, 0.8050000071525574, 0.800000011920929, 0.800000011920929, 0.7950000166893005, 0.7950000166893005, 0.7900000214576721, 0.7749999761581421, 0.7649999856948853, 0.7699999809265137, 0.7649999856948853, 0.7749999761581421], "all_token_val_accuracy": [0.0, 0.7250000238418579, 0.8149999976158142, 0.7450000047683716, 0.7549999952316284, 0.8199999928474426, 0.824999988079071, 0.8149999976158142, 0.800000011920929, 0.8050000071525574, 0.800000011920929, 0.800000011920929, 0.7950000166893005, 0.7950000166893005, 0.7900000214576721, 0.7749999761581421, 0.7649999856948853, 0.7699999809265137, 0.7649999856948853, 0.7749999761581421]}}