{"amazon_electronics_c_train_7_32": {"num_of_epochs": 20, "learning_rate": 0.0005, "training_ds_fpath": "_train_7_32", "first_token_val_accuracy": [0.8399999737739563, 0.8349999785423279, 0.8500000238418579, 0.8349999785423279, 0.8299999833106995, 0.7799999713897705, 0.824999988079071, 0.8100000023841858, 0.8199999928474426, 0.8199999928474426, 0.8199999928474426, 0.8100000023841858, 0.800000011920929, 0.800000011920929, 0.824999988079071, 0.8100000023841858, 0.8050000071525574, 0.800000011920929, 0.8399999737739563, 0.8450000286102295], "all_token_val_accuracy": [0.8399999737739563, 0.8349999785423279, 0.8500000238418579, 0.8349999785423279, 0.8299999833106995, 0.7799999713897705, 0.824999988079071, 0.8100000023841858, 0.8199999928474426, 0.8199999928474426, 0.8199999928474426, 0.8100000023841858, 0.800000011920929, 0.800000011920929, 0.824999988079071, 0.8100000023841858, 0.8050000071525574, 0.800000011920929, 0.8399999737739563, 0.8450000286102295]}}