{"amazon_electronics_c_train_6_16": {"num_of_epochs": 20, "learning_rate": 0.0001, "training_ds_fpath": "_train_6_16", "first_token_val_accuracy": [0.0, 0.0, 0.23999999463558197, 0.7049999833106995, 0.7649999856948853, 0.7850000262260437, 0.8199999928474426, 0.8199999928474426, 0.8149999976158142, 0.8199999928474426, 0.8349999785423279, 0.8399999737739563, 0.8349999785423279, 0.8299999833106995, 0.8299999833106995, 0.8399999737739563, 0.8299999833106995, 0.8299999833106995, 0.8299999833106995, 0.824999988079071], "all_token_val_accuracy": [0.0, 0.0, 0.23999999463558197, 0.699999988079071, 0.7599999904632568, 0.7799999713897705, 0.8149999976158142, 0.8199999928474426, 0.8149999976158142, 0.8199999928474426, 0.8349999785423279, 0.8399999737739563, 0.8349999785423279, 0.8299999833106995, 0.8299999833106995, 0.8399999737739563, 0.8299999833106995, 0.8299999833106995, 0.8299999833106995, 0.824999988079071]}}