{"amazon_electronics_c_train_4_16": {"num_of_epochs": 10, "learning_rate": 0.0005, "training_ds_fpath": "_train_4_16", "first_token_val_accuracy": [0.7749999761581421, 0.7950000166893005, 0.7950000166893005, 0.8100000023841858, 0.7599999904632568, 0.8149999976158142, 0.8149999976158142, 0.7950000166893005, 0.7950000166893005, 0.800000011920929], "all_token_val_accuracy": [0.7749999761581421, 0.7950000166893005, 0.7950000166893005, 0.8100000023841858, 0.7599999904632568, 0.8149999976158142, 0.8149999976158142, 0.7950000166893005, 0.7950000166893005, 0.800000011920929]}}