{"amazon_electronics_c_train_5_32": {"num_of_epochs": 50, "learning_rate": 0.001, "training_ds_fpath": "_train_5_32", "first_token_val_accuracy": [0.6899999976158142, 0.8199999928474426, 0.8700000047683716, 0.875, 0.8500000238418579, 0.8500000238418579, 0.8149999976158142, 0.800000011920929, 0.7850000262260437, 0.7850000262260437, 0.7250000238418579, 0.75, 0.7799999713897705, 0.7549999952316284, 0.6549999713897705, 0.5450000166893005, 0.7250000238418579, 0.7400000095367432, 0.75, 0.6800000071525574, 0.7099999785423279, 0.6949999928474426, 0.6949999928474426, 0.675000011920929, 0.7749999761581421, 0.7649999856948853, 0.6850000023841858, 0.7799999713897705, 0.6899999976158142, 0.6700000166893005, 0.6800000071525574, 0.7250000238418579, 0.7400000095367432, 0.7250000238418579, 0.7200000286102295, 0.7149999737739563, 0.75, 0.675000011920929, 0.7400000095367432, 0.75, 0.7549999952316284, 0.75, 0.7450000047683716, 0.6949999928474426, 0.75, 0.7450000047683716, 0.7549999952316284, 0.7400000095367432, 0.75, 0.7599999904632568], "all_token_val_accuracy": [0.6899999976158142, 0.8199999928474426, 0.8700000047683716, 0.875, 0.8500000238418579, 0.8500000238418579, 0.8149999976158142, 0.800000011920929, 0.7850000262260437, 0.7850000262260437, 0.7250000238418579, 0.75, 0.7799999713897705, 0.7549999952316284, 0.6549999713897705, 0.5450000166893005, 0.7250000238418579, 0.7400000095367432, 0.75, 0.6800000071525574, 0.7099999785423279, 0.6949999928474426, 0.6949999928474426, 0.675000011920929, 0.7749999761581421, 0.7649999856948853, 0.6850000023841858, 0.7799999713897705, 0.6899999976158142, 0.6700000166893005, 0.6800000071525574, 0.7250000238418579, 0.7400000095367432, 0.7250000238418579, 0.7200000286102295, 0.7149999737739563, 0.75, 0.675000011920929, 0.7400000095367432, 0.75, 0.7549999952316284, 0.75, 0.7450000047683716, 0.6949999928474426, 0.75, 0.7450000047683716, 0.7549999952316284, 0.7400000095367432, 0.75, 0.7599999904632568]}}