{"amazon_electronics_c_train_0_8": {"num_of_epochs": 40, "learning_rate": 0.0005, "training_ds_fpath": "_train_0_8", "first_token_val_accuracy": [0.10000000149011612, 0.7699999809265137, 0.7900000214576721, 0.8100000023841858, 0.8450000286102295, 0.7799999713897705, 0.7900000214576721, 0.7950000166893005, 0.8149999976158142, 0.8199999928474426, 0.824999988079071, 0.8199999928474426, 0.8149999976158142, 0.8100000023841858, 0.8100000023841858, 0.8100000023841858, 0.8100000023841858, 0.8100000023841858, 0.8100000023841858, 0.8100000023841858, 0.8100000023841858, 0.8100000023841858, 0.8100000023841858, 0.8100000023841858, 0.8100000023841858, 0.8100000023841858, 0.8100000023841858, 0.8100000023841858, 0.8100000023841858, 0.8100000023841858, 0.8100000023841858, 0.8149999976158142, 0.8100000023841858, 0.8050000071525574, 0.7900000214576721, 0.7850000262260437, 0.7850000262260437, 0.7799999713897705, 0.7699999809265137, 0.7699999809265137], "all_token_val_accuracy": [0.10000000149011612, 0.7649999856948853, 0.7900000214576721, 0.8100000023841858, 0.8450000286102295, 0.7799999713897705, 0.7900000214576721, 0.7950000166893005, 0.8149999976158142, 0.8199999928474426, 0.824999988079071, 0.8199999928474426, 0.8149999976158142, 0.8100000023841858, 0.8100000023841858, 0.8100000023841858, 0.8100000023841858, 0.8100000023841858, 0.8100000023841858, 0.8100000023841858, 0.8100000023841858, 0.8100000023841858, 0.8100000023841858, 0.8100000023841858, 0.8100000023841858, 0.8100000023841858, 0.8100000023841858, 0.8100000023841858, 0.8100000023841858, 0.8100000023841858, 0.8100000023841858, 0.8149999976158142, 0.8100000023841858, 0.8050000071525574, 0.7900000214576721, 0.7850000262260437, 0.7850000262260437, 0.7799999713897705, 0.7699999809265137, 0.7699999809265137]}}