{"amazon_electronics_c_train_4_32": {"num_of_epochs": 30, "learning_rate": 0.0005, "training_ds_fpath": "_train_4_32", "first_token_val_accuracy": [0.800000011920929, 0.8050000071525574, 0.8199999928474426, 0.800000011920929, 0.8199999928474426, 0.8149999976158142, 0.800000011920929, 0.800000011920929, 0.800000011920929, 0.8050000071525574, 0.800000011920929, 0.800000011920929, 0.7950000166893005, 0.7950000166893005, 0.8050000071525574, 0.8050000071525574, 0.8050000071525574, 0.8050000071525574, 0.8050000071525574, 0.8050000071525574, 0.8050000071525574, 0.800000011920929, 0.6299999952316284, 0.7549999952316284, 0.7300000190734863, 0.7200000286102295, 0.800000011920929, 0.8149999976158142, 0.7900000214576721, 0.7900000214576721], "all_token_val_accuracy": [0.800000011920929, 0.8050000071525574, 0.8199999928474426, 0.800000011920929, 0.8199999928474426, 0.8149999976158142, 0.800000011920929, 0.800000011920929, 0.800000011920929, 0.8050000071525574, 0.800000011920929, 0.800000011920929, 0.7950000166893005, 0.7950000166893005, 0.8050000071525574, 0.8050000071525574, 0.8050000071525574, 0.8050000071525574, 0.8050000071525574, 0.8050000071525574, 0.8050000071525574, 0.800000011920929, 0.6299999952316284, 0.7549999952316284, 0.7300000190734863, 0.7200000286102295, 0.800000011920929, 0.8149999976158142, 0.7900000214576721, 0.7900000214576721]}}