{"amazon_electronics_c_train_3_4": {"num_of_epochs": 5, "learning_rate": 0.001, "training_ds_fpath": "_train_3_4", "first_token_val_accuracy": [0.03999999910593033, 0.7749999761581421, 0.7599999904632568, 0.7350000143051147, 0.7200000286102295], "all_token_val_accuracy": [0.03999999910593033, 0.7699999809265137, 0.7549999952316284, 0.7350000143051147, 0.7200000286102295]}}