{"amazon_electronics_c_train_7_32": {"num_of_epochs": 20, "learning_rate": 0.001, "training_ds_fpath": "_train_7_32", "first_token_val_accuracy": [0.7850000262260437, 0.7950000166893005, 0.8199999928474426, 0.8149999976158142, 0.8199999928474426, 0.7699999809265137, 0.7699999809265137, 0.7799999713897705, 0.7699999809265137, 0.7699999809265137, 0.7749999761581421, 0.7749999761581421, 0.7749999761581421, 0.7749999761581421, 0.7749999761581421, 0.7749999761581421, 0.7749999761581421, 0.7699999809265137, 0.7699999809265137, 0.7699999809265137], "all_token_val_accuracy": [0.7850000262260437, 0.7950000166893005, 0.8199999928474426, 0.8149999976158142, 0.8199999928474426, 0.7699999809265137, 0.7699999809265137, 0.7799999713897705, 0.7699999809265137, 0.7699999809265137, 0.7749999761581421, 0.7749999761581421, 0.7749999761581421, 0.7749999761581421, 0.7749999761581421, 0.7749999761581421, 0.7749999761581421, 0.7699999809265137, 0.7699999809265137, 0.7699999809265137]}}