{"amazon_electronics_t_train_1_16": {"num_of_epochs": 50, "learning_rate": 0.0001, "training_ds_fpath": "_train_1_16", "first_token_val_accuracy": [0.0, 0.0, 0.06199999898672104, 0.6380000114440918, 0.7350000143051147, 0.7760000228881836, 0.7889999747276306, 0.7929999828338623, 0.7919999957084656, 0.7940000295639038, 0.7990000247955322, 0.8040000200271606, 0.8040000200271606, 0.8069999814033508, 0.8080000281333923, 0.8029999732971191, 0.8040000200271606, 0.8059999942779541, 0.8109999895095825, 0.8109999895095825, 0.8100000023841858, 0.8080000281333923, 0.8090000152587891, 0.8080000281333923, 0.8059999942779541, 0.8040000200271606, 0.8040000200271606, 0.8019999861717224, 0.8019999861717224, 0.8009999990463257, 0.8009999990463257, 0.8019999861717224, 0.8009999990463257, 0.8040000200271606, 0.8029999732971191, 0.8019999861717224, 0.8040000200271606, 0.800000011920929, 0.800000011920929, 0.800000011920929, 0.800000011920929, 0.800000011920929, 0.8009999990463257, 0.8019999861717224, 0.8029999732971191, 0.8029999732971191, 0.8019999861717224, 0.8019999861717224, 0.8019999861717224, 0.8029999732971191], "all_token_val_accuracy": [0.0, 0.0, 0.06199999898672104, 0.6380000114440918, 0.7350000143051147, 0.7760000228881836, 0.7889999747276306, 0.7929999828338623, 0.7919999957084656, 0.7940000295639038, 0.7990000247955322, 0.8040000200271606, 0.8040000200271606, 0.8069999814033508, 0.8080000281333923, 0.8029999732971191, 0.8040000200271606, 0.8059999942779541, 0.8109999895095825, 0.8109999895095825, 0.8100000023841858, 0.8080000281333923, 0.8090000152587891, 0.8080000281333923, 0.8059999942779541, 0.8040000200271606, 0.8040000200271606, 0.8019999861717224, 0.8019999861717224, 0.8009999990463257, 0.8009999990463257, 0.8019999861717224, 0.8009999990463257, 0.8040000200271606, 0.8029999732971191, 0.8019999861717224, 0.8040000200271606, 0.800000011920929, 0.800000011920929, 0.800000011920929, 0.800000011920929, 0.800000011920929, 0.8009999990463257, 0.8019999861717224, 0.8029999732971191, 0.8029999732971191, 0.8019999861717224, 0.8019999861717224, 0.8019999861717224, 0.8029999732971191]}}