{"amazon_electronics_t_train_2_4": {"num_of_epochs": 20, "learning_rate": 0.0005, "training_ds_fpath": "_train_2_4", "first_token_val_accuracy": [0.0, 0.0, 0.5460000038146973, 0.7390000224113464, 0.7429999709129333, 0.7789999842643738, 0.781000018119812, 0.7670000195503235, 0.7699999809265137, 0.765999972820282, 0.7639999985694885, 0.7730000019073486, 0.7710000276565552, 0.7689999938011169, 0.7699999809265137, 0.7720000147819519, 0.7730000019073486, 0.7710000276565552, 0.7680000066757202, 0.7680000066757202], "all_token_val_accuracy": [0.0, 0.0, 0.5460000038146973, 0.7390000224113464, 0.7419999837875366, 0.7789999842643738, 0.781000018119812, 0.7670000195503235, 0.7699999809265137, 0.765999972820282, 0.7639999985694885, 0.7730000019073486, 0.7710000276565552, 0.7689999938011169, 0.7699999809265137, 0.7720000147819519, 0.7730000019073486, 0.7710000276565552, 0.7680000066757202, 0.7680000066757202]}}