{"amazon_electronics_t_train_3_16": {"num_of_epochs": 50, "learning_rate": 0.0001, "training_ds_fpath": "_train_3_16", "first_token_val_accuracy": [0.0, 0.0, 0.4169999957084656, 0.6869999766349792, 0.746999979019165, 0.7720000147819519, 0.7979999780654907, 0.800000011920929, 0.8019999861717224, 0.8040000200271606, 0.8109999895095825, 0.8119999766349792, 0.800000011920929, 0.8180000185966492, 0.8169999718666077, 0.8169999718666077, 0.8190000057220459, 0.8199999928474426, 0.8149999976158142, 0.8149999976158142, 0.8130000233650208, 0.8119999766349792, 0.8169999718666077, 0.8169999718666077, 0.8190000057220459, 0.8190000057220459, 0.8190000057220459, 0.8199999928474426, 0.8190000057220459, 0.8199999928474426, 0.8190000057220459, 0.8059999942779541, 0.8090000152587891, 0.8169999718666077, 0.8180000185966492, 0.8180000185966492, 0.8180000185966492, 0.8169999718666077, 0.8140000104904175, 0.8140000104904175, 0.8159999847412109, 0.8149999976158142, 0.8119999766349792, 0.8140000104904175, 0.8140000104904175, 0.8130000233650208, 0.8119999766349792, 0.8119999766349792, 0.8130000233650208, 0.8130000233650208], "all_token_val_accuracy": [0.0, 0.0, 0.4169999957084656, 0.6869999766349792, 0.746999979019165, 0.7720000147819519, 0.7979999780654907, 0.800000011920929, 0.8019999861717224, 0.8040000200271606, 0.8109999895095825, 0.8119999766349792, 0.800000011920929, 0.8180000185966492, 0.8169999718666077, 0.8169999718666077, 0.8190000057220459, 0.8199999928474426, 0.8149999976158142, 0.8149999976158142, 0.8119999766349792, 0.8109999895095825, 0.8159999847412109, 0.8159999847412109, 0.8180000185966492, 0.8180000185966492, 0.8180000185966492, 0.8190000057220459, 0.8180000185966492, 0.8190000057220459, 0.8180000185966492, 0.8050000071525574, 0.8080000281333923, 0.8159999847412109, 0.8169999718666077, 0.8169999718666077, 0.8169999718666077, 0.8159999847412109, 0.8130000233650208, 0.8130000233650208, 0.8149999976158142, 0.8140000104904175, 0.8109999895095825, 0.8130000233650208, 0.8130000233650208, 0.8119999766349792, 0.8109999895095825, 0.8109999895095825, 0.8119999766349792, 0.8119999766349792]}}