{"scitail_b_train_2_8": {"num_of_epochs": 10, "learning_rate": 0.0001, "training_ds_fpath": "_train_2_8", "first_token_val_accuracy": [0.0, 0.0, 0.0, 0.013910355046391487, 0.30989181995391846, 0.46754249930381775, 0.45672333240509033, 0.455950528383255, 0.5255023241043091, 0.5255023241043091], "all_token_val_accuracy": [0.0, 0.0, 0.0, 0.013910355046391487, 0.30989181995391846, 0.46754249930381775, 0.45672333240509033, 0.455950528383255, 0.5255023241043091, 0.5255023241043091]}}