{"scitail_b_train_4_8": {"num_of_epochs": 40, "learning_rate": 0.0005, "training_ds_fpath": "_train_4_8", "first_token_val_accuracy": [0.23879443109035492, 0.49381762742996216, 0.4822256565093994, 0.484544038772583, 0.5, 0.5, 0.45749613642692566, 0.4799072742462158, 0.4791344702243805, 0.47758886218070984, 0.48840802907943726, 0.49613600969314575, 0.48531684279441833, 0.4976816177368164, 0.48377126455307007, 0.5054095983505249, 0.5054095983505249, 0.4922720193862915, 0.49304482340812683, 0.5054095983505249, 0.5, 0.5030912160873413, 0.5038639903068542, 0.4992271959781647, 0.4969088137149811, 0.4914992153644562, 0.48840802907943726, 0.48763522505760193, 0.4899536371231079, 0.4891808331012726, 0.48840802907943726, 0.4899536371231079, 0.4891808331012726, 0.49072644114494324, 0.4922720193862915, 0.4922720193862915, 0.4899536371231079, 0.48840802907943726, 0.49304482340812683, 0.5], "all_token_val_accuracy": [0.23879443109035492, 0.49381762742996216, 0.4822256565093994, 0.484544038772583, 0.5, 0.5, 0.45749613642692566, 0.4799072742462158, 0.4791344702243805, 0.47758886218070984, 0.48840802907943726, 0.49613600969314575, 0.48531684279441833, 0.4976816177368164, 0.48377126455307007, 0.5054095983505249, 0.5054095983505249, 0.4922720193862915, 0.49304482340812683, 0.5054095983505249, 0.5, 0.5030912160873413, 0.5038639903068542, 0.4992271959781647, 0.4969088137149811, 0.4914992153644562, 0.48840802907943726, 0.48763522505760193, 0.4899536371231079, 0.4891808331012726, 0.48840802907943726, 0.4899536371231079, 0.4891808331012726, 0.49072644114494324, 0.4922720193862915, 0.4922720193862915, 0.4899536371231079, 0.48840802907943726, 0.49304482340812683, 0.5]}}