{"scitail_b_train_3_8": {"num_of_epochs": 40, "learning_rate": 0.0001, "training_ds_fpath": "_train_3_8", "first_token_val_accuracy": [0.0, 0.0, 0.0, 0.004636785015463829, 0.4536321461200714, 0.484544038772583, 0.486862450838089, 0.49381762742996216, 0.5208655595779419, 0.5085007548332214, 0.5177743434906006, 0.5139103531837463, 0.5115919709205627, 0.5162287354469299, 0.5185471177101135, 0.5231839418411255, 0.5123647451400757, 0.5301390886306763, 0.5278207063674927, 0.5332303047180176, 0.5316846966743469, 0.5347759127616882, 0.5301390886306763, 0.5293663144111633, 0.5185471177101135, 0.5370942950248718, 0.515455961227417, 0.5239567160606384, 0.5301390886306763, 0.5347759127616882, 0.5301390886306763, 0.5471406579017639, 0.5502318143844604, 0.5386399030685425, 0.5316846966743469, 0.5479134321212769, 0.5463678240776062, 0.5494590401649475, 0.5494590401649475, 0.5525502562522888], "all_token_val_accuracy": [0.0, 0.0, 0.0, 0.004636785015463829, 0.4536321461200714, 0.484544038772583, 0.486862450838089, 0.49304482340812683, 0.5208655595779419, 0.5085007548332214, 0.5177743434906006, 0.5139103531837463, 0.5115919709205627, 0.5162287354469299, 0.5185471177101135, 0.5231839418411255, 0.5123647451400757, 0.5301390886306763, 0.5278207063674927, 0.5332303047180176, 0.5316846966743469, 0.5347759127616882, 0.5301390886306763, 0.5293663144111633, 0.5185471177101135, 0.5370942950248718, 0.515455961227417, 0.5239567160606384, 0.5301390886306763, 0.5347759127616882, 0.5301390886306763, 0.5471406579017639, 0.5502318143844604, 0.5386399030685425, 0.5316846966743469, 0.5479134321212769, 0.5463678240776062, 0.5494590401649475, 0.5494590401649475, 0.5525502562522888]}}