{"scitail_b_train_1_32": {"num_of_epochs": 20, "learning_rate": 0.0001, "training_ds_fpath": "_train_1_32", "first_token_val_accuracy": [0.0023183925077319145, 0.4976816177368164, 0.4976816177368164, 0.515455961227417, 0.5115919709205627, 0.5077279806137085, 0.5038639903068542, 0.5409582853317261, 0.5510046482086182, 0.5270479321479797, 0.5425038933753967, 0.5463678240776062, 0.5340030789375305, 0.5378670692443848, 0.5479134321212769, 0.5463678240776062, 0.557187020778656, 0.5332303047180176, 0.5479134321212769, 0.5494590401649475], "all_token_val_accuracy": [0.0023183925077319145, 0.4976816177368164, 0.4976816177368164, 0.515455961227417, 0.5115919709205627, 0.5077279806137085, 0.5038639903068542, 0.5409582853317261, 0.5510046482086182, 0.5270479321479797, 0.5425038933753967, 0.5463678240776062, 0.5340030789375305, 0.5378670692443848, 0.5479134321212769, 0.5463678240776062, 0.557187020778656, 0.5332303047180176, 0.5479134321212769, 0.5494590401649475]}}