{"scitail_b_train_0_32": {"num_of_epochs": 50, "learning_rate": 0.0001, "training_ds_fpath": "_train_0_32", "first_token_val_accuracy": [0.005409582518041134, 0.5, 0.49304482340812683, 0.5092735886573792, 0.5239567160606384, 0.5224111080169678, 0.510819137096405, 0.5649150013923645, 0.5162287354469299, 0.5919629335403442, 0.5981453061103821, 0.5842349529266357, 0.5919629335403442, 0.5741885900497437, 0.5965996980667114, 0.6344667673110962, 0.6437403559684753, 0.6367851495742798, 0.5850077271461487, 0.6398763656616211, 0.656105101108551, 0.6468315124511719, 0.6476043462753296, 0.6391035318374634, 0.6128284335136414, 0.6460587382316589, 0.6421947479248047, 0.6429675221443176, 0.625193178653717, 0.6491498947143555, 0.6545594930648804, 0.6607418656349182, 0.6506955027580261, 0.6429675221443176, 0.6329211592674255, 0.6445131301879883, 0.6468315124511719, 0.6445131301879883, 0.6414219737052917, 0.6429675221443176, 0.6290571689605713, 0.6437403559684753, 0.6445131301879883, 0.6391035318374634, 0.6221020221710205, 0.6499227285385132, 0.6437403559684753, 0.6437403559684753, 0.6460587382316589, 0.645285964012146], "all_token_val_accuracy": [0.005409582518041134, 0.5, 0.49304482340812683, 0.5092735886573792, 0.5239567160606384, 0.5224111080169678, 0.510819137096405, 0.5649150013923645, 0.5162287354469299, 0.5919629335403442, 0.5981453061103821, 0.5842349529266357, 0.5919629335403442, 0.5741885900497437, 0.5965996980667114, 0.6344667673110962, 0.6437403559684753, 0.6367851495742798, 0.5850077271461487, 0.6398763656616211, 0.656105101108551, 0.6468315124511719, 0.6476043462753296, 0.6391035318374634, 0.6128284335136414, 0.6460587382316589, 0.6421947479248047, 0.6429675221443176, 0.625193178653717, 0.6491498947143555, 0.6545594930648804, 0.6607418656349182, 0.6506955027580261, 0.6429675221443176, 0.6329211592674255, 0.6445131301879883, 0.6468315124511719, 0.6445131301879883, 0.6414219737052917, 0.6429675221443176, 0.6290571689605713, 0.6437403559684753, 0.6445131301879883, 0.6391035318374634, 0.6221020221710205, 0.6499227285385132, 0.6437403559684753, 0.6437403559684753, 0.6460587382316589, 0.645285964012146]}}