{"scitail_b_train_4_32": {"num_of_epochs": 40, "learning_rate": 0.0005, "training_ds_fpath": "_train_4_32", "first_token_val_accuracy": [0.4690881073474884, 0.5, 0.4969088137149811, 0.5378670692443848, 0.4799072742462158, 0.5100463628768921, 0.5363214612007141, 0.5061823725700378, 0.5185471177101135, 0.5340030789375305, 0.5324574708938599, 0.5378670692443848, 0.5347759127616882, 0.5440494418144226, 0.5494590401649475, 0.5463678240776062, 0.5401854515075684, 0.5455950498580933, 0.5425038933753967, 0.5463678240776062, 0.5471406579017639, 0.5494590401649475, 0.5486862659454346, 0.5540958046913147, 0.5517774224281311, 0.5510046482086182, 0.5517774224281311, 0.5517774224281311, 0.5548686385154724, 0.5486862659454346, 0.5479134321212769, 0.5556414127349854, 0.5540958046913147, 0.5548686385154724, 0.5440494418144226, 0.5494590401649475, 0.5440494418144226, 0.5517774224281311, 0.5533230304718018, 0.5517774224281311], "all_token_val_accuracy": [0.4690881073474884, 0.5, 0.4969088137149811, 0.5378670692443848, 0.4799072742462158, 0.5100463628768921, 0.5363214612007141, 0.5061823725700378, 0.5185471177101135, 0.5340030789375305, 0.5324574708938599, 0.5378670692443848, 0.5347759127616882, 0.5440494418144226, 0.5494590401649475, 0.5463678240776062, 0.5401854515075684, 0.5455950498580933, 0.5425038933753967, 0.5463678240776062, 0.5471406579017639, 0.5494590401649475, 0.5486862659454346, 0.5540958046913147, 0.5517774224281311, 0.5510046482086182, 0.5517774224281311, 0.5517774224281311, 0.5548686385154724, 0.5486862659454346, 0.5479134321212769, 0.5556414127349854, 0.5540958046913147, 0.5548686385154724, 0.5440494418144226, 0.5494590401649475, 0.5440494418144226, 0.5517774224281311, 0.5533230304718018, 0.5517774224281311]}}