{"scitail_b_train_6_16": {"num_of_epochs": 20, "learning_rate": 0.0005, "training_ds_fpath": "_train_6_16", "first_token_val_accuracy": [0.49845439195632935, 0.5131375789642334, 0.541731059551239, 0.5533230304718018, 0.5765069723129272, 0.5633693933486938, 0.6004636883735657, 0.5950540900230408, 0.58809894323349, 0.5811437368392944, 0.5888717174530029, 0.598918080329895, 0.598918080329895, 0.583462119102478, 0.5857805013656616, 0.5757341384887695, 0.6074188351631165, 0.5873261094093323, 0.5394126772880554, 0.5564142465591431], "all_token_val_accuracy": [0.49845439195632935, 0.5131375789642334, 0.541731059551239, 0.5533230304718018, 0.5765069723129272, 0.5633693933486938, 0.6004636883735657, 0.5950540900230408, 0.58809894323349, 0.5811437368392944, 0.5888717174530029, 0.598918080329895, 0.598918080329895, 0.583462119102478, 0.5857805013656616, 0.5757341384887695, 0.6074188351631165, 0.5873261094093323, 0.5394126772880554, 0.5564142465591431]}}