{"scitail_b_train_7_16": {"num_of_epochs": 50, "learning_rate": 0.001, "training_ds_fpath": "_train_7_16", "first_token_val_accuracy": [0.5, 0.4969088137149811, 0.5185471177101135, 0.5378670692443848, 0.5479134321212769, 0.5710973739624023, 0.5625966191291809, 0.5564142465591431, 0.568006157875061, 0.583462119102478, 0.572642982006073, 0.5664606094360352, 0.5703245997428894, 0.568006157875061, 0.5734157562255859, 0.5710973739624023, 0.5703245997428894, 0.5734157562255859, 0.5734157562255859, 0.5718701481819153, 0.5734157562255859, 0.5819165110588074, 0.5741885900497437, 0.572642982006073, 0.572642982006073, 0.5749613642692566, 0.5757341384887695, 0.5741885900497437, 0.5772797465324402, 0.5795981287956238, 0.5819165110588074, 0.5819165110588074, 0.5819165110588074, 0.5788253545761108, 0.5772797465324402, 0.5780525207519531, 0.5788253545761108, 0.5803709626197815, 0.5803709626197815, 0.5811437368392944, 0.5811437368392944, 0.5811437368392944, 0.5842349529266357, 0.583462119102478, 0.5850077271461487, 0.5842349529266357, 0.5865533351898193, 0.5935084819793701, 0.5888717174530029, 0.5850077271461487], "all_token_val_accuracy": [0.5, 0.4969088137149811, 0.5185471177101135, 0.5378670692443848, 0.5479134321212769, 0.5710973739624023, 0.5625966191291809, 0.5564142465591431, 0.568006157875061, 0.583462119102478, 0.572642982006073, 0.5664606094360352, 0.5703245997428894, 0.568006157875061, 0.5734157562255859, 0.5710973739624023, 0.5703245997428894, 0.5734157562255859, 0.5734157562255859, 0.5718701481819153, 0.5734157562255859, 0.5819165110588074, 0.5741885900497437, 0.572642982006073, 0.572642982006073, 0.5749613642692566, 0.5757341384887695, 0.5741885900497437, 0.5772797465324402, 0.5795981287956238, 0.5819165110588074, 0.5819165110588074, 0.5819165110588074, 0.5788253545761108, 0.5772797465324402, 0.5780525207519531, 0.5788253545761108, 0.5803709626197815, 0.5803709626197815, 0.5811437368392944, 0.5811437368392944, 0.5811437368392944, 0.5842349529266357, 0.583462119102478, 0.5850077271461487, 0.5842349529266357, 0.5865533351898193, 0.5935084819793701, 0.5888717174530029, 0.5850077271461487]}}