{"scitail_b_train_4_4": {"num_of_epochs": 20, "learning_rate": 0.001, "training_ds_fpath": "_train_4_4", "first_token_val_accuracy": [0.0023183925077319145, 0.4629057049751282, 0.455950528383255, 0.5069552063941956, 0.5015456080436707, 0.48763522505760193, 0.48068004846572876, 0.5, 0.5061823725700378, 0.48377126455307007, 0.48840802907943726, 0.5085007548332214, 0.5139103531837463, 0.5015456080436707, 0.49845439195632935, 0.5007727742195129, 0.5069552063941956, 0.5069552063941956, 0.5069552063941956, 0.5100463628768921], "all_token_val_accuracy": [0.0023183925077319145, 0.4629057049751282, 0.455950528383255, 0.5069552063941956, 0.5015456080436707, 0.48763522505760193, 0.48068004846572876, 0.5, 0.5061823725700378, 0.48377126455307007, 0.48840802907943726, 0.5085007548332214, 0.5139103531837463, 0.5015456080436707, 0.49845439195632935, 0.5007727742195129, 0.5069552063941956, 0.5069552063941956, 0.5069552063941956, 0.5100463628768921]}}