{"scitail_b_train_3_16": {"num_of_epochs": 40, "learning_rate": 0.0001, "training_ds_fpath": "_train_3_16", "first_token_val_accuracy": [0.0, 0.10664606094360352, 0.5, 0.46522411704063416, 0.48763522505760193, 0.48531684279441833, 0.48531684279441833, 0.4814528524875641, 0.4992271959781647, 0.4914992153644562, 0.5038639903068542, 0.5, 0.5146831274032593, 0.48840802907943726, 0.526275098323822, 0.5239567160606384, 0.5131375789642334, 0.541731059551239, 0.5046367645263672, 0.541731059551239, 0.5030912160873413, 0.5285934805870056, 0.5340030789375305, 0.5494590401649475, 0.5610510110855103, 0.5525502562522888, 0.5517774224281311, 0.5030912160873413, 0.5440494418144226, 0.5510046482086182, 0.5602782368659973, 0.541731059551239, 0.5525502562522888, 0.572642982006073, 0.5710973739624023, 0.5610510110855103, 0.5826893448829651, 0.5765069723129272, 0.5819165110588074, 0.5749613642692566], "all_token_val_accuracy": [0.0, 0.10664606094360352, 0.5, 0.46522411704063416, 0.48763522505760193, 0.48531684279441833, 0.48531684279441833, 0.4814528524875641, 0.4992271959781647, 0.4914992153644562, 0.5038639903068542, 0.5, 0.5146831274032593, 0.48840802907943726, 0.526275098323822, 0.5239567160606384, 0.5131375789642334, 0.541731059551239, 0.5046367645263672, 0.541731059551239, 0.5030912160873413, 0.5285934805870056, 0.5340030789375305, 0.5494590401649475, 0.5610510110855103, 0.5525502562522888, 0.5517774224281311, 0.5030912160873413, 0.5440494418144226, 0.5510046482086182, 0.5602782368659973, 0.541731059551239, 0.5525502562522888, 0.572642982006073, 0.5710973739624023, 0.5610510110855103, 0.5826893448829651, 0.5765069723129272, 0.5819165110588074, 0.5749613642692566]}}