{"scitail_b_train_0_16": {"num_of_epochs": 40, "learning_rate": 0.0005, "training_ds_fpath": "_train_0_16", "first_token_val_accuracy": [0.5061823725700378, 0.5533230304718018, 0.5, 0.5224111080169678, 0.5448222756385803, 0.5548686385154724, 0.5625966191291809, 0.5502318143844604, 0.5765069723129272, 0.5710973739624023, 0.5873261094093323, 0.6012364625930786, 0.5687789916992188, 0.541731059551239, 0.5633693933486938, 0.5633693933486938, 0.557959794998169, 0.5826893448829651, 0.5772797465324402, 0.5795981287956238, 0.5772797465324402, 0.5772797465324402, 0.5795981287956238, 0.5811437368392944, 0.5826893448829651, 0.5455950498580933, 0.5788253545761108, 0.5355486869812012, 0.5641421675682068, 0.583462119102478, 0.5904173254966736, 0.5826893448829651, 0.583462119102478, 0.583462119102478, 0.5850077271461487, 0.583462119102478, 0.583462119102478, 0.583462119102478, 0.5842349529266357, 0.5826893448829651], "all_token_val_accuracy": [0.5061823725700378, 0.5533230304718018, 0.5, 0.5224111080169678, 0.5448222756385803, 0.5548686385154724, 0.5625966191291809, 0.5502318143844604, 0.5765069723129272, 0.5710973739624023, 0.5873261094093323, 0.6012364625930786, 0.5687789916992188, 0.541731059551239, 0.5633693933486938, 0.5633693933486938, 0.557959794998169, 0.5826893448829651, 0.5772797465324402, 0.5795981287956238, 0.5772797465324402, 0.5772797465324402, 0.5795981287956238, 0.5811437368392944, 0.5826893448829651, 0.5455950498580933, 0.5788253545761108, 0.5355486869812012, 0.5641421675682068, 0.583462119102478, 0.5904173254966736, 0.5826893448829651, 0.583462119102478, 0.583462119102478, 0.5850077271461487, 0.583462119102478, 0.583462119102478, 0.583462119102478, 0.5842349529266357, 0.5826893448829651]}}