{"scitail_b_train_9_8": {"num_of_epochs": 20, "learning_rate": 0.0001, "training_ds_fpath": "_train_9_8", "first_token_val_accuracy": [0.0, 0.0, 0.0, 0.10510046035051346, 0.45749613642692566, 0.48299846053123474, 0.4760432839393616, 0.47836166620254517, 0.515455961227417, 0.5224111080169678, 0.4953632056713104, 0.5030912160873413, 0.5208655595779419, 0.5324574708938599, 0.530911922454834, 0.5370942950248718, 0.5386399030685425, 0.530911922454834, 0.5370942950248718, 0.5386399030685425], "all_token_val_accuracy": [0.0, 0.0, 0.0, 0.10510046035051346, 0.45749613642692566, 0.48299846053123474, 0.4760432839393616, 0.47836166620254517, 0.515455961227417, 0.5224111080169678, 0.4953632056713104, 0.5030912160873413, 0.5208655595779419, 0.5324574708938599, 0.530911922454834, 0.5370942950248718, 0.5386399030685425, 0.530911922454834, 0.5370942950248718, 0.5386399030685425]}}