{"scitail_b_train_7_4": {"num_of_epochs": 50, "learning_rate": 0.0001, "training_ds_fpath": "_train_7_4", "first_token_val_accuracy": [0.0, 0.0, 0.0, 0.0, 0.0, 0.0, 0.0, 0.06955178081989288, 0.3809891939163208, 0.45749613642692566, 0.49304482340812683, 0.4945904314517975, 0.4945904314517975, 0.4822256565093994, 0.4636785089969635, 0.4768160879611969, 0.4690881073474884, 0.47527047991752625, 0.47527047991752625, 0.48608964681625366, 0.471406489610672, 0.48377126455307007, 0.4690881073474884, 0.47758886218070984, 0.4744976758956909, 0.46522411704063416, 0.46213293075561523, 0.4659969210624695, 0.45208656787872314, 0.44435858726501465, 0.44667696952819824, 0.455950528383255, 0.47836166620254517, 0.47836166620254517, 0.48068004846572876, 0.4791344702243805, 0.4799072742462158, 0.47527047991752625, 0.45440495014190674, 0.44204017519950867, 0.4381761848926544, 0.4381761848926544, 0.4397217929363251, 0.4404945969581604, 0.4404945969581604, 0.44204017519950867, 0.4381761848926544, 0.43894898891448975, 0.4412674009799957, 0.44204017519950867], "all_token_val_accuracy": [0.0, 0.0, 0.0, 0.0, 0.0, 0.0, 0.0, 0.06955178081989288, 0.3809891939163208, 0.45749613642692566, 0.49304482340812683, 0.4945904314517975, 0.4945904314517975, 0.4822256565093994, 0.4636785089969635, 0.4768160879611969, 0.4690881073474884, 0.47527047991752625, 0.47527047991752625, 0.48608964681625366, 0.471406489610672, 0.48377126455307007, 0.4690881073474884, 0.47758886218070984, 0.4744976758956909, 0.46522411704063416, 0.46213293075561523, 0.4659969210624695, 0.45208656787872314, 0.44435858726501465, 0.44667696952819824, 0.455950528383255, 0.47836166620254517, 0.47836166620254517, 0.48068004846572876, 0.4791344702243805, 0.4799072742462158, 0.47527047991752625, 0.45440495014190674, 0.44204017519950867, 0.4381761848926544, 0.4381761848926544, 0.4397217929363251, 0.4404945969581604, 0.4404945969581604, 0.44204017519950867, 0.4381761848926544, 0.43894898891448975, 0.4412674009799957, 0.44204017519950867]}}