{"scitail_b_train_2_8": {"num_of_epochs": 50, "learning_rate": 0.0005, "training_ds_fpath": "_train_2_8", "first_token_val_accuracy": [0.014683152548968792, 0.4667696952819824, 0.5239567160606384, 0.5115919709205627, 0.5015456080436707, 0.5123647451400757, 0.4659969210624695, 0.4891808331012726, 0.5224111080169678, 0.49304482340812683, 0.4667696952819824, 0.47527047991752625, 0.4768160879611969, 0.486862450838089, 0.48763522505760193, 0.4891808331012726, 0.4922720193862915, 0.48840802907943726, 0.48299846053123474, 0.48299846053123474, 0.4922720193862915, 0.49072644114494324, 0.49613600969314575, 0.5007727742195129, 0.5007727742195129, 0.5030912160873413, 0.5023183822631836, 0.49381762742996216, 0.4914992153644562, 0.4891808331012726, 0.4899536371231079, 0.4891808331012726, 0.4899536371231079, 0.4891808331012726, 0.4922720193862915, 0.4891808331012726, 0.4922720193862915, 0.49304482340812683, 0.4914992153644562, 0.49381762742996216, 0.4969088137149811, 0.4969088137149811, 0.4976816177368164, 0.4976816177368164, 0.49845439195632935, 0.49845439195632935, 0.4969088137149811, 0.49381762742996216, 0.4922720193862915, 0.49304482340812683], "all_token_val_accuracy": [0.014683152548968792, 0.4667696952819824, 0.5239567160606384, 0.5115919709205627, 0.5015456080436707, 0.5123647451400757, 0.4659969210624695, 0.4891808331012726, 0.5224111080169678, 0.49304482340812683, 0.4667696952819824, 0.47527047991752625, 0.4768160879611969, 0.486862450838089, 0.48763522505760193, 0.4891808331012726, 0.4922720193862915, 0.48840802907943726, 0.48299846053123474, 0.48299846053123474, 0.4922720193862915, 0.49072644114494324, 0.49613600969314575, 0.5007727742195129, 0.5007727742195129, 0.5030912160873413, 0.5023183822631836, 0.49381762742996216, 0.4914992153644562, 0.4891808331012726, 0.4899536371231079, 0.4891808331012726, 0.4899536371231079, 0.4891808331012726, 0.4922720193862915, 0.4891808331012726, 0.4922720193862915, 0.49304482340812683, 0.4914992153644562, 0.49381762742996216, 0.4969088137149811, 0.4969088137149811, 0.4976816177368164, 0.4976816177368164, 0.49845439195632935, 0.49845439195632935, 0.4969088137149811, 0.49381762742996216, 0.4922720193862915, 0.49304482340812683]}}