{"scitail_b_train_5_4": {"num_of_epochs": 50, "learning_rate": 0.0005, "training_ds_fpath": "_train_5_4", "first_token_val_accuracy": [0.0, 0.4513137638568878, 0.5, 0.5007727742195129, 0.5, 0.5054095983505249, 0.5278207063674927, 0.5324574708938599, 0.5340030789375305, 0.5301390886306763, 0.5448222756385803, 0.5432766675949097, 0.5208655595779419, 0.5224111080169678, 0.5208655595779419, 0.5185471177101135, 0.5170015692710876, 0.5162287354469299, 0.5193199515342712, 0.526275098323822, 0.5247295498847961, 0.526275098323822, 0.5231839418411255, 0.5216383337974548, 0.5231839418411255, 0.5231839418411255, 0.5239567160606384, 0.5231839418411255, 0.5200927257537842, 0.5193199515342712, 0.5177743434906006, 0.5185471177101135, 0.5193199515342712, 0.5216383337974548, 0.5208655595779419, 0.5208655595779419, 0.5208655595779419, 0.5216383337974548, 0.5200927257537842, 0.5193199515342712, 0.5177743434906006, 0.5177743434906006, 0.5193199515342712, 0.5185471177101135, 0.5185471177101135, 0.5185471177101135, 0.5185471177101135, 0.5185471177101135, 0.5185471177101135, 0.5185471177101135], "all_token_val_accuracy": [0.0, 0.4513137638568878, 0.5, 0.5007727742195129, 0.5, 0.5054095983505249, 0.5278207063674927, 0.5324574708938599, 0.5340030789375305, 0.5301390886306763, 0.5448222756385803, 0.5432766675949097, 0.5208655595779419, 0.5224111080169678, 0.5208655595779419, 0.5185471177101135, 0.5170015692710876, 0.5162287354469299, 0.5193199515342712, 0.526275098323822, 0.5247295498847961, 0.526275098323822, 0.5231839418411255, 0.5216383337974548, 0.5231839418411255, 0.5231839418411255, 0.5239567160606384, 0.5231839418411255, 0.5200927257537842, 0.5193199515342712, 0.5177743434906006, 0.5185471177101135, 0.5193199515342712, 0.5216383337974548, 0.5208655595779419, 0.5208655595779419, 0.5208655595779419, 0.5216383337974548, 0.5200927257537842, 0.5193199515342712, 0.5177743434906006, 0.5177743434906006, 0.5193199515342712, 0.5185471177101135, 0.5185471177101135, 0.5185471177101135, 0.5185471177101135, 0.5185471177101135, 0.5185471177101135, 0.5185471177101135]}}