{"scitail_b_train_4_32": {"num_of_epochs": 50, "learning_rate": 0.0001, "training_ds_fpath": "_train_4_32", "first_token_val_accuracy": [0.0015455950051546097, 0.46986088156700134, 0.4799072742462158, 0.49845439195632935, 0.5115919709205627, 0.5023183822631836, 0.5131375789642334, 0.5479134321212769, 0.5618237853050232, 0.5409582853317261, 0.5332303047180176, 0.5316846966743469, 0.5772797465324402, 0.5587326288223267, 0.5610510110855103, 0.5819165110588074, 0.5633693933486938, 0.5811437368392944, 0.5540958046913147, 0.6058732867240906, 0.583462119102478, 0.5656877756118774, 0.5842349529266357, 0.5819165110588074, 0.5873261094093323, 0.5618237853050232, 0.5981453061103821, 0.5942813158035278, 0.5826893448829651, 0.5873261094093323, 0.6105100512504578, 0.6182380318641663, 0.6236476302146912, 0.6221020221710205, 0.6197836399078369, 0.6112828254699707, 0.6051004528999329, 0.6051004528999329, 0.6112828254699707, 0.6120556592941284, 0.6136012077331543, 0.6112828254699707, 0.6035548448562622, 0.6051004528999329, 0.6213291883468628, 0.6197836399078369, 0.6190108060836792, 0.6197836399078369, 0.6228747963905334, 0.6221020221710205], "all_token_val_accuracy": [0.0015455950051546097, 0.46986088156700134, 0.4799072742462158, 0.49845439195632935, 0.5115919709205627, 0.5023183822631836, 0.5131375789642334, 0.5479134321212769, 0.5618237853050232, 0.5409582853317261, 0.5332303047180176, 0.5316846966743469, 0.5772797465324402, 0.5587326288223267, 0.5610510110855103, 0.5819165110588074, 0.5633693933486938, 0.5811437368392944, 0.5540958046913147, 0.6058732867240906, 0.583462119102478, 0.5656877756118774, 0.5842349529266357, 0.5819165110588074, 0.5873261094093323, 0.5618237853050232, 0.5981453061103821, 0.5942813158035278, 0.5826893448829651, 0.5873261094093323, 0.6105100512504578, 0.6182380318641663, 0.6236476302146912, 0.6221020221710205, 0.6197836399078369, 0.6112828254699707, 0.6051004528999329, 0.6051004528999329, 0.6112828254699707, 0.6120556592941284, 0.6136012077331543, 0.6112828254699707, 0.6035548448562622, 0.6051004528999329, 0.6213291883468628, 0.6197836399078369, 0.6190108060836792, 0.6197836399078369, 0.6228747963905334, 0.6221020221710205]}}