{"scitail_b_train_6_16": {"num_of_epochs": 50, "learning_rate": 0.0001, "training_ds_fpath": "_train_6_16", "first_token_val_accuracy": [0.0, 0.0, 0.45517775416374207, 0.4629057049751282, 0.4953632056713104, 0.47836166620254517, 0.49381762742996216, 0.49072644114494324, 0.49304482340812683, 0.5007727742195129, 0.5193199515342712, 0.5069552063941956, 0.5030912160873413, 0.5170015692710876, 0.5224111080169678, 0.5247295498847961, 0.5239567160606384, 0.5177743434906006, 0.5355486869812012, 0.5440494418144226, 0.5494590401649475, 0.5486862659454346, 0.5510046482086182, 0.5394126772880554, 0.5595054030418396, 0.5533230304718018, 0.5633693933486938, 0.557187020778656, 0.5486862659454346, 0.5548686385154724, 0.5641421675682068, 0.5664606094360352, 0.5510046482086182, 0.5664606094360352, 0.5641421675682068, 0.5602782368659973, 0.5656877756118774, 0.5687789916992188, 0.568006157875061, 0.5641421675682068, 0.5695517659187317, 0.5710973739624023, 0.5625966191291809, 0.5687789916992188, 0.5780525207519531, 0.5687789916992188, 0.5741885900497437, 0.5765069723129272, 0.5718701481819153, 0.5710973739624023], "all_token_val_accuracy": [0.0, 0.0, 0.45517775416374207, 0.4629057049751282, 0.4953632056713104, 0.47836166620254517, 0.49381762742996216, 0.49072644114494324, 0.49304482340812683, 0.5007727742195129, 0.5193199515342712, 0.5069552063941956, 0.5030912160873413, 0.5170015692710876, 0.5224111080169678, 0.5247295498847961, 0.5239567160606384, 0.5177743434906006, 0.5355486869812012, 0.5440494418144226, 0.5494590401649475, 0.5486862659454346, 0.5510046482086182, 0.5394126772880554, 0.5595054030418396, 0.5533230304718018, 0.5633693933486938, 0.557187020778656, 0.5486862659454346, 0.5548686385154724, 0.5641421675682068, 0.5664606094360352, 0.5510046482086182, 0.5664606094360352, 0.5641421675682068, 0.5602782368659973, 0.5656877756118774, 0.5687789916992188, 0.568006157875061, 0.5641421675682068, 0.5695517659187317, 0.5710973739624023, 0.5625966191291809, 0.5687789916992188, 0.5780525207519531, 0.5687789916992188, 0.5741885900497437, 0.5765069723129272, 0.5718701481819153, 0.5710973739624023]}}