{"scitail_b_train_5_16": {"num_of_epochs": 40, "learning_rate": 0.001, "training_ds_fpath": "_train_5_16", "first_token_val_accuracy": [0.510819137096405, 0.5, 0.5734157562255859, 0.5177743434906006, 0.5471406579017639, 0.5548686385154724, 0.5633693933486938, 0.5540958046913147, 0.510819137096405, 0.5193199515342712, 0.5278207063674927, 0.5193199515342712, 0.5231839418411255, 0.5216383337974548, 0.5247295498847961, 0.5270479321479797, 0.5270479321479797, 0.5216383337974548, 0.5293663144111633, 0.5278207063674927, 0.5278207063674927, 0.526275098323822, 0.5255023241043091, 0.5270479321479797, 0.5247295498847961, 0.526275098323822, 0.526275098323822, 0.5270479321479797, 0.5285934805870056, 0.5316846966743469, 0.5316846966743469, 0.530911922454834, 0.5270479321479797, 0.526275098323822, 0.5270479321479797, 0.5285934805870056, 0.5278207063674927, 0.5278207063674927, 0.526275098323822, 0.5270479321479797], "all_token_val_accuracy": [0.510819137096405, 0.5, 0.5734157562255859, 0.5177743434906006, 0.5471406579017639, 0.5548686385154724, 0.5633693933486938, 0.5540958046913147, 0.510819137096405, 0.5193199515342712, 0.5278207063674927, 0.5193199515342712, 0.5231839418411255, 0.5216383337974548, 0.5247295498847961, 0.5270479321479797, 0.5270479321479797, 0.5216383337974548, 0.5293663144111633, 0.5278207063674927, 0.5278207063674927, 0.526275098323822, 0.5255023241043091, 0.5270479321479797, 0.5247295498847961, 0.526275098323822, 0.526275098323822, 0.5270479321479797, 0.5285934805870056, 0.5316846966743469, 0.5316846966743469, 0.530911922454834, 0.5270479321479797, 0.526275098323822, 0.5270479321479797, 0.5285934805870056, 0.5278207063674927, 0.5278207063674927, 0.526275098323822, 0.5270479321479797]}}