{"scitail_b_train_8_8": {"num_of_epochs": 30, "learning_rate": 0.0001, "training_ds_fpath": "_train_8_8", "first_token_val_accuracy": [0.0, 0.0, 0.0007727975025773048, 0.3338485360145569, 0.4768160879611969, 0.4760432839393616, 0.5363214612007141, 0.5177743434906006, 0.510819137096405, 0.5200927257537842, 0.5633693933486938, 0.5857805013656616, 0.5332303047180176, 0.5687789916992188, 0.5633693933486938, 0.5618237853050232, 0.5432766675949097, 0.5772797465324402, 0.5772797465324402, 0.5842349529266357, 0.5850077271461487, 0.5942813158035278, 0.583462119102478, 0.6051004528999329, 0.5896444916725159, 0.614374041557312, 0.5850077271461487, 0.6074188351631165, 0.5842349529266357, 0.6035548448562622], "all_token_val_accuracy": [0.0, 0.0, 0.0007727975025773048, 0.32302936911582947, 0.4768160879611969, 0.4760432839393616, 0.5363214612007141, 0.5177743434906006, 0.510819137096405, 0.5200927257537842, 0.5633693933486938, 0.5857805013656616, 0.5332303047180176, 0.5687789916992188, 0.5633693933486938, 0.5618237853050232, 0.5432766675949097, 0.5772797465324402, 0.5772797465324402, 0.5842349529266357, 0.5850077271461487, 0.5942813158035278, 0.583462119102478, 0.6051004528999329, 0.5896444916725159, 0.614374041557312, 0.5850077271461487, 0.6074188351631165, 0.5842349529266357, 0.6035548448562622]}}