{"scitail_b_train_6_16": {"num_of_epochs": 50, "learning_rate": 0.0005, "training_ds_fpath": "_train_6_16", "first_token_val_accuracy": [0.5100463628768921, 0.5054095983505249, 0.5170015692710876, 0.5224111080169678, 0.5224111080169678, 0.5533230304718018, 0.5471406579017639, 0.5355486869812012, 0.5425038933753967, 0.5602782368659973, 0.5463678240776062, 0.5463678240776062, 0.5749613642692566, 0.5556414127349854, 0.557959794998169, 0.58809894323349, 0.5888717174530029, 0.5540958046913147, 0.5625966191291809, 0.5664606094360352, 0.5649150013923645, 0.5502318143844604, 0.5409582853317261, 0.5316846966743469, 0.5077279806137085, 0.5123647451400757, 0.526275098323822, 0.5285934805870056, 0.5355486869812012, 0.5355486869812012, 0.5347759127616882, 0.5139103531837463, 0.5494590401649475, 0.5510046482086182, 0.5479134321212769, 0.5486862659454346, 0.5510046482086182, 0.5510046482086182, 0.5502318143844604, 0.5463678240776062, 0.5479134321212769, 0.5486862659454346, 0.5479134321212769, 0.5463678240776062, 0.5471406579017639, 0.5471406579017639, 0.5502318143844604, 0.5517774224281311, 0.5517774224281311, 0.5540958046913147], "all_token_val_accuracy": [0.5100463628768921, 0.5054095983505249, 0.5170015692710876, 0.5224111080169678, 0.5224111080169678, 0.5533230304718018, 0.5471406579017639, 0.5355486869812012, 0.5425038933753967, 0.5602782368659973, 0.5463678240776062, 0.5463678240776062, 0.5749613642692566, 0.5556414127349854, 0.557959794998169, 0.58809894323349, 0.5888717174530029, 0.5540958046913147, 0.5625966191291809, 0.5664606094360352, 0.5649150013923645, 0.5502318143844604, 0.5409582853317261, 0.5316846966743469, 0.5077279806137085, 0.5123647451400757, 0.526275098323822, 0.5285934805870056, 0.5355486869812012, 0.5355486869812012, 0.5347759127616882, 0.5139103531837463, 0.5494590401649475, 0.5510046482086182, 0.5479134321212769, 0.5486862659454346, 0.5510046482086182, 0.5510046482086182, 0.5502318143844604, 0.5463678240776062, 0.5479134321212769, 0.5486862659454346, 0.5479134321212769, 0.5463678240776062, 0.5471406579017639, 0.5471406579017639, 0.5502318143844604, 0.5517774224281311, 0.5517774224281311, 0.5540958046913147]}}