{"scitail_b_train_9_8": {"num_of_epochs": 30, "learning_rate": 0.001, "training_ds_fpath": "_train_9_8", "first_token_val_accuracy": [0.5, 0.5, 0.5, 0.5, 0.5641421675682068, 0.5038639903068542, 0.5015456080436707, 0.5193199515342712, 0.5177743434906006, 0.5092735886573792, 0.49381762742996216, 0.48840802907943726, 0.49072644114494324, 0.4945904314517975, 0.4945904314517975, 0.48763522505760193, 0.49072644114494324, 0.4914992153644562, 0.4922720193862915, 0.4914992153644562, 0.4914992153644562, 0.4899536371231079, 0.49304482340812683, 0.48763522505760193, 0.48531684279441833, 0.48763522505760193, 0.48608964681625366, 0.4899536371231079, 0.4914992153644562, 0.48763522505760193], "all_token_val_accuracy": [0.5, 0.5, 0.5, 0.5, 0.5641421675682068, 0.5038639903068542, 0.5015456080436707, 0.5193199515342712, 0.5177743434906006, 0.5092735886573792, 0.49381762742996216, 0.48840802907943726, 0.49072644114494324, 0.4945904314517975, 0.4945904314517975, 0.48763522505760193, 0.49072644114494324, 0.4914992153644562, 0.4922720193862915, 0.4914992153644562, 0.4914992153644562, 0.4899536371231079, 0.49304482340812683, 0.48763522505760193, 0.48531684279441833, 0.48763522505760193, 0.48608964681625366, 0.4899536371231079, 0.4914992153644562, 0.48763522505760193]}}