{"scitail_b_train_9_8": {"num_of_epochs": 5, "learning_rate": 0.0005, "training_ds_fpath": "_train_9_8", "first_token_val_accuracy": [0.48299846053123474, 0.5, 0.5007727742195129, 0.5363214612007141, 0.5208655595779419], "all_token_val_accuracy": [0.48299846053123474, 0.5, 0.5007727742195129, 0.5363214612007141, 0.5208655595779419]}}