{"scitail_b_train_9_4": {"num_of_epochs": 10, "learning_rate": 0.0005, "training_ds_fpath": "_train_9_4", "first_token_val_accuracy": [0.0, 0.429675430059433, 0.5, 0.4914992153644562, 0.5177743434906006, 0.5146831274032593, 0.4737248718738556, 0.48608964681625366, 0.5247295498847961, 0.5247295498847961], "all_token_val_accuracy": [0.0, 0.429675430059433, 0.5, 0.4914992153644562, 0.5177743434906006, 0.5146831274032593, 0.4737248718738556, 0.48608964681625366, 0.5247295498847961, 0.5247295498847961]}}