{"scitail_b_train_4_8": {"num_of_epochs": 50, "learning_rate": 0.0005, "training_ds_fpath": "_train_4_8", "first_token_val_accuracy": [0.3052550256252289, 0.4969088137149811, 0.5, 0.48068004846572876, 0.47527047991752625, 0.4992271959781647, 0.4605873227119446, 0.48763522505760193, 0.486862450838089, 0.49304482340812683, 0.4922720193862915, 0.5123647451400757, 0.5208655595779419, 0.5355486869812012, 0.5278207063674927, 0.5255023241043091, 0.526275098323822, 0.515455961227417, 0.5131375789642334, 0.5170015692710876, 0.5177743434906006, 0.5193199515342712, 0.5224111080169678, 0.5123647451400757, 0.5146831274032593, 0.5123647451400757, 0.4992271959781647, 0.4914992153644562, 0.5023183822631836, 0.5, 0.5038639903068542, 0.5077279806137085, 0.4992271959781647, 0.5061823725700378, 0.5085007548332214, 0.5046367645263672, 0.5061823725700378, 0.5069552063941956, 0.5038639903068542, 0.5023183822631836, 0.5007727742195129, 0.5023183822631836, 0.5015456080436707, 0.5, 0.5030912160873413, 0.5023183822631836, 0.5023183822631836, 0.5023183822631836, 0.5030912160873413, 0.5030912160873413], "all_token_val_accuracy": [0.3052550256252289, 0.4969088137149811, 0.5, 0.48068004846572876, 0.47527047991752625, 0.4992271959781647, 0.4605873227119446, 0.48763522505760193, 0.486862450838089, 0.49304482340812683, 0.4922720193862915, 0.5123647451400757, 0.5208655595779419, 0.5355486869812012, 0.5278207063674927, 0.5255023241043091, 0.526275098323822, 0.515455961227417, 0.5131375789642334, 0.5170015692710876, 0.5177743434906006, 0.5193199515342712, 0.5224111080169678, 0.5123647451400757, 0.5146831274032593, 0.5123647451400757, 0.4992271959781647, 0.4914992153644562, 0.5023183822631836, 0.5, 0.5038639903068542, 0.5077279806137085, 0.4992271959781647, 0.5061823725700378, 0.5085007548332214, 0.5046367645263672, 0.5061823725700378, 0.5069552063941956, 0.5038639903068542, 0.5023183822631836, 0.5007727742195129, 0.5023183822631836, 0.5015456080436707, 0.5, 0.5030912160873413, 0.5023183822631836, 0.5023183822631836, 0.5023183822631836, 0.5030912160873413, 0.5030912160873413]}}