{"scitail_b_train_7_16": {"num_of_epochs": 5, "learning_rate": 0.001, "training_ds_fpath": "_train_7_16", "first_token_val_accuracy": [0.5, 0.5247295498847961, 0.5401854515075684, 0.5363214612007141, 0.5463678240776062], "all_token_val_accuracy": [0.5, 0.5247295498847961, 0.5401854515075684, 0.5363214612007141, 0.5463678240776062]}}