{"scitail_b_train_1_4": {"num_of_epochs": 50, "learning_rate": 0.001, "training_ds_fpath": "_train_1_4", "first_token_val_accuracy": [0.0007727975025773048, 0.4976816177368164, 0.4350849986076355, 0.4613601267337799, 0.4613601267337799, 0.5054095983505249, 0.4744976758956909, 0.48531684279441833, 0.49845439195632935, 0.4945904314517975, 0.49381762742996216, 0.4922720193862915, 0.48608964681625366, 0.48608964681625366, 0.48377126455307007, 0.4791344702243805, 0.47758886218070984, 0.47758886218070984, 0.47758886218070984, 0.47836166620254517, 0.47758886218070984, 0.4814528524875641, 0.4822256565093994, 0.48377126455307007, 0.484544038772583, 0.48377126455307007, 0.4822256565093994, 0.4822256565093994, 0.48377126455307007, 0.4822256565093994, 0.48299846053123474, 0.48299846053123474, 0.4822256565093994, 0.48299846053123474, 0.4814528524875641, 0.4822256565093994, 0.4814528524875641, 0.4814528524875641, 0.4799072742462158, 0.4799072742462158, 0.4814528524875641, 0.48299846053123474, 0.48377126455307007, 0.48377126455307007, 0.48377126455307007, 0.4822256565093994, 0.4814528524875641, 0.4822256565093994, 0.4814528524875641, 0.4822256565093994], "all_token_val_accuracy": [0.0007727975025773048, 0.4976816177368164, 0.4350849986076355, 0.4613601267337799, 0.4613601267337799, 0.5054095983505249, 0.4744976758956909, 0.48531684279441833, 0.49845439195632935, 0.4945904314517975, 0.49381762742996216, 0.4922720193862915, 0.48608964681625366, 0.48608964681625366, 0.48377126455307007, 0.4791344702243805, 0.47758886218070984, 0.47758886218070984, 0.47758886218070984, 0.47836166620254517, 0.47758886218070984, 0.4814528524875641, 0.4822256565093994, 0.48377126455307007, 0.484544038772583, 0.48377126455307007, 0.4822256565093994, 0.4822256565093994, 0.48377126455307007, 0.4822256565093994, 0.48299846053123474, 0.48299846053123474, 0.4822256565093994, 0.48299846053123474, 0.4814528524875641, 0.4822256565093994, 0.4814528524875641, 0.4814528524875641, 0.4799072742462158, 0.4799072742462158, 0.4814528524875641, 0.48299846053123474, 0.48377126455307007, 0.48377126455307007, 0.48377126455307007, 0.4822256565093994, 0.4814528524875641, 0.4822256565093994, 0.4814528524875641, 0.4822256565093994]}}