{"scitail_b_train_5_4": {"num_of_epochs": 20, "learning_rate": 0.001, "training_ds_fpath": "_train_5_4", "first_token_val_accuracy": [0.03168470039963722, 0.5007727742195129, 0.5, 0.5, 0.5085007548332214, 0.510819137096405, 0.5363214612007141, 0.5, 0.5030912160873413, 0.510819137096405, 0.5077279806137085, 0.5115919709205627, 0.5185471177101135, 0.5177743434906006, 0.5185471177101135, 0.5177743434906006, 0.5200927257537842, 0.5146831274032593, 0.5139103531837463, 0.5146831274032593], "all_token_val_accuracy": [0.03168470039963722, 0.5007727742195129, 0.5, 0.5, 0.5085007548332214, 0.510819137096405, 0.5363214612007141, 0.5, 0.5030912160873413, 0.510819137096405, 0.5077279806137085, 0.5115919709205627, 0.5185471177101135, 0.5177743434906006, 0.5185471177101135, 0.5177743434906006, 0.5200927257537842, 0.5146831274032593, 0.5139103531837463, 0.5146831274032593]}}