{"scitail_b_train_5_32": {"num_of_epochs": 30, "learning_rate": 0.001, "training_ds_fpath": "_train_5_32", "first_token_val_accuracy": [0.5162287354469299, 0.572642982006073, 0.5247295498847961, 0.572642982006073, 0.5664606094360352, 0.5857805013656616, 0.5958268642425537, 0.6012364625930786, 0.568006157875061, 0.530911922454834, 0.5795981287956238, 0.5803709626197815, 0.5811437368392944, 0.5788253545761108, 0.5842349529266357, 0.5888717174530029, 0.5865533351898193, 0.5850077271461487, 0.5842349529266357, 0.583462119102478, 0.5850077271461487, 0.5857805013656616, 0.5896444916725159, 0.5904173254966736, 0.5842349529266357, 0.5850077271461487, 0.5772797465324402, 0.583462119102478, 0.5857805013656616, 0.5819165110588074], "all_token_val_accuracy": [0.5162287354469299, 0.572642982006073, 0.5247295498847961, 0.572642982006073, 0.5664606094360352, 0.5857805013656616, 0.5958268642425537, 0.6012364625930786, 0.568006157875061, 0.530911922454834, 0.5795981287956238, 0.5803709626197815, 0.5811437368392944, 0.5788253545761108, 0.5842349529266357, 0.5888717174530029, 0.5865533351898193, 0.5850077271461487, 0.5842349529266357, 0.583462119102478, 0.5850077271461487, 0.5857805013656616, 0.5896444916725159, 0.5904173254966736, 0.5842349529266357, 0.5850077271461487, 0.5772797465324402, 0.583462119102478, 0.5857805013656616, 0.5819165110588074]}}