{"scitail_b_train_8_16": {"num_of_epochs": 10, "learning_rate": 0.0005, "training_ds_fpath": "_train_8_16", "first_token_val_accuracy": [0.5046367645263672, 0.5, 0.4969088137149811, 0.4791344702243805, 0.4992271959781647, 0.49613600969314575, 0.4891808331012726, 0.486862450838089, 0.4992271959781647, 0.5], "all_token_val_accuracy": [0.5046367645263672, 0.5, 0.4969088137149811, 0.4791344702243805, 0.4992271959781647, 0.49613600969314575, 0.4891808331012726, 0.486862450838089, 0.4992271959781647, 0.5]}}