{"scitail_b_train_2_16": {"num_of_epochs": 20, "learning_rate": 0.0005, "training_ds_fpath": "_train_2_16", "first_token_val_accuracy": [0.48608964681625366, 0.4683153033256531, 0.5007727742195129, 0.5085007548332214, 0.5479134321212769, 0.583462119102478, 0.5270479321479797, 0.5950540900230408, 0.6066460609436035, 0.5965996980667114, 0.6051004528999329, 0.5896444916725159, 0.5850077271461487, 0.6213291883468628, 0.6236476302146912, 0.6136012077331543, 0.5958268642425537, 0.5795981287956238, 0.5904173254966736, 0.5981453061103821], "all_token_val_accuracy": [0.4744976758956909, 0.4683153033256531, 0.5007727742195129, 0.5085007548332214, 0.5479134321212769, 0.583462119102478, 0.5270479321479797, 0.5950540900230408, 0.6066460609436035, 0.5965996980667114, 0.6051004528999329, 0.5896444916725159, 0.5850077271461487, 0.6213291883468628, 0.6236476302146912, 0.6136012077331543, 0.5958268642425537, 0.5795981287956238, 0.5904173254966736, 0.5981453061103821]}}