{"scitail_b_train_4_16": {"num_of_epochs": 50, "learning_rate": 0.0005, "training_ds_fpath": "_train_4_16", "first_token_val_accuracy": [0.48763522505760193, 0.5007727742195129, 0.4992271959781647, 0.5023183822631836, 0.4914992153644562, 0.5061823725700378, 0.5085007548332214, 0.5216383337974548, 0.5177743434906006, 0.5425038933753967, 0.5440494418144226, 0.5687789916992188, 0.5471406579017639, 0.5595054030418396, 0.5533230304718018, 0.5610510110855103, 0.5649150013923645, 0.5633693933486938, 0.568006157875061, 0.5695517659187317, 0.572642982006073, 0.5795981287956238, 0.5749613642692566, 0.5842349529266357, 0.5819165110588074, 0.5873261094093323, 0.5208655595779419, 0.5556414127349854, 0.5780525207519531, 0.5896444916725159, 0.5865533351898193, 0.5857805013656616, 0.5826893448829651, 0.5741885900497437, 0.5618237853050232, 0.5455950498580933, 0.5625966191291809, 0.5695517659187317, 0.5656877756118774, 0.5695517659187317, 0.5672333836555481, 0.5695517659187317, 0.5703245997428894, 0.5710973739624023, 0.5672333836555481, 0.5703245997428894, 0.5710973739624023, 0.5795981287956238, 0.5772797465324402, 0.5772797465324402], "all_token_val_accuracy": [0.48763522505760193, 0.5007727742195129, 0.4992271959781647, 0.5023183822631836, 0.4914992153644562, 0.5061823725700378, 0.5085007548332214, 0.5216383337974548, 0.5177743434906006, 0.5425038933753967, 0.5440494418144226, 0.5687789916992188, 0.5471406579017639, 0.5595054030418396, 0.5533230304718018, 0.5610510110855103, 0.5649150013923645, 0.5633693933486938, 0.568006157875061, 0.5695517659187317, 0.572642982006073, 0.5795981287956238, 0.5749613642692566, 0.5842349529266357, 0.5819165110588074, 0.5873261094093323, 0.5208655595779419, 0.5556414127349854, 0.5780525207519531, 0.5896444916725159, 0.5865533351898193, 0.5857805013656616, 0.5826893448829651, 0.5741885900497437, 0.5618237853050232, 0.5455950498580933, 0.5625966191291809, 0.5695517659187317, 0.5656877756118774, 0.5695517659187317, 0.5672333836555481, 0.5695517659187317, 0.5703245997428894, 0.5710973739624023, 0.5672333836555481, 0.5703245997428894, 0.5710973739624023, 0.5795981287956238, 0.5772797465324402, 0.5772797465324402]}}