{"scitail_b_train_4_16": {"num_of_epochs": 10, "learning_rate": 0.0005, "training_ds_fpath": "_train_4_16", "first_token_val_accuracy": [0.5, 0.5, 0.5216383337974548, 0.5, 0.5378670692443848, 0.5394126772880554, 0.5370942950248718, 0.5927357077598572, 0.5981453061103821, 0.5896444916725159], "all_token_val_accuracy": [0.5, 0.5, 0.5216383337974548, 0.5, 0.5378670692443848, 0.5394126772880554, 0.5370942950248718, 0.5927357077598572, 0.5981453061103821, 0.5896444916725159]}}