{"scitail_b_train_4_16": {"num_of_epochs": 30, "learning_rate": 0.001, "training_ds_fpath": "_train_4_16", "first_token_val_accuracy": [0.5, 0.5, 0.5, 0.5092735886573792, 0.5239567160606384, 0.5007727742195129, 0.5, 0.5, 0.5587326288223267, 0.5687789916992188, 0.5687789916992188, 0.5633693933486938, 0.568006157875061, 0.5540958046913147, 0.5803709626197815, 0.5888717174530029, 0.5873261094093323, 0.5772797465324402, 0.5695517659187317, 0.5826893448829651, 0.5973724722862244, 0.5919629335403442, 0.583462119102478, 0.5842349529266357, 0.5850077271461487, 0.5873261094093323, 0.5850077271461487, 0.5780525207519531, 0.5710973739624023, 0.572642982006073], "all_token_val_accuracy": [0.5, 0.5, 0.5, 0.5092735886573792, 0.5239567160606384, 0.5007727742195129, 0.5, 0.5, 0.5587326288223267, 0.5687789916992188, 0.5687789916992188, 0.5633693933486938, 0.568006157875061, 0.5540958046913147, 0.5803709626197815, 0.5888717174530029, 0.5873261094093323, 0.5772797465324402, 0.5695517659187317, 0.5826893448829651, 0.5973724722862244, 0.5919629335403442, 0.583462119102478, 0.5842349529266357, 0.5850077271461487, 0.5873261094093323, 0.5850077271461487, 0.5780525207519531, 0.5710973739624023, 0.572642982006073]}}