{"scitail_b_train_8_32": {"num_of_epochs": 20, "learning_rate": 0.001, "training_ds_fpath": "_train_8_32", "first_token_val_accuracy": [0.5, 0.4814528524875641, 0.5046367645263672, 0.4969088137149811, 0.5162287354469299, 0.5332303047180176, 0.5162287354469299, 0.5602782368659973, 0.5602782368659973, 0.5278207063674927, 0.557959794998169, 0.5595054030418396, 0.5007727742195129, 0.5255023241043091, 0.5332303047180176, 0.5363214612007141, 0.5409582853317261, 0.5340030789375305, 0.5301390886306763, 0.5301390886306763], "all_token_val_accuracy": [0.5, 0.4814528524875641, 0.5046367645263672, 0.4969088137149811, 0.5162287354469299, 0.5332303047180176, 0.5162287354469299, 0.5602782368659973, 0.5602782368659973, 0.5278207063674927, 0.557959794998169, 0.5595054030418396, 0.5007727742195129, 0.5255023241043091, 0.5332303047180176, 0.5363214612007141, 0.5409582853317261, 0.5340030789375305, 0.5301390886306763, 0.5301390886306763]}}