{"scitail_b_train_7_8": {"num_of_epochs": 5, "learning_rate": 0.001, "training_ds_fpath": "_train_7_8", "first_token_val_accuracy": [0.4822256565093994, 0.5224111080169678, 0.5038639903068542, 0.5455950498580933, 0.5139103531837463], "all_token_val_accuracy": [0.4822256565093994, 0.5224111080169678, 0.5038639903068542, 0.5455950498580933, 0.5139103531837463]}}