{"scitail_b_train_4_16": {"num_of_epochs": 30, "learning_rate": 0.0001, "training_ds_fpath": "_train_4_16", "first_token_val_accuracy": [0.0, 0.07341576367616653, 0.47063368558883667, 0.4760432839393616, 0.4899536371231079, 0.48299846053123474, 0.4899536371231079, 0.49613600969314575, 0.5401854515075684, 0.4922720193862915, 0.4992271959781647, 0.5587326288223267, 0.5069552063941956, 0.510819137096405, 0.5139103531837463, 0.5842349529266357, 0.5888717174530029, 0.5772797465324402, 0.5803709626197815, 0.5973724722862244, 0.6043276786804199, 0.6174651980400085, 0.6174651980400085, 0.6182380318641663, 0.5857805013656616, 0.6190108060836792, 0.6166924238204956, 0.6221020221710205, 0.6081916689872742, 0.6275116205215454], "all_token_val_accuracy": [0.0, 0.07341576367616653, 0.47063368558883667, 0.4760432839393616, 0.4899536371231079, 0.48299846053123474, 0.4899536371231079, 0.49613600969314575, 0.5401854515075684, 0.4922720193862915, 0.4992271959781647, 0.5587326288223267, 0.5069552063941956, 0.510819137096405, 0.5139103531837463, 0.5842349529266357, 0.5888717174530029, 0.5772797465324402, 0.5803709626197815, 0.5973724722862244, 0.6043276786804199, 0.6174651980400085, 0.6174651980400085, 0.6182380318641663, 0.5857805013656616, 0.6190108060836792, 0.6166924238204956, 0.6221020221710205, 0.6081916689872742, 0.6275116205215454]}}