{"scitail_b_train_3_8": {"num_of_epochs": 30, "learning_rate": 0.0005, "training_ds_fpath": "_train_3_8", "first_token_val_accuracy": [0.0, 0.4760432839393616, 0.49613600969314575, 0.5015456080436707, 0.4969088137149811, 0.46445131301879883, 0.46986088156700134, 0.4914992153644562, 0.4822256565093994, 0.4914992153644562, 0.4914992153644562, 0.4822256565093994, 0.48299846053123474, 0.48377126455307007, 0.4914992153644562, 0.48531684279441833, 0.4922720193862915, 0.5054095983505249, 0.5023183822631836, 0.49613600969314575, 0.4976816177368164, 0.4922720193862915, 0.5, 0.5054095983505249, 0.4976816177368164, 0.49381762742996216, 0.48531684279441833, 0.47836166620254517, 0.47836166620254517, 0.47836166620254517], "all_token_val_accuracy": [0.0, 0.4760432839393616, 0.49613600969314575, 0.5015456080436707, 0.4969088137149811, 0.46445131301879883, 0.46986088156700134, 0.4914992153644562, 0.4822256565093994, 0.46754249930381775, 0.43894898891448975, 0.4822256565093994, 0.48299846053123474, 0.48377126455307007, 0.4914992153644562, 0.48531684279441833, 0.4922720193862915, 0.5054095983505249, 0.5023183822631836, 0.49613600969314575, 0.4976816177368164, 0.4922720193862915, 0.5, 0.5054095983505249, 0.4976816177368164, 0.49381762742996216, 0.48531684279441833, 0.47836166620254517, 0.47836166620254517, 0.47836166620254517]}}