{"scitail_b_train_3_32": {"num_of_epochs": 50, "learning_rate": 0.001, "training_ds_fpath": "_train_3_32", "first_token_val_accuracy": [0.4969088137149811, 0.5, 0.5131375789642334, 0.530911922454834, 0.5270479321479797, 0.5177743434906006, 0.5054095983505249, 0.5162287354469299, 0.5139103531837463, 0.515455961227417, 0.5162287354469299, 0.5170015692710876, 0.5185471177101135, 0.5224111080169678, 0.5185471177101135, 0.5193199515342712, 0.5170015692710876, 0.5123647451400757, 0.5231839418411255, 0.5177743434906006, 0.5162287354469299, 0.5193199515342712, 0.5177743434906006, 0.5170015692710876, 0.5177743434906006, 0.5177743434906006, 0.5185471177101135, 0.5177743434906006, 0.5193199515342712, 0.5185471177101135, 0.5177743434906006, 0.5162287354469299, 0.515455961227417, 0.5162287354469299, 0.515455961227417, 0.5162287354469299, 0.5162287354469299, 0.5162287354469299, 0.5162287354469299, 0.5177743434906006, 0.5177743434906006, 0.5185471177101135, 0.5170015692710876, 0.5270479321479797, 0.5069552063941956, 0.486862450838089, 0.5023183822631836, 0.5200927257537842, 0.515455961227417, 0.5231839418411255], "all_token_val_accuracy": [0.4969088137149811, 0.5, 0.5131375789642334, 0.530911922454834, 0.5270479321479797, 0.5177743434906006, 0.5054095983505249, 0.5162287354469299, 0.5139103531837463, 0.515455961227417, 0.5162287354469299, 0.5170015692710876, 0.5185471177101135, 0.5224111080169678, 0.5185471177101135, 0.5193199515342712, 0.5170015692710876, 0.5123647451400757, 0.5231839418411255, 0.5177743434906006, 0.5162287354469299, 0.5193199515342712, 0.5177743434906006, 0.5170015692710876, 0.5177743434906006, 0.5177743434906006, 0.5185471177101135, 0.5177743434906006, 0.5193199515342712, 0.5185471177101135, 0.5177743434906006, 0.5162287354469299, 0.515455961227417, 0.5162287354469299, 0.515455961227417, 0.5162287354469299, 0.5162287354469299, 0.5162287354469299, 0.5162287354469299, 0.5177743434906006, 0.5177743434906006, 0.5185471177101135, 0.5170015692710876, 0.5270479321479797, 0.5069552063941956, 0.486862450838089, 0.5023183822631836, 0.5200927257537842, 0.515455961227417, 0.5231839418411255]}}