{"scitail_b_train_7_8": {"num_of_epochs": 20, "learning_rate": 0.0005, "training_ds_fpath": "_train_7_8", "first_token_val_accuracy": [0.49072644114494324, 0.5, 0.4891808331012726, 0.5162287354469299, 0.4992271959781647, 0.5370942950248718, 0.5270479321479797, 0.5355486869812012, 0.5185471177101135, 0.5564142465591431, 0.5432766675949097, 0.5479134321212769, 0.5355486869812012, 0.5332303047180176, 0.5301390886306763, 0.530911922454834, 0.5355486869812012, 0.5347759127616882, 0.5401854515075684, 0.5401854515075684], "all_token_val_accuracy": [0.49072644114494324, 0.5, 0.4891808331012726, 0.5162287354469299, 0.4992271959781647, 0.5370942950248718, 0.5270479321479797, 0.5355486869812012, 0.5185471177101135, 0.5564142465591431, 0.5432766675949097, 0.5479134321212769, 0.5355486869812012, 0.5332303047180176, 0.5301390886306763, 0.530911922454834, 0.5355486869812012, 0.5347759127616882, 0.5401854515075684, 0.5401854515075684]}}