{"scitail_b_train_8_32": {"num_of_epochs": 10, "learning_rate": 0.001, "training_ds_fpath": "_train_8_32", "first_token_val_accuracy": [0.5, 0.5, 0.5, 0.5, 0.5718701481819153, 0.5865533351898193, 0.6360123753547668, 0.6290571689605713, 0.6004636883735657, 0.6097372770309448], "all_token_val_accuracy": [0.5, 0.5, 0.5, 0.5, 0.5718701481819153, 0.5865533351898193, 0.6360123753547668, 0.6290571689605713, 0.6004636883735657, 0.6097372770309448]}}