{"scitail_b_train_1_8": {"num_of_epochs": 20, "learning_rate": 0.001, "training_ds_fpath": "_train_1_8", "first_token_val_accuracy": [0.4721792936325073, 0.5038639903068542, 0.5015456080436707, 0.5146831274032593, 0.5177743434906006, 0.471406489610672, 0.47758886218070984, 0.510819137096405, 0.5293663144111633, 0.5054095983505249, 0.4976816177368164, 0.4945904314517975, 0.49613600969314575, 0.4945904314517975, 0.4953632056713104, 0.4976816177368164, 0.4976816177368164, 0.49845439195632935, 0.4969088137149811, 0.4992271959781647], "all_token_val_accuracy": [0.4721792936325073, 0.5038639903068542, 0.5015456080436707, 0.5146831274032593, 0.5177743434906006, 0.471406489610672, 0.47758886218070984, 0.510819137096405, 0.5293663144111633, 0.5054095983505249, 0.4976816177368164, 0.4945904314517975, 0.49613600969314575, 0.4945904314517975, 0.4953632056713104, 0.4976816177368164, 0.4976816177368164, 0.49845439195632935, 0.4969088137149811, 0.4992271959781647]}}