{"scitail_b_train_0_4": {"num_of_epochs": 20, "learning_rate": 0.0005, "training_ds_fpath": "_train_0_4", "first_token_val_accuracy": [0.0, 0.34544050693511963, 0.48608964681625366, 0.4791344702243805, 0.5092735886573792, 0.5046367645263672, 0.48763522505760193, 0.486862450838089, 0.5332303047180176, 0.5386399030685425, 0.5409582853317261, 0.541731059551239, 0.5479134321212769, 0.5510046482086182, 0.5540958046913147, 0.5564142465591431, 0.5664606094360352, 0.5656877756118774, 0.5687789916992188, 0.5664606094360352], "all_token_val_accuracy": [0.0, 0.34544050693511963, 0.48608964681625366, 0.4791344702243805, 0.5092735886573792, 0.5046367645263672, 0.48763522505760193, 0.486862450838089, 0.5332303047180176, 0.5386399030685425, 0.5409582853317261, 0.541731059551239, 0.5479134321212769, 0.5510046482086182, 0.5540958046913147, 0.5564142465591431, 0.5664606094360352, 0.5656877756118774, 0.5687789916992188, 0.5664606094360352]}}