{"scitail_b_train_6_16": {"num_of_epochs": 10, "learning_rate": 0.001, "training_ds_fpath": "_train_6_16", "first_token_val_accuracy": [0.4992271959781647, 0.47836166620254517, 0.48840802907943726, 0.5170015692710876, 0.5494590401649475, 0.526275098323822, 0.5177743434906006, 0.5139103531837463, 0.5069552063941956, 0.5100463628768921], "all_token_val_accuracy": [0.4992271959781647, 0.47836166620254517, 0.48840802907943726, 0.5170015692710876, 0.5494590401649475, 0.526275098323822, 0.5177743434906006, 0.5139103531837463, 0.5069552063941956, 0.5100463628768921]}}