{"scitail_b_train_8_4": {"num_of_epochs": 30, "learning_rate": 0.0005, "training_ds_fpath": "_train_8_4", "first_token_val_accuracy": [0.0, 0.4760432839393616, 0.4799072742462158, 0.4690881073474884, 0.5069552063941956, 0.5208655595779419, 0.5216383337974548, 0.541731059551239, 0.5401854515075684, 0.5270479321479797, 0.5347759127616882, 0.5332303047180176, 0.5177743434906006, 0.5193199515342712, 0.5316846966743469, 0.5293663144111633, 0.48531684279441833, 0.5015456080436707, 0.5038639903068542, 0.5177743434906006, 0.5301390886306763, 0.5293663144111633, 0.5293663144111633, 0.530911922454834, 0.5293663144111633, 0.5301390886306763, 0.5293663144111633, 0.5324574708938599, 0.5324574708938599, 0.5316846966743469], "all_token_val_accuracy": [0.0, 0.4513137638568878, 0.4799072742462158, 0.4690881073474884, 0.5069552063941956, 0.5208655595779419, 0.5216383337974548, 0.541731059551239, 0.5401854515075684, 0.5270479321479797, 0.5347759127616882, 0.5332303047180176, 0.5177743434906006, 0.5193199515342712, 0.5316846966743469, 0.5293663144111633, 0.48531684279441833, 0.5015456080436707, 0.5038639903068542, 0.5177743434906006, 0.5301390886306763, 0.5293663144111633, 0.5293663144111633, 0.530911922454834, 0.5293663144111633, 0.5301390886306763, 0.5293663144111633, 0.5324574708938599, 0.5324574708938599, 0.5316846966743469]}}