{"scitail_b_train_6_8": {"num_of_epochs": 40, "learning_rate": 0.001, "training_ds_fpath": "_train_6_8", "first_token_val_accuracy": [0.510819137096405, 0.4992271959781647, 0.5, 0.4992271959781647, 0.5177743434906006, 0.4976816177368164, 0.48608964681625366, 0.5015456080436707, 0.5123647451400757, 0.5015456080436707, 0.5100463628768921, 0.5, 0.4899536371231079, 0.4891808331012726, 0.5023183822631836, 0.5038639903068542, 0.4976816177368164, 0.49845439195632935, 0.4976816177368164, 0.4992271959781647, 0.4969088137149811, 0.5, 0.5, 0.5007727742195129, 0.5046367645263672, 0.5038639903068542, 0.5030912160873413, 0.5023183822631836, 0.5015456080436707, 0.5023183822631836, 0.5007727742195129, 0.5015456080436707, 0.5007727742195129, 0.4969088137149811, 0.4969088137149811, 0.49845439195632935, 0.4992271959781647, 0.4976816177368164, 0.49613600969314575, 0.4969088137149811], "all_token_val_accuracy": [0.510819137096405, 0.4992271959781647, 0.5, 0.4992271959781647, 0.5177743434906006, 0.4976816177368164, 0.48608964681625366, 0.5015456080436707, 0.5123647451400757, 0.5015456080436707, 0.5100463628768921, 0.5, 0.4899536371231079, 0.4891808331012726, 0.5023183822631836, 0.5038639903068542, 0.4976816177368164, 0.49845439195632935, 0.4976816177368164, 0.4992271959781647, 0.4969088137149811, 0.5, 0.5, 0.5007727742195129, 0.5046367645263672, 0.5038639903068542, 0.5030912160873413, 0.5023183822631836, 0.5015456080436707, 0.5023183822631836, 0.5007727742195129, 0.5015456080436707, 0.5007727742195129, 0.4969088137149811, 0.4969088137149811, 0.49845439195632935, 0.4992271959781647, 0.4976816177368164, 0.49613600969314575, 0.4969088137149811]}}