{"scitail_b_train_0_8": {"num_of_epochs": 10, "learning_rate": 0.001, "training_ds_fpath": "_train_0_8", "first_token_val_accuracy": [0.46754249930381775, 0.4744976758956909, 0.5139103531837463, 0.5, 0.5170015692710876, 0.5231839418411255, 0.4899536371231079, 0.5015456080436707, 0.5146831274032593, 0.5123647451400757], "all_token_val_accuracy": [0.46754249930381775, 0.4744976758956909, 0.5139103531837463, 0.5, 0.5170015692710876, 0.5231839418411255, 0.4899536371231079, 0.5015456080436707, 0.5146831274032593, 0.5123647451400757]}}