{"scitail_b_train_5_8": {"num_of_epochs": 10, "learning_rate": 0.0001, "training_ds_fpath": "_train_5_8", "first_token_val_accuracy": [0.0, 0.0, 0.0, 0.33539411425590515, 0.49845439195632935, 0.4992271959781647, 0.4899536371231079, 0.5131375789642334, 0.5185471177101135, 0.49613600969314575], "all_token_val_accuracy": [0.0, 0.0, 0.0, 0.33539411425590515, 0.49845439195632935, 0.4992271959781647, 0.4899536371231079, 0.5131375789642334, 0.5185471177101135, 0.49613600969314575]}}