{"scitail_b_train_7_32": {"num_of_epochs": 10, "learning_rate": 0.0001, "training_ds_fpath": "_train_7_32", "first_token_val_accuracy": [0.0069551775231957436, 0.4891808331012726, 0.5054095983505249, 0.48763522505760193, 0.49072644114494324, 0.5092735886573792, 0.486862450838089, 0.5077279806137085, 0.4899536371231079, 0.5494590401649475], "all_token_val_accuracy": [0.0069551775231957436, 0.4891808331012726, 0.5054095983505249, 0.48763522505760193, 0.49072644114494324, 0.5092735886573792, 0.486862450838089, 0.5077279806137085, 0.4899536371231079, 0.5494590401649475]}}