{"scitail_b_train_6_32": {"num_of_epochs": 5, "learning_rate": 0.001, "training_ds_fpath": "_train_6_32", "first_token_val_accuracy": [0.5015456080436707, 0.5, 0.5649150013923645, 0.5224111080169678, 0.6004636883735657], "all_token_val_accuracy": [0.5015456080436707, 0.5, 0.5649150013923645, 0.5224111080169678, 0.6004636883735657]}}