{"scitail_b_train_5_8": {"num_of_epochs": 30, "learning_rate": 0.0001, "training_ds_fpath": "_train_5_8", "first_token_val_accuracy": [0.0, 0.0, 0.0, 0.05255023017525673, 0.49304482340812683, 0.49613600969314575, 0.5123647451400757, 0.5085007548332214, 0.5231839418411255, 0.4969088137149811, 0.5069552063941956, 0.5278207063674927, 0.5247295498847961, 0.5100463628768921, 0.5185471177101135, 0.5355486869812012, 0.5255023241043091, 0.5370942950248718, 0.5224111080169678, 0.530911922454834, 0.5278207063674927, 0.5270479321479797, 0.5316846966743469, 0.5386399030685425, 0.541731059551239, 0.5324574708938599, 0.5471406579017639, 0.5471406579017639, 0.5239567160606384, 0.557187020778656], "all_token_val_accuracy": [0.0, 0.0, 0.0, 0.05255023017525673, 0.49304482340812683, 0.49613600969314575, 0.5123647451400757, 0.5085007548332214, 0.5231839418411255, 0.4969088137149811, 0.5069552063941956, 0.5278207063674927, 0.5247295498847961, 0.5100463628768921, 0.5185471177101135, 0.5355486869812012, 0.5255023241043091, 0.5370942950248718, 0.5224111080169678, 0.530911922454834, 0.5278207063674927, 0.5270479321479797, 0.5316846966743469, 0.5386399030685425, 0.541731059551239, 0.5324574708938599, 0.5471406579017639, 0.5471406579017639, 0.5239567160606384, 0.557187020778656]}}