{"scitail_b_train_4_32": {"num_of_epochs": 40, "learning_rate": 0.0001, "training_ds_fpath": "_train_4_32", "first_token_val_accuracy": [0.12596599757671356, 0.5069552063941956, 0.49613600969314575, 0.5340030789375305, 0.515455961227417, 0.5216383337974548, 0.5540958046913147, 0.5633693933486938, 0.5765069723129272, 0.5695517659187317, 0.5340030789375305, 0.5850077271461487, 0.5687789916992188, 0.5695517659187317, 0.6074188351631165, 0.5765069723129272, 0.583462119102478, 0.5896444916725159, 0.5981453061103821, 0.598918080329895, 0.5950540900230408, 0.6020092964172363, 0.5850077271461487, 0.5888717174530029, 0.6035548448562622, 0.5950540900230408, 0.5904173254966736, 0.5958268642425537, 0.583462119102478, 0.615146815776825, 0.6221020221710205, 0.6197836399078369, 0.6205564141273499, 0.615146815776825, 0.6136012077331543, 0.6197836399078369, 0.6166924238204956, 0.6128284335136414, 0.6197836399078369, 0.615146815776825], "all_token_val_accuracy": [0.12596599757671356, 0.5069552063941956, 0.49613600969314575, 0.5340030789375305, 0.515455961227417, 0.5216383337974548, 0.5540958046913147, 0.5633693933486938, 0.5765069723129272, 0.5695517659187317, 0.5340030789375305, 0.5850077271461487, 0.5687789916992188, 0.5695517659187317, 0.6074188351631165, 0.5765069723129272, 0.583462119102478, 0.5896444916725159, 0.5981453061103821, 0.598918080329895, 0.5950540900230408, 0.6020092964172363, 0.5850077271461487, 0.5888717174530029, 0.6035548448562622, 0.5950540900230408, 0.5904173254966736, 0.5958268642425537, 0.583462119102478, 0.615146815776825, 0.6221020221710205, 0.6197836399078369, 0.6205564141273499, 0.615146815776825, 0.6136012077331543, 0.6197836399078369, 0.6166924238204956, 0.6128284335136414, 0.6197836399078369, 0.615146815776825]}}