{"scitail_b_train_9_32": {"num_of_epochs": 20, "learning_rate": 1e-05, "training_ds_fpath": "_train_9_32", "first_token_val_accuracy": [0.0, 0.0, 0.0, 0.0, 0.0, 0.0, 0.0, 0.0, 0.0, 0.013137557543814182, 0.33539411425590515, 0.4814528524875641, 0.4976816177368164, 0.4976816177368164, 0.4922720193862915, 0.4760432839393616, 0.471406489610672, 0.4629057049751282, 0.46445131301879883, 0.4451313614845276], "all_token_val_accuracy": [0.0, 0.0, 0.0, 0.0, 0.0, 0.0, 0.0, 0.0, 0.0, 0.013137557543814182, 0.33539411425590515, 0.4814528524875641, 0.4976816177368164, 0.4976816177368164, 0.4922720193862915, 0.4760432839393616, 0.471406489610672, 0.4629057049751282, 0.46445131301879883, 0.4451313614845276]}}