{"scitail_b_train_0_16": {"num_of_epochs": 5, "learning_rate": 0.0005, "training_ds_fpath": "_train_0_16", "first_token_val_accuracy": [0.47295209765434265, 0.4992271959781647, 0.4953632056713104, 0.5247295498847961, 0.5255023241043091], "all_token_val_accuracy": [0.47295209765434265, 0.4992271959781647, 0.4953632056713104, 0.5247295498847961, 0.5255023241043091]}}