{"scitail_b_train_8_16": {"num_of_epochs": 40, "learning_rate": 1e-05, "training_ds_fpath": "_train_8_16", "first_token_val_accuracy": [0.0, 0.0, 0.0, 0.0, 0.0, 0.0, 0.0, 0.0, 0.0, 0.0, 0.0, 0.0, 0.0, 0.0, 0.0, 0.0, 0.0, 0.0, 0.0, 0.0030911900103092194, 0.010046367533504963, 0.04559505358338356, 0.22488407790660858, 0.37403401732444763, 0.45208656787872314, 0.47527047991752625, 0.4814528524875641, 0.48299846053123474, 0.4814528524875641, 0.47836166620254517, 0.4768160879611969, 0.47063368558883667, 0.4659969210624695, 0.4605873227119446, 0.4459041655063629, 0.44204017519950867, 0.4451313614845276, 0.44204017519950867, 0.44667696952819824, 0.44976815581321716], "all_token_val_accuracy": [0.0, 0.0, 0.0, 0.0, 0.0, 0.0, 0.0, 0.0, 0.0, 0.0, 0.0, 0.0, 0.0, 0.0, 0.0, 0.0, 0.0, 0.0, 0.0, 0.0030911900103092194, 0.010046367533504963, 0.04559505358338356, 0.22488407790660858, 0.37403401732444763, 0.45208656787872314, 0.47527047991752625, 0.4814528524875641, 0.48299846053123474, 0.4814528524875641, 0.47836166620254517, 0.4768160879611969, 0.47063368558883667, 0.4659969210624695, 0.4605873227119446, 0.4459041655063629, 0.44204017519950867, 0.4451313614845276, 0.44204017519950867, 0.44667696952819824, 0.44976815581321716]}}