{"scitail_b_train_7_32": {"num_of_epochs": 30, "learning_rate": 0.0005, "training_ds_fpath": "_train_7_32", "first_token_val_accuracy": [0.4922720193862915, 0.5363214612007141, 0.5285934805870056, 0.5278207063674927, 0.5857805013656616, 0.568006157875061, 0.568006157875061, 0.5795981287956238, 0.599690854549408, 0.6066460609436035, 0.6205564141273499, 0.6089644432067871, 0.6112828254699707, 0.5981453061103821, 0.5749613642692566, 0.5888717174530029, 0.6035548448562622, 0.6043276786804199, 0.6035548448562622, 0.6027820706367493, 0.598918080329895, 0.5965996980667114, 0.599690854549408, 0.6012364625930786, 0.6004636883735657, 0.6020092964172363, 0.6004636883735657, 0.6020092964172363, 0.6020092964172363, 0.5981453061103821], "all_token_val_accuracy": [0.4922720193862915, 0.5363214612007141, 0.5285934805870056, 0.5278207063674927, 0.5857805013656616, 0.568006157875061, 0.568006157875061, 0.5795981287956238, 0.599690854549408, 0.6066460609436035, 0.6205564141273499, 0.6089644432067871, 0.6112828254699707, 0.5981453061103821, 0.5749613642692566, 0.5888717174530029, 0.6035548448562622, 0.6043276786804199, 0.6035548448562622, 0.6027820706367493, 0.598918080329895, 0.5965996980667114, 0.599690854549408, 0.6012364625930786, 0.6004636883735657, 0.6020092964172363, 0.6004636883735657, 0.6020092964172363, 0.6020092964172363, 0.5981453061103821]}}