{"scitail_b_train_1_32": {"num_of_epochs": 30, "learning_rate": 0.0005, "training_ds_fpath": "_train_1_32", "first_token_val_accuracy": [0.5, 0.5, 0.5, 0.5239567160606384, 0.5146831274032593, 0.5, 0.5324574708938599, 0.583462119102478, 0.5927357077598572, 0.6136012077331543, 0.614374041557312, 0.598918080329895, 0.6097372770309448, 0.6112828254699707, 0.6221020221710205, 0.6174651980400085, 0.6027820706367493, 0.6012364625930786, 0.615146815776825, 0.5927357077598572, 0.5919629335403442, 0.598918080329895, 0.6197836399078369, 0.6190108060836792, 0.6205564141273499, 0.6205564141273499, 0.5927357077598572, 0.5958268642425537, 0.6190108060836792, 0.6190108060836792], "all_token_val_accuracy": [0.5, 0.5, 0.5, 0.5239567160606384, 0.5146831274032593, 0.5, 0.5324574708938599, 0.583462119102478, 0.5927357077598572, 0.6136012077331543, 0.614374041557312, 0.598918080329895, 0.6097372770309448, 0.6112828254699707, 0.6221020221710205, 0.6174651980400085, 0.6027820706367493, 0.6012364625930786, 0.615146815776825, 0.5927357077598572, 0.5919629335403442, 0.598918080329895, 0.6197836399078369, 0.6190108060836792, 0.6205564141273499, 0.6205564141273499, 0.5927357077598572, 0.5958268642425537, 0.6190108060836792, 0.6190108060836792]}}