{"scitail_b_train_5_32": {"num_of_epochs": 30, "learning_rate": 1e-05, "training_ds_fpath": "_train_5_32", "first_token_val_accuracy": [0.0, 0.0, 0.0, 0.0, 0.0, 0.0, 0.0, 0.0, 0.28902626037597656, 0.48608964681625366, 0.4992271959781647, 0.4992271959781647, 0.4945904314517975, 0.48840802907943726, 0.4737248718738556, 0.4613601267337799, 0.46986088156700134, 0.455950528383255, 0.45517775416374207, 0.4659969210624695, 0.4629057049751282, 0.4744976758956909, 0.5077279806137085, 0.5185471177101135, 0.5038639903068542, 0.5023183822631836, 0.5061823725700378, 0.5162287354469299, 0.5270479321479797, 0.4744976758956909], "all_token_val_accuracy": [0.0, 0.0, 0.0, 0.0, 0.0, 0.0, 0.0, 0.0, 0.28902626037597656, 0.48608964681625366, 0.4992271959781647, 0.4992271959781647, 0.4945904314517975, 0.48840802907943726, 0.4737248718738556, 0.4613601267337799, 0.46986088156700134, 0.455950528383255, 0.45517775416374207, 0.4659969210624695, 0.4629057049751282, 0.4744976758956909, 0.5077279806137085, 0.5185471177101135, 0.5038639903068542, 0.5023183822631836, 0.5061823725700378, 0.5162287354469299, 0.5270479321479797, 0.4744976758956909]}}