{"scitail_b_train_0_8": {"num_of_epochs": 20, "learning_rate": 0.0005, "training_ds_fpath": "_train_0_8", "first_token_val_accuracy": [0.003863987745717168, 0.49845439195632935, 0.5123647451400757, 0.5007727742195129, 0.5046367645263672, 0.5015456080436707, 0.45672333240509033, 0.4891808331012726, 0.49613600969314575, 0.4891808331012726, 0.4690881073474884, 0.5115919709205627, 0.484544038772583, 0.4822256565093994, 0.49613600969314575, 0.5030912160873413, 0.48377126455307007, 0.48299846053123474, 0.5092735886573792, 0.5046367645263672], "all_token_val_accuracy": [0.003863987745717168, 0.49845439195632935, 0.5123647451400757, 0.5007727742195129, 0.5046367645263672, 0.5015456080436707, 0.45672333240509033, 0.4891808331012726, 0.49613600969314575, 0.4891808331012726, 0.4690881073474884, 0.5115919709205627, 0.484544038772583, 0.4822256565093994, 0.49613600969314575, 0.5030912160873413, 0.48377126455307007, 0.48299846053123474, 0.5092735886573792, 0.5046367645263672]}}