{"scitail_b_train_4_16": {"num_of_epochs": 5, "learning_rate": 0.0001, "training_ds_fpath": "_train_4_16", "first_token_val_accuracy": [0.0, 0.06105100363492966, 0.49845439195632935, 0.46213293075561523, 0.5200927257537842], "all_token_val_accuracy": [0.0, 0.06105100363492966, 0.49845439195632935, 0.46213293075561523, 0.5200927257537842]}}