{"scitail_b_train_2_4": {"num_of_epochs": 50, "learning_rate": 0.0005, "training_ds_fpath": "_train_2_4", "first_token_val_accuracy": [0.0, 0.012364760041236877, 0.4721792936325073, 0.46213293075561523, 0.4992271959781647, 0.5069552063941956, 0.4969088137149811, 0.48763522505760193, 0.4899536371231079, 0.5046367645263672, 0.4891808331012726, 0.48840802907943726, 0.48299846053123474, 0.4891808331012726, 0.48299846053123474, 0.484544038772583, 0.48531684279441833, 0.48763522505760193, 0.49304482340812683, 0.49304482340812683, 0.48608964681625366, 0.4899536371231079, 0.4822256565093994, 0.4822256565093994, 0.4760432839393616, 0.48068004846572876, 0.47295209765434265, 0.4814528524875641, 0.4768160879611969, 0.47063368558883667, 0.4760432839393616, 0.471406489610672, 0.4737248718738556, 0.45981451869010925, 0.4590417444705963, 0.455950528383255, 0.4659969210624695, 0.4683153033256531, 0.471406489610672, 0.47527047991752625, 0.47295209765434265, 0.4791344702243805, 0.4822256565093994, 0.48068004846572876, 0.48068004846572876, 0.4822256565093994, 0.4822256565093994, 0.48377126455307007, 0.484544038772583, 0.48608964681625366], "all_token_val_accuracy": [0.0, 0.012364760041236877, 0.4721792936325073, 0.46213293075561523, 0.4992271959781647, 0.5069552063941956, 0.4969088137149811, 0.48763522505760193, 0.4899536371231079, 0.5046367645263672, 0.4891808331012726, 0.48840802907943726, 0.48299846053123474, 0.4891808331012726, 0.48299846053123474, 0.484544038772583, 0.48531684279441833, 0.48763522505760193, 0.49304482340812683, 0.49304482340812683, 0.48608964681625366, 0.4899536371231079, 0.4822256565093994, 0.4822256565093994, 0.4760432839393616, 0.48068004846572876, 0.47295209765434265, 0.4814528524875641, 0.4768160879611969, 0.47063368558883667, 0.4760432839393616, 0.471406489610672, 0.4737248718738556, 0.45981451869010925, 0.4590417444705963, 0.455950528383255, 0.4659969210624695, 0.4683153033256531, 0.471406489610672, 0.47527047991752625, 0.47295209765434265, 0.4791344702243805, 0.4822256565093994, 0.48068004846572876, 0.48068004846572876, 0.4822256565093994, 0.4822256565093994, 0.48377126455307007, 0.484544038772583, 0.48608964681625366]}}