{"scitail_b_train_4_16": {"num_of_epochs": 20, "learning_rate": 0.001, "training_ds_fpath": "_train_4_16", "first_token_val_accuracy": [0.5, 0.5, 0.5061823725700378, 0.5085007548332214, 0.5425038933753967, 0.557959794998169, 0.5548686385154724, 0.5842349529266357, 0.5564142465591431, 0.5085007548332214, 0.5540958046913147, 0.6105100512504578, 0.6166924238204956, 0.6035548448562622, 0.614374041557312, 0.6197836399078369, 0.6221020221710205, 0.598918080329895, 0.6197836399078369, 0.6027820706367493], "all_token_val_accuracy": [0.5, 0.5, 0.5061823725700378, 0.5085007548332214, 0.5425038933753967, 0.557959794998169, 0.5548686385154724, 0.5842349529266357, 0.5564142465591431, 0.5085007548332214, 0.5540958046913147, 0.6105100512504578, 0.6166924238204956, 0.6035548448562622, 0.614374041557312, 0.6197836399078369, 0.6221020221710205, 0.598918080329895, 0.6197836399078369, 0.6027820706367493]}}