{"scitail_b_train_5_16": {"num_of_epochs": 20, "learning_rate": 0.001, "training_ds_fpath": "_train_5_16", "first_token_val_accuracy": [0.5301390886306763, 0.49613600969314575, 0.5170015692710876, 0.4992271959781647, 0.48608964681625366, 0.5146831274032593, 0.515455961227417, 0.5131375789642334, 0.5224111080169678, 0.526275098323822, 0.5193199515342712, 0.5162287354469299, 0.5185471177101135, 0.5131375789642334, 0.5208655595779419, 0.5193199515342712, 0.5231839418411255, 0.5239567160606384, 0.5255023241043091, 0.5239567160606384], "all_token_val_accuracy": [0.5301390886306763, 0.49613600969314575, 0.5170015692710876, 0.4992271959781647, 0.48608964681625366, 0.5146831274032593, 0.515455961227417, 0.5131375789642334, 0.5224111080169678, 0.526275098323822, 0.5193199515342712, 0.5162287354469299, 0.5185471177101135, 0.5131375789642334, 0.5208655595779419, 0.5193199515342712, 0.5231839418411255, 0.5239567160606384, 0.5255023241043091, 0.5239567160606384]}}