{"scitail_b_train_7_32": {"num_of_epochs": 50, "learning_rate": 1e-05, "training_ds_fpath": "_train_7_32", "first_token_val_accuracy": [0.0, 0.0, 0.0, 0.0, 0.0, 0.0, 0.0, 0.0, 0.0, 0.0023183925077319145, 0.08655332028865814, 0.4034003019332886, 0.48068004846572876, 0.4922720193862915, 0.4922720193862915, 0.4945904314517975, 0.47836166620254517, 0.4683153033256531, 0.46754249930381775, 0.4435857832431793, 0.4451313614845276, 0.4482225775718689, 0.4350849986076355, 0.4381761848926544, 0.45517775416374207, 0.45672333240509033, 0.45208656787872314, 0.4513137638568878, 0.4590417444705963, 0.4605873227119446, 0.46213293075561523, 0.47836166620254517, 0.47836166620254517, 0.46986088156700134, 0.4737248718738556, 0.4744976758956909, 0.48763522505760193, 0.49072644114494324, 0.4760432839393616, 0.49304482340812683, 0.48840802907943726, 0.4945904314517975, 0.4992271959781647, 0.4945904314517975, 0.49304482340812683, 0.49613600969314575, 0.4976816177368164, 0.48377126455307007, 0.4791344702243805, 0.5007727742195129], "all_token_val_accuracy": [0.0, 0.0, 0.0, 0.0, 0.0, 0.0, 0.0, 0.0, 0.0, 0.0023183925077319145, 0.08655332028865814, 0.4034003019332886, 0.48068004846572876, 0.4922720193862915, 0.4922720193862915, 0.4945904314517975, 0.47836166620254517, 0.4683153033256531, 0.46754249930381775, 0.4435857832431793, 0.4451313614845276, 0.4482225775718689, 0.4350849986076355, 0.4381761848926544, 0.45517775416374207, 0.45672333240509033, 0.45208656787872314, 0.4513137638568878, 0.4590417444705963, 0.4605873227119446, 0.46213293075561523, 0.47836166620254517, 0.47836166620254517, 0.46986088156700134, 0.4737248718738556, 0.4744976758956909, 0.48763522505760193, 0.49072644114494324, 0.4760432839393616, 0.49304482340812683, 0.48840802907943726, 0.4945904314517975, 0.4992271959781647, 0.4945904314517975, 0.49304482340812683, 0.49613600969314575, 0.4976816177368164, 0.48377126455307007, 0.4791344702243805, 0.5007727742195129]}}