{"scitail_b_train_8_32": {"num_of_epochs": 40, "learning_rate": 1e-05, "training_ds_fpath": "_train_8_32", "first_token_val_accuracy": [0.0, 0.0, 0.0, 0.0, 0.0, 0.0, 0.0, 0.0, 0.0, 0.003863987745717168, 0.3160741925239563, 0.4899536371231079, 0.49613600969314575, 0.4969088137149811, 0.4976816177368164, 0.4969088137149811, 0.4922720193862915, 0.48763522505760193, 0.4721792936325073, 0.44976815581321716, 0.45208656787872314, 0.4528593420982361, 0.4528593420982361, 0.4513137638568878, 0.4459041655063629, 0.4513137638568878, 0.47527047991752625, 0.45672333240509033, 0.44744977355003357, 0.45440495014190674, 0.46522411704063416, 0.455950528383255, 0.4613601267337799, 0.4629057049751282, 0.5123647451400757, 0.48068004846572876, 0.5139103531837463, 0.5046367645263672, 0.5270479321479797, 0.5], "all_token_val_accuracy": [0.0, 0.0, 0.0, 0.0, 0.0, 0.0, 0.0, 0.0, 0.0, 0.003863987745717168, 0.3160741925239563, 0.4899536371231079, 0.49613600969314575, 0.4969088137149811, 0.4976816177368164, 0.4969088137149811, 0.4922720193862915, 0.48763522505760193, 0.4721792936325073, 0.44976815581321716, 0.45208656787872314, 0.4528593420982361, 0.4528593420982361, 0.4513137638568878, 0.4459041655063629, 0.4513137638568878, 0.47527047991752625, 0.45672333240509033, 0.44744977355003357, 0.45440495014190674, 0.46522411704063416, 0.455950528383255, 0.4613601267337799, 0.4629057049751282, 0.5123647451400757, 0.48068004846572876, 0.5139103531837463, 0.5046367645263672, 0.5270479321479797, 0.5]}}