{"scitail_b_train_4_16": {"num_of_epochs": 5, "learning_rate": 0.0005, "training_ds_fpath": "_train_4_16", "first_token_val_accuracy": [0.5, 0.5, 0.5061823725700378, 0.5015456080436707, 0.526275098323822], "all_token_val_accuracy": [0.5, 0.5, 0.5061823725700378, 0.5015456080436707, 0.526275098323822]}}