{"scitail_b_train_3_4": {"num_of_epochs": 30, "learning_rate": 0.001, "training_ds_fpath": "_train_3_4", "first_token_val_accuracy": [0.0880989208817482, 0.4969088137149811, 0.5, 0.5, 0.48377126455307007, 0.4737248718738556, 0.49072644114494324, 0.48840802907943726, 0.4791344702243805, 0.4814528524875641, 0.47527047991752625, 0.4667696952819824, 0.471406489610672, 0.4953632056713104, 0.5030912160873413, 0.5046367645263672, 0.5162287354469299, 0.5139103531837463, 0.510819137096405, 0.5077279806137085, 0.5131375789642334, 0.515455961227417, 0.5146831274032593, 0.5170015692710876, 0.5177743434906006, 0.515455961227417, 0.515455961227417, 0.515455961227417, 0.515455961227417, 0.5162287354469299], "all_token_val_accuracy": [0.0880989208817482, 0.4969088137149811, 0.5, 0.5, 0.48377126455307007, 0.4737248718738556, 0.49072644114494324, 0.48840802907943726, 0.4791344702243805, 0.4814528524875641, 0.47527047991752625, 0.4667696952819824, 0.471406489610672, 0.4953632056713104, 0.5030912160873413, 0.5046367645263672, 0.5162287354469299, 0.5139103531837463, 0.510819137096405, 0.5077279806137085, 0.5131375789642334, 0.515455961227417, 0.5146831274032593, 0.5170015692710876, 0.5177743434906006, 0.515455961227417, 0.515455961227417, 0.515455961227417, 0.515455961227417, 0.5162287354469299]}}