{"scitail_b_train_7_16": {"num_of_epochs": 5, "learning_rate": 0.0005, "training_ds_fpath": "_train_7_16", "first_token_val_accuracy": [0.5123647451400757, 0.568006157875061, 0.5370942950248718, 0.5772797465324402, 0.6012364625930786], "all_token_val_accuracy": [0.5123647451400757, 0.568006157875061, 0.5370942950248718, 0.5772797465324402, 0.6012364625930786]}}