{"scitail_b_train_4_8": {"num_of_epochs": 10, "learning_rate": 0.0005, "training_ds_fpath": "_train_4_8", "first_token_val_accuracy": [0.45517775416374207, 0.49845439195632935, 0.49845439195632935, 0.5023183822631836, 0.4953632056713104, 0.515455961227417, 0.5208655595779419, 0.515455961227417, 0.4976816177368164, 0.24188563227653503], "all_token_val_accuracy": [0.45517775416374207, 0.49845439195632935, 0.49845439195632935, 0.5023183822631836, 0.4953632056713104, 0.515455961227417, 0.5208655595779419, 0.515455961227417, 0.4976816177368164, 0.24188563227653503]}}