{"scitail_b_train_8_16": {"num_of_epochs": 50, "learning_rate": 0.0005, "training_ds_fpath": "_train_8_16", "first_token_val_accuracy": [0.5, 0.4721792936325073, 0.49381762742996216, 0.5123647451400757, 0.5471406579017639, 0.4945904314517975, 0.5038639903068542, 0.5185471177101135, 0.5208655595779419, 0.5231839418411255, 0.5177743434906006, 0.5332303047180176, 0.5340030789375305, 0.5301390886306763, 0.5100463628768921, 0.5092735886573792, 0.5162287354469299, 0.5216383337974548, 0.5293663144111633, 0.5293663144111633, 0.5293663144111633, 0.5293663144111633, 0.5285934805870056, 0.47063368558883667, 0.5023183822631836, 0.5007727742195129, 0.5278207063674927, 0.5332303047180176, 0.5293663144111633, 0.5270479321479797, 0.5247295498847961, 0.5278207063674927, 0.5270479321479797, 0.5247295498847961, 0.5278207063674927, 0.5293663144111633, 0.5293663144111633, 0.5293663144111633, 0.5293663144111633, 0.5301390886306763, 0.530911922454834, 0.530911922454834, 0.5316846966743469, 0.5324574708938599, 0.5293663144111633, 0.5293663144111633, 0.5293663144111633, 0.5293663144111633, 0.5293663144111633, 0.5278207063674927], "all_token_val_accuracy": [0.5, 0.4721792936325073, 0.49381762742996216, 0.5123647451400757, 0.5471406579017639, 0.4945904314517975, 0.5038639903068542, 0.5185471177101135, 0.5208655595779419, 0.5231839418411255, 0.5177743434906006, 0.5332303047180176, 0.5340030789375305, 0.5301390886306763, 0.5100463628768921, 0.5092735886573792, 0.5162287354469299, 0.5216383337974548, 0.5293663144111633, 0.5293663144111633, 0.5293663144111633, 0.5293663144111633, 0.5285934805870056, 0.47063368558883667, 0.5023183822631836, 0.5007727742195129, 0.5278207063674927, 0.5332303047180176, 0.5293663144111633, 0.5270479321479797, 0.5247295498847961, 0.5278207063674927, 0.5270479321479797, 0.5247295498847961, 0.5278207063674927, 0.5293663144111633, 0.5293663144111633, 0.5293663144111633, 0.5293663144111633, 0.5301390886306763, 0.530911922454834, 0.530911922454834, 0.5316846966743469, 0.5324574708938599, 0.5293663144111633, 0.5293663144111633, 0.5293663144111633, 0.5293663144111633, 0.5293663144111633, 0.5278207063674927]}}