{"scitail_b_train_1_4": {"num_of_epochs": 50, "learning_rate": 0.0001, "training_ds_fpath": "_train_1_4", "first_token_val_accuracy": [0.0, 0.0, 0.0, 0.0, 0.0, 0.0, 0.0007727975025773048, 0.17233385145664215, 0.47063368558883667, 0.4969088137149811, 0.49845439195632935, 0.49613600969314575, 0.47836166620254517, 0.4690881073474884, 0.5, 0.5015456080436707, 0.4976816177368164, 0.5015456080436707, 0.5069552063941956, 0.4969088137149811, 0.5023183822631836, 0.5092735886573792, 0.5046367645263672, 0.5023183822631836, 0.5023183822631836, 0.510819137096405, 0.5123647451400757, 0.5023183822631836, 0.48840802907943726, 0.49381762742996216, 0.5038639903068542, 0.5069552063941956, 0.5046367645263672, 0.49072644114494324, 0.48299846053123474, 0.4922720193862915, 0.49845439195632935, 0.5, 0.5069552063941956, 0.5131375789642334, 0.5038639903068542, 0.4945904314517975, 0.4969088137149811, 0.4899536371231079, 0.48608964681625366, 0.48299846053123474, 0.4822256565093994, 0.48840802907943726, 0.48068004846572876, 0.4814528524875641], "all_token_val_accuracy": [0.0, 0.0, 0.0, 0.0, 0.0, 0.0, 0.0007727975025773048, 0.17233385145664215, 0.47063368558883667, 0.4969088137149811, 0.49845439195632935, 0.49613600969314575, 0.47836166620254517, 0.4690881073474884, 0.5, 0.5015456080436707, 0.4976816177368164, 0.5015456080436707, 0.5069552063941956, 0.4969088137149811, 0.5023183822631836, 0.5092735886573792, 0.5046367645263672, 0.5023183822631836, 0.5023183822631836, 0.510819137096405, 0.5123647451400757, 0.5023183822631836, 0.48840802907943726, 0.49381762742996216, 0.5038639903068542, 0.5069552063941956, 0.5046367645263672, 0.49072644114494324, 0.48299846053123474, 0.4922720193862915, 0.49845439195632935, 0.5, 0.5069552063941956, 0.5131375789642334, 0.5038639903068542, 0.4945904314517975, 0.4969088137149811, 0.4899536371231079, 0.48608964681625366, 0.48299846053123474, 0.4822256565093994, 0.48840802907943726, 0.48068004846572876, 0.4814528524875641]}}