{"scitail_b_train_7_16": {"num_of_epochs": 10, "learning_rate": 0.0001, "training_ds_fpath": "_train_7_16", "first_token_val_accuracy": [0.0, 0.003863987745717168, 0.49613600969314575, 0.47295209765434265, 0.5425038933753967, 0.5448222756385803, 0.5285934805870056, 0.5386399030685425, 0.5595054030418396, 0.5672333836555481], "all_token_val_accuracy": [0.0, 0.003863987745717168, 0.49613600969314575, 0.47295209765434265, 0.5425038933753967, 0.5448222756385803, 0.5285934805870056, 0.5386399030685425, 0.5595054030418396, 0.5672333836555481]}}