{"scitail_b_train_8_8": {"num_of_epochs": 50, "learning_rate": 0.0005, "training_ds_fpath": "_train_8_8", "first_token_val_accuracy": [0.46986088156700134, 0.5085007548332214, 0.5007727742195129, 0.5200927257537842, 0.4992271959781647, 0.5502318143844604, 0.5602782368659973, 0.5587326288223267, 0.541731059551239, 0.5911900997161865, 0.615146815776825, 0.6159196496009827, 0.5850077271461487, 0.625193178653717, 0.629830002784729, 0.6182380318641663, 0.615146815776825, 0.6174651980400085, 0.6197836399078369, 0.6329211592674255, 0.6306027770042419, 0.6236476302146912, 0.6282843947410583, 0.6321483850479126, 0.6282843947410583, 0.6282843947410583, 0.6282843947410583, 0.6313755512237549, 0.6383307576179504, 0.6375579833984375, 0.6352395415306091, 0.629830002784729, 0.629830002784729, 0.6321483850479126, 0.6306027770042419, 0.6313755512237549, 0.629830002784729, 0.629830002784729, 0.6352395415306091, 0.6336939930915833, 0.6344667673110962, 0.6398763656616211, 0.6391035318374634, 0.640649139881134, 0.6421947479248047, 0.6398763656616211, 0.6398763656616211, 0.6398763656616211, 0.6383307576179504, 0.6476043462753296], "all_token_val_accuracy": [0.46986088156700134, 0.5085007548332214, 0.5007727742195129, 0.5200927257537842, 0.4992271959781647, 0.5502318143844604, 0.5602782368659973, 0.5587326288223267, 0.541731059551239, 0.5911900997161865, 0.615146815776825, 0.6159196496009827, 0.5850077271461487, 0.625193178653717, 0.629830002784729, 0.6182380318641663, 0.615146815776825, 0.6174651980400085, 0.6197836399078369, 0.6329211592674255, 0.6306027770042419, 0.6236476302146912, 0.6282843947410583, 0.6321483850479126, 0.6282843947410583, 0.6282843947410583, 0.6282843947410583, 0.6313755512237549, 0.6383307576179504, 0.6375579833984375, 0.6352395415306091, 0.629830002784729, 0.629830002784729, 0.6321483850479126, 0.6306027770042419, 0.6313755512237549, 0.629830002784729, 0.629830002784729, 0.6352395415306091, 0.6336939930915833, 0.6344667673110962, 0.6398763656616211, 0.6391035318374634, 0.640649139881134, 0.6421947479248047, 0.6398763656616211, 0.6398763656616211, 0.6398763656616211, 0.6383307576179504, 0.6476043462753296]}}