{"scitail_b_train_3_32": {"num_of_epochs": 40, "learning_rate": 1e-05, "training_ds_fpath": "_train_3_32", "first_token_val_accuracy": [0.0, 0.0, 0.0, 0.0, 0.0, 0.0, 0.0, 0.0, 0.0, 0.0007727975025773048, 0.10200927406549454, 0.4412674009799957, 0.49304482340812683, 0.4969088137149811, 0.49613600969314575, 0.49072644114494324, 0.48763522505760193, 0.4744976758956909, 0.46213293075561523, 0.458268940448761, 0.45672333240509033, 0.45672333240509033, 0.4536321461200714, 0.45517775416374207, 0.4528593420982361, 0.4536321461200714, 0.45440495014190674, 0.4397217929363251, 0.45440495014190674, 0.4613601267337799, 0.45981451869010925, 0.45672333240509033, 0.455950528383255, 0.4605873227119446, 0.46213293075561523, 0.45672333240509033, 0.45672333240509033, 0.45672333240509033, 0.45749613642692566, 0.4659969210624695], "all_token_val_accuracy": [0.0, 0.0, 0.0, 0.0, 0.0, 0.0, 0.0, 0.0, 0.0, 0.0007727975025773048, 0.10200927406549454, 0.4412674009799957, 0.49304482340812683, 0.4969088137149811, 0.49613600969314575, 0.49072644114494324, 0.48763522505760193, 0.4744976758956909, 0.46213293075561523, 0.458268940448761, 0.45672333240509033, 0.45672333240509033, 0.4536321461200714, 0.45517775416374207, 0.4528593420982361, 0.4536321461200714, 0.45440495014190674, 0.4397217929363251, 0.45440495014190674, 0.4613601267337799, 0.45981451869010925, 0.45672333240509033, 0.455950528383255, 0.4605873227119446, 0.46213293075561523, 0.45672333240509033, 0.45672333240509033, 0.45672333240509033, 0.45749613642692566, 0.4659969210624695]}}