{"scitail_b_train_7_8": {"num_of_epochs": 50, "learning_rate": 0.001, "training_ds_fpath": "_train_7_8", "first_token_val_accuracy": [0.49381762742996216, 0.4976816177368164, 0.5247295498847961, 0.5193199515342712, 0.5440494418144226, 0.5610510110855103, 0.5540958046913147, 0.5548686385154724, 0.557959794998169, 0.557959794998169, 0.5757341384887695, 0.5741885900497437, 0.5734157562255859, 0.568006157875061, 0.568006157875061, 0.5672333836555481, 0.5710973739624023, 0.5687789916992188, 0.5718701481819153, 0.5749613642692566, 0.5734157562255859, 0.5749613642692566, 0.5641421675682068, 0.5664606094360352, 0.568006157875061, 0.5664606094360352, 0.5687789916992188, 0.572642982006073, 0.5703245997428894, 0.572642982006073, 0.5718701481819153, 0.5703245997428894, 0.5710973739624023, 0.5718701481819153, 0.572642982006073, 0.5718701481819153, 0.5672333836555481, 0.5664606094360352, 0.5649150013923645, 0.5610510110855103, 0.5633693933486938, 0.5625966191291809, 0.5618237853050232, 0.5602782368659973, 0.5618237853050232, 0.5625966191291809, 0.5618237853050232, 0.5610510110855103, 0.5610510110855103, 0.5610510110855103], "all_token_val_accuracy": [0.49381762742996216, 0.4976816177368164, 0.5247295498847961, 0.5193199515342712, 0.5440494418144226, 0.5610510110855103, 0.5540958046913147, 0.5548686385154724, 0.557959794998169, 0.557959794998169, 0.5757341384887695, 0.5741885900497437, 0.5734157562255859, 0.568006157875061, 0.568006157875061, 0.5672333836555481, 0.5710973739624023, 0.5687789916992188, 0.5718701481819153, 0.5749613642692566, 0.5734157562255859, 0.5749613642692566, 0.5641421675682068, 0.5664606094360352, 0.568006157875061, 0.5664606094360352, 0.5687789916992188, 0.572642982006073, 0.5703245997428894, 0.572642982006073, 0.5718701481819153, 0.5703245997428894, 0.5710973739624023, 0.5718701481819153, 0.572642982006073, 0.5718701481819153, 0.5672333836555481, 0.5664606094360352, 0.5649150013923645, 0.5610510110855103, 0.5633693933486938, 0.5625966191291809, 0.5618237853050232, 0.5602782368659973, 0.5618237853050232, 0.5625966191291809, 0.5618237853050232, 0.5610510110855103, 0.5610510110855103, 0.5610510110855103]}}