{"scitail_b_train_5_8": {"num_of_epochs": 30, "learning_rate": 0.0005, "training_ds_fpath": "_train_5_8", "first_token_val_accuracy": [0.486862450838089, 0.5, 0.5046367645263672, 0.5200927257537842, 0.49845439195632935, 0.4992271959781647, 0.49613600969314575, 0.5100463628768921, 0.5131375789642334, 0.5494590401649475, 0.5525502562522888, 0.5409582853317261, 0.5471406579017639, 0.5255023241043091, 0.5378670692443848, 0.5293663144111633, 0.5332303047180176, 0.5324574708938599, 0.5440494418144226, 0.5409582853317261, 0.5386399030685425, 0.5278207063674927, 0.5293663144111633, 0.5208655595779419, 0.530911922454834, 0.5301390886306763, 0.5301390886306763, 0.5200927257537842, 0.5239567160606384, 0.5270479321479797], "all_token_val_accuracy": [0.486862450838089, 0.5, 0.5046367645263672, 0.5200927257537842, 0.49845439195632935, 0.4992271959781647, 0.49613600969314575, 0.5100463628768921, 0.5131375789642334, 0.5494590401649475, 0.5525502562522888, 0.5409582853317261, 0.5471406579017639, 0.5255023241043091, 0.5378670692443848, 0.5293663144111633, 0.5332303047180176, 0.5324574708938599, 0.5440494418144226, 0.5409582853317261, 0.5386399030685425, 0.5278207063674927, 0.5293663144111633, 0.5208655595779419, 0.530911922454834, 0.5301390886306763, 0.5301390886306763, 0.5200927257537842, 0.5239567160606384, 0.5270479321479797]}}