{"scitail_b_train_2_8": {"num_of_epochs": 30, "learning_rate": 0.0005, "training_ds_fpath": "_train_2_8", "first_token_val_accuracy": [0.1344667673110962, 0.427357017993927, 0.5061823725700378, 0.49072644114494324, 0.46754249930381775, 0.5255023241043091, 0.5293663144111633, 0.526275098323822, 0.515455961227417, 0.5224111080169678, 0.515455961227417, 0.5170015692710876, 0.5115919709205627, 0.5170015692710876, 0.5270479321479797, 0.5278207063674927, 0.5316846966743469, 0.5285934805870056, 0.5316846966743469, 0.5069552063941956, 0.5030912160873413, 0.5023183822631836, 0.5054095983505249, 0.5255023241043091, 0.5216383337974548, 0.5216383337974548, 0.5255023241043091, 0.5270479321479797, 0.5278207063674927, 0.5270479321479797], "all_token_val_accuracy": [0.1344667673110962, 0.427357017993927, 0.5061823725700378, 0.49072644114494324, 0.46754249930381775, 0.5255023241043091, 0.5293663144111633, 0.526275098323822, 0.515455961227417, 0.5224111080169678, 0.515455961227417, 0.5170015692710876, 0.5115919709205627, 0.5170015692710876, 0.5270479321479797, 0.5278207063674927, 0.5316846966743469, 0.5285934805870056, 0.5316846966743469, 0.5069552063941956, 0.5030912160873413, 0.5023183822631836, 0.5054095983505249, 0.5255023241043091, 0.5216383337974548, 0.5216383337974548, 0.5255023241043091, 0.5270479321479797, 0.5278207063674927, 0.5270479321479797]}}