{"scitail_b_train_4_4": {"num_of_epochs": 10, "learning_rate": 0.0005, "training_ds_fpath": "_train_4_4", "first_token_val_accuracy": [0.0, 0.42658424377441406, 0.4992271959781647, 0.4953632056713104, 0.4976816177368164, 0.4976816177368164, 0.49304482340812683, 0.4969088137149811, 0.5092735886573792, 0.515455961227417], "all_token_val_accuracy": [0.0, 0.42658424377441406, 0.4992271959781647, 0.4953632056713104, 0.4976816177368164, 0.4976816177368164, 0.49304482340812683, 0.4969088137149811, 0.5092735886573792, 0.515455961227417]}}