{"scitail_b_train_4_32": {"num_of_epochs": 20, "learning_rate": 0.001, "training_ds_fpath": "_train_4_32", "first_token_val_accuracy": [0.5200927257537842, 0.5564142465591431, 0.572642982006073, 0.5092735886573792, 0.5641421675682068, 0.5625966191291809, 0.5610510110855103, 0.5672333836555481, 0.5795981287956238, 0.5811437368392944, 0.5819165110588074, 0.5780525207519531, 0.5850077271461487, 0.5865533351898193, 0.583462119102478, 0.5865533351898193, 0.5888717174530029, 0.58809894323349, 0.58809894323349, 0.5873261094093323], "all_token_val_accuracy": [0.5200927257537842, 0.5564142465591431, 0.572642982006073, 0.5092735886573792, 0.5641421675682068, 0.5625966191291809, 0.5610510110855103, 0.5672333836555481, 0.5795981287956238, 0.5811437368392944, 0.5819165110588074, 0.5780525207519531, 0.5850077271461487, 0.5865533351898193, 0.583462119102478, 0.5865533351898193, 0.5888717174530029, 0.58809894323349, 0.58809894323349, 0.5873261094093323]}}