{"scitail_b_train_6_32": {"num_of_epochs": 40, "learning_rate": 1e-05, "training_ds_fpath": "_train_6_32", "first_token_val_accuracy": [0.0, 0.0, 0.0, 0.0, 0.0, 0.0, 0.0, 0.0, 0.0, 0.0007727975025773048, 0.026275115087628365, 0.2952086627483368, 0.4891808331012726, 0.49381762742996216, 0.49613600969314575, 0.49304482340812683, 0.4922720193862915, 0.4814528524875641, 0.46986088156700134, 0.44667696952819824, 0.44744977355003357, 0.44667696952819824, 0.4397217929363251, 0.4459041655063629, 0.44667696952819824, 0.45672333240509033, 0.4659969210624695, 0.45981451869010925, 0.46754249930381775, 0.4667696952819824, 0.4760432839393616, 0.47063368558883667, 0.4768160879611969, 0.49381762742996216, 0.4976816177368164, 0.4799072742462158, 0.49845439195632935, 0.49304482340812683, 0.49845439195632935, 0.4891808331012726], "all_token_val_accuracy": [0.0, 0.0, 0.0, 0.0, 0.0, 0.0, 0.0, 0.0, 0.0, 0.0007727975025773048, 0.026275115087628365, 0.2952086627483368, 0.4891808331012726, 0.49381762742996216, 0.49613600969314575, 0.49304482340812683, 0.4922720193862915, 0.4814528524875641, 0.46986088156700134, 0.44667696952819824, 0.44744977355003357, 0.44667696952819824, 0.4397217929363251, 0.4459041655063629, 0.44667696952819824, 0.45672333240509033, 0.4659969210624695, 0.45981451869010925, 0.46754249930381775, 0.4667696952819824, 0.4760432839393616, 0.47063368558883667, 0.4768160879611969, 0.49381762742996216, 0.4976816177368164, 0.4799072742462158, 0.49845439195632935, 0.49304482340812683, 0.49845439195632935, 0.4891808331012726]}}