{"scitail_b_train_9_8": {"num_of_epochs": 5, "learning_rate": 0.0001, "training_ds_fpath": "_train_9_8", "first_token_val_accuracy": [0.0, 0.0, 0.0007727975025773048, 0.07341576367616653, 0.49845439195632935], "all_token_val_accuracy": [0.0, 0.0, 0.0007727975025773048, 0.07341576367616653, 0.49845439195632935]}}