{"scitail_b_train_4_8": {"num_of_epochs": 30, "learning_rate": 0.0005, "training_ds_fpath": "_train_4_8", "first_token_val_accuracy": [0.14837712049484253, 0.4992271959781647, 0.4760432839393616, 0.5007727742195129, 0.5007727742195129, 0.48068004846572876, 0.48531684279441833, 0.5007727742195129, 0.4613601267337799, 0.47836166620254517, 0.5015456080436707, 0.5046367645263672, 0.5185471177101135, 0.5185471177101135, 0.5193199515342712, 0.5278207063674927, 0.5316846966743469, 0.5363214612007141, 0.5347759127616882, 0.5370942950248718, 0.5394126772880554, 0.5363214612007141, 0.5324574708938599, 0.5270479321479797, 0.5278207063674927, 0.5278207063674927, 0.530911922454834, 0.530911922454834, 0.5324574708938599, 0.5332303047180176], "all_token_val_accuracy": [0.14837712049484253, 0.4992271959781647, 0.4760432839393616, 0.5007727742195129, 0.5007727742195129, 0.48068004846572876, 0.48531684279441833, 0.5007727742195129, 0.4613601267337799, 0.47836166620254517, 0.5015456080436707, 0.5046367645263672, 0.5185471177101135, 0.5185471177101135, 0.5193199515342712, 0.5278207063674927, 0.5316846966743469, 0.5363214612007141, 0.5347759127616882, 0.5370942950248718, 0.5394126772880554, 0.5363214612007141, 0.5324574708938599, 0.5270479321479797, 0.5278207063674927, 0.5278207063674927, 0.530911922454834, 0.530911922454834, 0.5324574708938599, 0.5332303047180176]}}