{"scitail_b_train_3_32": {"num_of_epochs": 5, "learning_rate": 0.001, "training_ds_fpath": "_train_3_32", "first_token_val_accuracy": [0.5, 0.5, 0.4899536371231079, 0.4922720193862915, 0.5069552063941956], "all_token_val_accuracy": [0.5, 0.5, 0.4899536371231079, 0.4922720193862915, 0.5069552063941956]}}