{"scitail_b_train_8_8": {"num_of_epochs": 20, "learning_rate": 0.0001, "training_ds_fpath": "_train_8_8", "first_token_val_accuracy": [0.0, 0.0, 0.0, 0.103554867208004, 0.44435858726501465, 0.46754249930381775, 0.4744976758956909, 0.5293663144111633, 0.5185471177101135, 0.5216383337974548, 0.5324574708938599, 0.5394126772880554, 0.5185471177101135, 0.5255023241043091, 0.5278207063674927, 0.5448222756385803, 0.5479134321212769, 0.5494590401649475, 0.5332303047180176, 0.5401854515075684], "all_token_val_accuracy": [0.0, 0.0, 0.0, 0.103554867208004, 0.44435858726501465, 0.46754249930381775, 0.4744976758956909, 0.5293663144111633, 0.5185471177101135, 0.5216383337974548, 0.5324574708938599, 0.5394126772880554, 0.5185471177101135, 0.5255023241043091, 0.5278207063674927, 0.5448222756385803, 0.5479134321212769, 0.5494590401649475, 0.5332303047180176, 0.5401854515075684]}}