{"scitail_b_train_3_8": {"num_of_epochs": 5, "learning_rate": 0.001, "training_ds_fpath": "_train_3_8", "first_token_val_accuracy": [0.5038639903068542, 0.49304482340812683, 0.541731059551239, 0.5030912160873413, 0.5030912160873413], "all_token_val_accuracy": [0.5038639903068542, 0.49304482340812683, 0.541731059551239, 0.5030912160873413, 0.5030912160873413]}}