{"scitail_b_train_3_32": {"num_of_epochs": 40, "learning_rate": 0.0001, "training_ds_fpath": "_train_3_32", "first_token_val_accuracy": [0.026275115087628365, 0.47063368558883667, 0.4799072742462158, 0.48299846053123474, 0.5, 0.5270479321479797, 0.5378670692443848, 0.5332303047180176, 0.5270479321479797, 0.5455950498580933, 0.5610510110855103, 0.557959794998169, 0.5710973739624023, 0.5757341384887695, 0.5772797465324402, 0.5795981287956238, 0.5780525207519531, 0.5803709626197815, 0.5432766675949097, 0.598918080329895, 0.6074188351631165, 0.5896444916725159, 0.5904173254966736, 0.5927357077598572, 0.6112828254699707, 0.6074188351631165, 0.6058732867240906, 0.6081916689872742, 0.599690854549408, 0.6043276786804199, 0.6043276786804199, 0.572642982006073, 0.6166924238204956, 0.5981453061103821, 0.6051004528999329, 0.6004636883735657, 0.6004636883735657, 0.5865533351898193, 0.5942813158035278, 0.5965996980667114], "all_token_val_accuracy": [0.026275115087628365, 0.47063368558883667, 0.4799072742462158, 0.48299846053123474, 0.5, 0.5270479321479797, 0.5378670692443848, 0.5332303047180176, 0.526275098323822, 0.5455950498580933, 0.5610510110855103, 0.557959794998169, 0.5710973739624023, 0.5757341384887695, 0.5772797465324402, 0.5795981287956238, 0.5780525207519531, 0.5803709626197815, 0.5432766675949097, 0.598918080329895, 0.6074188351631165, 0.5896444916725159, 0.5904173254966736, 0.5927357077598572, 0.6112828254699707, 0.6074188351631165, 0.6058732867240906, 0.6081916689872742, 0.599690854549408, 0.6043276786804199, 0.6043276786804199, 0.572642982006073, 0.6166924238204956, 0.5981453061103821, 0.6051004528999329, 0.6004636883735657, 0.6004636883735657, 0.5865533351898193, 0.5942813158035278, 0.5965996980667114]}}