{"scitail_b_train_6_4": {"num_of_epochs": 10, "learning_rate": 0.0005, "training_ds_fpath": "_train_6_4", "first_token_val_accuracy": [0.0, 0.4605873227119446, 0.5162287354469299, 0.5038639903068542, 0.5054095983505249, 0.5216383337974548, 0.5224111080169678, 0.5092735886573792, 0.49072644114494324, 0.5030912160873413], "all_token_val_accuracy": [0.0, 0.4605873227119446, 0.5162287354469299, 0.5038639903068542, 0.5054095983505249, 0.5216383337974548, 0.5224111080169678, 0.5092735886573792, 0.49072644114494324, 0.5030912160873413]}}