{"scitail_b_train_8_16": {"num_of_epochs": 10, "learning_rate": 0.0001, "training_ds_fpath": "_train_8_16", "first_token_val_accuracy": [0.0, 0.39489954710006714, 0.4891808331012726, 0.4822256565093994, 0.49072644114494324, 0.4992271959781647, 0.5131375789642334, 0.4945904314517975, 0.5092735886573792, 0.5200927257537842], "all_token_val_accuracy": [0.0, 0.3941267430782318, 0.4891808331012726, 0.4822256565093994, 0.49072644114494324, 0.4992271959781647, 0.5131375789642334, 0.4945904314517975, 0.5092735886573792, 0.5200927257537842]}}