{"scitail_b_train_6_16": {"num_of_epochs": 30, "learning_rate": 0.001, "training_ds_fpath": "_train_6_16", "first_token_val_accuracy": [0.5463678240776062, 0.5455950498580933, 0.5548686385154724, 0.541731059551239, 0.5394126772880554, 0.5455950498580933, 0.5517774224281311, 0.5510046482086182, 0.5494590401649475, 0.5510046482086182, 0.5533230304718018, 0.5494590401649475, 0.5471406579017639, 0.5471406579017639, 0.5409582853317261, 0.5425038933753967, 0.5463678240776062, 0.5440494418144226, 0.541731059551239, 0.5401854515075684, 0.5556414127349854, 0.5548686385154724, 0.5525502562522888, 0.5525502562522888, 0.5556414127349854, 0.5533230304718018, 0.5548686385154724, 0.5564142465591431, 0.5564142465591431, 0.5548686385154724], "all_token_val_accuracy": [0.5463678240776062, 0.5455950498580933, 0.5548686385154724, 0.541731059551239, 0.5394126772880554, 0.5455950498580933, 0.5517774224281311, 0.5510046482086182, 0.5494590401649475, 0.5510046482086182, 0.5533230304718018, 0.5494590401649475, 0.5471406579017639, 0.5471406579017639, 0.5409582853317261, 0.5425038933753967, 0.5463678240776062, 0.5440494418144226, 0.541731059551239, 0.5401854515075684, 0.5556414127349854, 0.5548686385154724, 0.5525502562522888, 0.5525502562522888, 0.5556414127349854, 0.5533230304718018, 0.5548686385154724, 0.5564142465591431, 0.5564142465591431, 0.5548686385154724]}}