{"scitail_b_train_9_4": {"num_of_epochs": 5, "learning_rate": 0.0005, "training_ds_fpath": "_train_9_4", "first_token_val_accuracy": [0.0, 0.4528593420982361, 0.49072644114494324, 0.47758886218070984, 0.4922720193862915], "all_token_val_accuracy": [0.0, 0.4528593420982361, 0.49072644114494324, 0.47758886218070984, 0.4922720193862915]}}