{"scitail_b_train_5_16": {"num_of_epochs": 50, "learning_rate": 0.001, "training_ds_fpath": "_train_5_16", "first_token_val_accuracy": [0.5, 0.5, 0.5239567160606384, 0.5054095983505249, 0.5162287354469299, 0.5332303047180176, 0.5455950498580933, 0.5641421675682068, 0.5687789916992188, 0.5625966191291809, 0.5641421675682068, 0.5710973739624023, 0.5664606094360352, 0.5664606094360352, 0.5687789916992188, 0.5672333836555481, 0.5687789916992188, 0.5710973739624023, 0.5703245997428894, 0.5664606094360352, 0.5687789916992188, 0.5672333836555481, 0.5664606094360352, 0.5695517659187317, 0.5687789916992188, 0.5633693933486938, 0.5649150013923645, 0.5656877756118774, 0.5687789916992188, 0.568006157875061, 0.5672333836555481, 0.5641421675682068, 0.5641421675682068, 0.5687789916992188, 0.5703245997428894, 0.5618237853050232, 0.5618237853050232, 0.5610510110855103, 0.5625966191291809, 0.5618237853050232, 0.5556414127349854, 0.5548686385154724, 0.5564142465591431, 0.5664606094360352, 0.5695517659187317, 0.568006157875061, 0.5687789916992188, 0.5703245997428894, 0.5703245997428894, 0.568006157875061], "all_token_val_accuracy": [0.5, 0.5, 0.5239567160606384, 0.5054095983505249, 0.5162287354469299, 0.5332303047180176, 0.5455950498580933, 0.5641421675682068, 0.5687789916992188, 0.5625966191291809, 0.5641421675682068, 0.5710973739624023, 0.5664606094360352, 0.5664606094360352, 0.5687789916992188, 0.5672333836555481, 0.5687789916992188, 0.5710973739624023, 0.5703245997428894, 0.5664606094360352, 0.5687789916992188, 0.5672333836555481, 0.5664606094360352, 0.5695517659187317, 0.5687789916992188, 0.5633693933486938, 0.5649150013923645, 0.5656877756118774, 0.5687789916992188, 0.568006157875061, 0.5672333836555481, 0.5641421675682068, 0.5641421675682068, 0.5687789916992188, 0.5703245997428894, 0.5618237853050232, 0.5618237853050232, 0.5610510110855103, 0.5625966191291809, 0.5618237853050232, 0.5556414127349854, 0.5548686385154724, 0.5564142465591431, 0.5664606094360352, 0.5695517659187317, 0.568006157875061, 0.5687789916992188, 0.5703245997428894, 0.5703245997428894, 0.568006157875061]}}