{"scitail_b_train_6_8": {"num_of_epochs": 40, "learning_rate": 0.0001, "training_ds_fpath": "_train_6_8", "first_token_val_accuracy": [0.0, 0.0, 0.0, 0.24961359798908234, 0.4814528524875641, 0.4976816177368164, 0.48840802907943726, 0.4899536371231079, 0.49381762742996216, 0.4922720193862915, 0.5, 0.4992271959781647, 0.5077279806137085, 0.5054095983505249, 0.5131375789642334, 0.5224111080169678, 0.5216383337974548, 0.5038639903068542, 0.5, 0.5216383337974548, 0.5224111080169678, 0.5316846966743469, 0.5278207063674927, 0.5285934805870056, 0.5347759127616882, 0.5285934805870056, 0.5301390886306763, 0.541731059551239, 0.530911922454834, 0.5448222756385803, 0.5479134321212769, 0.5448222756385803, 0.530911922454834, 0.5517774224281311, 0.5340030789375305, 0.5386399030685425, 0.5378670692443848, 0.5347759127616882, 0.5378670692443848, 0.5285934805870056], "all_token_val_accuracy": [0.0, 0.0, 0.0, 0.24961359798908234, 0.4814528524875641, 0.4976816177368164, 0.48840802907943726, 0.4899536371231079, 0.49381762742996216, 0.4922720193862915, 0.5, 0.4992271959781647, 0.5077279806137085, 0.5054095983505249, 0.5131375789642334, 0.5224111080169678, 0.5216383337974548, 0.5038639903068542, 0.5, 0.5216383337974548, 0.5224111080169678, 0.5316846966743469, 0.5278207063674927, 0.5285934805870056, 0.5347759127616882, 0.5285934805870056, 0.5301390886306763, 0.541731059551239, 0.530911922454834, 0.5448222756385803, 0.5479134321212769, 0.5448222756385803, 0.530911922454834, 0.5517774224281311, 0.5340030789375305, 0.5386399030685425, 0.5378670692443848, 0.5347759127616882, 0.5378670692443848, 0.5285934805870056]}}