{"scitail_b_train_6_16": {"num_of_epochs": 20, "learning_rate": 0.001, "training_ds_fpath": "_train_6_16", "first_token_val_accuracy": [0.44667696952819824, 0.5255023241043091, 0.5564142465591431, 0.5641421675682068, 0.557187020778656, 0.5386399030685425, 0.5687789916992188, 0.568006157875061, 0.5672333836555481, 0.5633693933486938, 0.5618237853050232, 0.5672333836555481, 0.5718701481819153, 0.5749613642692566, 0.5780525207519531, 0.5749613642692566, 0.5765069723129272, 0.5734157562255859, 0.572642982006073, 0.5656877756118774], "all_token_val_accuracy": [0.44667696952819824, 0.5255023241043091, 0.5564142465591431, 0.5641421675682068, 0.557187020778656, 0.5386399030685425, 0.5687789916992188, 0.568006157875061, 0.5672333836555481, 0.5633693933486938, 0.5618237853050232, 0.5672333836555481, 0.5718701481819153, 0.5749613642692566, 0.5780525207519531, 0.5749613642692566, 0.5765069723129272, 0.5734157562255859, 0.572642982006073, 0.5656877756118774]}}