{"scitail_b_train_1_8": {"num_of_epochs": 40, "learning_rate": 0.001, "training_ds_fpath": "_train_1_8", "first_token_val_accuracy": [0.5177743434906006, 0.5046367645263672, 0.4590417444705963, 0.49381762742996216, 0.4613601267337799, 0.4721792936325073, 0.4721792936325073, 0.5432766675949097, 0.48840802907943726, 0.47836166620254517, 0.4945904314517975, 0.4922720193862915, 0.48763522505760193, 0.4768160879611969, 0.45981451869010925, 0.455950528383255, 0.4528593420982361, 0.4536321461200714, 0.45749613642692566, 0.455950528383255, 0.45672333240509033, 0.455950528383255, 0.458268940448761, 0.45749613642692566, 0.458268940448761, 0.45981451869010925, 0.4613601267337799, 0.45981451869010925, 0.455950528383255, 0.45672333240509033, 0.45672333240509033, 0.45672333240509033, 0.4590417444705963, 0.4590417444705963, 0.45981451869010925, 0.458268940448761, 0.4590417444705963, 0.4590417444705963, 0.45981451869010925, 0.4605873227119446], "all_token_val_accuracy": [0.5177743434906006, 0.5046367645263672, 0.4590417444705963, 0.49381762742996216, 0.4613601267337799, 0.4721792936325073, 0.4721792936325073, 0.5432766675949097, 0.48840802907943726, 0.47836166620254517, 0.4945904314517975, 0.4922720193862915, 0.48763522505760193, 0.4768160879611969, 0.45981451869010925, 0.455950528383255, 0.4528593420982361, 0.4536321461200714, 0.45749613642692566, 0.455950528383255, 0.45672333240509033, 0.455950528383255, 0.458268940448761, 0.45749613642692566, 0.458268940448761, 0.45981451869010925, 0.4613601267337799, 0.45981451869010925, 0.455950528383255, 0.45672333240509033, 0.45672333240509033, 0.45672333240509033, 0.4590417444705963, 0.4590417444705963, 0.45981451869010925, 0.458268940448761, 0.4590417444705963, 0.4590417444705963, 0.45981451869010925, 0.4605873227119446]}}