{"scitail_b_train_5_4": {"num_of_epochs": 50, "learning_rate": 0.001, "training_ds_fpath": "_train_5_4", "first_token_val_accuracy": [0.33848533034324646, 0.5092735886573792, 0.015455950982868671, 0.4945904314517975, 0.5440494418144226, 0.5100463628768921, 0.5517774224281311, 0.5935084819793701, 0.5355486869812012, 0.5007727742195129, 0.5038639903068542, 0.6174651980400085, 0.6491498947143555, 0.6506955027580261, 0.6267387866973877, 0.6236476302146912, 0.6074188351631165, 0.6035548448562622, 0.598918080329895, 0.5942813158035278, 0.5919629335403442, 0.5911900997161865, 0.5896444916725159, 0.5896444916725159, 0.5904173254966736, 0.5896444916725159, 0.5927357077598572, 0.5942813158035278, 0.5873261094093323, 0.5842349529266357, 0.583462119102478, 0.583462119102478, 0.583462119102478, 0.583462119102478, 0.5842349529266357, 0.5865533351898193, 0.5911900997161865, 0.5927357077598572, 0.5935084819793701, 0.5958268642425537, 0.5958268642425537, 0.5973724722862244, 0.6004636883735657, 0.6020092964172363, 0.5857805013656616, 0.5803709626197815, 0.5695517659187317, 0.5618237853050232, 0.5602782368659973, 0.5595054030418396], "all_token_val_accuracy": [0.33848533034324646, 0.5061823725700378, 0.015455950982868671, 0.4945904314517975, 0.5440494418144226, 0.5100463628768921, 0.5517774224281311, 0.5935084819793701, 0.5355486869812012, 0.5007727742195129, 0.5038639903068542, 0.6174651980400085, 0.6491498947143555, 0.6506955027580261, 0.6267387866973877, 0.6236476302146912, 0.6074188351631165, 0.6035548448562622, 0.598918080329895, 0.5942813158035278, 0.5919629335403442, 0.5911900997161865, 0.5896444916725159, 0.5896444916725159, 0.5904173254966736, 0.5896444916725159, 0.5927357077598572, 0.5942813158035278, 0.5873261094093323, 0.5842349529266357, 0.583462119102478, 0.583462119102478, 0.583462119102478, 0.583462119102478, 0.5842349529266357, 0.5865533351898193, 0.5911900997161865, 0.5927357077598572, 0.5935084819793701, 0.5958268642425537, 0.5958268642425537, 0.5973724722862244, 0.6004636883735657, 0.6020092964172363, 0.5857805013656616, 0.5803709626197815, 0.5695517659187317, 0.5618237853050232, 0.5602782368659973, 0.5595054030418396]}}