{"scitail_b_train_3_8": {"num_of_epochs": 10, "learning_rate": 0.0005, "training_ds_fpath": "_train_3_8", "first_token_val_accuracy": [0.017774343490600586, 0.4683153033256531, 0.48068004846572876, 0.526275098323822, 0.5239567160606384, 0.530911922454834, 0.5285934805870056, 0.49613600969314575, 0.5324574708938599, 0.5486862659454346], "all_token_val_accuracy": [0.017774343490600586, 0.4683153033256531, 0.48068004846572876, 0.526275098323822, 0.5239567160606384, 0.530911922454834, 0.5285934805870056, 0.49613600969314575, 0.5324574708938599, 0.5486862659454346]}}