{"scitail_b_train_8_8": {"num_of_epochs": 50, "learning_rate": 0.001, "training_ds_fpath": "_train_8_8", "first_token_val_accuracy": [0.5092735886573792, 0.5425038933753967, 0.5146831274032593, 0.5649150013923645, 0.5, 0.5069552063941956, 0.5224111080169678, 0.5664606094360352, 0.557959794998169, 0.5587326288223267, 0.5672333836555481, 0.5672333836555481, 0.5734157562255859, 0.5734157562255859, 0.5710973739624023, 0.5703245997428894, 0.5710973739624023, 0.5718701481819153, 0.5703245997428894, 0.5710973739624023, 0.5718701481819153, 0.5718701481819153, 0.5741885900497437, 0.5749613642692566, 0.5749613642692566, 0.5741885900497437, 0.5734157562255859, 0.572642982006073, 0.5741885900497437, 0.5795981287956238, 0.5788253545761108, 0.5795981287956238, 0.5788253545761108, 0.5803709626197815, 0.5757341384887695, 0.5765069723129272, 0.5765069723129272, 0.5765069723129272, 0.5780525207519531, 0.5811437368392944, 0.5780525207519531, 0.5780525207519531, 0.5765069723129272, 0.5788253545761108, 0.5788253545761108, 0.5803709626197815, 0.5795981287956238, 0.5803709626197815, 0.5803709626197815, 0.5772797465324402], "all_token_val_accuracy": [0.5092735886573792, 0.5425038933753967, 0.5146831274032593, 0.5649150013923645, 0.5, 0.5069552063941956, 0.5224111080169678, 0.5664606094360352, 0.557959794998169, 0.5587326288223267, 0.5672333836555481, 0.5672333836555481, 0.5734157562255859, 0.5734157562255859, 0.5710973739624023, 0.5703245997428894, 0.5710973739624023, 0.5718701481819153, 0.5703245997428894, 0.5710973739624023, 0.5718701481819153, 0.5718701481819153, 0.5741885900497437, 0.5749613642692566, 0.5749613642692566, 0.5741885900497437, 0.5734157562255859, 0.572642982006073, 0.5741885900497437, 0.5795981287956238, 0.5788253545761108, 0.5795981287956238, 0.5788253545761108, 0.5803709626197815, 0.5757341384887695, 0.5765069723129272, 0.5765069723129272, 0.5765069723129272, 0.5780525207519531, 0.5811437368392944, 0.5780525207519531, 0.5780525207519531, 0.5765069723129272, 0.5788253545761108, 0.5788253545761108, 0.5803709626197815, 0.5795981287956238, 0.5803709626197815, 0.5803709626197815, 0.5772797465324402]}}