{"scitail_b_train_4_16": {"num_of_epochs": 50, "learning_rate": 1e-05, "training_ds_fpath": "_train_4_16", "first_token_val_accuracy": [0.0, 0.0, 0.0, 0.0, 0.0, 0.0, 0.0, 0.0, 0.0, 0.0, 0.0, 0.0, 0.0, 0.0, 0.0, 0.0, 0.0, 0.0, 0.0007727975025773048, 0.009273570030927658, 0.1344667673110962, 0.3732612133026123, 0.4629057049751282, 0.48608964681625366, 0.49613600969314575, 0.4969088137149811, 0.4969088137149811, 0.49613600969314575, 0.49613600969314575, 0.49613600969314575, 0.4945904314517975, 0.49613600969314575, 0.4953632056713104, 0.49381762742996216, 0.4922720193862915, 0.48531684279441833, 0.4922720193862915, 0.48299846053123474, 0.48377126455307007, 0.4690881073474884, 0.48068004846572876, 0.4590417444705963, 0.46522411704063416, 0.4629057049751282, 0.45672333240509033, 0.455950528383255, 0.45517775416374207, 0.4613601267337799, 0.4613601267337799, 0.45440495014190674], "all_token_val_accuracy": [0.0, 0.0, 0.0, 0.0, 0.0, 0.0, 0.0, 0.0, 0.0, 0.0, 0.0, 0.0, 0.0, 0.0, 0.0, 0.0, 0.0, 0.0, 0.0007727975025773048, 0.009273570030927658, 0.1344667673110962, 0.3732612133026123, 0.4629057049751282, 0.48608964681625366, 0.49613600969314575, 0.4969088137149811, 0.4969088137149811, 0.49613600969314575, 0.49613600969314575, 0.49613600969314575, 0.4945904314517975, 0.49613600969314575, 0.4953632056713104, 0.49381762742996216, 0.4922720193862915, 0.48531684279441833, 0.4922720193862915, 0.48299846053123474, 0.48377126455307007, 0.4690881073474884, 0.48068004846572876, 0.4590417444705963, 0.46522411704063416, 0.4629057049751282, 0.45672333240509033, 0.455950528383255, 0.45517775416374207, 0.4613601267337799, 0.4613601267337799, 0.45440495014190674]}}