{"scitail_b_train_1_16": {"num_of_epochs": 30, "learning_rate": 0.001, "training_ds_fpath": "_train_1_16", "first_token_val_accuracy": [0.46986088156700134, 0.5, 0.5, 0.5247295498847961, 0.4953632056713104, 0.5023183822631836, 0.5401854515075684, 0.5177743434906006, 0.5332303047180176, 0.5370942950248718, 0.5525502562522888, 0.5502318143844604, 0.5463678240776062, 0.5370942950248718, 0.5355486869812012, 0.5432766675949097, 0.5463678240776062, 0.5455950498580933, 0.5463678240776062, 0.5401854515075684, 0.5425038933753967, 0.5425038933753967, 0.5401854515075684, 0.5409582853317261, 0.5355486869812012, 0.5370942950248718, 0.5401854515075684, 0.5394126772880554, 0.5394126772880554, 0.5425038933753967], "all_token_val_accuracy": [0.46986088156700134, 0.5, 0.5, 0.5247295498847961, 0.4953632056713104, 0.5023183822631836, 0.5401854515075684, 0.5177743434906006, 0.5332303047180176, 0.5370942950248718, 0.5525502562522888, 0.5502318143844604, 0.5463678240776062, 0.5370942950248718, 0.5355486869812012, 0.5432766675949097, 0.5463678240776062, 0.5455950498580933, 0.5463678240776062, 0.5401854515075684, 0.5425038933753967, 0.5425038933753967, 0.5401854515075684, 0.5409582853317261, 0.5355486869812012, 0.5370942950248718, 0.5401854515075684, 0.5394126772880554, 0.5394126772880554, 0.5425038933753967]}}