{"scitail_b_train_4_4": {"num_of_epochs": 30, "learning_rate": 0.001, "training_ds_fpath": "_train_4_4", "first_token_val_accuracy": [0.3778979778289795, 0.47758886218070984, 0.4899536371231079, 0.5007727742195129, 0.48377126455307007, 0.5185471177101135, 0.5038639903068542, 0.5069552063941956, 0.5131375789642334, 0.5162287354469299, 0.5193199515342712, 0.5340030789375305, 0.5340030789375305, 0.5293663144111633, 0.5324574708938599, 0.5332303047180176, 0.5332303047180176, 0.5355486869812012, 0.5378670692443848, 0.5332303047180176, 0.5355486869812012, 0.5332303047180176, 0.5316846966743469, 0.526275098323822, 0.5278207063674927, 0.5270479321479797, 0.5278207063674927, 0.5278207063674927, 0.5285934805870056, 0.5285934805870056], "all_token_val_accuracy": [0.3732612133026123, 0.47758886218070984, 0.4899536371231079, 0.5007727742195129, 0.48377126455307007, 0.5185471177101135, 0.5038639903068542, 0.5069552063941956, 0.5131375789642334, 0.5162287354469299, 0.5193199515342712, 0.5340030789375305, 0.5340030789375305, 0.5293663144111633, 0.5324574708938599, 0.5332303047180176, 0.5332303047180176, 0.5355486869812012, 0.5378670692443848, 0.5332303047180176, 0.5355486869812012, 0.5332303047180176, 0.5316846966743469, 0.526275098323822, 0.5278207063674927, 0.5270479321479797, 0.5278207063674927, 0.5278207063674927, 0.5285934805870056, 0.5285934805870056]}}