{"scitail_b_train_6_16": {"num_of_epochs": 40, "learning_rate": 0.0005, "training_ds_fpath": "_train_6_16", "first_token_val_accuracy": [0.4899536371231079, 0.5231839418411255, 0.5146831274032593, 0.5502318143844604, 0.5595054030418396, 0.5455950498580933, 0.5448222756385803, 0.5471406579017639, 0.5432766675949097, 0.5440494418144226, 0.5618237853050232, 0.5510046482086182, 0.5332303047180176, 0.5270479321479797, 0.5370942950248718, 0.5494590401649475, 0.5517774224281311, 0.5533230304718018, 0.5432766675949097, 0.5432766675949097, 0.5409582853317261, 0.5370942950248718, 0.5370942950248718, 0.5340030789375305, 0.5386399030685425, 0.5394126772880554, 0.541731059551239, 0.5409582853317261, 0.5425038933753967, 0.541731059551239, 0.5471406579017639, 0.5494590401649475, 0.5479134321212769, 0.5455950498580933, 0.5463678240776062, 0.5510046482086182, 0.5432766675949097, 0.5448222756385803, 0.5502318143844604, 0.5533230304718018], "all_token_val_accuracy": [0.4899536371231079, 0.5231839418411255, 0.5146831274032593, 0.5502318143844604, 0.5595054030418396, 0.5455950498580933, 0.5448222756385803, 0.5471406579017639, 0.5432766675949097, 0.5440494418144226, 0.5618237853050232, 0.5510046482086182, 0.5332303047180176, 0.5270479321479797, 0.5370942950248718, 0.5494590401649475, 0.5517774224281311, 0.5533230304718018, 0.5432766675949097, 0.5432766675949097, 0.5409582853317261, 0.5370942950248718, 0.5370942950248718, 0.5340030789375305, 0.5386399030685425, 0.5394126772880554, 0.541731059551239, 0.5409582853317261, 0.5425038933753967, 0.541731059551239, 0.5471406579017639, 0.5494590401649475, 0.5479134321212769, 0.5455950498580933, 0.5463678240776062, 0.5510046482086182, 0.5432766675949097, 0.5448222756385803, 0.5502318143844604, 0.5533230304718018]}}