{"scitail_b_train_0_8": {"num_of_epochs": 50, "learning_rate": 0.0005, "training_ds_fpath": "_train_0_8", "first_token_val_accuracy": [0.48377126455307007, 0.5177743434906006, 0.5, 0.5023183822631836, 0.5007727742195129, 0.5015456080436707, 0.5115919709205627, 0.471406489610672, 0.48377126455307007, 0.4914992153644562, 0.486862450838089, 0.49072644114494324, 0.49072644114494324, 0.4822256565093994, 0.4791344702243805, 0.47836166620254517, 0.4814528524875641, 0.48299846053123474, 0.4799072742462158, 0.48377126455307007, 0.4891808331012726, 0.4891808331012726, 0.48840802907943726, 0.4922720193862915, 0.4969088137149811, 0.49845439195632935, 0.49845439195632935, 0.48840802907943726, 0.48377126455307007, 0.4914992153644562, 0.4791344702243805, 0.4613601267337799, 0.4629057049751282, 0.46522411704063416, 0.4814528524875641, 0.48531684279441833, 0.47063368558883667, 0.47063368558883667, 0.47836166620254517, 0.4953632056713104, 0.4945904314517975, 0.49072644114494324, 0.49072644114494324, 0.49381762742996216, 0.4992271959781647, 0.4969088137149811, 0.49845439195632935, 0.4945904314517975, 0.486862450838089, 0.4814528524875641], "all_token_val_accuracy": [0.48377126455307007, 0.49072644114494324, 0.4976816177368164, 0.5023183822631836, 0.5007727742195129, 0.5015456080436707, 0.5115919709205627, 0.471406489610672, 0.48377126455307007, 0.4914992153644562, 0.486862450838089, 0.49072644114494324, 0.49072644114494324, 0.4822256565093994, 0.4791344702243805, 0.47836166620254517, 0.4814528524875641, 0.48299846053123474, 0.4799072742462158, 0.48377126455307007, 0.4891808331012726, 0.4891808331012726, 0.48840802907943726, 0.4922720193862915, 0.4969088137149811, 0.49845439195632935, 0.49845439195632935, 0.48840802907943726, 0.48377126455307007, 0.4914992153644562, 0.4791344702243805, 0.4613601267337799, 0.4629057049751282, 0.46522411704063416, 0.4814528524875641, 0.48531684279441833, 0.47063368558883667, 0.47063368558883667, 0.47836166620254517, 0.4953632056713104, 0.4945904314517975, 0.49072644114494324, 0.49072644114494324, 0.49381762742996216, 0.4992271959781647, 0.4969088137149811, 0.49845439195632935, 0.4945904314517975, 0.486862450838089, 0.4814528524875641]}}