{"scitail_b_train_3_16": {"num_of_epochs": 10, "learning_rate": 0.001, "training_ds_fpath": "_train_3_16", "first_token_val_accuracy": [0.5, 0.5, 0.46754249930381775, 0.5007727742195129, 0.5015456080436707, 0.49072644114494324, 0.5030912160873413, 0.5092735886573792, 0.5131375789642334, 0.526275098323822], "all_token_val_accuracy": [0.5, 0.5, 0.46754249930381775, 0.5007727742195129, 0.5015456080436707, 0.49072644114494324, 0.5030912160873413, 0.5092735886573792, 0.5131375789642334, 0.526275098323822]}}