{"scitail_b_train_6_32": {"num_of_epochs": 40, "learning_rate": 0.001, "training_ds_fpath": "_train_6_32", "first_token_val_accuracy": [0.5200927257537842, 0.5, 0.5, 0.5015456080436707, 0.5911900997161865, 0.5602782368659973, 0.6267387866973877, 0.6051004528999329, 0.5649150013923645, 0.6166924238204956, 0.5873261094093323, 0.5216383337974548, 0.5448222756385803, 0.5687789916992188, 0.5865533351898193, 0.5548686385154724, 0.5641421675682068, 0.5595054030418396, 0.5850077271461487, 0.5494590401649475, 0.5548686385154724, 0.5664606094360352, 0.5656877756118774, 0.5656877756118774, 0.5625966191291809, 0.5595054030418396, 0.5595054030418396, 0.5595054030418396, 0.5633693933486938, 0.5695517659187317, 0.568006157875061, 0.5687789916992188, 0.5687789916992188, 0.5672333836555481, 0.5448222756385803, 0.5757341384887695, 0.5973724722862244, 0.5935084819793701, 0.5633693933486938, 0.598918080329895], "all_token_val_accuracy": [0.5200927257537842, 0.5, 0.5, 0.5015456080436707, 0.5911900997161865, 0.5602782368659973, 0.6267387866973877, 0.6051004528999329, 0.5649150013923645, 0.6166924238204956, 0.5873261094093323, 0.5216383337974548, 0.5448222756385803, 0.5687789916992188, 0.5865533351898193, 0.5548686385154724, 0.5641421675682068, 0.5595054030418396, 0.5850077271461487, 0.5494590401649475, 0.5548686385154724, 0.5664606094360352, 0.5656877756118774, 0.5656877756118774, 0.5625966191291809, 0.5595054030418396, 0.5595054030418396, 0.5595054030418396, 0.5633693933486938, 0.5695517659187317, 0.568006157875061, 0.5687789916992188, 0.5687789916992188, 0.5672333836555481, 0.5448222756385803, 0.5757341384887695, 0.5973724722862244, 0.5935084819793701, 0.5633693933486938, 0.598918080329895]}}