{"scitail_b_train_1_32": {"num_of_epochs": 5, "learning_rate": 0.0005, "training_ds_fpath": "_train_1_32", "first_token_val_accuracy": [0.4250386357307434, 0.5, 0.5208655595779419, 0.4791344702243805, 0.5741885900497437], "all_token_val_accuracy": [0.4250386357307434, 0.5, 0.5208655595779419, 0.4791344702243805, 0.5741885900497437]}}