{"scitail_b_train_2_32": {"num_of_epochs": 30, "learning_rate": 1e-05, "training_ds_fpath": "_train_2_32", "first_token_val_accuracy": [0.0, 0.0, 0.0, 0.0, 0.0, 0.0, 0.0, 0.0, 0.0, 0.0007727975025773048, 0.06646058708429337, 0.43353942036628723, 0.4922720193862915, 0.4953632056713104, 0.49613600969314575, 0.4922720193862915, 0.4822256565093994, 0.47527047991752625, 0.45981451869010925, 0.4482225775718689, 0.4404945969581604, 0.4721792936325073, 0.44435858726501465, 0.43353942036628723, 0.4358578026294708, 0.44435858726501465, 0.44204017519950867, 0.442812979221344, 0.442812979221344, 0.44204017519950867], "all_token_val_accuracy": [0.0, 0.0, 0.0, 0.0, 0.0, 0.0, 0.0, 0.0, 0.0, 0.0007727975025773048, 0.06646058708429337, 0.43353942036628723, 0.4922720193862915, 0.4953632056713104, 0.49613600969314575, 0.4922720193862915, 0.4822256565093994, 0.47527047991752625, 0.45981451869010925, 0.4482225775718689, 0.4404945969581604, 0.4721792936325073, 0.44435858726501465, 0.43353942036628723, 0.4358578026294708, 0.44435858726501465, 0.44204017519950867, 0.442812979221344, 0.442812979221344, 0.44204017519950867]}}