{"scitail_b_train_1_16": {"num_of_epochs": 40, "learning_rate": 0.0001, "training_ds_fpath": "_train_1_16", "first_token_val_accuracy": [0.0, 0.0007727975025773048, 0.4992271959781647, 0.5123647451400757, 0.5115919709205627, 0.486862450838089, 0.5193199515342712, 0.48299846053123474, 0.5123647451400757, 0.515455961227417, 0.5239567160606384, 0.5247295498847961, 0.5301390886306763, 0.5386399030685425, 0.5278207063674927, 0.530911922454834, 0.5301390886306763, 0.5455950498580933, 0.5401854515075684, 0.557187020778656, 0.5533230304718018, 0.5525502562522888, 0.557187020778656, 0.5455950498580933, 0.5432766675949097, 0.5409582853317261, 0.5471406579017639, 0.5556414127349854, 0.557187020778656, 0.5540958046913147, 0.5394126772880554, 0.5826893448829651, 0.5649150013923645, 0.5432766675949097, 0.557187020778656, 0.5649150013923645, 0.5440494418144226, 0.5587326288223267, 0.557959794998169, 0.5540958046913147], "all_token_val_accuracy": [0.0, 0.0007727975025773048, 0.4992271959781647, 0.5123647451400757, 0.5115919709205627, 0.486862450838089, 0.5193199515342712, 0.48299846053123474, 0.5123647451400757, 0.515455961227417, 0.5239567160606384, 0.5247295498847961, 0.5301390886306763, 0.5386399030685425, 0.5278207063674927, 0.530911922454834, 0.5301390886306763, 0.5455950498580933, 0.5401854515075684, 0.557187020778656, 0.5533230304718018, 0.5525502562522888, 0.557187020778656, 0.5455950498580933, 0.5432766675949097, 0.5409582853317261, 0.5471406579017639, 0.5556414127349854, 0.557187020778656, 0.5540958046913147, 0.5394126772880554, 0.5826893448829651, 0.5649150013923645, 0.5432766675949097, 0.557187020778656, 0.5649150013923645, 0.5440494418144226, 0.5587326288223267, 0.557959794998169, 0.5540958046913147]}}