{"scitail_b_train_3_32": {"num_of_epochs": 50, "learning_rate": 0.0005, "training_ds_fpath": "_train_3_32", "first_token_val_accuracy": [0.4945904314517975, 0.5061823725700378, 0.5015456080436707, 0.5, 0.5293663144111633, 0.5633693933486938, 0.5564142465591431, 0.5533230304718018, 0.5649150013923645, 0.5386399030685425, 0.5525502562522888, 0.5633693933486938, 0.557959794998169, 0.557959794998169, 0.5641421675682068, 0.5649150013923645, 0.5625966191291809, 0.5618237853050232, 0.5618237853050232, 0.5602782368659973, 0.5641421675682068, 0.5633693933486938, 0.5370942950248718, 0.5548686385154724, 0.5502318143844604, 0.5517774224281311, 0.5494590401649475, 0.5517774224281311, 0.5564142465591431, 0.5548686385154724, 0.5502318143844604, 0.5494590401649475, 0.5540958046913147, 0.557959794998169, 0.5587326288223267, 0.5587326288223267, 0.5602782368659973, 0.5610510110855103, 0.5610510110855103, 0.5602782368659973, 0.5618237853050232, 0.5610510110855103, 0.5602782368659973, 0.5633693933486938, 0.557959794998169, 0.557959794998169, 0.557959794998169, 0.5602782368659973, 0.5625966191291809, 0.5625966191291809], "all_token_val_accuracy": [0.4945904314517975, 0.5061823725700378, 0.5015456080436707, 0.5, 0.5293663144111633, 0.5633693933486938, 0.5564142465591431, 0.5533230304718018, 0.5649150013923645, 0.5386399030685425, 0.5525502562522888, 0.5633693933486938, 0.557959794998169, 0.557959794998169, 0.5641421675682068, 0.5649150013923645, 0.5625966191291809, 0.5618237853050232, 0.5618237853050232, 0.5602782368659973, 0.5641421675682068, 0.5633693933486938, 0.5370942950248718, 0.5548686385154724, 0.5502318143844604, 0.5517774224281311, 0.5494590401649475, 0.5517774224281311, 0.5564142465591431, 0.5548686385154724, 0.5502318143844604, 0.5494590401649475, 0.5540958046913147, 0.557959794998169, 0.5587326288223267, 0.5587326288223267, 0.5602782368659973, 0.5610510110855103, 0.5610510110855103, 0.5602782368659973, 0.5618237853050232, 0.5610510110855103, 0.5602782368659973, 0.5633693933486938, 0.557959794998169, 0.557959794998169, 0.557959794998169, 0.5602782368659973, 0.5625966191291809, 0.5625966191291809]}}