{"scitail_b_train_0_8": {"num_of_epochs": 30, "learning_rate": 0.0005, "training_ds_fpath": "_train_0_8", "first_token_val_accuracy": [0.1344667673110962, 0.5038639903068542, 0.4976816177368164, 0.48299846053123474, 0.510819137096405, 0.4914992153644562, 0.5224111080169678, 0.5046367645263672, 0.5, 0.5069552063941956, 0.5185471177101135, 0.5100463628768921, 0.5170015692710876, 0.5069552063941956, 0.5146831274032593, 0.5115919709205627, 0.5077279806137085, 0.5069552063941956, 0.510819137096405, 0.5100463628768921, 0.510819137096405, 0.5139103531837463, 0.5085007548332214, 0.5100463628768921, 0.5115919709205627, 0.5123647451400757, 0.5131375789642334, 0.5115919709205627, 0.510819137096405, 0.5123647451400757], "all_token_val_accuracy": [0.1344667673110962, 0.5038639903068542, 0.4976816177368164, 0.48299846053123474, 0.510819137096405, 0.4914992153644562, 0.5224111080169678, 0.5046367645263672, 0.5, 0.5069552063941956, 0.5185471177101135, 0.5100463628768921, 0.5170015692710876, 0.5069552063941956, 0.5146831274032593, 0.5115919709205627, 0.5077279806137085, 0.5069552063941956, 0.510819137096405, 0.5100463628768921, 0.510819137096405, 0.5139103531837463, 0.5085007548332214, 0.5100463628768921, 0.5115919709205627, 0.5123647451400757, 0.5131375789642334, 0.5115919709205627, 0.510819137096405, 0.5123647451400757]}}