{"scitail_b_train_0_16": {"num_of_epochs": 10, "learning_rate": 0.0001, "training_ds_fpath": "_train_0_16", "first_token_val_accuracy": [0.0, 0.004636785015463829, 0.4969088137149811, 0.49381762742996216, 0.510819137096405, 0.5247295498847961, 0.5216383337974548, 0.541731059551239, 0.5301390886306763, 0.5139103531837463], "all_token_val_accuracy": [0.0, 0.004636785015463829, 0.4969088137149811, 0.49381762742996216, 0.510819137096405, 0.5247295498847961, 0.5216383337974548, 0.541731059551239, 0.5301390886306763, 0.5139103531837463]}}