{"scitail_b_train_0_32": {"num_of_epochs": 30, "learning_rate": 1e-05, "training_ds_fpath": "_train_0_32", "first_token_val_accuracy": [0.0, 0.0, 0.0, 0.0, 0.0, 0.0, 0.0, 0.0, 0.0, 0.1584234982728958, 0.4721792936325073, 0.4976816177368164, 0.4969088137149811, 0.4969088137149811, 0.4814528524875641, 0.4768160879611969, 0.4528593420982361, 0.4536321461200714, 0.4528593420982361, 0.44667696952819824, 0.44899535179138184, 0.45672333240509033, 0.46445131301879883, 0.46754249930381775, 0.4667696952819824, 0.48299846053123474, 0.47527047991752625, 0.4629057049751282, 0.46445131301879883, 0.47063368558883667], "all_token_val_accuracy": [0.0, 0.0, 0.0, 0.0, 0.0, 0.0, 0.0, 0.0, 0.0, 0.1584234982728958, 0.4721792936325073, 0.4976816177368164, 0.4969088137149811, 0.4969088137149811, 0.4814528524875641, 0.4768160879611969, 0.4528593420982361, 0.4536321461200714, 0.4528593420982361, 0.44667696952819824, 0.44899535179138184, 0.45672333240509033, 0.46445131301879883, 0.46754249930381775, 0.4667696952819824, 0.48299846053123474, 0.47527047991752625, 0.4629057049751282, 0.46445131301879883, 0.47063368558883667]}}