{"scitail_b_train_4_8": {"num_of_epochs": 10, "learning_rate": 0.0001, "training_ds_fpath": "_train_4_8", "first_token_val_accuracy": [0.0, 0.0, 0.0, 0.2743431329727173, 0.4969088137149811, 0.4976816177368164, 0.46986088156700134, 0.49304482340812683, 0.5046367645263672, 0.4791344702243805], "all_token_val_accuracy": [0.0, 0.0, 0.0, 0.2743431329727173, 0.4969088137149811, 0.4976816177368164, 0.46986088156700134, 0.49304482340812683, 0.5046367645263672, 0.4791344702243805]}}