{"scitail_b_train_6_16": {"num_of_epochs": 30, "learning_rate": 0.0001, "training_ds_fpath": "_train_6_16", "first_token_val_accuracy": [0.0, 0.007727975491434336, 0.49072644114494324, 0.4914992153644562, 0.5054095983505249, 0.4891808331012726, 0.5030912160873413, 0.47295209765434265, 0.5069552063941956, 0.5332303047180176, 0.5177743434906006, 0.5293663144111633, 0.49845439195632935, 0.526275098323822, 0.5038639903068542, 0.5316846966743469, 0.5293663144111633, 0.5316846966743469, 0.5131375789642334, 0.5440494418144226, 0.5525502562522888, 0.5285934805870056, 0.5347759127616882, 0.5301390886306763, 0.5324574708938599, 0.5463678240776062, 0.5425038933753967, 0.5448222756385803, 0.5486862659454346, 0.557187020778656], "all_token_val_accuracy": [0.0, 0.007727975491434336, 0.49072644114494324, 0.4914992153644562, 0.5054095983505249, 0.4891808331012726, 0.5030912160873413, 0.47295209765434265, 0.5069552063941956, 0.5332303047180176, 0.5177743434906006, 0.5293663144111633, 0.49845439195632935, 0.526275098323822, 0.5038639903068542, 0.5316846966743469, 0.5293663144111633, 0.5316846966743469, 0.5131375789642334, 0.5440494418144226, 0.5525502562522888, 0.5285934805870056, 0.5347759127616882, 0.5301390886306763, 0.5324574708938599, 0.5463678240776062, 0.5425038933753967, 0.5448222756385803, 0.5486862659454346, 0.557187020778656]}}