{"scitail_b_train_9_16": {"num_of_epochs": 5, "learning_rate": 0.001, "training_ds_fpath": "_train_9_16", "first_token_val_accuracy": [0.5007727742195129, 0.5023183822631836, 0.5077279806137085, 0.5038639903068542, 0.5401854515075684], "all_token_val_accuracy": [0.5007727742195129, 0.5023183822631836, 0.5077279806137085, 0.5038639903068542, 0.5401854515075684]}}