{"scitail_b_train_9_4": {"num_of_epochs": 40, "learning_rate": 0.001, "training_ds_fpath": "_train_9_4", "first_token_val_accuracy": [0.0007727975025773048, 0.4976816177368164, 0.48763522505760193, 0.5, 0.5, 0.5, 0.4667696952819824, 0.5030912160873413, 0.458268940448761, 0.4914992153644562, 0.4605873227119446, 0.44667696952819824, 0.47295209765434265, 0.45981451869010925, 0.44435858726501465, 0.4435857832431793, 0.4327666163444519, 0.429675430059433, 0.42812982201576233, 0.43122100830078125, 0.43353942036628723, 0.4327666163444519, 0.4304482340812683, 0.42890262603759766, 0.43122100830078125, 0.43353942036628723, 0.43663060665130615, 0.4350849986076355, 0.4350849986076355, 0.43663060665130615, 0.4412674009799957, 0.4358578026294708, 0.44204017519950867, 0.43894898891448975, 0.4404945969581604, 0.43894898891448975, 0.4482225775718689, 0.4451313614845276, 0.4528593420982361, 0.4528593420982361], "all_token_val_accuracy": [0.0007727975025773048, 0.4976816177368164, 0.48763522505760193, 0.5, 0.5, 0.5, 0.4667696952819824, 0.5030912160873413, 0.458268940448761, 0.4914992153644562, 0.4605873227119446, 0.44667696952819824, 0.47295209765434265, 0.45981451869010925, 0.44435858726501465, 0.4435857832431793, 0.4327666163444519, 0.429675430059433, 0.42812982201576233, 0.43122100830078125, 0.43353942036628723, 0.4327666163444519, 0.4304482340812683, 0.42890262603759766, 0.43122100830078125, 0.43353942036628723, 0.43663060665130615, 0.4350849986076355, 0.4350849986076355, 0.43663060665130615, 0.4412674009799957, 0.4358578026294708, 0.44204017519950867, 0.43894898891448975, 0.4404945969581604, 0.43894898891448975, 0.4482225775718689, 0.4451313614845276, 0.4528593420982361, 0.4528593420982361]}}