{"scitail_b_train_7_4": {"num_of_epochs": 20, "learning_rate": 0.0005, "training_ds_fpath": "_train_7_4", "first_token_val_accuracy": [0.0, 0.4922720193862915, 0.4945904314517975, 0.5023183822631836, 0.5162287354469299, 0.49613600969314575, 0.5007727742195129, 0.48840802907943726, 0.4969088137149811, 0.442812979221344, 0.46445131301879883, 0.484544038772583, 0.4922720193862915, 0.4945904314517975, 0.48299846053123474, 0.4891808331012726, 0.4922720193862915, 0.5015456080436707, 0.5069552063941956, 0.5139103531837463], "all_token_val_accuracy": [0.0, 0.4922720193862915, 0.4945904314517975, 0.5023183822631836, 0.5162287354469299, 0.49613600969314575, 0.5007727742195129, 0.48840802907943726, 0.4969088137149811, 0.442812979221344, 0.46445131301879883, 0.484544038772583, 0.4922720193862915, 0.4945904314517975, 0.48299846053123474, 0.4891808331012726, 0.4922720193862915, 0.5015456080436707, 0.5069552063941956, 0.5139103531837463]}}