{"scitail_b_train_1_8": {"num_of_epochs": 30, "learning_rate": 0.001, "training_ds_fpath": "_train_1_8", "first_token_val_accuracy": [0.49381762742996216, 0.49304482340812683, 0.48763522505760193, 0.5077279806137085, 0.4914992153644562, 0.5023183822631836, 0.510819137096405, 0.5092735886573792, 0.5069552063941956, 0.5038639903068542, 0.510819137096405, 0.510819137096405, 0.5162287354469299, 0.5216383337974548, 0.5247295498847961, 0.5278207063674927, 0.5224111080169678, 0.5146831274032593, 0.5162287354469299, 0.5139103531837463, 0.5177743434906006, 0.5193199515342712, 0.5193199515342712, 0.5193199515342712, 0.5193199515342712, 0.5208655595779419, 0.5200927257537842, 0.5193199515342712, 0.5193199515342712, 0.5185471177101135], "all_token_val_accuracy": [0.49381762742996216, 0.49304482340812683, 0.48763522505760193, 0.5077279806137085, 0.4914992153644562, 0.5023183822631836, 0.510819137096405, 0.5092735886573792, 0.5069552063941956, 0.5038639903068542, 0.510819137096405, 0.510819137096405, 0.5162287354469299, 0.5216383337974548, 0.5247295498847961, 0.5278207063674927, 0.5224111080169678, 0.5146831274032593, 0.5162287354469299, 0.5139103531837463, 0.5177743434906006, 0.5193199515342712, 0.5193199515342712, 0.5193199515342712, 0.5193199515342712, 0.5208655595779419, 0.5200927257537842, 0.5193199515342712, 0.5193199515342712, 0.5185471177101135]}}