{"scitail_b_train_0_16": {"num_of_epochs": 30, "learning_rate": 0.0005, "training_ds_fpath": "_train_0_16", "first_token_val_accuracy": [0.4945904314517975, 0.5, 0.5100463628768921, 0.5340030789375305, 0.557959794998169, 0.5409582853317261, 0.5595054030418396, 0.6112828254699707, 0.5935084819793701, 0.6004636883735657, 0.5370942950248718, 0.5455950498580933, 0.5873261094093323, 0.5409582853317261, 0.5780525207519531, 0.5772797465324402, 0.583462119102478, 0.5850077271461487, 0.599690854549408, 0.599690854549408, 0.5965996980667114, 0.5919629335403442, 0.5927357077598572, 0.5965996980667114, 0.598918080329895, 0.598918080329895, 0.5965996980667114, 0.5911900997161865, 0.5904173254966736, 0.5850077271461487], "all_token_val_accuracy": [0.4945904314517975, 0.5, 0.5100463628768921, 0.5340030789375305, 0.557959794998169, 0.5409582853317261, 0.5595054030418396, 0.6112828254699707, 0.5935084819793701, 0.6004636883735657, 0.5370942950248718, 0.5455950498580933, 0.5873261094093323, 0.5409582853317261, 0.5780525207519531, 0.5772797465324402, 0.583462119102478, 0.5850077271461487, 0.599690854549408, 0.599690854549408, 0.5965996980667114, 0.5919629335403442, 0.5927357077598572, 0.5965996980667114, 0.598918080329895, 0.598918080329895, 0.5965996980667114, 0.5911900997161865, 0.5904173254966736, 0.5850077271461487]}}