{"scitail_b_train_7_4": {"num_of_epochs": 20, "learning_rate": 0.001, "training_ds_fpath": "_train_7_4", "first_token_val_accuracy": [0.0023183925077319145, 0.49072644114494324, 0.5, 0.43353942036628723, 0.4822256565093994, 0.45981451869010925, 0.4482225775718689, 0.45440495014190674, 0.471406489610672, 0.486862450838089, 0.48299846053123474, 0.48299846053123474, 0.4636785089969635, 0.4605873227119446, 0.43894898891448975, 0.4381761848926544, 0.44204017519950867, 0.44204017519950867, 0.4374034106731415, 0.43894898891448975], "all_token_val_accuracy": [0.0023183925077319145, 0.49072644114494324, 0.5, 0.43353942036628723, 0.4822256565093994, 0.45981451869010925, 0.4482225775718689, 0.45440495014190674, 0.471406489610672, 0.486862450838089, 0.48299846053123474, 0.48299846053123474, 0.4636785089969635, 0.4605873227119446, 0.43894898891448975, 0.4381761848926544, 0.44204017519950867, 0.44204017519950867, 0.4374034106731415, 0.43894898891448975]}}