{"scitail_b_train_8_16": {"num_of_epochs": 5, "learning_rate": 0.0005, "training_ds_fpath": "_train_8_16", "first_token_val_accuracy": [0.5, 0.5023183822631836, 0.5092735886573792, 0.5100463628768921, 0.5], "all_token_val_accuracy": [0.5, 0.5023183822631836, 0.5092735886573792, 0.5100463628768921, 0.5]}}