{"scitail_b_train_2_32": {"num_of_epochs": 30, "learning_rate": 0.0001, "training_ds_fpath": "_train_2_32", "first_token_val_accuracy": [0.0023183925077319145, 0.4899536371231079, 0.5069552063941956, 0.5100463628768921, 0.48763522505760193, 0.5054095983505249, 0.526275098323822, 0.5293663144111633, 0.5278207063674927, 0.5386399030685425, 0.5625966191291809, 0.5641421675682068, 0.5703245997428894, 0.572642982006073, 0.5610510110855103, 0.5656877756118774, 0.5734157562255859, 0.568006157875061, 0.5927357077598572, 0.572642982006073, 0.5950540900230408, 0.5873261094093323, 0.5734157562255859, 0.6081916689872742, 0.6236476302146912, 0.6128284335136414, 0.6259660124778748, 0.6081916689872742, 0.5602782368659973, 0.6221020221710205], "all_token_val_accuracy": [0.0023183925077319145, 0.4899536371231079, 0.5069552063941956, 0.5100463628768921, 0.48763522505760193, 0.5054095983505249, 0.526275098323822, 0.5293663144111633, 0.5278207063674927, 0.5386399030685425, 0.5625966191291809, 0.5641421675682068, 0.5703245997428894, 0.572642982006073, 0.5610510110855103, 0.5656877756118774, 0.5734157562255859, 0.568006157875061, 0.5927357077598572, 0.572642982006073, 0.5950540900230408, 0.5873261094093323, 0.5734157562255859, 0.6081916689872742, 0.6236476302146912, 0.6128284335136414, 0.6259660124778748, 0.6081916689872742, 0.5602782368659973, 0.6221020221710205]}}