{"scitail_b_train_3_8": {"num_of_epochs": 50, "learning_rate": 0.0005, "training_ds_fpath": "_train_3_8", "first_token_val_accuracy": [0.14605873823165894, 0.49381762742996216, 0.4992271959781647, 0.484544038772583, 0.5077279806137085, 0.5123647451400757, 0.5, 0.5193199515342712, 0.5224111080169678, 0.5285934805870056, 0.5270479321479797, 0.5332303047180176, 0.5363214612007141, 0.5378670692443848, 0.5332303047180176, 0.5471406579017639, 0.5533230304718018, 0.5525502562522888, 0.5533230304718018, 0.5486862659454346, 0.5510046482086182, 0.5502318143844604, 0.557959794998169, 0.5556414127349854, 0.5540958046913147, 0.557187020778656, 0.5564142465591431, 0.5455950498580933, 0.5440494418144226, 0.5448222756385803, 0.5409582853317261, 0.5448222756385803, 0.5455950498580933, 0.5533230304718018, 0.5618237853050232, 0.5641421675682068, 0.5641421675682068, 0.5656877756118774, 0.5664606094360352, 0.5649150013923645, 0.5641421675682068, 0.5610510110855103, 0.5556414127349854, 0.5540958046913147, 0.5564142465591431, 0.5587326288223267, 0.5649150013923645, 0.5649150013923645, 0.5656877756118774, 0.5625966191291809], "all_token_val_accuracy": [0.14605873823165894, 0.49381762742996216, 0.4992271959781647, 0.484544038772583, 0.5077279806137085, 0.5123647451400757, 0.5, 0.5193199515342712, 0.5224111080169678, 0.5285934805870056, 0.5270479321479797, 0.5332303047180176, 0.5363214612007141, 0.5378670692443848, 0.5332303047180176, 0.5471406579017639, 0.5533230304718018, 0.5525502562522888, 0.5533230304718018, 0.5486862659454346, 0.5510046482086182, 0.5502318143844604, 0.557959794998169, 0.5556414127349854, 0.5540958046913147, 0.557187020778656, 0.5564142465591431, 0.5455950498580933, 0.5440494418144226, 0.5448222756385803, 0.5409582853317261, 0.5448222756385803, 0.5455950498580933, 0.5533230304718018, 0.5618237853050232, 0.5641421675682068, 0.5641421675682068, 0.5656877756118774, 0.5664606094360352, 0.5649150013923645, 0.5641421675682068, 0.5610510110855103, 0.5556414127349854, 0.5540958046913147, 0.5564142465591431, 0.5587326288223267, 0.5649150013923645, 0.5649150013923645, 0.5656877756118774, 0.5625966191291809]}}