{"scitail_b_train_7_4": {"num_of_epochs": 40, "learning_rate": 0.001, "training_ds_fpath": "_train_7_4", "first_token_val_accuracy": [0.1089644506573677, 0.5038639903068542, 0.5, 0.5, 0.5, 0.49613600969314575, 0.45672333240509033, 0.48068004846572876, 0.42040184140205383, 0.42040184140205383, 0.46986088156700134, 0.48840802907943726, 0.47527047991752625, 0.45749613642692566, 0.4536321461200714, 0.4590417444705963, 0.4613601267337799, 0.46522411704063416, 0.4659969210624695, 0.4659969210624695, 0.4683153033256531, 0.46754249930381775, 0.4667696952819824, 0.46754249930381775, 0.46754249930381775, 0.46986088156700134, 0.4690881073474884, 0.4659969210624695, 0.46522411704063416, 0.46522411704063416, 0.4667696952819824, 0.4667696952819824, 0.46754249930381775, 0.4667696952819824, 0.46754249930381775, 0.46754249930381775, 0.4667696952819824, 0.4659969210624695, 0.4659969210624695, 0.4659969210624695], "all_token_val_accuracy": [0.1089644506573677, 0.5038639903068542, 0.5, 0.5, 0.5, 0.49613600969314575, 0.45672333240509033, 0.48068004846572876, 0.42040184140205383, 0.42040184140205383, 0.46986088156700134, 0.48840802907943726, 0.47527047991752625, 0.45749613642692566, 0.4536321461200714, 0.4590417444705963, 0.4613601267337799, 0.46522411704063416, 0.4659969210624695, 0.4659969210624695, 0.4683153033256531, 0.46754249930381775, 0.4667696952819824, 0.46754249930381775, 0.46754249930381775, 0.46986088156700134, 0.4690881073474884, 0.4659969210624695, 0.46522411704063416, 0.46522411704063416, 0.4667696952819824, 0.4667696952819824, 0.46754249930381775, 0.4667696952819824, 0.46754249930381775, 0.46754249930381775, 0.4667696952819824, 0.4659969210624695, 0.4659969210624695, 0.4659969210624695]}}