{"scitail_b_train_5_32": {"num_of_epochs": 10, "learning_rate": 0.001, "training_ds_fpath": "_train_5_32", "first_token_val_accuracy": [0.4992271959781647, 0.5247295498847961, 0.5278207063674927, 0.5502318143844604, 0.5633693933486938, 0.5540958046913147, 0.5749613642692566, 0.5231839418411255, 0.526275098323822, 0.5471406579017639], "all_token_val_accuracy": [0.4992271959781647, 0.5247295498847961, 0.5278207063674927, 0.5502318143844604, 0.5633693933486938, 0.5540958046913147, 0.5749613642692566, 0.5231839418411255, 0.526275098323822, 0.5471406579017639]}}