{"scitail_b_train_0_32": {"num_of_epochs": 20, "learning_rate": 0.001, "training_ds_fpath": "_train_0_32", "first_token_val_accuracy": [0.5, 0.5, 0.541731059551239, 0.5448222756385803, 0.557187020778656, 0.58809894323349, 0.5734157562255859, 0.5958268642425537, 0.5911900997161865, 0.5865533351898193, 0.5850077271461487, 0.5965996980667114, 0.5919629335403442, 0.5911900997161865, 0.5888717174530029, 0.5911900997161865, 0.5935084819793701, 0.5950540900230408, 0.5942813158035278, 0.5935084819793701], "all_token_val_accuracy": [0.5, 0.5, 0.541731059551239, 0.5448222756385803, 0.557187020778656, 0.58809894323349, 0.5734157562255859, 0.5958268642425537, 0.5911900997161865, 0.5865533351898193, 0.5850077271461487, 0.5965996980667114, 0.5919629335403442, 0.5911900997161865, 0.5888717174530029, 0.5911900997161865, 0.5935084819793701, 0.5950540900230408, 0.5942813158035278, 0.5935084819793701]}}