{"scitail_b_train_7_32": {"num_of_epochs": 20, "learning_rate": 1e-05, "training_ds_fpath": "_train_7_32", "first_token_val_accuracy": [0.0, 0.0, 0.0, 0.0, 0.0, 0.0, 0.0, 0.0, 0.0, 0.0, 0.006182380020618439, 0.19860896468162537, 0.4744976758956909, 0.49304482340812683, 0.4953632056713104, 0.4945904314517975, 0.49613600969314575, 0.49304482340812683, 0.48377126455307007, 0.4791344702243805], "all_token_val_accuracy": [0.0, 0.0, 0.0, 0.0, 0.0, 0.0, 0.0, 0.0, 0.0, 0.0, 0.006182380020618439, 0.19860896468162537, 0.4744976758956909, 0.49304482340812683, 0.4953632056713104, 0.4945904314517975, 0.49613600969314575, 0.49304482340812683, 0.48377126455307007, 0.4791344702243805]}}