{"scitail_b_train_1_4": {"num_of_epochs": 30, "learning_rate": 0.001, "training_ds_fpath": "_train_1_4", "first_token_val_accuracy": [0.07727975398302078, 0.4992271959781647, 0.484544038772583, 0.5015456080436707, 0.5100463628768921, 0.5085007548332214, 0.5146831274032593, 0.5061823725700378, 0.5069552063941956, 0.5046367645263672, 0.5085007548332214, 0.5, 0.49845439195632935, 0.5, 0.4945904314517975, 0.4945904314517975, 0.4945904314517975, 0.49613600969314575, 0.4992271959781647, 0.49845439195632935, 0.49845439195632935, 0.49845439195632935, 0.5, 0.49845439195632935, 0.49845439195632935, 0.49613600969314575, 0.4969088137149811, 0.4969088137149811, 0.4976816177368164, 0.4969088137149811], "all_token_val_accuracy": [0.07727975398302078, 0.4992271959781647, 0.484544038772583, 0.5015456080436707, 0.5100463628768921, 0.5085007548332214, 0.5146831274032593, 0.5061823725700378, 0.5069552063941956, 0.5046367645263672, 0.5085007548332214, 0.5, 0.49845439195632935, 0.5, 0.4945904314517975, 0.4945904314517975, 0.4945904314517975, 0.49613600969314575, 0.4992271959781647, 0.49845439195632935, 0.49845439195632935, 0.49845439195632935, 0.5, 0.49845439195632935, 0.49845439195632935, 0.49613600969314575, 0.4969088137149811, 0.4969088137149811, 0.4976816177368164, 0.4969088137149811]}}