{"scitail_b_train_9_4": {"num_of_epochs": 20, "learning_rate": 0.0001, "training_ds_fpath": "_train_9_4", "first_token_val_accuracy": [0.0, 0.0, 0.0, 0.0, 0.0, 0.0, 0.012364760041236877, 0.2766615152359009, 0.45517775416374207, 0.484544038772583, 0.4976816177368164, 0.4791344702243805, 0.47527047991752625, 0.44667696952819824, 0.4799072742462158, 0.49072644114494324, 0.5224111080169678, 0.5162287354469299, 0.4505409598350525, 0.44667696952819824], "all_token_val_accuracy": [0.0, 0.0, 0.0, 0.0, 0.0, 0.0, 0.012364760041236877, 0.2766615152359009, 0.45440495014190674, 0.484544038772583, 0.4976816177368164, 0.4791344702243805, 0.47527047991752625, 0.44667696952819824, 0.4799072742462158, 0.49072644114494324, 0.5224111080169678, 0.5162287354469299, 0.4505409598350525, 0.44667696952819824]}}