{"scitail_b_train_7_8": {"num_of_epochs": 10, "learning_rate": 0.001, "training_ds_fpath": "_train_7_8", "first_token_val_accuracy": [0.5069552063941956, 0.46522411704063416, 0.4513137638568878, 0.5, 0.48763522505760193, 0.4505409598350525, 0.526275098323822, 0.47063368558883667, 0.49304482340812683, 0.4945904314517975], "all_token_val_accuracy": [0.5069552063941956, 0.46522411704063416, 0.4513137638568878, 0.5, 0.48763522505760193, 0.4505409598350525, 0.526275098323822, 0.47063368558883667, 0.49304482340812683, 0.4945904314517975]}}