{"scitail_b_train_0_8": {"num_of_epochs": 50, "learning_rate": 0.001, "training_ds_fpath": "_train_0_8", "first_token_val_accuracy": [0.4899536371231079, 0.4891808331012726, 0.5061823725700378, 0.4536321461200714, 0.4605873227119446, 0.4737248718738556, 0.4899536371231079, 0.48763522505760193, 0.49072644114494324, 0.4992271959781647, 0.49381762742996216, 0.48763522505760193, 0.484544038772583, 0.48608964681625366, 0.48840802907943726, 0.4814528524875641, 0.4799072742462158, 0.4799072742462158, 0.48763522505760193, 0.48299846053123474, 0.484544038772583, 0.4891808331012726, 0.4891808331012726, 0.49072644114494324, 0.4891808331012726, 0.49072644114494324, 0.4922720193862915, 0.4976816177368164, 0.4922720193862915, 0.4922720193862915, 0.48840802907943726, 0.4899536371231079, 0.4922720193862915, 0.49381762742996216, 0.49304482340812683, 0.49381762742996216, 0.4945904314517975, 0.4953632056713104, 0.49613600969314575, 0.4969088137149811, 0.4969088137149811, 0.4969088137149811, 0.4969088137149811, 0.4969088137149811, 0.4969088137149811, 0.4969088137149811, 0.49613600969314575, 0.4969088137149811, 0.49613600969314575, 0.49845439195632935], "all_token_val_accuracy": [0.4899536371231079, 0.4891808331012726, 0.5061823725700378, 0.4536321461200714, 0.4605873227119446, 0.4737248718738556, 0.4899536371231079, 0.48763522505760193, 0.49072644114494324, 0.4992271959781647, 0.49381762742996216, 0.48763522505760193, 0.484544038772583, 0.48608964681625366, 0.48840802907943726, 0.4814528524875641, 0.4799072742462158, 0.4799072742462158, 0.48763522505760193, 0.48299846053123474, 0.484544038772583, 0.4891808331012726, 0.4891808331012726, 0.49072644114494324, 0.4891808331012726, 0.49072644114494324, 0.4922720193862915, 0.4976816177368164, 0.4922720193862915, 0.4922720193862915, 0.48840802907943726, 0.4899536371231079, 0.4922720193862915, 0.49381762742996216, 0.49304482340812683, 0.49381762742996216, 0.4945904314517975, 0.4953632056713104, 0.49613600969314575, 0.4969088137149811, 0.4969088137149811, 0.4969088137149811, 0.4969088137149811, 0.4969088137149811, 0.4969088137149811, 0.4969088137149811, 0.49613600969314575, 0.4969088137149811, 0.49613600969314575, 0.49845439195632935]}}