{"scitail_b_train_1_4": {"num_of_epochs": 50, "learning_rate": 0.0005, "training_ds_fpath": "_train_1_4", "first_token_val_accuracy": [0.0, 0.16228747367858887, 0.484544038772583, 0.5061823725700378, 0.5038639903068542, 0.5139103531837463, 0.5340030789375305, 0.5085007548332214, 0.5092735886573792, 0.5200927257537842, 0.5278207063674927, 0.5255023241043091, 0.5278207063674927, 0.5231839418411255, 0.5146831274032593, 0.5100463628768921, 0.5092735886573792, 0.5100463628768921, 0.5115919709205627, 0.5085007548332214, 0.5100463628768921, 0.5131375789642334, 0.510819137096405, 0.5115919709205627, 0.5131375789642334, 0.5146831274032593, 0.515455961227417, 0.5162287354469299, 0.5146831274032593, 0.5185471177101135, 0.5139103531837463, 0.5139103531837463, 0.5054095983505249, 0.5386399030685425, 0.4992271959781647, 0.5162287354469299, 0.5370942950248718, 0.5409582853317261, 0.5332303047180176, 0.5193199515342712, 0.5208655595779419, 0.5092735886573792, 0.5092735886573792, 0.5139103531837463, 0.5123647451400757, 0.5139103531837463, 0.5162287354469299, 0.5239567160606384, 0.5231839418411255, 0.5270479321479797], "all_token_val_accuracy": [0.0, 0.16228747367858887, 0.484544038772583, 0.5061823725700378, 0.5038639903068542, 0.5139103531837463, 0.5340030789375305, 0.5085007548332214, 0.5092735886573792, 0.5200927257537842, 0.5278207063674927, 0.5255023241043091, 0.5278207063674927, 0.5231839418411255, 0.5146831274032593, 0.5100463628768921, 0.5092735886573792, 0.5100463628768921, 0.5115919709205627, 0.5085007548332214, 0.5100463628768921, 0.5131375789642334, 0.510819137096405, 0.5115919709205627, 0.5131375789642334, 0.5146831274032593, 0.515455961227417, 0.5162287354469299, 0.5146831274032593, 0.5185471177101135, 0.5139103531837463, 0.5139103531837463, 0.5054095983505249, 0.5386399030685425, 0.4992271959781647, 0.5162287354469299, 0.5370942950248718, 0.5409582853317261, 0.5332303047180176, 0.5193199515342712, 0.5208655595779419, 0.5092735886573792, 0.5092735886573792, 0.5139103531837463, 0.5123647451400757, 0.5139103531837463, 0.5162287354469299, 0.5239567160606384, 0.5231839418411255, 0.5270479321479797]}}