{"scitail_b_train_4_32": {"num_of_epochs": 20, "learning_rate": 0.0001, "training_ds_fpath": "_train_4_32", "first_token_val_accuracy": [0.13601236045360565, 0.5162287354469299, 0.4976816177368164, 0.5170015692710876, 0.4899536371231079, 0.5015456080436707, 0.4992271959781647, 0.5394126772880554, 0.5285934805870056, 0.5510046482086182, 0.557959794998169, 0.5803709626197815, 0.5772797465324402, 0.5564142465591431, 0.5780525207519531, 0.58809894323349, 0.6004636883735657, 0.58809894323349, 0.5965996980667114, 0.6136012077331543], "all_token_val_accuracy": [0.13601236045360565, 0.5162287354469299, 0.4976816177368164, 0.5170015692710876, 0.4899536371231079, 0.5015456080436707, 0.4992271959781647, 0.5394126772880554, 0.5285934805870056, 0.5510046482086182, 0.557959794998169, 0.5803709626197815, 0.5772797465324402, 0.5564142465591431, 0.5780525207519531, 0.58809894323349, 0.6004636883735657, 0.58809894323349, 0.5965996980667114, 0.6136012077331543]}}