{"scitail_b_train_1_32": {"num_of_epochs": 20, "learning_rate": 0.001, "training_ds_fpath": "_train_1_32", "first_token_val_accuracy": [0.5007727742195129, 0.4914992153644562, 0.5, 0.5, 0.5, 0.5, 0.5, 0.5, 0.5, 0.5, 0.5, 0.5, 0.5, 0.5, 0.5, 0.5, 0.5, 0.5, 0.5, 0.5115919709205627], "all_token_val_accuracy": [0.5007727742195129, 0.4914992153644562, 0.5, 0.5, 0.5, 0.5, 0.5, 0.5, 0.5, 0.5, 0.5, 0.5, 0.5, 0.5, 0.5, 0.5, 0.5, 0.5, 0.5, 0.5115919709205627]}}