{"scitail_b_train_2_32": {"num_of_epochs": 20, "learning_rate": 0.0005, "training_ds_fpath": "_train_2_32", "first_token_val_accuracy": [0.5, 0.5, 0.5030912160873413, 0.49072644114494324, 0.510819137096405, 0.5363214612007141, 0.5741885900497437, 0.5734157562255859, 0.557187020778656, 0.5533230304718018, 0.5533230304718018, 0.5525502562522888, 0.5587326288223267, 0.5618237853050232, 0.5625966191291809, 0.5625966191291809, 0.5602782368659973, 0.5618237853050232, 0.5610510110855103, 0.5695517659187317], "all_token_val_accuracy": [0.5, 0.5, 0.5030912160873413, 0.49072644114494324, 0.510819137096405, 0.5363214612007141, 0.5741885900497437, 0.5734157562255859, 0.557187020778656, 0.5533230304718018, 0.5533230304718018, 0.5525502562522888, 0.5587326288223267, 0.5618237853050232, 0.5625966191291809, 0.5625966191291809, 0.5602782368659973, 0.5618237853050232, 0.5610510110855103, 0.5695517659187317]}}