{"scitail_b_train_2_32": {"num_of_epochs": 10, "learning_rate": 0.0001, "training_ds_fpath": "_train_2_32", "first_token_val_accuracy": [0.28361669182777405, 0.4659969210624695, 0.526275098323822, 0.5278207063674927, 0.4945904314517975, 0.5386399030685425, 0.5394126772880554, 0.5548686385154724, 0.5185471177101135, 0.58809894323349], "all_token_val_accuracy": [0.28361669182777405, 0.4659969210624695, 0.526275098323822, 0.5278207063674927, 0.4945904314517975, 0.5386399030685425, 0.5394126772880554, 0.5548686385154724, 0.5185471177101135, 0.58809894323349]}}