{"scitail_b_train_9_32": {"num_of_epochs": 10, "learning_rate": 0.001, "training_ds_fpath": "_train_9_32", "first_token_val_accuracy": [0.5, 0.599690854549408, 0.5587326288223267, 0.5672333836555481, 0.5749613642692566, 0.6043276786804199, 0.5239567160606384, 0.5819165110588074, 0.625193178653717, 0.614374041557312], "all_token_val_accuracy": [0.5, 0.599690854549408, 0.5587326288223267, 0.5672333836555481, 0.5749613642692566, 0.6043276786804199, 0.5239567160606384, 0.5819165110588074, 0.625193178653717, 0.614374041557312]}}