{"scitail_b_train_5_4": {"num_of_epochs": 20, "learning_rate": 0.0001, "training_ds_fpath": "_train_5_4", "first_token_val_accuracy": [0.0, 0.0, 0.0, 0.0, 0.0, 0.0, 0.0007727975025773048, 0.030139103531837463, 0.34312209486961365, 0.4768160879611969, 0.4922720193862915, 0.4969088137149811, 0.4945904314517975, 0.48068004846572876, 0.45440495014190674, 0.4744976758956909, 0.4891808331012726, 0.5046367645263672, 0.5061823725700378, 0.5069552063941956], "all_token_val_accuracy": [0.0, 0.0, 0.0, 0.0, 0.0, 0.0, 0.0007727975025773048, 0.030139103531837463, 0.34312209486961365, 0.4768160879611969, 0.4922720193862915, 0.4969088137149811, 0.4945904314517975, 0.48068004846572876, 0.45440495014190674, 0.4744976758956909, 0.4891808331012726, 0.5046367645263672, 0.5061823725700378, 0.5069552063941956]}}