{"scitail_b_train_2_4": {"num_of_epochs": 20, "learning_rate": 0.001, "training_ds_fpath": "_train_2_4", "first_token_val_accuracy": [0.3500772714614868, 0.458268940448761, 0.48068004846572876, 0.4636785089969635, 0.48763522505760193, 0.4791344702243805, 0.47063368558883667, 0.4459041655063629, 0.4528593420982361, 0.44976815581321716, 0.4536321461200714, 0.45749613642692566, 0.4737248718738556, 0.47063368558883667, 0.4791344702243805, 0.4814528524875641, 0.48068004846572876, 0.4791344702243805, 0.4791344702243805, 0.47758886218070984], "all_token_val_accuracy": [0.3500772714614868, 0.458268940448761, 0.48068004846572876, 0.4636785089969635, 0.48763522505760193, 0.4791344702243805, 0.47063368558883667, 0.4459041655063629, 0.4528593420982361, 0.44976815581321716, 0.4536321461200714, 0.45749613642692566, 0.4737248718738556, 0.47063368558883667, 0.4791344702243805, 0.4814528524875641, 0.48068004846572876, 0.4791344702243805, 0.4791344702243805, 0.47758886218070984]}}