{"scitail_b_train_9_16": {"num_of_epochs": 10, "learning_rate": 0.0001, "training_ds_fpath": "_train_9_16", "first_token_val_accuracy": [0.0, 0.0007727975025773048, 0.49381762742996216, 0.4791344702243805, 0.4590417444705963, 0.4891808331012726, 0.5061823725700378, 0.5069552063941956, 0.5007727742195129, 0.5162287354469299], "all_token_val_accuracy": [0.0, 0.0007727975025773048, 0.49381762742996216, 0.4791344702243805, 0.4590417444705963, 0.4891808331012726, 0.5061823725700378, 0.5069552063941956, 0.5007727742195129, 0.5162287354469299]}}