{"scitail_b_train_9_4": {"num_of_epochs": 50, "learning_rate": 0.0005, "training_ds_fpath": "_train_9_4", "first_token_val_accuracy": [0.0, 0.486862450838089, 0.4992271959781647, 0.5139103531837463, 0.5200927257537842, 0.4814528524875641, 0.42349305748939514, 0.4914992153644562, 0.4149922728538513, 0.4196290671825409, 0.414219468832016, 0.401081919670105, 0.41035547852516174, 0.4126738905906677, 0.4126738905906677, 0.41808345913887024, 0.42040184140205383, 0.4173106551170349, 0.41576507687568665, 0.4196290671825409, 0.4126738905906677, 0.4064914882183075, 0.39721792936325073, 0.3964451253414154, 0.3956723213195801, 0.3941267430782318, 0.3910355567932129, 0.3918083608150482, 0.4072642922401428, 0.45672333240509033, 0.4304482340812683, 0.4304482340812683, 0.4327666163444519, 0.43894898891448975, 0.45672333240509033, 0.4242658317089081, 0.4435857832431793, 0.458268940448761, 0.46445131301879883, 0.4590417444705963, 0.45517775416374207, 0.44976815581321716, 0.4505409598350525, 0.44435858726501465, 0.4451313614845276, 0.43431222438812256, 0.4304482340812683, 0.42812982201576233, 0.429675430059433, 0.4250386357307434], "all_token_val_accuracy": [0.0, 0.486862450838089, 0.4992271959781647, 0.5139103531837463, 0.5200927257537842, 0.4814528524875641, 0.42349305748939514, 0.4914992153644562, 0.4149922728538513, 0.4196290671825409, 0.414219468832016, 0.40030911564826965, 0.41035547852516174, 0.4126738905906677, 0.4126738905906677, 0.41808345913887024, 0.42040184140205383, 0.4173106551170349, 0.41576507687568665, 0.4196290671825409, 0.4126738905906677, 0.4064914882183075, 0.39721792936325073, 0.3964451253414154, 0.3956723213195801, 0.3941267430782318, 0.3910355567932129, 0.3918083608150482, 0.4072642922401428, 0.45672333240509033, 0.4304482340812683, 0.4304482340812683, 0.4327666163444519, 0.43894898891448975, 0.45672333240509033, 0.4242658317089081, 0.4435857832431793, 0.458268940448761, 0.46445131301879883, 0.4590417444705963, 0.45517775416374207, 0.44976815581321716, 0.4505409598350525, 0.44435858726501465, 0.4451313614845276, 0.43431222438812256, 0.4304482340812683, 0.42812982201576233, 0.429675430059433, 0.4250386357307434]}}