{"disaster_new_train_2_32": {"num_of_epochs": 50, "learning_rate": 0.0001, "training_ds_fpath": "_train_2_32", "first_token_val_accuracy": [0.0, 0.000368324137525633, 0.15616942942142487, 0.4233885705471039, 0.4664824903011322, 0.5132596492767334, 0.5401473045349121, 0.5861878395080566, 0.5740331411361694, 0.579189658164978, 0.6031307578086853, 0.6029465794563293, 0.610681414604187, 0.6160221099853516, 0.6436464190483093, 0.6331491470336914, 0.6565377712249756, 0.6453038454055786, 0.6427255868911743, 0.661325991153717, 0.6670349836349487, 0.6742172837257385, 0.6782688498497009, 0.6716390252113342, 0.670718252658844, 0.6734806895256042, 0.6668508052825928, 0.6874769926071167, 0.6585635542869568, 0.6675874590873718, 0.6823204159736633, 0.6578269004821777, 0.67900550365448, 0.6804788112640381, 0.6767956018447876, 0.670718252658844, 0.6786372065544128, 0.6712707281112671, 0.670718252658844, 0.6810312867164612, 0.6830570697784424, 0.6775322556495667, 0.6710865497589111, 0.6839779019355774, 0.6889503002166748, 0.6904235482215881, 0.6723756790161133, 0.6611418128013611, 0.669613242149353, 0.6721915006637573], "all_token_val_accuracy": [0.0, 0.0, 0.15414364635944366, 0.42209944128990173, 0.465377539396286, 0.5123388767242432, 0.5394107103347778, 0.5854511857032776, 0.5734806656837463, 0.5790055394172668, 0.6029465794563293, 0.6029465794563293, 0.610681414604187, 0.6160221099853516, 0.6436464190483093, 0.6331491470336914, 0.6563535928726196, 0.6447513699531555, 0.6421731114387512, 0.6609576344490051, 0.6666666865348816, 0.6738489866256714, 0.6779005527496338, 0.6712707281112671, 0.6703498959541321, 0.6731123328208923, 0.6664825081825256, 0.6871086359024048, 0.6581951975822449, 0.6672191619873047, 0.6819521188735962, 0.6574585437774658, 0.6786372065544128, 0.680110514163971, 0.6764272451400757, 0.6703498959541321, 0.6782688498497009, 0.6709023714065552, 0.6703498959541321, 0.680662989616394, 0.6826887726783752, 0.6771638989448547, 0.670718252658844, 0.6836096048355103, 0.6885819435119629, 0.690055251121521, 0.6720073819160461, 0.660589337348938, 0.6690607666969299, 0.6716390252113342]}}