{"disaster_new_train_0_4": {"num_of_epochs": 20, "learning_rate": 0.0005, "training_ds_fpath": "_train_0_4", "first_token_val_accuracy": [0.0, 0.0001841620687628165, 0.017311234027147293, 0.30460405349731445, 0.40976059436798096, 0.4268876612186432, 0.4416206181049347, 0.4802946448326111, 0.5023940801620483, 0.48139962553977966, 0.4465930163860321, 0.420626163482666, 0.4110497236251831, 0.40736648440361023, 0.4058931767940521, 0.4099447429180145, 0.4151012897491455, 0.41399630904197693, 0.4121547043323517, 0.4099447429180145], "all_token_val_accuracy": [0.0, 0.0, 0.013627992942929268, 0.28692448139190674, 0.3968692421913147, 0.41786372661590576, 0.43167588114738464, 0.46832412481307983, 0.49005526304244995, 0.47182321548461914, 0.4394106864929199, 0.414732962846756, 0.40515652298927307, 0.4044198989868164, 0.4038673937320709, 0.4086556136608124, 0.4141804873943329, 0.41289135813713074, 0.4106813967227936, 0.4084714651107788]}}