{"disaster_new_train_3_4": {"num_of_epochs": 20, "learning_rate": 0.0005, "training_ds_fpath": "_train_3_4", "first_token_val_accuracy": [0.0, 0.0, 0.002025782596319914, 0.029650092124938965, 0.27421730756759644, 0.395211786031723, 0.41399630904197693, 0.41031306982040405, 0.40773481130599976, 0.4055248498916626, 0.41436463594436646, 0.4202578365802765, 0.429834246635437, 0.4338858127593994, 0.419705331325531, 0.41583794355392456, 0.40976059436798096, 0.4127071797847748, 0.4141804873943329, 0.41344383358955383], "all_token_val_accuracy": [0.0, 0.0, 0.0001841620687628165, 0.023756906390190125, 0.2642725706100464, 0.3917126953601837, 0.4127071797847748, 0.40883979201316833, 0.40570902824401855, 0.4033149182796478, 0.4116021990776062, 0.4176795482635498, 0.42707180976867676, 0.43167588114738464, 0.4173112213611603, 0.41141805052757263, 0.40570902824401855, 0.40883979201316833, 0.41049724817276, 0.4099447429180145]}}