{"disaster_new_train_9_16": {"num_of_epochs": 50, "learning_rate": 0.0001, "training_ds_fpath": "_train_9_16", "first_token_val_accuracy": [0.0, 0.0, 0.000368324137525633, 0.02651933766901493, 0.23609577119350433, 0.36869245767593384, 0.4373849034309387, 0.4988950192928314, 0.5285451412200928, 0.5642725825309753, 0.5871086716651917, 0.5928176641464233, 0.600552499294281, 0.6036832332611084, 0.6009207963943481, 0.6160221099853516, 0.6138121485710144, 0.6173112392425537, 0.6062614917755127, 0.6204419732093811, 0.6001841425895691, 0.5983425378799438, 0.6079189777374268, 0.6222836375236511, 0.6233885884284973, 0.6204419732093811, 0.6220994591712952, 0.6268876791000366, 0.6279926300048828, 0.6278084516525269, 0.6279926300048828, 0.6281768083572388, 0.6265193223953247, 0.6276243329048157, 0.6285451054573059, 0.6270717978477478, 0.6333333253860474, 0.6348066329956055, 0.6327808499336243, 0.6283609867095947, 0.6320441961288452, 0.63020259141922, 0.6313075423240662, 0.6298342347145081, 0.629281759262085, 0.6244935393333435, 0.6307550668716431, 0.6274401545524597, 0.6268876791000366, 0.6268876791000366], "all_token_val_accuracy": [0.0, 0.0, 0.0, 0.024677716195583344, 0.23333333432674408, 0.36464089155197144, 0.43462246656417847, 0.4959484338760376, 0.5259668231010437, 0.5618784427642822, 0.5845304131507874, 0.590607762336731, 0.5987108945846558, 0.6018416285514832, 0.5990791916847229, 0.6141805052757263, 0.6123388409614563, 0.6156537532806396, 0.6049723625183105, 0.618968665599823, 0.5990791916847229, 0.5976058840751648, 0.6071823239326477, 0.6213628053665161, 0.6222836375236511, 0.6193370223045349, 0.6211786270141602, 0.6259668469429016, 0.6270717978477478, 0.6268876791000366, 0.6272559762001038, 0.6276243329048157, 0.6259668469429016, 0.6272559762001038, 0.6283609867095947, 0.6268876791000366, 0.6329650282859802, 0.6344382762908936, 0.6324124932289124, 0.6279926300048828, 0.6316758990287781, 0.6298342347145081, 0.630939245223999, 0.6294659376144409, 0.6289134621620178, 0.6241252422332764, 0.6303867697715759, 0.6270717978477478, 0.6265193223953247, 0.6265193223953247]}}