{"disaster_new_train_4_32": {"num_of_epochs": 50, "learning_rate": 0.0001, "training_ds_fpath": "_train_4_32", "first_token_val_accuracy": [0.0, 0.004051565192639828, 0.38176795840263367, 0.4720073640346527, 0.5550644397735596, 0.569244921207428, 0.5653775334358215, 0.5725598335266113, 0.5918968915939331, 0.5731123685836792, 0.5644567012786865, 0.5808471441268921, 0.5861878395080566, 0.5885819792747498, 0.5797421932220459, 0.6313075423240662, 0.6173112392425537, 0.619152843952179, 0.6130754947662354, 0.6475138068199158, 0.6165745854377747, 0.6383057236671448, 0.6440147161483765, 0.6252301931381226, 0.6285451054573059, 0.6195212006568909, 0.630018413066864, 0.6186003684997559, 0.6335175037384033, 0.6318600177764893, 0.6195212006568909, 0.6149170994758606, 0.6114180684089661, 0.6031307578086853, 0.6349908113479614, 0.620073676109314, 0.6357274651527405, 0.6239410638809204, 0.6283609867095947, 0.6368324160575867, 0.6149170994758606, 0.6233885884284973, 0.6285451054573059, 0.6427255868911743, 0.6491712927818298, 0.6559852957725525, 0.6333333253860474, 0.6254143714904785, 0.6535911560058594, 0.6491712927818298], "all_token_val_accuracy": [0.0, 0.003130755154415965, 0.3784530460834503, 0.4699815809726715, 0.5530386567115784, 0.5677716135978699, 0.5640884041786194, 0.5712707042694092, 0.590607762336731, 0.5718231797218323, 0.5635359287261963, 0.5797421932220459, 0.5854511857032776, 0.5878453254699707, 0.5790055394172668, 0.6305708885192871, 0.6165745854377747, 0.6186003684997559, 0.6127071976661682, 0.6471455097198486, 0.6162062883377075, 0.6379373669624329, 0.6434622406959534, 0.6246777176856995, 0.6279926300048828, 0.618968665599823, 0.6294659376144409, 0.6182320713996887, 0.6331491470336914, 0.6314917206764221, 0.6195212006568909, 0.6149170994758606, 0.6114180684089661, 0.6031307578086853, 0.6348066329956055, 0.620073676109314, 0.6357274651527405, 0.6239410638809204, 0.6281768083572388, 0.6364640593528748, 0.6149170994758606, 0.6233885884284973, 0.6285451054573059, 0.6425414085388184, 0.6491712927818298, 0.6559852957725525, 0.6333333253860474, 0.6254143714904785, 0.6535911560058594, 0.6491712927818298]}}