{"disaster_new_train_6_32": {"num_of_epochs": 50, "learning_rate": 0.0001, "training_ds_fpath": "_train_6_32", "first_token_val_accuracy": [0.0, 0.0009208103292621672, 0.2581952214241028, 0.4456721842288971, 0.5016574859619141, 0.5572744011878967, 0.5826887488365173, 0.5900552272796631, 0.5917127132415771, 0.5823204517364502, 0.6093922853469849, 0.5624309182167053, 0.609576404094696, 0.6073665022850037, 0.6022099256515503, 0.6228361129760742, 0.5931860208511353, 0.5828729271888733, 0.5762431025505066, 0.6130754947662354, 0.6020258069038391, 0.6009207963943481, 0.6184161901473999, 0.6110497117042542, 0.6176795363426208, 0.6092081069946289, 0.6285451054573059, 0.620073676109314, 0.608839750289917, 0.6416206359863281, 0.6169428825378418, 0.6259668469429016, 0.639410674571991, 0.6395948529243469, 0.6084714531898499, 0.6405156254768372, 0.6325966715812683, 0.6265193223953247, 0.6162062883377075, 0.6287292838096619, 0.6390423774719238, 0.6441988945007324, 0.6421731114387512, 0.629097580909729, 0.6338858008384705, 0.6441988945007324, 0.6359115839004517, 0.6324124932289124, 0.6134438514709473, 0.6482504606246948], "all_token_val_accuracy": [0.0, 0.000368324137525633, 0.2556169331073761, 0.44272559881210327, 0.4985266923904419, 0.5548803210258484, 0.5808471441268921, 0.5883978009223938, 0.590423583984375, 0.5812154412269592, 0.6082872748374939, 0.5616942644119263, 0.6084714531898499, 0.6062614917755127, 0.6014732718467712, 0.6220994591712952, 0.5928176641464233, 0.5825046300888062, 0.5758747458457947, 0.6127071976661682, 0.6016574501991272, 0.600552499294281, 0.6180478930473328, 0.610681414604187, 0.6173112392425537, 0.608839750289917, 0.6281768083572388, 0.619705319404602, 0.6084714531898499, 0.6412522792816162, 0.6165745854377747, 0.6255985498428345, 0.6390423774719238, 0.639226496219635, 0.6081031560897827, 0.64014732837677, 0.6322283744812012, 0.6261510252952576, 0.6158379316329956, 0.6283609867095947, 0.6386740207672119, 0.6438305974006653, 0.6418048143386841, 0.6287292838096619, 0.6335175037384033, 0.6438305974006653, 0.6355432868003845, 0.6320441961288452, 0.6130754947662354, 0.6478821635246277]}}