{"disaster_new_train_3_32": {"num_of_epochs": 50, "learning_rate": 0.0001, "training_ds_fpath": "_train_3_32", "first_token_val_accuracy": [0.0, 0.0005524861626327038, 0.24732965230941772, 0.43830570578575134, 0.5046040415763855, 0.5705340504646301, 0.590239405632019, 0.6047881841659546, 0.6081031560897827, 0.5948434472084045, 0.6278084516525269, 0.6184161901473999, 0.6239410638809204, 0.6320441961288452, 0.6370165944099426, 0.6626151204109192, 0.639410674571991, 0.6519337296485901, 0.6561694145202637, 0.6675874590873718, 0.6451197266578674, 0.6465929746627808, 0.6530386805534363, 0.680662989616394, 0.6648250222206116, 0.6931859850883484, 0.6893185973167419, 0.6872928142547607, 0.6622467637062073, 0.6904235482215881, 0.6948434710502625, 0.6826887726783752, 0.6686924695968628, 0.6766114234924316, 0.6957642436027527, 0.6895027756690979, 0.6946592926979065, 0.6933701634407043, 0.7014732956886292, 0.6990792155265808, 0.6930018663406372, 0.6937384605407715, 0.7064456939697266, 0.6996316909790039, 0.7064456939697266, 0.709392249584198, 0.708655595779419, 0.700184166431427, 0.6959484219551086, 0.6926335096359253], "all_token_val_accuracy": [0.0, 0.0001841620687628165, 0.2443830519914627, 0.4360957741737366, 0.5027624368667603, 0.5688766241073608, 0.5891344547271729, 0.6036832332611084, 0.6071823239326477, 0.5941067934036255, 0.6272559762001038, 0.6180478930473328, 0.6235727667808533, 0.6316758990287781, 0.6366482377052307, 0.6622467637062073, 0.6390423774719238, 0.6515653729438782, 0.6558011174201965, 0.6672191619873047, 0.6449355483055115, 0.6464088559150696, 0.6528545022010803, 0.6802946329116821, 0.6646409034729004, 0.6926335096359253, 0.6887661218643188, 0.6869245171546936, 0.6618784666061401, 0.690055251121521, 0.6944751143455505, 0.6825045943260193, 0.6685082912445068, 0.6764272451400757, 0.6955801248550415, 0.6893185973167419, 0.6944751143455505, 0.6931859850883484, 0.7012891173362732, 0.6988950371742249, 0.6928176879882812, 0.6935543417930603, 0.7062615156173706, 0.699447512626648, 0.7062615156173706, 0.7092081308364868, 0.7084714770317078, 0.699999988079071, 0.6957642436027527, 0.6924493312835693]}}