{"disaster_new_train_9_8": {"num_of_epochs": 50, "learning_rate": 0.0001, "training_ds_fpath": "_train_9_8", "first_token_val_accuracy": [0.0, 0.0, 0.0, 0.0, 0.0, 0.0, 0.000368324137525633, 0.0012891344958916306, 0.004972375463694334, 0.025782689452171326, 0.10073664784431458, 0.21068139374256134, 0.299815833568573, 0.3510128855705261, 0.3847145438194275, 0.41289135813713074, 0.4333333373069763, 0.4497237503528595, 0.4716390371322632, 0.5014733076095581, 0.5252302289009094, 0.5340699553489685, 0.5476979613304138, 0.5526703596115112, 0.5574585795402527, 0.560036838054657, 0.5611417889595032, 0.5613259673118591, 0.5668508410453796, 0.5696132779121399, 0.5727440118789673, 0.5775322318077087, 0.5764272809028625, 0.5795580148696899, 0.5821362733840942, 0.5826887488365173, 0.580478847026825, 0.5815837979316711, 0.58950275182724, 0.5935543179512024, 0.5952118039131165, 0.5889502763748169, 0.5885819792747498, 0.5917127132415771, 0.5928176641464233, 0.5946593284606934, 0.5979742407798767, 0.6009207963943481, 0.5987108945846558, 0.5981583595275879], "all_token_val_accuracy": [0.0, 0.0, 0.0, 0.0, 0.0, 0.0, 0.0, 0.0005524861626327038, 0.002209944650530815, 0.021731123328208923, 0.09686924517154694, 0.20662982761859894, 0.294843465089798, 0.3460405170917511, 0.3804788291454315, 0.4090239405632019, 0.42965009808540344, 0.44585636258125305, 0.4674033224582672, 0.4968692362308502, 0.521178662776947, 0.5300183892250061, 0.5430939197540283, 0.5486187934875488, 0.5532228350639343, 0.5559852719306946, 0.5576426982879639, 0.5578268766403198, 0.5633517503738403, 0.5662983655929565, 0.569981575012207, 0.5747697949409485, 0.5736648440361023, 0.5767955780029297, 0.5795580148696899, 0.580294668674469, 0.5780847072601318, 0.5790055394172668, 0.5861878395080566, 0.590423583984375, 0.5920810103416443, 0.5860036611557007, 0.5860036611557007, 0.5891344547271729, 0.590239405632019, 0.5922651886940002, 0.5955801010131836, 0.5985267162322998, 0.5963167548179626, 0.5959484577178955]}}