{"disaster_new_train_4_4": {"num_of_epochs": 20, "learning_rate": 0.0005, "training_ds_fpath": "_train_4_4", "first_token_val_accuracy": [0.0, 0.0, 0.000736648275051266, 0.027624309062957764, 0.3292817771434784, 0.43720072507858276, 0.4541436433792114, 0.4821362793445587, 0.4979742169380188, 0.5158379077911377, 0.5213627815246582, 0.5136280059814453, 0.47182321548461914, 0.4528545141220093, 0.44235727190971375, 0.43572744727134705, 0.440147340297699, 0.4517495334148407, 0.46224677562713623, 0.44788214564323425], "all_token_val_accuracy": [0.0, 0.0, 0.0001841620687628165, 0.024125229567289352, 0.32596686482429504, 0.43683239817619324, 0.45395949482917786, 0.48195213079452515, 0.49779006838798523, 0.5156537890434265, 0.5213627815246582, 0.5136280059814453, 0.47182321548461914, 0.4528545141220093, 0.44235727190971375, 0.43572744727134705, 0.440147340297699, 0.4517495334148407, 0.46224677562713623, 0.44788214564323425]}}