{"disaster_new_train_2_8": {"num_of_epochs": 50, "learning_rate": 0.0001, "training_ds_fpath": "_train_2_8", "first_token_val_accuracy": [0.0, 0.0, 0.0, 0.0, 0.0, 0.0, 0.0, 0.0005524861626327038, 0.013259668834507465, 0.05524861812591553, 0.13756905496120453, 0.2337016612291336, 0.30570903420448303, 0.3486187756061554, 0.38434621691703796, 0.4055248498916626, 0.42965009808540344, 0.4495396018028259, 0.46979743242263794, 0.4876611530780792, 0.5022099614143372, 0.5053406953811646, 0.5197053551673889, 0.5307550430297852, 0.5412523150444031, 0.541436493396759, 0.5465930104255676, 0.5504603981971741, 0.5476979613304138, 0.5377532243728638, 0.539594829082489, 0.5441988706588745, 0.5476979613304138, 0.550828754901886, 0.5578268766403198, 0.5521178841590881, 0.5500921010971069, 0.5390423536300659, 0.5340699553489685, 0.539594829082489, 0.5357274413108826, 0.5302025675773621, 0.5219152569770813, 0.5104972124099731, 0.5104972124099731, 0.5060773491859436, 0.5088397860527039, 0.5222836136817932, 0.5331491827964783, 0.5418047904968262], "all_token_val_accuracy": [0.0, 0.0, 0.0, 0.0, 0.0, 0.0, 0.0, 0.0005524861626327038, 0.012707182206213474, 0.054143644869327545, 0.1357274353504181, 0.23038673400878906, 0.3023940920829773, 0.34530386328697205, 0.3806629776954651, 0.4018416106700897, 0.4254143536090851, 0.445119708776474, 0.46519336104393005, 0.48287293314933777, 0.4976058900356293, 0.500736653804779, 0.5151013135910034, 0.5265193581581116, 0.5372007489204407, 0.5375690460205078, 0.5425414443016052, 0.5464088320732117, 0.5440147519111633, 0.5342541337013245, 0.5360957384109497, 0.54069983959198, 0.5441988706588745, 0.5473296642303467, 0.5548803210258484, 0.5493554472923279, 0.5475137829780579, 0.5366482734680176, 0.5316758751869202, 0.5373849272727966, 0.5335174798965454, 0.5281767845153809, 0.5198894739151001, 0.5082873106002808, 0.5079189538955688, 0.5034990906715393, 0.5062615275382996, 0.520073652267456, 0.5309392213821411, 0.539594829082489]}}