{"amazonr_electronics_train_7_8": {"num_of_epochs": 30, "learning_rate": 0.0005, "training_ds_fpath": "_train_7_8", "first_token_val_accuracy": [0.38470229506492615, 0.4198174774646759, 0.3423728942871094, 0.5209039449691772, 0.329508900642395, 0.5230769515037537, 0.5256844758987427, 0.5056062340736389, 0.4805736541748047, 0.4695349931716919, 0.4838765859603882, 0.4891786277294159, 0.4910908341407776, 0.4945675730705261, 0.4891786277294159, 0.4806605875492096, 0.4795306324958801, 0.4839634895324707, 0.4911777377128601, 0.49986961483955383, 0.5044763088226318, 0.5049978494644165, 0.5037809610366821, 0.5408952832221985, 0.5588005185127258, 0.5651456117630005, 0.5634072422981262, 0.5508909225463867, 0.546979546546936, 0.5430682301521301], "all_token_val_accuracy": [0.38470229506492615, 0.4198174774646759, 0.3423728942871094, 0.5209039449691772, 0.329508900642395, 0.5230769515037537, 0.5256844758987427, 0.5056062340736389, 0.4805736541748047, 0.4695349931716919, 0.4838765859603882, 0.4891786277294159, 0.4910908341407776, 0.4945675730705261, 0.4891786277294159, 0.4806605875492096, 0.4795306324958801, 0.4839634895324707, 0.4911777377128601, 0.49986961483955383, 0.5044763088226318, 0.5049978494644165, 0.5037809610366821, 0.5408952832221985, 0.5588005185127258, 0.5651456117630005, 0.5634072422981262, 0.5508909225463867, 0.546979546546936, 0.5430682301521301]}}