{"amazonr_electronics_train_7_32": {"num_of_epochs": 40, "learning_rate": 0.0001, "training_ds_fpath": "_train_7_32", "first_token_val_accuracy": [0.02146892622113228, 0.4538896083831787, 0.4990873634815216, 0.5906996726989746, 0.528205156326294, 0.5490656495094299, 0.516731858253479, 0.5942633748054504, 0.451977401971817, 0.4736201763153076, 0.5752281546592712, 0.5122120976448059, 0.6028683185577393, 0.6038244366645813, 0.6026075482368469, 0.5463711619377136, 0.544372022151947, 0.5797479152679443, 0.5840938687324524, 0.5648848414421082, 0.598870038986206, 0.6149500012397766, 0.5882659554481506, 0.6192959547042847, 0.5479356646537781, 0.5875706076622009, 0.5920034646987915, 0.5587136149406433, 0.5633202791213989, 0.5752281546592712, 0.5917426943778992, 0.5499348044395447, 0.5760104060173035, 0.5656670928001404, 0.5887005925178528, 0.5447196960449219, 0.5587136149406433, 0.5640156269073486, 0.5337679386138916, 0.5485441088676453], "all_token_val_accuracy": [0.02146892622113228, 0.4538896083831787, 0.4990873634815216, 0.5906996726989746, 0.528205156326294, 0.5490656495094299, 0.516731858253479, 0.5942633748054504, 0.451977401971817, 0.4736201763153076, 0.5752281546592712, 0.5122120976448059, 0.6028683185577393, 0.6038244366645813, 0.6026075482368469, 0.5463711619377136, 0.544372022151947, 0.5797479152679443, 0.5840938687324524, 0.5648848414421082, 0.598870038986206, 0.6149500012397766, 0.5882659554481506, 0.6192959547042847, 0.5479356646537781, 0.5875706076622009, 0.5920034646987915, 0.5587136149406433, 0.5633202791213989, 0.5752281546592712, 0.5917426943778992, 0.5499348044395447, 0.5760104060173035, 0.5656670928001404, 0.5887005925178528, 0.5447196960449219, 0.5587136149406433, 0.5640156269073486, 0.5337679386138916, 0.5485441088676453]}}