{"amazonr_electronics_train_2_32": {"num_of_epochs": 40, "learning_rate": 0.0001, "training_ds_fpath": "_train_2_32", "first_token_val_accuracy": [0.006605823524296284, 0.4425901770591736, 0.48700565099716187, 0.5899174213409424, 0.5266405940055847, 0.5152542591094971, 0.5729683041572571, 0.5517600774765015, 0.5661016702651978, 0.6157323122024536, 0.53194260597229, 0.5850499868392944, 0.5847023129463196, 0.5767927169799805, 0.5706214904785156, 0.5558452606201172, 0.5953933000564575, 0.587049126625061, 0.562016487121582, 0.5993915796279907, 0.5868752598762512, 0.5824424028396606, 0.5688831210136414, 0.594350278377533, 0.5865275859832764, 0.5773141980171204, 0.5879182815551758, 0.5724467635154724, 0.5076053738594055, 0.5716645121574402, 0.5670577883720398, 0.5820947289466858, 0.5786179900169373, 0.5262929201126099, 0.5685354471206665, 0.5767927169799805, 0.5531508326530457, 0.5721859931945801, 0.5742720365524292, 0.574445903301239], "all_token_val_accuracy": [0.006605823524296284, 0.4425901770591736, 0.48700565099716187, 0.5899174213409424, 0.5266405940055847, 0.5152542591094971, 0.5729683041572571, 0.5517600774765015, 0.5661016702651978, 0.6157323122024536, 0.53194260597229, 0.5850499868392944, 0.5847023129463196, 0.5767927169799805, 0.5706214904785156, 0.5558452606201172, 0.5953933000564575, 0.587049126625061, 0.562016487121582, 0.5993915796279907, 0.5868752598762512, 0.5824424028396606, 0.5688831210136414, 0.594350278377533, 0.5865275859832764, 0.5773141980171204, 0.5879182815551758, 0.5724467635154724, 0.5076053738594055, 0.5716645121574402, 0.5670577883720398, 0.5820947289466858, 0.5786179900169373, 0.5262929201126099, 0.5685354471206665, 0.5767927169799805, 0.5531508326530457, 0.5721859931945801, 0.5742720365524292, 0.574445903301239]}}