{"amazonr_electronics_train_5_8": {"num_of_epochs": 30, "learning_rate": 0.0005, "training_ds_fpath": "_train_5_8", "first_token_val_accuracy": [0.1584528535604477, 0.491264671087265, 0.3037809729576111, 0.5877444744110107, 0.3641025722026825, 0.43850499391555786, 0.5105606317520142, 0.47457626461982727, 0.5502824783325195, 0.4631899297237396, 0.4853541851043701, 0.5181225538253784, 0.5153411626815796, 0.5047370791435242, 0.5056931972503662, 0.5046501755714417, 0.5056062340736389, 0.5033463835716248, 0.4984789192676544, 0.48622336983680725, 0.48491960763931274, 0.49404606223106384, 0.5030856132507324, 0.5066492557525635, 0.5083876848220825, 0.5334202647209167, 0.5361147522926331, 0.5275967121124268, 0.5272490382194519, 0.5250760316848755], "all_token_val_accuracy": [0.1584528535604477, 0.491264671087265, 0.3037809729576111, 0.5877444744110107, 0.3641025722026825, 0.43850499391555786, 0.5105606317520142, 0.47457626461982727, 0.5502824783325195, 0.4631899297237396, 0.4853541851043701, 0.5181225538253784, 0.5153411626815796, 0.5047370791435242, 0.5056931972503662, 0.5046501755714417, 0.5056062340736389, 0.5033463835716248, 0.4984789192676544, 0.48622336983680725, 0.48491960763931274, 0.49404606223106384, 0.5030856132507324, 0.5066492557525635, 0.5083876848220825, 0.5334202647209167, 0.5361147522926331, 0.5275967121124268, 0.5272490382194519, 0.5250760316848755]}}