{"amazonr_electronics_train_9_16": {"num_of_epochs": 40, "learning_rate": 0.0001, "training_ds_fpath": "_train_9_16", "first_token_val_accuracy": [0.0, 0.003129074349999428, 0.394263356924057, 0.5049108862876892, 0.5127335786819458, 0.5272490382194519, 0.5635810494422913, 0.5473272204399109, 0.5839200615882874, 0.5421990156173706, 0.5517600774765015, 0.5604519844055176, 0.5649717450141907, 0.5709691643714905, 0.6122555136680603, 0.5461103916168213, 0.6214689016342163, 0.5995653867721558, 0.5893959403038025, 0.6154715418815613, 0.6192959547042847, 0.6000869274139404, 0.5278574824333191, 0.5653194189071655, 0.5715775489807129, 0.6113863587379456, 0.6095610857009888, 0.6081703901290894, 0.6435462832450867, 0.5837461948394775, 0.5621903538703918, 0.6039982438087463, 0.6033028960227966, 0.6039982438087463, 0.6043459177017212, 0.5913950204849243, 0.5826162695884705, 0.5956540703773499, 0.5992177128791809, 0.5947848558425903], "all_token_val_accuracy": [0.0, 0.003129074349999428, 0.394263356924057, 0.5049108862876892, 0.5127335786819458, 0.5272490382194519, 0.5635810494422913, 0.5473272204399109, 0.5839200615882874, 0.5421990156173706, 0.5517600774765015, 0.5604519844055176, 0.5649717450141907, 0.5709691643714905, 0.6122555136680603, 0.5461103916168213, 0.6214689016342163, 0.5995653867721558, 0.5893959403038025, 0.6154715418815613, 0.6192959547042847, 0.6000869274139404, 0.5278574824333191, 0.5653194189071655, 0.5715775489807129, 0.6113863587379456, 0.6095610857009888, 0.6081703901290894, 0.6435462832450867, 0.5837461948394775, 0.5621903538703918, 0.6039982438087463, 0.6033028960227966, 0.6039982438087463, 0.6043459177017212, 0.5913950204849243, 0.5826162695884705, 0.5956540703773499, 0.5992177128791809, 0.5947848558425903]}}