{"amazonr_electronics_train_4_8": {"num_of_epochs": 30, "learning_rate": 0.0005, "training_ds_fpath": "_train_4_8", "first_token_val_accuracy": [0.19626249372959137, 0.468231201171875, 0.30612775683403015, 0.5787048935890198, 0.4159930348396301, 0.41955670714378357, 0.474054753780365, 0.49413299560546875, 0.48700565099716187, 0.4905693233013153, 0.49543675780296326, 0.47709691524505615, 0.4794437289237976, 0.4747501015663147, 0.48213818669319153, 0.478661447763443, 0.4229465425014496, 0.49474141001701355, 0.33759236335754395, 0.374619722366333, 0.39774012565612793, 0.3882659673690796, 0.4066058099269867, 0.4283355176448822, 0.4505867063999176, 0.4570186734199524, 0.4551064670085907, 0.44693610072135925, 0.5532377362251282, 0.3633202910423279], "all_token_val_accuracy": [0.19626249372959137, 0.468231201171875, 0.30612775683403015, 0.5786179900169373, 0.4159930348396301, 0.41955670714378357, 0.474054753780365, 0.49413299560546875, 0.48691871762275696, 0.4905693233013153, 0.49543675780296326, 0.47709691524505615, 0.4793567955493927, 0.4746631979942322, 0.482051283121109, 0.4785745441913605, 0.4229465425014496, 0.49474141001701355, 0.33759236335754395, 0.374619722366333, 0.39774012565612793, 0.3882659673690796, 0.4066058099269867, 0.4283355176448822, 0.4505867063999176, 0.4570186734199524, 0.4551064670085907, 0.44693610072135925, 0.5532377362251282, 0.3633202910423279]}}