{"amazonr_electronics_train_1_32": {"num_of_epochs": 40, "learning_rate": 0.0001, "training_ds_fpath": "_train_1_32", "first_token_val_accuracy": [0.002781399292871356, 0.47040417790412903, 0.46084311604499817, 0.4479791522026062, 0.6073011755943298, 0.5495871305465698, 0.5261190533638, 0.5864406824111938, 0.5715775489807129, 0.5839200615882874, 0.567666232585907, 0.5882659554481506, 0.6023467779159546, 0.6043459177017212, 0.604519784450531, 0.6009560823440552, 0.528205156326294, 0.5260321497917175, 0.5985223650932312, 0.6270317435264587, 0.613733172416687, 0.6087787747383118, 0.6007822751998901, 0.622946560382843, 0.5731421113014221, 0.6050412654876709, 0.6225119233131409, 0.6301608085632324, 0.6167753338813782, 0.6026944518089294, 0.6099087595939636, 0.600173830986023, 0.5987831354141235, 0.6044328808784485, 0.610343337059021, 0.60712730884552, 0.6288570165634155, 0.6126901507377625, 0.6292915940284729, 0.631203830242157], "all_token_val_accuracy": [0.002694480586796999, 0.47040417790412903, 0.46084311604499817, 0.44771838188171387, 0.6073011755943298, 0.5495871305465698, 0.5261190533638, 0.5864406824111938, 0.5715775489807129, 0.5839200615882874, 0.567666232585907, 0.5882659554481506, 0.6023467779159546, 0.6043459177017212, 0.604519784450531, 0.6009560823440552, 0.528205156326294, 0.5260321497917175, 0.5985223650932312, 0.6270317435264587, 0.613733172416687, 0.6087787747383118, 0.6007822751998901, 0.622946560382843, 0.5731421113014221, 0.6050412654876709, 0.6225119233131409, 0.6301608085632324, 0.6167753338813782, 0.6026944518089294, 0.6099087595939636, 0.600173830986023, 0.5987831354141235, 0.6044328808784485, 0.610343337059021, 0.60712730884552, 0.6288570165634155, 0.6126901507377625, 0.6292915940284729, 0.631203830242157]}}