{"amazonr_electronics_train_1_8": {"num_of_epochs": 30, "learning_rate": 0.0005, "training_ds_fpath": "_train_1_8", "first_token_val_accuracy": [0.43372446298599243, 0.47570621967315674, 0.48370274901390076, 0.5514993667602539, 0.5488917827606201, 0.47448936104774475, 0.5315080285072327, 0.5661016702651978, 0.5314211249351501, 0.5252498984336853, 0.5415036678314209, 0.4419817328453064, 0.5734028816223145, 0.5800955891609192, 0.5780095458030701, 0.5743589997291565, 0.5707083940505981, 0.5840069651603699, 0.5785310864448547, 0.5789656639099121, 0.5814862847328186, 0.5810517072677612, 0.5840069651603699, 0.5843546390533447, 0.5820947289466858, 0.582703173160553, 0.5945241451263428, 0.5949587225914001, 0.5933941602706909, 0.5916557908058167], "all_token_val_accuracy": [0.43372446298599243, 0.47570621967315674, 0.48361581563949585, 0.5514993667602539, 0.5488917827606201, 0.47448936104774475, 0.5315080285072327, 0.5661016702651978, 0.5314211249351501, 0.5252498984336853, 0.5415036678314209, 0.4419817328453064, 0.5734028816223145, 0.5800955891609192, 0.5780095458030701, 0.5743589997291565, 0.5707083940505981, 0.5840069651603699, 0.5785310864448547, 0.5789656639099121, 0.5814862847328186, 0.5810517072677612, 0.5840069651603699, 0.5843546390533447, 0.5820947289466858, 0.582703173160553, 0.5945241451263428, 0.5949587225914001, 0.5933941602706909, 0.5916557908058167]}}