{"amazonr_electronics_train_6_16": {"num_of_epochs": 40, "learning_rate": 0.0001, "training_ds_fpath": "_train_6_16", "first_token_val_accuracy": [0.0, 0.014863102696835995, 0.46936115622520447, 0.5394176244735718, 0.3812255561351776, 0.5216861963272095, 0.5572359561920166, 0.5158626437187195, 0.551151692867279, 0.5614950060844421, 0.570099949836731, 0.5547153353691101, 0.5965232253074646, 0.5777487754821777, 0.5824424028396606, 0.6036505699157715, 0.5829639434814453, 0.6070404052734375, 0.550195574760437, 0.5916557908058167, 0.6099087595939636, 0.5950456261634827, 0.5974793434143066, 0.5860061049461365, 0.5882659554481506, 0.5871360301971436, 0.5914819836616516, 0.586093008518219, 0.595306396484375, 0.6053020358085632, 0.6026944518089294, 0.6004346013069153, 0.6030421853065491, 0.6025206446647644, 0.5860061049461365, 0.5893959403038025, 0.5942633748054504, 0.5991308093070984, 0.5960017442703247, 0.6041721105575562], "all_token_val_accuracy": [0.0, 0.014863102696835995, 0.46936115622520447, 0.5394176244735718, 0.3812255561351776, 0.5216861963272095, 0.5572359561920166, 0.5158626437187195, 0.551151692867279, 0.5614950060844421, 0.570099949836731, 0.5547153353691101, 0.5965232253074646, 0.5777487754821777, 0.5824424028396606, 0.6036505699157715, 0.5829639434814453, 0.6070404052734375, 0.550195574760437, 0.5916557908058167, 0.6099087595939636, 0.5950456261634827, 0.5974793434143066, 0.5860061049461365, 0.5882659554481506, 0.5871360301971436, 0.5914819836616516, 0.586093008518219, 0.595306396484375, 0.6053020358085632, 0.6026944518089294, 0.6004346013069153, 0.6030421853065491, 0.6025206446647644, 0.5860061049461365, 0.5893959403038025, 0.5942633748054504, 0.5991308093070984, 0.5960017442703247, 0.6041721105575562]}}