{"amazonr_electronics_train_0_4": {"num_of_epochs": 20, "learning_rate": 0.0005, "training_ds_fpath": "_train_0_4", "first_token_val_accuracy": [0.0, 0.1500217318534851, 0.4741416871547699, 0.571229875087738, 0.592872679233551, 0.53194260597229, 0.5340287089347839, 0.5890482664108276, 0.6166883707046509, 0.6169491410255432, 0.6075619459152222, 0.6000869274139404, 0.5959148406982422, 0.5950456261634827, 0.5942633748054504, 0.5878313779830933, 0.5825293064117432, 0.5821816325187683, 0.5842677354812622, 0.5861799120903015], "all_token_val_accuracy": [0.0, 0.14984789490699768, 0.4741416871547699, 0.571229875087738, 0.592872679233551, 0.53194260597229, 0.5340287089347839, 0.5890482664108276, 0.6166883707046509, 0.6169491410255432, 0.6075619459152222, 0.6000869274139404, 0.5959148406982422, 0.5950456261634827, 0.5942633748054504, 0.5878313779830933, 0.5825293064117432, 0.5821816325187683, 0.5842677354812622, 0.5861799120903015]}}