{"amazonr_electronics_train_1_16": {"num_of_epochs": 40, "learning_rate": 0.0001, "training_ds_fpath": "_train_1_16", "first_token_val_accuracy": [0.0, 0.007388092111796141, 0.3652324974536896, 0.5326379537582397, 0.4000000059604645, 0.4564102590084076, 0.4663189947605133, 0.4780530333518982, 0.4400695264339447, 0.49413299560546875, 0.4159930348396301, 0.5782703161239624, 0.5181225538253784, 0.5518470406532288, 0.5096045136451721, 0.5750543475151062, 0.5624511241912842, 0.45336809754371643, 0.5083876848220825, 0.5271620750427246, 0.5732290148735046, 0.4787483811378479, 0.5970447659492493, 0.5887005925178528, 0.5611473321914673, 0.5588874220848083, 0.5471534132957458, 0.5481095314025879, 0.5514124035835266, 0.5619295835494995, 0.5548892021179199, 0.564276397228241, 0.5631464719772339, 0.5431551337242126, 0.5461972951889038, 0.5441981554031372, 0.5572359561920166, 0.5719252228736877, 0.5765319466590881, 0.5704476237297058], "all_token_val_accuracy": [0.0, 0.007388092111796141, 0.3652324974536896, 0.5326379537582397, 0.4000000059604645, 0.4564102590084076, 0.4663189947605133, 0.4780530333518982, 0.4400695264339447, 0.49413299560546875, 0.4159930348396301, 0.5782703161239624, 0.5181225538253784, 0.5518470406532288, 0.5096045136451721, 0.5750543475151062, 0.5624511241912842, 0.45336809754371643, 0.5083876848220825, 0.5271620750427246, 0.5732290148735046, 0.4787483811378479, 0.5970447659492493, 0.5887005925178528, 0.5611473321914673, 0.5588874220848083, 0.5471534132957458, 0.5481095314025879, 0.5514124035835266, 0.5619295835494995, 0.5548892021179199, 0.564276397228241, 0.5631464719772339, 0.5431551337242126, 0.5461972951889038, 0.5441981554031372, 0.5572359561920166, 0.5719252228736877, 0.5765319466590881, 0.5704476237297058]}}