{"restaurant_train_4_32": {"num_of_epochs": 50, "learning_rate": 0.0001, "training_ds_fpath": "_train_4_32", "first_token_val_accuracy": [1.0, 1.0, 1.0, 1.0, 1.0, 1.0, 1.0, 1.0, 1.0, 1.0, 1.0, 1.0, 1.0, 1.0, 1.0, 1.0, 1.0, 1.0, 1.0, 1.0, 1.0, 1.0, 1.0, 1.0, 1.0, 1.0, 1.0, 1.0, 1.0, 1.0, 1.0, 1.0, 1.0, 1.0, 1.0, 1.0, 1.0, 1.0, 1.0, 1.0, 1.0, 1.0, 1.0, 1.0, 1.0, 1.0, 1.0, 1.0, 1.0, 1.0], "all_token_val_accuracy": [0.16441528499126434, 0.4291779100894928, 0.5245079398155212, 0.5742956399917603, 0.6449247598648071, 0.6426090598106384, 0.7163257598876953, 0.7367811799049377, 0.730605959892273, 0.7518332600593567, 0.7433423399925232, 0.7406406998634338, 0.794287919998169, 0.7854110598564148, 0.7765341401100159, 0.7904284000396729, 0.7865688800811768, 0.7873408198356628, 0.7869548201560974, 0.7637977600097656, 0.7695870399475098, 0.7869548201560974, 0.8031647801399231, 0.7637977600097656, 0.7923581600189209, 0.8016210198402405, 0.8097259998321533, 0.8143573999404907, 0.7946738600730896, 0.7989193201065063, 0.7881126999855042, 0.7560787200927734, 0.7618680000305176, 0.7815515398979187, 0.7819374799728394, 0.8016210198402405, 0.7996912598609924, 0.7919722199440002, 0.8000771999359131, 0.7888845801353455, 0.7946738600730896, 0.8000771999359131, 0.7915862798690796, 0.7846391201019287, 0.8043226599693298, 0.798147439956665, 0.7969895601272583, 0.796217679977417, 0.7985333800315857, 0.8031647801399231]}}