{"restaurant_train_6_4": {"num_of_epochs": 20, "learning_rate": 0.0005, "training_ds_fpath": "_train_6_4", "first_token_val_accuracy": [0.003859513672068715, 1.0, 1.0, 1.0, 1.0, 1.0, 1.0, 1.0, 1.0, 1.0, 1.0, 1.0, 1.0, 1.0, 1.0, 1.0, 1.0, 1.0, 1.0, 1.0], "all_token_val_accuracy": [0.0, 0.2053261250257492, 0.2682361900806427, 0.3400231599807739, 0.3523736000061035, 0.35507526993751526, 0.3118487000465393, 0.36742570996284485, 0.3817059099674225, 0.4106522500514984, 0.30528753995895386, 0.4145117700099945, 0.4446159899234772, 0.4488614499568939, 0.46236974000930786, 0.4619837999343872, 0.4067927300930023, 0.42493245005607605, 0.4284060299396515, 0.4284060299396515]}}