{"restaurant_train_7_4": {"num_of_epochs": 20, "learning_rate": 0.0005, "training_ds_fpath": "_train_7_4", "first_token_val_accuracy": [0.0, 1.0, 1.0, 1.0, 1.0, 1.0, 1.0, 1.0, 1.0, 1.0, 1.0, 1.0, 1.0, 1.0, 1.0, 1.0, 1.0, 1.0, 1.0, 1.0], "all_token_val_accuracy": [0.0, 0.27248167991638184, 0.298726350069046, 0.30297183990478516, 0.3218834400177002, 0.4021613299846649, 0.3786182999610901, 0.4392126500606537, 0.4129679799079895, 0.4245465099811554, 0.42261675000190735, 0.390196830034256, 0.40177538990974426, 0.4399845600128174, 0.4469316899776459, 0.3874951899051666, 0.3928984999656677, 0.40795060992240906, 0.34581243991851807, 0.4021613299846649]}}