{"restaurant_train_2_4": {"num_of_epochs": 20, "learning_rate": 0.0005, "training_ds_fpath": "_train_2_4", "first_token_val_accuracy": [0.12813585996627808, 1.0, 1.0, 1.0, 1.0, 1.0, 1.0, 1.0, 0.9992281198501587, 1.0, 1.0, 1.0, 1.0, 1.0, 1.0, 1.0, 1.0, 1.0, 1.0, 1.0], "all_token_val_accuracy": [0.000771902734413743, 0.1524507850408554, 0.27634117007255554, 0.3631802499294281, 0.36433809995651245, 0.3500578999519348, 0.3516016900539398, 0.3211115300655365, 0.4199150800704956, 0.3442686200141907, 0.41875723004341125, 0.3940563499927521, 0.3940563499927521, 0.436896950006485, 0.452335000038147, 0.47008877992630005, 0.44345811009407043, 0.45001929998397827, 0.47857969999313354, 0.4789656400680542]}}