{"restaurant_train_3_16": {"num_of_epochs": 50, "learning_rate": 0.0001, "training_ds_fpath": "_train_3_16", "first_token_val_accuracy": [0.0, 1.0, 1.0, 1.0, 1.0, 1.0, 1.0, 1.0, 1.0, 1.0, 1.0, 1.0, 1.0, 1.0, 1.0, 1.0, 1.0, 1.0, 1.0, 1.0, 1.0, 1.0, 1.0, 1.0, 1.0, 1.0, 1.0, 1.0, 1.0, 1.0, 1.0, 1.0, 1.0, 1.0, 1.0, 1.0, 1.0, 1.0, 1.0, 1.0, 1.0, 1.0, 1.0, 1.0, 1.0, 1.0, 1.0, 1.0, 1.0, 1.0], "all_token_val_accuracy": [0.0, 0.2666923999786377, 0.39135468006134033, 0.43651100993156433, 0.4453878700733185, 0.5233500599861145, 0.5522964000701904, 0.6125048398971558, 0.6333461999893188, 0.6746429800987244, 0.6823620200157166, 0.7089926600456238, 0.6904670000076294, 0.7124662399291992, 0.7583944201469421, 0.6989579200744629, 0.7568506598472595, 0.7437282800674438, 0.7363952398300171, 0.7641837000846863, 0.7298340201377869, 0.7607101798057556, 0.7722886800765991, 0.7417985200881958, 0.7749903798103333, 0.7637977600097656, 0.7429563999176025, 0.7572365999221802, 0.780393660068512, 0.7553068399429321, 0.7757622599601746, 0.7610961198806763, 0.7788498401641846, 0.7865688800811768, 0.7834812998771667, 0.77923583984375, 0.7769200801849365, 0.7719027400016785, 0.7769200801849365, 0.7842531800270081, 0.780393660068512, 0.78232342004776, 0.7730606198310852, 0.7765341401100159, 0.7815515398979187, 0.7676572799682617, 0.7819374799728394, 0.7892705798149109, 0.7800077199935913, 0.7468159198760986]}}