{"restaurant_train_7_8": {"num_of_epochs": 50, "learning_rate": 0.0001, "training_ds_fpath": "_train_7_8", "first_token_val_accuracy": [0.0, 0.0, 0.9837900400161743, 1.0, 1.0, 1.0, 1.0, 1.0, 1.0, 1.0, 1.0, 1.0, 1.0, 1.0, 1.0, 1.0, 1.0, 1.0, 1.0, 1.0, 1.0, 1.0, 1.0, 1.0, 1.0, 1.0, 1.0, 1.0, 1.0, 1.0, 1.0, 1.0, 1.0, 1.0, 1.0, 1.0, 1.0, 1.0, 1.0, 1.0, 1.0, 1.0, 1.0, 1.0, 1.0, 1.0, 1.0, 1.0, 1.0, 1.0], "all_token_val_accuracy": [0.0, 0.0, 0.1065225750207901, 0.23851794004440308, 0.32304129004478455, 0.38517946004867554, 0.4106522500514984, 0.42802006006240845, 0.4519490599632263, 0.35739096999168396, 0.42570436000823975, 0.4743342399597168, 0.4913160800933838, 0.517946720123291, 0.5349286198616028, 0.5461211800575256, 0.5681204199790955, 0.593593180179596, 0.6086453199386597, 0.6071015000343323, 0.6101891398429871, 0.6159783601760864, 0.608259379863739, 0.5862601399421692, 0.6074874401092529, 0.6121188998222351, 0.6345040798187256, 0.620223879814148, 0.6236974000930786, 0.6217676401138306, 0.6321883201599121, 0.6426090598106384, 0.642223060131073, 0.6545735001564026, 0.6630644798278809, 0.6576611399650574, 0.6630644798278809, 0.6657661199569702, 0.6688537001609802, 0.6634504199028015, 0.6387495398521423, 0.6588189601898193, 0.658047080039978, 0.6592049598693848, 0.6638363599777222, 0.6680818200111389, 0.6673099398612976, 0.6711694598197937, 0.6746429800987244, 0.6773446798324585]}}