{"restaurant_train_7_32": {"num_of_epochs": 50, "learning_rate": 0.0001, "training_ds_fpath": "_train_7_32", "first_token_val_accuracy": [1.0, 1.0, 1.0, 1.0, 1.0, 1.0, 1.0, 1.0, 1.0, 1.0, 1.0, 1.0, 1.0, 1.0, 1.0, 1.0, 1.0, 1.0, 1.0, 1.0, 1.0, 1.0, 1.0, 1.0, 1.0, 1.0, 1.0, 1.0, 1.0, 1.0, 1.0, 1.0, 1.0, 1.0, 1.0, 1.0, 1.0, 1.0, 1.0, 1.0, 1.0, 1.0, 1.0, 1.0, 1.0, 1.0, 1.0, 1.0, 1.0, 1.0], "all_token_val_accuracy": [0.22886915504932404, 0.43573909997940063, 0.5268236398696899, 0.597452700138092, 0.6626784801483154, 0.6939405798912048, 0.7437282800674438, 0.7086067199707031, 0.7124662399291992, 0.7398687601089478, 0.7591663599014282, 0.7873408198356628, 0.7692010998725891, 0.7437282800674438, 0.7761482000350952, 0.7661134600639343, 0.7861829400062561, 0.7865688800811768, 0.794287919998169, 0.7973755598068237, 0.7996912598609924, 0.7927441000938416, 0.7919722199440002, 0.781165599822998, 0.7788498401641846, 0.812041699886322, 0.7757622599601746, 0.798147439956665, 0.7742184400558472, 0.799305260181427, 0.7873408198356628, 0.8016210198402405, 0.796217679977417, 0.7969895601272583, 0.8081821799278259, 0.8174449801445007, 0.8143573999404907, 0.8054804801940918, 0.7738324999809265, 0.8020069599151611, 0.8081821799278259, 0.8058664798736572, 0.798147439956665, 0.8023928999900818, 0.812041699886322, 0.8035507798194885, 0.8027788400650024, 0.8166730999946594, 0.8081821799278259, 0.794287919998169]}}