{"amazonr_dvd_train_4_16": {"num_of_epochs": 40, "learning_rate": 0.0001, "training_ds_fpath": "_train_4_16", "first_token_val_accuracy": [0.0, 0.13904382288455963, 0.3677290976047516, 0.4205179214477539, 0.504183292388916, 0.5205179452896118, 0.512948215007782, 0.5219123363494873, 0.525896430015564, 0.5233067870140076, 0.5382469892501831, 0.548804759979248, 0.5543824434280396, 0.5115537643432617, 0.5446215271949768, 0.5167330503463745, 0.538844645023346, 0.5334661602973938, 0.5410358309745789, 0.5245019793510437, 0.5575697422027588, 0.5476095676422119, 0.5639442205429077, 0.5597609281539917, 0.5360558032989502, 0.5456175208091736, 0.5559760928153992, 0.5511952042579651, 0.5589641332626343, 0.5525896549224854, 0.5480079650878906, 0.5470119714736938, 0.5581673383712769, 0.5689243078231812, 0.5683267116546631, 0.5398406386375427, 0.5360558032989502, 0.5330677032470703, 0.5372509956359863, 0.5575697422027588], "all_token_val_accuracy": [0.0, 0.13904382288455963, 0.3677290976047516, 0.4205179214477539, 0.5039840340614319, 0.5201195478439331, 0.5117529630661011, 0.519920289516449, 0.5141434073448181, 0.519920289516449, 0.5374501943588257, 0.548804759979248, 0.5543824434280396, 0.5115537643432617, 0.5446215271949768, 0.5167330503463745, 0.538844645023346, 0.5334661602973938, 0.5410358309745789, 0.5245019793510437, 0.5575697422027588, 0.5476095676422119, 0.5639442205429077, 0.5597609281539917, 0.5360558032989502, 0.5456175208091736, 0.5559760928153992, 0.5511952042579651, 0.5589641332626343, 0.5525896549224854, 0.5480079650878906, 0.5470119714736938, 0.5581673383712769, 0.5689243078231812, 0.5683267116546631, 0.5398406386375427, 0.5360558032989502, 0.5330677032470703, 0.5372509956359863, 0.5575697422027588]}}