{"amazonr_dvd_train_1_32": {"num_of_epochs": 40, "learning_rate": 0.0001, "training_ds_fpath": "_train_1_32", "first_token_val_accuracy": [0.002788844518363476, 0.39203187823295593, 0.4575697183609009, 0.4434262812137604, 0.5591633319854736, 0.541235089302063, 0.5334661602973938, 0.48944222927093506, 0.4948207139968872, 0.5386454463005066, 0.5687251091003418, 0.5314741134643555, 0.5191234946250916, 0.522310733795166, 0.5292828679084778, 0.539442241191864, 0.5462151169776917, 0.5968127250671387, 0.5854581594467163, 0.5818725228309631, 0.5717131495475769, 0.5155378580093384, 0.5627490282058716, 0.5380477905273438, 0.5330677032470703, 0.5314741134643555, 0.5416334867477417, 0.5462151169776917, 0.5398406386375427, 0.49203187227249146, 0.5619521737098694, 0.5458167195320129, 0.5422310829162598, 0.5420318841934204, 0.5511952042579651, 0.5621513724327087, 0.49163347482681274, 0.5139442086219788, 0.5557768940925598, 0.49203187227249146], "all_token_val_accuracy": [0.002788844518363476, 0.39203187823295593, 0.4575697183609009, 0.4434262812137604, 0.5591633319854736, 0.541235089302063, 0.5334661602973938, 0.48944222927093506, 0.4948207139968872, 0.5386454463005066, 0.5687251091003418, 0.5314741134643555, 0.5191234946250916, 0.522310733795166, 0.5292828679084778, 0.539442241191864, 0.5462151169776917, 0.5968127250671387, 0.5854581594467163, 0.5818725228309631, 0.5717131495475769, 0.5155378580093384, 0.5627490282058716, 0.5380477905273438, 0.5330677032470703, 0.5314741134643555, 0.5416334867477417, 0.5462151169776917, 0.5398406386375427, 0.49203187227249146, 0.5619521737098694, 0.5458167195320129, 0.5422310829162598, 0.5420318841934204, 0.5511952042579651, 0.5621513724327087, 0.49163347482681274, 0.5139442086219788, 0.5557768940925598, 0.49203187227249146]}}