{"amazonr_dvd_train_0_16": {"num_of_epochs": 40, "learning_rate": 0.0001, "training_ds_fpath": "_train_0_16", "first_token_val_accuracy": [0.0, 0.03904382511973381, 0.3484063744544983, 0.495617538690567, 0.5669322609901428, 0.5, 0.5503984093666077, 0.5340637564659119, 0.5802788734436035, 0.5280876755714417, 0.554780900478363, 0.5324701070785522, 0.5575697422027588, 0.5675298571586609, 0.5840637683868408, 0.552390456199646, 0.5743027925491333, 0.5591633319854736, 0.5575697422027588, 0.5754979848861694, 0.5509960055351257, 0.5637450218200684, 0.5442231297492981, 0.5709163546562195, 0.5892430543899536, 0.5368525981903076, 0.5641434192657471, 0.565338671207428, 0.5527888536453247, 0.5603585839271545, 0.5519920587539673, 0.5583665370941162, 0.5707171559333801, 0.5930278897285461, 0.5950199365615845, 0.590039849281311, 0.5832669138908386, 0.5731075406074524, 0.5760956406593323, 0.5756971836090088], "all_token_val_accuracy": [0.0, 0.038844622671604156, 0.34820717573165894, 0.495617538690567, 0.5669322609901428, 0.5, 0.5503984093666077, 0.5340637564659119, 0.5802788734436035, 0.5280876755714417, 0.5545817017555237, 0.5324701070785522, 0.5575697422027588, 0.5675298571586609, 0.5840637683868408, 0.552390456199646, 0.5743027925491333, 0.5591633319854736, 0.5575697422027588, 0.5754979848861694, 0.5509960055351257, 0.5637450218200684, 0.5442231297492981, 0.5709163546562195, 0.5892430543899536, 0.5368525981903076, 0.5641434192657471, 0.565338671207428, 0.5527888536453247, 0.5603585839271545, 0.5519920587539673, 0.5583665370941162, 0.5707171559333801, 0.5930278897285461, 0.5950199365615845, 0.590039849281311, 0.5832669138908386, 0.5731075406074524, 0.5760956406593323, 0.5756971836090088]}}