{"amazonr_dvd_train_0_8": {"num_of_epochs": 30, "learning_rate": 0.0005, "training_ds_fpath": "_train_0_8", "first_token_val_accuracy": [0.16693226993083954, 0.4992031753063202, 0.2786852717399597, 0.59641432762146, 0.5643426179885864, 0.5374501943588257, 0.5462151169776917, 0.5450199246406555, 0.5563744902610779, 0.5613545775413513, 0.5235059857368469, 0.47490039467811584, 0.4814741015434265, 0.5059760808944702, 0.5300796627998352, 0.5256972312927246, 0.537649393081665, 0.5428286790847778, 0.5444223284721375, 0.5450199246406555, 0.5478087663650513, 0.5470119714736938, 0.5398406386375427, 0.5410358309745789, 0.5350597500801086, 0.5302788615226746, 0.5260956287384033, 0.5292828679084778, 0.5515936017036438, 0.5565736889839172], "all_token_val_accuracy": [0.16693226993083954, 0.4992031753063202, 0.2786852717399597, 0.59641432762146, 0.5643426179885864, 0.5374501943588257, 0.5462151169776917, 0.5450199246406555, 0.5563744902610779, 0.5613545775413513, 0.5235059857368469, 0.47490039467811584, 0.4814741015434265, 0.5059760808944702, 0.5300796627998352, 0.5256972312927246, 0.537649393081665, 0.5428286790847778, 0.5444223284721375, 0.5450199246406555, 0.5478087663650513, 0.5470119714736938, 0.5398406386375427, 0.5410358309745789, 0.5350597500801086, 0.5302788615226746, 0.5260956287384033, 0.5292828679084778, 0.5515936017036438, 0.5565736889839172]}}