{"amazonr_dvd_train_2_8": {"num_of_epochs": 30, "learning_rate": 0.0005, "training_ds_fpath": "_train_2_8", "first_token_val_accuracy": [0.4298804700374603, 0.46494024991989136, 0.44741034507751465, 0.5603585839271545, 0.33665338158607483, 0.585258960723877, 0.5874502062797546, 0.5324701070785522, 0.5278884172439575, 0.5362550020217896, 0.5270916223526001, 0.5159362554550171, 0.526494026184082, 0.5324701070785522, 0.5324701070785522, 0.5308765172958374, 0.5316733121871948, 0.5786852836608887, 0.5792828798294067, 0.5555776953697205, 0.5591633319854736, 0.5679283142089844, 0.5621513724327087, 0.5521912574768066, 0.550597608089447, 0.5513944029808044, 0.5494024157524109, 0.5476095676422119, 0.5470119714736938, 0.5476095676422119], "all_token_val_accuracy": [0.4298804700374603, 0.46494024991989136, 0.44741034507751465, 0.5603585839271545, 0.33665338158607483, 0.585258960723877, 0.5874502062797546, 0.5324701070785522, 0.5278884172439575, 0.5362550020217896, 0.5270916223526001, 0.5159362554550171, 0.526494026184082, 0.5324701070785522, 0.5324701070785522, 0.5308765172958374, 0.5316733121871948, 0.5786852836608887, 0.5792828798294067, 0.5555776953697205, 0.5591633319854736, 0.5679283142089844, 0.5621513724327087, 0.5521912574768066, 0.550597608089447, 0.5513944029808044, 0.5494024157524109, 0.5476095676422119, 0.5470119714736938, 0.5476095676422119]}}