{"amazonr_dvd_train_3_4": {"num_of_epochs": 20, "learning_rate": 0.0005, "training_ds_fpath": "_train_3_4", "first_token_val_accuracy": [0.0, 0.46972110867500305, 0.47350597381591797, 0.508764922618866, 0.462948203086853, 0.47450199723243713, 0.5015936493873596, 0.4880478084087372, 0.48984062671661377, 0.4878486096858978, 0.4822709262371063, 0.4796812832355499, 0.4784860610961914, 0.4776892364025116, 0.4764940142631531, 0.47749003767967224, 0.4768924415111542, 0.4709163308143616, 0.4747011959552765, 0.4754980206489563], "all_token_val_accuracy": [0.0, 0.467330664396286, 0.46852588653564453, 0.5059760808944702, 0.45816734433174133, 0.46155378222465515, 0.47350597381591797, 0.4565736949443817, 0.45856574177742004, 0.4565736949443817, 0.44999998807907104, 0.44741034507751465, 0.44402390718460083, 0.44183266162872314, 0.4398406445980072, 0.4410358667373657, 0.4406374394893646, 0.4687250852584839, 0.4747011959552765, 0.4754980206489563]}}