{"amazonr_kitchen_train_8_16": {"num_of_epochs": 40, "learning_rate": 0.0001, "training_ds_fpath": "_train_8_16", "first_token_val_accuracy": [0.0, 0.09951651841402054, 0.4146857261657715, 0.5390813946723938, 0.545628547668457, 0.5190370678901672, 0.5436140298843384, 0.564363420009613, 0.5725221633911133, 0.5746374130249023, 0.5991136431694031, 0.576853334903717, 0.6176470518112183, 0.6180499792098999, 0.5222602486610413, 0.5763497352600098, 0.49798548221588135, 0.5307211875915527, 0.5683923959732056, 0.5418009757995605, 0.5947824120521545, 0.6051571369171143, 0.5770547986030579, 0.578263521194458, 0.595386803150177, 0.589343249797821, 0.576853334903717, 0.5865229368209839, 0.5881345868110657, 0.6132151484489441, 0.590753436088562, 0.6070709228515625, 0.5999194383621216, 0.6088839769363403, 0.5975019931793213, 0.6003223061561584, 0.5991136431694031, 0.5913577675819397, 0.5904512405395508, 0.598609983921051], "all_token_val_accuracy": [0.0, 0.09951651841402054, 0.4146857261657715, 0.5390813946723938, 0.545628547668457, 0.5190370678901672, 0.5436140298843384, 0.564363420009613, 0.5725221633911133, 0.5746374130249023, 0.5991136431694031, 0.576853334903717, 0.6176470518112183, 0.6180499792098999, 0.5222602486610413, 0.5763497352600098, 0.49798548221588135, 0.5307211875915527, 0.5683923959732056, 0.5418009757995605, 0.5947824120521545, 0.6051571369171143, 0.5770547986030579, 0.578263521194458, 0.595386803150177, 0.589343249797821, 0.576853334903717, 0.5865229368209839, 0.5881345868110657, 0.6132151484489441, 0.590753436088562, 0.6070709228515625, 0.5999194383621216, 0.6088839769363403, 0.5975019931793213, 0.6003223061561584, 0.5991136431694031, 0.5913577675819397, 0.5904512405395508, 0.598609983921051]}}