{"amazonr_kitchen_train_5_8": {"num_of_epochs": 30, "learning_rate": 0.0005, "training_ds_fpath": "_train_5_8", "first_token_val_accuracy": [0.005741337779909372, 0.503223180770874, 0.42465752363204956, 0.5317284464836121, 0.5918614268302917, 0.5270950794219971, 0.5156124234199524, 0.6119056940078735, 0.5661764740943909, 0.4975825846195221, 0.5944802761077881, 0.6215753555297852, 0.6205680966377258, 0.6188557744026184, 0.6253021955490112, 0.6060636639595032, 0.5990129113197327, 0.5988114476203918, 0.5906527042388916, 0.5903505086898804, 0.5838033556938171, 0.5842062830924988, 0.5816881656646729, 0.5781627893447876, 0.5781627893447876, 0.5812852382659912, 0.5852135419845581, 0.5881345868110657, 0.5883359909057617, 0.5862208008766174], "all_token_val_accuracy": [0.005741337779909372, 0.503223180770874, 0.42465752363204956, 0.5317284464836121, 0.5918614268302917, 0.5270950794219971, 0.5156124234199524, 0.6119056940078735, 0.5661764740943909, 0.4975825846195221, 0.5944802761077881, 0.6215753555297852, 0.6205680966377258, 0.6188557744026184, 0.6253021955490112, 0.6060636639595032, 0.5990129113197327, 0.5988114476203918, 0.5906527042388916, 0.5903505086898804, 0.5838033556938171, 0.5842062830924988, 0.5816881656646729, 0.5781627893447876, 0.5781627893447876, 0.5812852382659912, 0.5852135419845581, 0.5881345868110657, 0.5883359909057617, 0.5862208008766174]}}