{"amazonr_kitchen_train_5_16": {"num_of_epochs": 40, "learning_rate": 0.0001, "training_ds_fpath": "_train_5_16", "first_token_val_accuracy": [0.0, 0.018231265246868134, 0.3546535074710846, 0.5414987802505493, 0.37933117151260376, 0.4836825132369995, 0.5059427618980408, 0.5517727732658386, 0.45749396085739136, 0.46686139702796936, 0.5234689712524414, 0.4302981495857239, 0.45336422324180603, 0.43251410126686096, 0.4314061105251312, 0.4608179032802582, 0.48408541083335876, 0.501611590385437, 0.4271756708621979, 0.5373690724372864, 0.4960717260837555, 0.5778605937957764, 0.46907734870910645, 0.5136986374855042, 0.5054391622543335, 0.5431103706359863, 0.5177276134490967, 0.4680701196193695, 0.46756649017333984, 0.46142223477363586, 0.5163174867630005, 0.540995180606842, 0.5132957100868225, 0.5019137859344482, 0.4943593740463257, 0.5292103290557861, 0.572219967842102, 0.5693996548652649, 0.5568090081214905, 0.532634973526001], "all_token_val_accuracy": [0.0, 0.018231265246868134, 0.3546535074710846, 0.5414987802505493, 0.37933117151260376, 0.4836825132369995, 0.5059427618980408, 0.5517727732658386, 0.45749396085739136, 0.46686139702796936, 0.5234689712524414, 0.4302981495857239, 0.45336422324180603, 0.43251410126686096, 0.4314061105251312, 0.4608179032802582, 0.48408541083335876, 0.501611590385437, 0.4271756708621979, 0.5373690724372864, 0.4960717260837555, 0.5778605937957764, 0.46907734870910645, 0.5136986374855042, 0.5054391622543335, 0.5431103706359863, 0.5177276134490967, 0.4680701196193695, 0.46756649017333984, 0.46142223477363586, 0.5163174867630005, 0.540995180606842, 0.5132957100868225, 0.5019137859344482, 0.4943593740463257, 0.5292103290557861, 0.572219967842102, 0.5693996548652649, 0.5568090081214905, 0.532634973526001]}}