{"amazonr_kitchen_train_5_32": {"num_of_epochs": 40, "learning_rate": 0.0001, "training_ds_fpath": "_train_5_32", "first_token_val_accuracy": [0.052074939012527466, 0.49969783425331116, 0.6008259654045105, 0.473609983921051, 0.47552376985549927, 0.554391622543335, 0.4251611530780792, 0.5735294222831726, 0.5333400368690491, 0.5329371690750122, 0.515511691570282, 0.5744359493255615, 0.5245769619941711, 0.5487509965896606, 0.5650684833526611, 0.6315471529960632, 0.5765511393547058, 0.5654714107513428, 0.5688960552215576, 0.5945810079574585, 0.5693996548652649, 0.5675866007804871, 0.5786663889884949, 0.5640612244606018, 0.5812852382659912, 0.5776591300964355, 0.5537872910499573, 0.5898469090461731, 0.6065672636032104, 0.5520749688148499, 0.5322320461273193, 0.6130136847496033, 0.6109991669654846, 0.5714141726493835, 0.5703061819076538, 0.5697018504142761, 0.5687953233718872, 0.5682917237281799, 0.5805801749229431, 0.5828968286514282], "all_token_val_accuracy": [0.052074939012527466, 0.49959710240364075, 0.6008259654045105, 0.473609983921051, 0.47552376985549927, 0.554391622543335, 0.4251611530780792, 0.5735294222831726, 0.5333400368690491, 0.5329371690750122, 0.515511691570282, 0.5744359493255615, 0.5245769619941711, 0.5487509965896606, 0.5650684833526611, 0.6315471529960632, 0.5765511393547058, 0.5654714107513428, 0.5688960552215576, 0.5945810079574585, 0.5693996548652649, 0.5675866007804871, 0.5786663889884949, 0.5640612244606018, 0.5812852382659912, 0.5776591300964355, 0.5537872910499573, 0.5898469090461731, 0.6065672636032104, 0.5520749688148499, 0.5322320461273193, 0.6130136847496033, 0.6109991669654846, 0.5714141726493835, 0.5703061819076538, 0.5697018504142761, 0.5687953233718872, 0.5682917237281799, 0.5805801749229431, 0.5828968286514282]}}