{"amazonr_kitchen_train_9_16": {"num_of_epochs": 40, "learning_rate": 0.0001, "training_ds_fpath": "_train_9_16", "first_token_val_accuracy": [0.0, 0.01631748676300049, 0.36351731419563293, 0.47371071577072144, 0.45991137623786926, 0.5405922532081604, 0.4131748676300049, 0.5718171000480652, 0.5831990242004395, 0.5236704349517822, 0.5765511393547058, 0.4734085500240326, 0.5269943475723267, 0.576853334903717, 0.5504633188247681, 0.5984085202217102, 0.5585213303565979, 0.5828968286514282, 0.5332393050193787, 0.6261079907417297, 0.5406929850578308, 0.5640612244606018, 0.5749395489692688, 0.5863215327262878, 0.5702054500579834, 0.5718171000480652, 0.5719178318977356, 0.5734286904335022, 0.607373058795929, 0.529613196849823, 0.5550966858863831, 0.571514904499054, 0.5748388171195984, 0.5790693163871765, 0.5384770631790161, 0.5454270839691162, 0.546736478805542, 0.5613416433334351, 0.5738315582275391, 0.5719178318977356], "all_token_val_accuracy": [0.0, 0.016216760501265526, 0.36351731419563293, 0.47371071577072144, 0.45991137623786926, 0.5405922532081604, 0.4131748676300049, 0.5718171000480652, 0.5831990242004395, 0.5236704349517822, 0.5765511393547058, 0.4734085500240326, 0.5267928838729858, 0.576853334903717, 0.5504633188247681, 0.5984085202217102, 0.5585213303565979, 0.5828968286514282, 0.5332393050193787, 0.6261079907417297, 0.5406929850578308, 0.5640612244606018, 0.5749395489692688, 0.5863215327262878, 0.5702054500579834, 0.5718171000480652, 0.5719178318977356, 0.5734286904335022, 0.607373058795929, 0.529613196849823, 0.5550966858863831, 0.571514904499054, 0.5748388171195984, 0.5790693163871765, 0.5384770631790161, 0.5454270839691162, 0.546736478805542, 0.5613416433334351, 0.5738315582275391, 0.5719178318977356]}}