{"amazonr_kitchen_train_4_16": {"num_of_epochs": 40, "learning_rate": 0.0001, "training_ds_fpath": "_train_4_16", "first_token_val_accuracy": [0.0, 0.015008058398962021, 0.409246563911438, 0.5462328791618347, 0.42858582735061646, 0.548146665096283, 0.5283038020133972, 0.5788678526878357, 0.5726228952407837, 0.5995165109634399, 0.6096897721290588, 0.546736478805542, 0.5717163681983948, 0.5248791575431824, 0.5725221633911133, 0.6344681978225708, 0.6147260069847107, 0.5942788124084473, 0.6252014636993408, 0.5647662878036499, 0.625, 0.6311442255973816, 0.5750402808189392, 0.5975019931793213, 0.6213738918304443, 0.6188557744026184, 0.6193593740463257, 0.6222804188728333, 0.6093875765800476, 0.6140209436416626, 0.6093875765800476, 0.5914584994316101, 0.6197623014450073, 0.6079774498939514, 0.5996172428131104, 0.607876718044281, 0.6209709644317627, 0.6105962991714478, 0.6229854822158813, 0.5113819241523743], "all_token_val_accuracy": [0.0, 0.015008058398962021, 0.409246563911438, 0.5462328791618347, 0.42858582735061646, 0.548146665096283, 0.5283038020133972, 0.5788678526878357, 0.5726228952407837, 0.5995165109634399, 0.6096897721290588, 0.546736478805542, 0.5717163681983948, 0.5248791575431824, 0.5725221633911133, 0.6344681978225708, 0.6147260069847107, 0.5942788124084473, 0.6252014636993408, 0.5647662878036499, 0.625, 0.6311442255973816, 0.5750402808189392, 0.5975019931793213, 0.6213738918304443, 0.6188557744026184, 0.6193593740463257, 0.6222804188728333, 0.6093875765800476, 0.6140209436416626, 0.6093875765800476, 0.5914584994316101, 0.6197623014450073, 0.6079774498939514, 0.5996172428131104, 0.607876718044281, 0.6209709644317627, 0.6105962991714478, 0.6229854822158813, 0.5113819241523743]}}