{"amazonr_kitchen_train_7_32": {"num_of_epochs": 40, "learning_rate": 0.0001, "training_ds_fpath": "_train_7_32", "first_token_val_accuracy": [0.010979048907756805, 0.4532634913921356, 0.5917606949806213, 0.5166196823120117, 0.47773972153663635, 0.6067687273025513, 0.5333400368690491, 0.5787671208381653, 0.5441176295280457, 0.572219967842102, 0.5144037008285522, 0.48408541083335876, 0.5508662462234497, 0.620366632938385, 0.5612409114837646, 0.5681909918785095, 0.5775583982467651, 0.6144238710403442, 0.6010273694992065, 0.5949838757514954, 0.5947824120521545, 0.5908541679382324, 0.5935737490653992, 0.5776591300964355, 0.5743352174758911, 0.5749395489692688, 0.5894439816474915, 0.5867244005203247, 0.5571112036705017, 0.5762490034103394, 0.5693996548652649, 0.5739322900772095, 0.5537872910499573, 0.5855157375335693, 0.5549959540367126, 0.6258057951927185, 0.621978223323822, 0.6046534776687622, 0.6025382876396179, 0.5774576663970947], "all_token_val_accuracy": [0.010979048907756805, 0.4532634913921356, 0.5917606949806213, 0.5166196823120117, 0.47773972153663635, 0.6067687273025513, 0.5333400368690491, 0.5787671208381653, 0.5441176295280457, 0.572219967842102, 0.5144037008285522, 0.48408541083335876, 0.5508662462234497, 0.620366632938385, 0.5612409114837646, 0.5681909918785095, 0.5775583982467651, 0.6144238710403442, 0.6010273694992065, 0.5949838757514954, 0.5947824120521545, 0.5908541679382324, 0.5935737490653992, 0.5776591300964355, 0.5743352174758911, 0.5749395489692688, 0.5894439816474915, 0.5867244005203247, 0.5571112036705017, 0.5762490034103394, 0.5693996548652649, 0.5739322900772095, 0.5537872910499573, 0.5855157375335693, 0.5549959540367126, 0.6258057951927185, 0.621978223323822, 0.6046534776687622, 0.6025382876396179, 0.5774576663970947]}}