{"amazonr_kitchen_train_3_4": {"num_of_epochs": 20, "learning_rate": 0.0005, "training_ds_fpath": "_train_3_4", "first_token_val_accuracy": [0.0, 0.3908138573169708, 0.5440168976783752, 0.5941780805587769, 0.48620063066482544, 0.42858582735061646, 0.5892425179481506, 0.6158339977264404, 0.6156325340270996, 0.6196615695953369, 0.6236905455589294, 0.6257050633430481, 0.6297340989112854, 0.6307413578033447, 0.631748616695404, 0.6332594752311707, 0.6401087641716003, 0.6417204141616821, 0.6425262093544006, 0.6408138871192932], "all_token_val_accuracy": [0.0, 0.3908138573169708, 0.5440168976783752, 0.5941780805587769, 0.48620063066482544, 0.42858582735061646, 0.5892425179481506, 0.6158339977264404, 0.6156325340270996, 0.6196615695953369, 0.6236905455589294, 0.6257050633430481, 0.6297340989112854, 0.6307413578033447, 0.631748616695404, 0.6332594752311707, 0.6401087641716003, 0.6417204141616821, 0.6425262093544006, 0.6408138871192932]}}