{"conll_c_train_1_16": {"num_of_epochs": 50, "learning_rate": 0.0001, "training_ds_fpath": "_train_1_16", "first_token_val_accuracy": [0.0, 0.0026558074168860912, 0.9955736398696899, 1.0, 1.0, 1.0, 1.0, 1.0, 1.0, 1.0, 1.0, 1.0, 1.0, 1.0, 1.0, 1.0, 1.0, 1.0, 1.0, 1.0, 1.0, 1.0, 1.0, 1.0, 1.0, 1.0, 1.0, 1.0, 1.0, 1.0, 1.0, 1.0, 1.0, 1.0, 1.0, 1.0, 1.0, 1.0, 1.0, 1.0, 1.0, 1.0, 1.0, 1.0, 1.0, 1.0, 1.0, 1.0, 1.0, 1.0], "all_token_val_accuracy": [0.0, 0.00070821528788656, 0.29461756348609924, 0.35623228549957275, 0.3985481560230255, 0.40492209792137146, 0.4874291718006134, 0.5428470373153687, 0.6030453443527222, 0.5026558041572571, 0.6216359734535217, 0.6161472797393799, 0.5993272066116333, 0.5782577991485596, 0.6549220681190491, 0.6033994555473328, 0.6457152962684631, 0.6632436513900757, 0.656692624092102, 0.6669617295265198, 0.6655453443527222, 0.652266263961792, 0.676699697971344, 0.6797096133232117, 0.7096317410469055, 0.7018413543701172, 0.7064447402954102, 0.704674243927002, 0.5943697094917297, 0.6274787783622742, 0.643236517906189, 0.6343838572502136, 0.645892322063446, 0.6317280530929565, 0.6646600365638733, 0.6568697094917297, 0.6696175932884216, 0.6637747883796692, 0.6823654174804688, 0.6662535667419434, 0.6554532647132874, 0.6545680165290833, 0.6460694074630737, 0.6722733974456787, 0.666607677936554, 0.6535056829452515, 0.6731586456298828, 0.6687322854995728, 0.6625354290008545, 0.6763455867767334]}}