{"conll_c_train_8_4": {"num_of_epochs": 20, "learning_rate": 0.0005, "training_ds_fpath": "_train_8_4", "first_token_val_accuracy": [0.0, 0.005134561099112034, 1.0, 1.0, 1.0, 1.0, 1.0, 1.0, 1.0, 1.0, 1.0, 1.0, 1.0, 1.0, 1.0, 1.0, 1.0, 1.0, 1.0, 1.0], "all_token_val_accuracy": [0.0, 0.0, 0.29408639669418335, 0.3464943468570709, 0.35552409291267395, 0.3533994257450104, 0.4355524182319641, 0.40598443150520325, 0.3027620315551758, 0.4768059551715851, 0.4734419286251068, 0.375, 0.34330737590789795, 0.36703258752822876, 0.45502832531929016, 0.5014164447784424, 0.47202548384666443, 0.38385269045829773, 0.3657931983470917, 0.4013810157775879]}}