{"conll_c_train_8_8": {"num_of_epochs": 50, "learning_rate": 0.0001, "training_ds_fpath": "_train_8_8", "first_token_val_accuracy": [0.0, 0.0, 0.0, 0.006196883972734213, 0.8461402058601379, 0.9992917776107788, 1.0, 1.0, 1.0, 1.0, 1.0, 1.0, 1.0, 1.0, 1.0, 1.0, 1.0, 1.0, 1.0, 1.0, 1.0, 1.0, 1.0, 1.0, 1.0, 1.0, 1.0, 1.0, 1.0, 1.0, 1.0, 1.0, 1.0, 1.0, 1.0, 1.0, 1.0, 1.0, 1.0, 1.0, 1.0, 1.0, 1.0, 1.0, 1.0, 1.0, 1.0, 1.0, 1.0, 1.0], "all_token_val_accuracy": [0.0, 0.0, 0.0, 0.00141643057577312, 0.2638101875782013, 0.30789661407470703, 0.38172805309295654, 0.40439093112945557, 0.4722025394439697, 0.5115085244178772, 0.4998229444026947, 0.5005311369895935, 0.4729107618331909, 0.5189447402954102, 0.5658640265464783, 0.5856940746307373, 0.5439093708992004, 0.6127833127975464, 0.5541784763336182, 0.6285410523414612, 0.5874645709991455, 0.5858711004257202, 0.620396614074707, 0.6099504232406616, 0.6329674124717712, 0.6264164447784424, 0.640403687953949, 0.6412889361381531, 0.6080028414726257, 0.6018059253692627, 0.6223441958427429, 0.6446529626846313, 0.6398725509643555, 0.6299574971199036, 0.6719192862510681, 0.6795325875282288, 0.6701487302780151, 0.6570467352867126, 0.6593484282493591, 0.660233736038208, 0.6552761793136597, 0.6614730954170227, 0.6816571950912476, 0.6851983070373535, 0.6875, 0.6765226721763611, 0.6745750904083252, 0.6961756348609924, 0.6752833127975464, 0.6685552597045898]}}