{"conll_c_train_2_8": {"num_of_epochs": 50, "learning_rate": 0.0001, "training_ds_fpath": "_train_2_8", "first_token_val_accuracy": [0.0, 0.0, 0.0, 0.0, 0.04656515643000603, 0.8712818622589111, 0.9973441958427429, 0.9998229742050171, 1.0, 1.0, 1.0, 1.0, 1.0, 1.0, 1.0, 1.0, 1.0, 1.0, 1.0, 1.0, 1.0, 1.0, 1.0, 1.0, 1.0, 1.0, 1.0, 1.0, 1.0, 1.0, 1.0, 1.0, 1.0, 1.0, 1.0, 1.0, 1.0, 1.0, 1.0, 1.0, 1.0, 1.0, 1.0, 1.0, 1.0, 1.0, 1.0, 1.0, 1.0, 1.0], "all_token_val_accuracy": [0.0, 0.0, 0.0, 0.0, 0.012039660476148129, 0.265403687953949, 0.315686970949173, 0.3843838572502136, 0.3879249393939972, 0.3726983070373535, 0.41908639669418335, 0.4405099153518677, 0.37057363986968994, 0.45733001828193665, 0.4711402356624603, 0.4624646008014679, 0.4344900846481323, 0.49362605810165405, 0.49610480666160583, 0.4727337062358856, 0.5325779318809509, 0.47078612446784973, 0.5205382704734802, 0.5563031435012817, 0.5497521162033081, 0.5003541111946106, 0.538066565990448, 0.5474504232406616, 0.5283285975456238, 0.5343484282493591, 0.5685198307037354, 0.5771954655647278, 0.5757790207862854, 0.5961402058601379, 0.605169951915741, 0.5908285975456238, 0.586933434009552, 0.5685198307037354, 0.5609065294265747, 0.5709986090660095, 0.5849858522415161, 0.5809136033058167, 0.5694050788879395, 0.583392322063446, 0.5911827087402344, 0.598796010017395, 0.5950779318809509, 0.5949008464813232, 0.6062322854995728, 0.6219900846481323]}}