{"amazon_electronics_t_train_9_4": {"num_of_epochs": 20, "learning_rate": 0.0005, "training_ds_fpath": "_train_9_4", "first_token_val_accuracy": [0.0, 0.4350000023841858, 0.652999997138977, 0.7279999852180481, 0.7850000262260437, 0.777999997138977, 0.753000020980835, 0.7429999709129333, 0.75, 0.7540000081062317, 0.7620000243186951, 0.7760000228881836, 0.7749999761581421, 0.7770000100135803, 0.777999997138977, 0.7760000228881836, 0.7770000100135803, 0.7789999842643738, 0.777999997138977, 0.7789999842643738], "all_token_val_accuracy": [0.0, 0.4350000023841858, 0.652999997138977, 0.7279999852180481, 0.7850000262260437, 0.777999997138977, 0.753000020980835, 0.7429999709129333, 0.75, 0.7540000081062317, 0.7620000243186951, 0.7760000228881836, 0.7749999761581421, 0.7770000100135803, 0.777999997138977, 0.7760000228881836, 0.7770000100135803, 0.7789999842643738, 0.777999997138977, 0.7789999842643738]}}