{"amazon_electronics_t_train_1_4": {"num_of_epochs": 20, "learning_rate": 0.0005, "training_ds_fpath": "_train_1_4", "first_token_val_accuracy": [0.0, 0.003000000026077032, 0.6349999904632568, 0.6899999976158142, 0.7210000157356262, 0.7440000176429749, 0.7649999856948853, 0.7599999904632568, 0.765999972820282, 0.7630000114440918, 0.7599999904632568, 0.7590000033378601, 0.7590000033378601, 0.7599999904632568, 0.7609999775886536, 0.7599999904632568, 0.7580000162124634, 0.7580000162124634, 0.7570000290870667, 0.7559999823570251], "all_token_val_accuracy": [0.0, 0.003000000026077032, 0.6349999904632568, 0.6899999976158142, 0.7210000157356262, 0.7440000176429749, 0.7649999856948853, 0.7599999904632568, 0.765999972820282, 0.7630000114440918, 0.7599999904632568, 0.7590000033378601, 0.7590000033378601, 0.7599999904632568, 0.7609999775886536, 0.7599999904632568, 0.7580000162124634, 0.7580000162124634, 0.7570000290870667, 0.7559999823570251]}}