{"amazon_electronics_t_train_8_32": {"num_of_epochs": 40, "learning_rate": 0.0001, "training_ds_fpath": "_train_8_32", "first_token_val_accuracy": [0.0, 0.7049999833106995, 0.7720000147819519, 0.7879999876022339, 0.7879999876022339, 0.7990000247955322, 0.8069999814033508, 0.8130000233650208, 0.8159999847412109, 0.8140000104904175, 0.8199999928474426, 0.8190000057220459, 0.8209999799728394, 0.8149999976158142, 0.8180000185966492, 0.8199999928474426, 0.8140000104904175, 0.8149999976158142, 0.8119999766349792, 0.8140000104904175, 0.8159999847412109, 0.8169999718666077, 0.8169999718666077, 0.8140000104904175, 0.8169999718666077, 0.8169999718666077, 0.8159999847412109, 0.8159999847412109, 0.8169999718666077, 0.8149999976158142, 0.8159999847412109, 0.8169999718666077, 0.8149999976158142, 0.8159999847412109, 0.8169999718666077, 0.8180000185966492, 0.8159999847412109, 0.8159999847412109, 0.8159999847412109, 0.8190000057220459], "all_token_val_accuracy": [0.0, 0.7009999752044678, 0.7670000195503235, 0.7879999876022339, 0.7879999876022339, 0.7990000247955322, 0.8069999814033508, 0.8130000233650208, 0.8159999847412109, 0.8140000104904175, 0.8199999928474426, 0.8190000057220459, 0.8209999799728394, 0.8149999976158142, 0.8180000185966492, 0.8199999928474426, 0.8140000104904175, 0.8149999976158142, 0.8119999766349792, 0.8140000104904175, 0.8159999847412109, 0.8169999718666077, 0.8169999718666077, 0.8140000104904175, 0.8169999718666077, 0.8169999718666077, 0.8159999847412109, 0.8159999847412109, 0.8169999718666077, 0.8149999976158142, 0.8159999847412109, 0.8169999718666077, 0.8149999976158142, 0.8159999847412109, 0.8169999718666077, 0.8180000185966492, 0.8159999847412109, 0.8159999847412109, 0.8159999847412109, 0.8190000057220459]}}