{"amazon_electronics_t_train_5_8": {"num_of_epochs": 30, "learning_rate": 0.0005, "training_ds_fpath": "_train_5_8", "first_token_val_accuracy": [0.0010000000474974513, 0.6729999780654907, 0.7599999904632568, 0.7789999842643738, 0.777999997138977, 0.7820000052452087, 0.7799999713897705, 0.7749999761581421, 0.777999997138977, 0.7799999713897705, 0.781000018119812, 0.7839999794960022, 0.7850000262260437, 0.7860000133514404, 0.7860000133514404, 0.7839999794960022, 0.7839999794960022, 0.7860000133514404, 0.7860000133514404, 0.7870000004768372, 0.7870000004768372, 0.7850000262260437, 0.7839999794960022, 0.7850000262260437, 0.7839999794960022, 0.7860000133514404, 0.7860000133514404, 0.7870000004768372, 0.7870000004768372, 0.7870000004768372], "all_token_val_accuracy": [0.0010000000474974513, 0.6729999780654907, 0.7599999904632568, 0.7789999842643738, 0.777999997138977, 0.7820000052452087, 0.7799999713897705, 0.7749999761581421, 0.777999997138977, 0.7799999713897705, 0.781000018119812, 0.7839999794960022, 0.7850000262260437, 0.7860000133514404, 0.7860000133514404, 0.7839999794960022, 0.7839999794960022, 0.7860000133514404, 0.7860000133514404, 0.7870000004768372, 0.7870000004768372, 0.7850000262260437, 0.7839999794960022, 0.7850000262260437, 0.7839999794960022, 0.7860000133514404, 0.7860000133514404, 0.7870000004768372, 0.7870000004768372, 0.7870000004768372]}}