{"amazon_electronics_t_train_5_32": {"num_of_epochs": 40, "learning_rate": 0.0001, "training_ds_fpath": "_train_5_32", "first_token_val_accuracy": [0.0, 0.6899999976158142, 0.7649999856948853, 0.7739999890327454, 0.8029999732971191, 0.8159999847412109, 0.8220000267028809, 0.8289999961853027, 0.8230000138282776, 0.828000009059906, 0.8270000219345093, 0.8270000219345093, 0.8309999704360962, 0.828000009059906, 0.8259999752044678, 0.8240000009536743, 0.828000009059906, 0.8289999961853027, 0.8259999752044678, 0.824999988079071, 0.8240000009536743, 0.8299999833106995, 0.8289999961853027, 0.8309999704360962, 0.824999988079071, 0.8230000138282776, 0.8230000138282776, 0.824999988079071, 0.8230000138282776, 0.8259999752044678, 0.8289999961853027, 0.8270000219345093, 0.8270000219345093, 0.8259999752044678, 0.8230000138282776, 0.8230000138282776, 0.8209999799728394, 0.8209999799728394, 0.8199999928474426, 0.8190000057220459], "all_token_val_accuracy": [0.0, 0.6899999976158142, 0.7649999856948853, 0.7739999890327454, 0.8029999732971191, 0.8159999847412109, 0.8220000267028809, 0.8289999961853027, 0.8230000138282776, 0.828000009059906, 0.8270000219345093, 0.8270000219345093, 0.8309999704360962, 0.828000009059906, 0.8259999752044678, 0.8240000009536743, 0.828000009059906, 0.8289999961853027, 0.8259999752044678, 0.824999988079071, 0.8240000009536743, 0.8299999833106995, 0.8289999961853027, 0.8309999704360962, 0.824999988079071, 0.8230000138282776, 0.8230000138282776, 0.824999988079071, 0.8230000138282776, 0.8259999752044678, 0.8289999961853027, 0.8270000219345093, 0.8270000219345093, 0.8259999752044678, 0.8230000138282776, 0.8230000138282776, 0.8209999799728394, 0.8209999799728394, 0.8199999928474426, 0.8190000057220459]}}