{"amazon_electronics_t_train_9_16": {"num_of_epochs": 40, "learning_rate": 0.0001, "training_ds_fpath": "_train_9_16", "first_token_val_accuracy": [0.0, 0.0, 0.10700000077486038, 0.6990000009536743, 0.7570000290870667, 0.7770000100135803, 0.7829999923706055, 0.7850000262260437, 0.7829999923706055, 0.7889999747276306, 0.7910000085830688, 0.7910000085830688, 0.7960000038146973, 0.7940000295639038, 0.796999990940094, 0.8080000281333923, 0.8100000023841858, 0.8059999942779541, 0.8050000071525574, 0.8069999814033508, 0.8109999895095825, 0.8069999814033508, 0.8100000023841858, 0.8140000104904175, 0.8140000104904175, 0.8109999895095825, 0.8080000281333923, 0.8069999814033508, 0.8069999814033508, 0.8009999990463257, 0.8059999942779541, 0.8009999990463257, 0.8019999861717224, 0.8009999990463257, 0.8019999861717224, 0.8050000071525574, 0.8019999861717224, 0.8059999942779541, 0.8069999814033508, 0.8050000071525574], "all_token_val_accuracy": [0.0, 0.0, 0.10700000077486038, 0.6990000009536743, 0.7570000290870667, 0.7770000100135803, 0.7829999923706055, 0.7850000262260437, 0.7829999923706055, 0.7889999747276306, 0.7910000085830688, 0.7910000085830688, 0.7960000038146973, 0.7940000295639038, 0.796999990940094, 0.8080000281333923, 0.8100000023841858, 0.8059999942779541, 0.8050000071525574, 0.8069999814033508, 0.8109999895095825, 0.8069999814033508, 0.8100000023841858, 0.8140000104904175, 0.8140000104904175, 0.8109999895095825, 0.8080000281333923, 0.8069999814033508, 0.8069999814033508, 0.8009999990463257, 0.8059999942779541, 0.8009999990463257, 0.8019999861717224, 0.8009999990463257, 0.8019999861717224, 0.8050000071525574, 0.8019999861717224, 0.8059999942779541, 0.8069999814033508, 0.8050000071525574]}}