{"amazon_electronics_t_train_2_32": {"num_of_epochs": 40, "learning_rate": 0.0001, "training_ds_fpath": "_train_2_32", "first_token_val_accuracy": [0.0, 0.6639999747276306, 0.7770000100135803, 0.777999997138977, 0.7960000038146973, 0.7990000247955322, 0.7979999780654907, 0.8069999814033508, 0.8080000281333923, 0.8080000281333923, 0.8100000023841858, 0.800000011920929, 0.8080000281333923, 0.8059999942779541, 0.7919999957084656, 0.800000011920929, 0.7979999780654907, 0.7900000214576721, 0.7919999957084656, 0.7839999794960022, 0.7910000085830688, 0.7860000133514404, 0.7879999876022339, 0.7900000214576721, 0.7870000004768372, 0.7839999794960022, 0.8029999732971191, 0.8019999861717224, 0.800000011920929, 0.7870000004768372, 0.7990000247955322, 0.7870000004768372, 0.7889999747276306, 0.7900000214576721, 0.7870000004768372, 0.7850000262260437, 0.7850000262260437, 0.7839999794960022, 0.7860000133514404, 0.7860000133514404], "all_token_val_accuracy": [0.0, 0.6639999747276306, 0.7770000100135803, 0.777999997138977, 0.7960000038146973, 0.7990000247955322, 0.7979999780654907, 0.8069999814033508, 0.8080000281333923, 0.8080000281333923, 0.8100000023841858, 0.800000011920929, 0.8080000281333923, 0.8059999942779541, 0.7919999957084656, 0.800000011920929, 0.7979999780654907, 0.7900000214576721, 0.7919999957084656, 0.7839999794960022, 0.7910000085830688, 0.7860000133514404, 0.7879999876022339, 0.7900000214576721, 0.7870000004768372, 0.7839999794960022, 0.8029999732971191, 0.8019999861717224, 0.800000011920929, 0.7870000004768372, 0.7990000247955322, 0.7870000004768372, 0.7889999747276306, 0.7900000214576721, 0.7870000004768372, 0.7850000262260437, 0.7850000262260437, 0.7839999794960022, 0.7860000133514404, 0.7860000133514404]}}