{"amazon_electronics_t_train_8_8": {"num_of_epochs": 30, "learning_rate": 0.0005, "training_ds_fpath": "_train_8_8", "first_token_val_accuracy": [0.07100000232458115, 0.7680000066757202, 0.7580000162124634, 0.7409999966621399, 0.7419999837875366, 0.7590000033378601, 0.7639999985694885, 0.7730000019073486, 0.7829999923706055, 0.7829999923706055, 0.7839999794960022, 0.7870000004768372, 0.7850000262260437, 0.7839999794960022, 0.7839999794960022, 0.7839999794960022, 0.7879999876022339, 0.7870000004768372, 0.7879999876022339, 0.7910000085830688, 0.7889999747276306, 0.7889999747276306, 0.7879999876022339, 0.7889999747276306, 0.7900000214576721, 0.7919999957084656, 0.7900000214576721, 0.7879999876022339, 0.7879999876022339, 0.7879999876022339], "all_token_val_accuracy": [0.07100000232458115, 0.7670000195503235, 0.7490000128746033, 0.7409999966621399, 0.7419999837875366, 0.7590000033378601, 0.7639999985694885, 0.7730000019073486, 0.7829999923706055, 0.7829999923706055, 0.7839999794960022, 0.7870000004768372, 0.7850000262260437, 0.7839999794960022, 0.7839999794960022, 0.7839999794960022, 0.7879999876022339, 0.7870000004768372, 0.7879999876022339, 0.7910000085830688, 0.7889999747276306, 0.7889999747276306, 0.7879999876022339, 0.7889999747276306, 0.7900000214576721, 0.7919999957084656, 0.7900000214576721, 0.7879999876022339, 0.7879999876022339, 0.7879999876022339]}}