{"scitail_b_train_0_128": {"num_of_epochs": 30, "learning_rate": 0.0001, "training_ds_fpath": "_train_0_128", "first_token_val_accuracy": [0.5208655595779419, 0.49845439195632935, 0.5471406579017639, 0.6043276786804199, 0.6290571689605713, 0.5826893448829651, 0.6970633864402771, 0.6653786897659302, 0.7333848476409912, 0.7387944459915161, 0.7496135830879211, 0.7465224266052246, 0.7534775733947754, 0.755023181438446, 0.6955177783966064, 0.7527047991752625, 0.7596599459648132, 0.6483771204948425, 0.760432779788971, 0.7666151523590088, 0.7527047991752625, 0.7627511620521545, 0.7596599459648132, 0.7426584362983704, 0.7387944459915161, 0.7380216121673584, 0.7434312105178833, 0.7635239362716675, 0.7511591911315918, 0.7619783878326416], "all_token_val_accuracy": [0.5208655595779419, 0.49845439195632935, 0.5471406579017639, 0.6043276786804199, 0.6290571689605713, 0.5826893448829651, 0.6970633864402771, 0.6653786897659302, 0.7333848476409912, 0.7387944459915161, 0.7496135830879211, 0.7465224266052246, 0.7534775733947754, 0.755023181438446, 0.6955177783966064, 0.7527047991752625, 0.7596599459648132, 0.6483771204948425, 0.760432779788971, 0.7666151523590088, 0.7527047991752625, 0.7627511620521545, 0.7596599459648132, 0.7426584362983704, 0.7387944459915161, 0.7380216121673584, 0.7434312105178833, 0.7635239362716675, 0.7511591911315918, 0.7619783878326416]}}