{"scitail_b_train_2_128": {"num_of_epochs": 40, "learning_rate": 0.0005, "training_ds_fpath": "_train_2_128", "first_token_val_accuracy": [0.6352395415306091, 0.6530138850212097, 0.6746522188186646, 0.6931993961334229, 0.6653786897659302, 0.7063369154930115, 0.7805255055427551, 0.7380216121673584, 0.755795955657959, 0.7426584362983704, 0.7001545429229736, 0.7125193476676941, 0.7318392395973206, 0.7488408088684082, 0.755795955657959, 0.7627511620521545, 0.7527047991752625, 0.7534775733947754, 0.7527047991752625, 0.7519319653511047, 0.7542504072189331, 0.7357032299041748, 0.739567220211029, 0.7534775733947754, 0.7519319653511047, 0.7496135830879211, 0.7511591911315918, 0.7534775733947754, 0.7565687894821167, 0.7527047991752625, 0.7503864169120789, 0.7519319653511047, 0.7503864169120789, 0.7503864169120789, 0.7503864169120789, 0.744976818561554, 0.6846985816955566, 0.7040185332298279, 0.6839258074760437, 0.6591963171958923], "all_token_val_accuracy": [0.6352395415306091, 0.6530138850212097, 0.6746522188186646, 0.6931993961334229, 0.6653786897659302, 0.7063369154930115, 0.7805255055427551, 0.7380216121673584, 0.755795955657959, 0.7426584362983704, 0.7001545429229736, 0.7125193476676941, 0.7318392395973206, 0.7488408088684082, 0.755795955657959, 0.7627511620521545, 0.7527047991752625, 0.7534775733947754, 0.7527047991752625, 0.7519319653511047, 0.7542504072189331, 0.7357032299041748, 0.739567220211029, 0.7534775733947754, 0.7519319653511047, 0.7496135830879211, 0.7511591911315918, 0.7534775733947754, 0.7565687894821167, 0.7527047991752625, 0.7503864169120789, 0.7519319653511047, 0.7503864169120789, 0.7503864169120789, 0.7503864169120789, 0.744976818561554, 0.6846985816955566, 0.7040185332298279, 0.6839258074760437, 0.6591963171958923]}}