{"scitail_b_train_4_8": {"num_of_epochs": 20, "learning_rate": 0.0001, "training_ds_fpath": "_train_4_8", "first_token_val_accuracy": [0.0, 0.0, 0.0, 0.007727975491434336, 0.16615146398544312, 0.21715611219406128, 0.25579598546028137, 0.3168469965457916, 0.3833075761795044, 0.44899535179138184, 0.4791344702243805, 0.49381762742996216, 0.4945904314517975, 0.48299846053123474, 0.4721792936325073, 0.510819137096405, 0.5007727742195129, 0.5023183822631836, 0.5, 0.5015456080436707], "all_token_val_accuracy": [0.0, 0.0, 0.0, 0.007727975491434336, 0.16615146398544312, 0.21715611219406128, 0.25579598546028137, 0.3168469965457916, 0.3833075761795044, 0.44899535179138184, 0.4791344702243805, 0.49381762742996216, 0.4945904314517975, 0.48299846053123474, 0.4721792936325073, 0.510819137096405, 0.5007727742195129, 0.5023183822631836, 0.5, 0.5015456080436707]}}