{"scitail_b_train_5_128": {"num_of_epochs": 40, "learning_rate": 1e-05, "training_ds_fpath": "_train_5_128", "first_token_val_accuracy": [0.0, 0.0, 0.49072644114494324, 0.4822256565093994, 0.45672333240509033, 0.4768160879611969, 0.5007727742195129, 0.5077279806137085, 0.4822256565093994, 0.5278207063674927, 0.5139103531837463, 0.5386399030685425, 0.5409582853317261, 0.5255023241043091, 0.5494590401649475, 0.5301390886306763, 0.5625966191291809, 0.5486862659454346, 0.526275098323822, 0.58809894323349, 0.6166924238204956, 0.5950540900230408, 0.6437403559684753, 0.5819165110588074, 0.6066460609436035, 0.6537867188453674, 0.6221020221710205, 0.6785162091255188, 0.6476043462753296, 0.5965996980667114, 0.6792890429496765, 0.6120556592941284, 0.625193178653717, 0.6267387866973877, 0.7009273767471313, 0.6707882285118103, 0.6777434349060059, 0.6862441897392273, 0.6885625720024109, 0.7241112589836121], "all_token_val_accuracy": [0.0, 0.0, 0.49072644114494324, 0.4822256565093994, 0.45672333240509033, 0.4768160879611969, 0.5007727742195129, 0.5077279806137085, 0.4822256565093994, 0.5278207063674927, 0.5139103531837463, 0.5386399030685425, 0.5409582853317261, 0.5255023241043091, 0.5494590401649475, 0.5301390886306763, 0.5625966191291809, 0.5486862659454346, 0.526275098323822, 0.58809894323349, 0.6166924238204956, 0.5950540900230408, 0.6437403559684753, 0.5819165110588074, 0.6066460609436035, 0.6537867188453674, 0.6221020221710205, 0.6785162091255188, 0.6476043462753296, 0.5965996980667114, 0.6792890429496765, 0.6120556592941284, 0.625193178653717, 0.6267387866973877, 0.7009273767471313, 0.6707882285118103, 0.6777434349060059, 0.6862441897392273, 0.6885625720024109, 0.7241112589836121]}}