{"scitail_b_train_2_16": {"num_of_epochs": 40, "learning_rate": 0.001, "training_ds_fpath": "_train_2_16", "first_token_val_accuracy": [0.486862450838089, 0.5193199515342712, 0.568006157875061, 0.5479134321212769, 0.5502318143844604, 0.530911922454834, 0.526275098323822, 0.515455961227417, 0.5255023241043091, 0.5316846966743469, 0.5363214612007141, 0.5278207063674927, 0.5293663144111633, 0.5370942950248718, 0.5479134321212769, 0.5533230304718018, 0.5741885900497437, 0.5710973739624023, 0.5471406579017639, 0.515455961227417, 0.5425038933753967, 0.5394126772880554, 0.583462119102478, 0.5850077271461487, 0.6112828254699707, 0.6051004528999329, 0.6027820706367493, 0.598918080329895, 0.5919629335403442, 0.5935084819793701, 0.5935084819793701, 0.5919629335403442, 0.5927357077598572, 0.5919629335403442, 0.5888717174530029, 0.5865533351898193, 0.5780525207519531, 0.5795981287956238, 0.5788253545761108, 0.5811437368392944], "all_token_val_accuracy": [0.486862450838089, 0.5193199515342712, 0.568006157875061, 0.5479134321212769, 0.5502318143844604, 0.530911922454834, 0.526275098323822, 0.515455961227417, 0.5255023241043091, 0.5316846966743469, 0.5363214612007141, 0.5278207063674927, 0.5293663144111633, 0.5370942950248718, 0.5479134321212769, 0.5533230304718018, 0.5741885900497437, 0.5710973739624023, 0.5471406579017639, 0.515455961227417, 0.5425038933753967, 0.5394126772880554, 0.583462119102478, 0.5850077271461487, 0.6112828254699707, 0.6051004528999329, 0.6027820706367493, 0.598918080329895, 0.5919629335403442, 0.5935084819793701, 0.5935084819793701, 0.5919629335403442, 0.5927357077598572, 0.5919629335403442, 0.5888717174530029, 0.5865533351898193, 0.5780525207519531, 0.5795981287956238, 0.5788253545761108, 0.5811437368392944]}}