{"scitail_b_train_8_8": {"num_of_epochs": 10, "learning_rate": 0.0005, "training_ds_fpath": "_train_8_8", "first_token_val_accuracy": [0.0007727975025773048, 0.05100463703274727, 0.48377126455307007, 0.5015456080436707, 0.4953632056713104, 0.5092735886573792, 0.5100463628768921, 0.5061823725700378, 0.5030912160873413, 0.5340030789375305], "all_token_val_accuracy": [0.0007727975025773048, 0.05100463703274727, 0.48377126455307007, 0.5015456080436707, 0.4953632056713104, 0.5092735886573792, 0.5100463628768921, 0.5061823725700378, 0.5030912160873413, 0.5340030789375305]}}