{"scitail_b_train_6_16": {"num_of_epochs": 5, "learning_rate": 0.0001, "training_ds_fpath": "_train_6_16", "first_token_val_accuracy": [0.0, 0.0023183925077319145, 0.18778979778289795, 0.28670787811279297, 0.38176196813583374], "all_token_val_accuracy": [0.0, 0.0023183925077319145, 0.18778979778289795, 0.28670787811279297, 0.38176196813583374]}}