{"scitail_b_train_2_32": {"num_of_epochs": 50, "learning_rate": 0.0001, "training_ds_fpath": "_train_2_32", "first_token_val_accuracy": [0.0030911900103092194, 0.4173106551170349, 0.5, 0.48763522505760193, 0.5015456080436707, 0.4744976758956909, 0.47527047991752625, 0.5216383337974548, 0.5316846966743469, 0.5340030789375305, 0.5695517659187317, 0.5347759127616882, 0.5463678240776062, 0.5656877756118774, 0.5741885900497437, 0.5625966191291809, 0.5788253545761108, 0.5710973739624023, 0.5842349529266357, 0.5803709626197815, 0.5927357077598572, 0.5935084819793701, 0.5935084819793701, 0.5795981287956238, 0.6051004528999329, 0.614374041557312, 0.6329211592674255, 0.6112828254699707, 0.625193178653717, 0.6174651980400085, 0.6166924238204956, 0.6336939930915833, 0.6360123753547668, 0.6352395415306091, 0.6313755512237549, 0.5942813158035278, 0.625193178653717, 0.6306027770042419, 0.6043276786804199, 0.6221020221710205, 0.6259660124778748, 0.6267387866973877, 0.6290571689605713, 0.6236476302146912, 0.6097372770309448, 0.6120556592941284, 0.615146815776825, 0.6089644432067871, 0.6275116205215454, 0.6329211592674255], "all_token_val_accuracy": [0.0030911900103092194, 0.4173106551170349, 0.5, 0.48763522505760193, 0.5015456080436707, 0.4744976758956909, 0.47527047991752625, 0.5216383337974548, 0.5316846966743469, 0.5340030789375305, 0.5695517659187317, 0.5347759127616882, 0.5463678240776062, 0.5656877756118774, 0.5741885900497437, 0.5625966191291809, 0.5788253545761108, 0.5710973739624023, 0.5842349529266357, 0.5803709626197815, 0.5927357077598572, 0.5935084819793701, 0.5935084819793701, 0.5795981287956238, 0.6051004528999329, 0.614374041557312, 0.6329211592674255, 0.6112828254699707, 0.625193178653717, 0.6174651980400085, 0.6166924238204956, 0.6336939930915833, 0.6360123753547668, 0.6352395415306091, 0.6313755512237549, 0.5942813158035278, 0.625193178653717, 0.6306027770042419, 0.6043276786804199, 0.6221020221710205, 0.6259660124778748, 0.6267387866973877, 0.6290571689605713, 0.6236476302146912, 0.6097372770309448, 0.6120556592941284, 0.615146815776825, 0.6089644432067871, 0.6275116205215454, 0.6329211592674255]}}