{"scitail_b_train_8_16": {"num_of_epochs": 10, "learning_rate": 0.0005, "training_ds_fpath": "_train_8_16", "first_token_val_accuracy": [0.4119010865688324, 0.5077279806137085, 0.5139103531837463, 0.5085007548332214, 0.49845439195632935, 0.5139103531837463, 0.5046367645263672, 0.515455961227417, 0.5340030789375305, 0.5332303047180176], "all_token_val_accuracy": [0.4119010865688324, 0.5077279806137085, 0.5139103531837463, 0.5085007548332214, 0.49845439195632935, 0.5139103531837463, 0.5046367645263672, 0.515455961227417, 0.5340030789375305, 0.5332303047180176]}}