{"scitail_b_train_4_16": {"num_of_epochs": 10, "learning_rate": 0.0001, "training_ds_fpath": "_train_4_16", "first_token_val_accuracy": [0.0, 0.05564142018556595, 0.2225656807422638, 0.31452858448028564, 0.4459041655063629, 0.49304482340812683, 0.4690881073474884, 0.5077279806137085, 0.4969088137149811, 0.5378670692443848], "all_token_val_accuracy": [0.0, 0.05564142018556595, 0.2225656807422638, 0.31452858448028564, 0.4459041655063629, 0.49304482340812683, 0.4690881073474884, 0.5077279806137085, 0.4969088137149811, 0.5378670692443848]}}