{"scitail_b_train_7_64": {"num_of_epochs": 20, "learning_rate": 0.0001, "training_ds_fpath": "_train_7_64", "first_token_val_accuracy": [0.5015456080436707, 0.5038639903068542, 0.5455950498580933, 0.5162287354469299, 0.5239567160606384, 0.5942813158035278, 0.625193178653717, 0.6306027770042419, 0.6383307576179504, 0.656105101108551, 0.6785162091255188, 0.6777434349060059, 0.6924265623092651, 0.6638330817222595, 0.6916537880897522, 0.6970633864402771, 0.6862441897392273, 0.6553323268890381, 0.7171561121940613, 0.7047913670539856], "all_token_val_accuracy": [0.5015456080436707, 0.5038639903068542, 0.5455950498580933, 0.5162287354469299, 0.5239567160606384, 0.5942813158035278, 0.625193178653717, 0.6306027770042419, 0.6375579833984375, 0.656105101108551, 0.6785162091255188, 0.6777434349060059, 0.6924265623092651, 0.6638330817222595, 0.6916537880897522, 0.6970633864402771, 0.6862441897392273, 0.6553323268890381, 0.7171561121940613, 0.7047913670539856]}}