{"scitail_b_train_3_128": {"num_of_epochs": 40, "learning_rate": 0.0001, "training_ds_fpath": "_train_3_128", "first_token_val_accuracy": [0.48531684279441833, 0.58809894323349, 0.5911900997161865, 0.5641421675682068, 0.6398763656616211, 0.6414219737052917, 0.5765069723129272, 0.6522411108016968, 0.7032457590103149, 0.7094281315803528, 0.7349304556846619, 0.7411128282546997, 0.6955177783966064, 0.7202472686767578, 0.7650695443153381, 0.7411128282546997, 0.713292121887207, 0.7364760637283325, 0.7248840928077698, 0.7310664653778076, 0.7272024750709534, 0.7179288864135742, 0.7403400540351868, 0.7163832783699036, 0.729520857334137, 0.7302936911582947, 0.7380216121673584, 0.7387944459915161, 0.7318392395973206, 0.7233384847640991, 0.7310664653778076, 0.7318392395973206, 0.7380216121673584, 0.7210201025009155, 0.7094281315803528, 0.7488408088684082, 0.7318392395973206, 0.7341576218605042, 0.7403400540351868, 0.744976818561554], "all_token_val_accuracy": [0.48531684279441833, 0.58809894323349, 0.5911900997161865, 0.5641421675682068, 0.6398763656616211, 0.6414219737052917, 0.5765069723129272, 0.6522411108016968, 0.7032457590103149, 0.7094281315803528, 0.7349304556846619, 0.7411128282546997, 0.6955177783966064, 0.7202472686767578, 0.7650695443153381, 0.7411128282546997, 0.713292121887207, 0.7364760637283325, 0.7248840928077698, 0.7310664653778076, 0.7272024750709534, 0.7179288864135742, 0.7403400540351868, 0.7163832783699036, 0.729520857334137, 0.7302936911582947, 0.7380216121673584, 0.7387944459915161, 0.7318392395973206, 0.7233384847640991, 0.7310664653778076, 0.7318392395973206, 0.7380216121673584, 0.7210201025009155, 0.7094281315803528, 0.7488408088684082, 0.7318392395973206, 0.7341576218605042, 0.7403400540351868, 0.744976818561554]}}