{"scitail_b_train_6_16": {"num_of_epochs": 10, "learning_rate": 0.0001, "training_ds_fpath": "_train_6_16", "first_token_val_accuracy": [0.0, 0.013910355046391487, 0.26043277978897095, 0.3477588891983032, 0.45208656787872314, 0.484544038772583, 0.4814528524875641, 0.5, 0.5054095983505249, 0.5077279806137085], "all_token_val_accuracy": [0.0, 0.013137557543814182, 0.26043277978897095, 0.3469860851764679, 0.45208656787872314, 0.484544038772583, 0.4814528524875641, 0.5, 0.5054095983505249, 0.5077279806137085]}}