{"scitail_b_train_0_32": {"num_of_epochs": 30, "learning_rate": 1e-05, "training_ds_fpath": "_train_0_32", "first_token_val_accuracy": [0.0, 0.0, 0.0, 0.0, 0.0, 0.0, 0.0, 0.0, 0.0030911900103092194, 0.010819165036082268, 0.023956723511219025, 0.07187017053365707, 0.12132921069860458, 0.19242657721042633, 0.2333848476409912, 0.27279752492904663, 0.299845427274704, 0.33539411425590515, 0.3624420464038849, 0.3987635374069214, 0.42658424377441406, 0.4528593420982361, 0.471406489610672, 0.4914992153644562, 0.49381762742996216, 0.4969088137149811, 0.4976816177368164, 0.4992271959781647, 0.5, 0.5], "all_token_val_accuracy": [0.0, 0.0, 0.0, 0.0, 0.0, 0.0, 0.0, 0.0, 0.0030911900103092194, 0.010819165036082268, 0.023956723511219025, 0.07187017053365707, 0.12132921069860458, 0.19242657721042633, 0.2333848476409912, 0.27279752492904663, 0.299845427274704, 0.33539411425590515, 0.3624420464038849, 0.3987635374069214, 0.42658424377441406, 0.4528593420982361, 0.471406489610672, 0.4914992153644562, 0.49381762742996216, 0.4969088137149811, 0.4976816177368164, 0.4992271959781647, 0.5, 0.5]}}