{"scitail_b_train_0_16": {"num_of_epochs": 50, "learning_rate": 0.0001, "training_ds_fpath": "_train_0_16", "first_token_val_accuracy": [0.0, 0.0007727975025773048, 0.06414219737052917, 0.2673879563808441, 0.3995363116264343, 0.4914992153644562, 0.4992271959781647, 0.4969088137149811, 0.4899536371231079, 0.5054095983505249, 0.5061823725700378, 0.5200927257537842, 0.5401854515075684, 0.5641421675682068, 0.5703245997428894, 0.5695517659187317, 0.5664606094360352, 0.557959794998169, 0.5463678240776062, 0.5448222756385803, 0.5587326288223267, 0.5672333836555481, 0.568006157875061, 0.5850077271461487, 0.5819165110588074, 0.5765069723129272, 0.5788253545761108, 0.5896444916725159, 0.5803709626197815, 0.5865533351898193, 0.5873261094093323, 0.58809894323349, 0.5911900997161865, 0.5942813158035278, 0.5927357077598572, 0.5935084819793701, 0.599690854549408, 0.5942813158035278, 0.5819165110588074, 0.5973724722862244, 0.6058732867240906, 0.6066460609436035, 0.6089644432067871, 0.598918080329895, 0.598918080329895, 0.6120556592941284, 0.6174651980400085, 0.6190108060836792, 0.6159196496009827, 0.615146815776825], "all_token_val_accuracy": [0.0, 0.0007727975025773048, 0.06414219737052917, 0.2673879563808441, 0.3995363116264343, 0.4914992153644562, 0.4992271959781647, 0.4969088137149811, 0.4899536371231079, 0.5054095983505249, 0.5061823725700378, 0.5200927257537842, 0.5401854515075684, 0.5641421675682068, 0.5703245997428894, 0.5695517659187317, 0.5664606094360352, 0.557959794998169, 0.5463678240776062, 0.5448222756385803, 0.5587326288223267, 0.5672333836555481, 0.568006157875061, 0.5850077271461487, 0.5819165110588074, 0.5765069723129272, 0.5788253545761108, 0.5896444916725159, 0.5803709626197815, 0.5865533351898193, 0.5873261094093323, 0.58809894323349, 0.5911900997161865, 0.5942813158035278, 0.5927357077598572, 0.5935084819793701, 0.599690854549408, 0.5942813158035278, 0.5819165110588074, 0.5973724722862244, 0.6058732867240906, 0.6066460609436035, 0.6089644432067871, 0.598918080329895, 0.598918080329895, 0.6120556592941284, 0.6174651980400085, 0.6190108060836792, 0.6159196496009827, 0.615146815776825]}}