{"scitail_b_train_1_4": {"num_of_epochs": 10, "learning_rate": 0.0001, "training_ds_fpath": "_train_1_4", "first_token_val_accuracy": [0.0, 0.0, 0.0, 0.0, 0.0, 0.0, 0.0015455950051546097, 0.03323029354214668, 0.14451313018798828, 0.20788253843784332], "all_token_val_accuracy": [0.0, 0.0, 0.0, 0.0, 0.0, 0.0, 0.0015455950051546097, 0.03323029354214668, 0.14451313018798828, 0.20788253843784332]}}