{"scitail_b_train_1_4": {"num_of_epochs": 50, "learning_rate": 0.001, "training_ds_fpath": "_train_1_4", "first_token_val_accuracy": [0.007727975491434336, 0.28902626037597656, 0.48763522505760193, 0.5030912160873413, 0.5231839418411255, 0.5030912160873413, 0.5030912160873413, 0.5, 0.49845439195632935, 0.5054095983505249, 0.4945904314517975, 0.49304482340812683, 0.510819137096405, 0.5046367645263672, 0.4992271959781647, 0.5030912160873413, 0.5061823725700378, 0.4953632056713104, 0.49845439195632935, 0.5069552063941956, 0.5077279806137085, 0.5038639903068542, 0.5, 0.5038639903068542, 0.5038639903068542, 0.5023183822631836, 0.5007727742195129, 0.4976816177368164, 0.4976816177368164, 0.5007727742195129, 0.5, 0.4992271959781647, 0.4992271959781647, 0.49845439195632935, 0.5007727742195129, 0.5023183822631836, 0.5015456080436707, 0.5007727742195129, 0.5023183822631836, 0.5, 0.5, 0.5023183822631836, 0.5007727742195129, 0.5023183822631836, 0.5030912160873413, 0.5023183822631836, 0.5015456080436707, 0.5015456080436707, 0.5023183822631836, 0.5015456080436707], "all_token_val_accuracy": [0.007727975491434336, 0.28902626037597656, 0.48763522505760193, 0.5030912160873413, 0.5231839418411255, 0.5030912160873413, 0.5030912160873413, 0.5, 0.49845439195632935, 0.5054095983505249, 0.4945904314517975, 0.49304482340812683, 0.510819137096405, 0.5046367645263672, 0.4992271959781647, 0.5030912160873413, 0.5061823725700378, 0.4953632056713104, 0.49845439195632935, 0.5069552063941956, 0.5077279806137085, 0.5038639903068542, 0.5, 0.5038639903068542, 0.5038639903068542, 0.5023183822631836, 0.5007727742195129, 0.4976816177368164, 0.4976816177368164, 0.5007727742195129, 0.5, 0.4992271959781647, 0.4992271959781647, 0.49845439195632935, 0.5007727742195129, 0.5023183822631836, 0.5015456080436707, 0.5007727742195129, 0.5023183822631836, 0.5, 0.5, 0.5023183822631836, 0.5007727742195129, 0.5023183822631836, 0.5030912160873413, 0.5023183822631836, 0.5015456080436707, 0.5015456080436707, 0.5023183822631836, 0.5015456080436707]}}