{"scitail_b_train_2_4": {"num_of_epochs": 50, "learning_rate": 0.0001, "training_ds_fpath": "_train_2_4", "first_token_val_accuracy": [0.0, 0.0, 0.0, 0.0, 0.0, 0.0, 0.0, 0.004636785015463829, 0.010046367533504963, 0.03168470039963722, 0.074961356818676, 0.1398763507604599, 0.18469861149787903, 0.2017001509666443, 0.21329212188720703, 0.22720247507095337, 0.24034002423286438, 0.25811436772346497, 0.2774343192577362, 0.29907265305519104, 0.3114373981952667, 0.3214837610721588, 0.34621328115463257, 0.36398762464523315, 0.3840803802013397, 0.4034003019332886, 0.4173106551170349, 0.42658424377441406, 0.442812979221344, 0.4513137638568878, 0.458268940448761, 0.46754249930381775, 0.46754249930381775, 0.4791344702243805, 0.486862450838089, 0.49381762742996216, 0.5007727742195129, 0.5007727742195129, 0.5046367645263672, 0.4969088137149811, 0.4953632056713104, 0.49381762742996216, 0.4945904314517975, 0.4953632056713104, 0.49613600969314575, 0.5, 0.5, 0.5015456080436707, 0.5, 0.5023183822631836], "all_token_val_accuracy": [0.0, 0.0, 0.0, 0.0, 0.0, 0.0, 0.0, 0.004636785015463829, 0.010046367533504963, 0.03168470039963722, 0.074961356818676, 0.1398763507604599, 0.18469861149787903, 0.2017001509666443, 0.21329212188720703, 0.22720247507095337, 0.24034002423286438, 0.25811436772346497, 0.2774343192577362, 0.29907265305519104, 0.3114373981952667, 0.3214837610721588, 0.34621328115463257, 0.36398762464523315, 0.3840803802013397, 0.4034003019332886, 0.4173106551170349, 0.42658424377441406, 0.442812979221344, 0.4513137638568878, 0.458268940448761, 0.46754249930381775, 0.46754249930381775, 0.4791344702243805, 0.486862450838089, 0.49381762742996216, 0.5007727742195129, 0.5007727742195129, 0.5046367645263672, 0.4969088137149811, 0.4953632056713104, 0.49381762742996216, 0.4945904314517975, 0.4953632056713104, 0.49613600969314575, 0.5, 0.5, 0.5015456080436707, 0.5, 0.5023183822631836]}}