{"scitail_b_train_9_8": {"num_of_epochs": 40, "learning_rate": 0.0001, "training_ds_fpath": "_train_9_8", "first_token_val_accuracy": [0.0, 0.0, 0.0007727975025773048, 0.07187017053365707, 0.1816074252128601, 0.2279752641916275, 0.3037094175815582, 0.3956723213195801, 0.455950528383255, 0.4768160879611969, 0.49845439195632935, 0.5, 0.4992271959781647, 0.48299846053123474, 0.4605873227119446, 0.5023183822631836, 0.4992271959781647, 0.49613600969314575, 0.5015456080436707, 0.5085007548332214, 0.49072644114494324, 0.48531684279441833, 0.4690881073474884, 0.4636785089969635, 0.471406489610672, 0.4737248718738556, 0.4768160879611969, 0.48531684279441833, 0.49072644114494324, 0.49072644114494324, 0.5054095983505249, 0.5023183822631836, 0.5007727742195129, 0.5030912160873413, 0.5131375789642334, 0.5015456080436707, 0.5030912160873413, 0.5069552063941956, 0.5115919709205627, 0.5115919709205627], "all_token_val_accuracy": [0.0, 0.0, 0.0007727975025773048, 0.07187017053365707, 0.1816074252128601, 0.2279752641916275, 0.3037094175815582, 0.3956723213195801, 0.455950528383255, 0.4768160879611969, 0.49845439195632935, 0.5, 0.4992271959781647, 0.48299846053123474, 0.4605873227119446, 0.5023183822631836, 0.4992271959781647, 0.49613600969314575, 0.5015456080436707, 0.5085007548332214, 0.49072644114494324, 0.48531684279441833, 0.4690881073474884, 0.4636785089969635, 0.471406489610672, 0.4737248718738556, 0.4768160879611969, 0.48531684279441833, 0.49072644114494324, 0.49072644114494324, 0.5054095983505249, 0.5023183822631836, 0.5007727742195129, 0.5030912160873413, 0.5131375789642334, 0.5015456080436707, 0.5030912160873413, 0.5069552063941956, 0.5115919709205627, 0.5115919709205627]}}