{"scitail_b_train_7_64": {"num_of_epochs": 50, "learning_rate": 1e-05, "training_ds_fpath": "_train_7_64", "first_token_val_accuracy": [0.0, 0.0, 0.0, 0.0, 0.0, 0.05100463703274727, 0.484544038772583, 0.49381762742996216, 0.486862450838089, 0.46522411704063416, 0.44976815581321716, 0.4435857832431793, 0.45440495014190674, 0.4505409598350525, 0.5046367645263672, 0.4953632056713104, 0.46986088156700134, 0.4667696952819824, 0.49072644114494324, 0.5208655595779419, 0.5208655595779419, 0.5301390886306763, 0.5363214612007141, 0.5092735886573792, 0.5448222756385803, 0.541731059551239, 0.5510046482086182, 0.5463678240776062, 0.5533230304718018, 0.5633693933486938, 0.530911922454834, 0.5649150013923645, 0.5610510110855103, 0.5602782368659973, 0.5224111080169678, 0.5633693933486938, 0.5641421675682068, 0.5633693933486938, 0.5687789916992188, 0.5687789916992188, 0.5556414127349854, 0.5734157562255859, 0.5672333836555481, 0.5811437368392944, 0.5656877756118774, 0.5772797465324402, 0.557187020778656, 0.5865533351898193, 0.5718701481819153, 0.5734157562255859], "all_token_val_accuracy": [0.0, 0.0, 0.0, 0.0, 0.0, 0.05100463703274727, 0.484544038772583, 0.49381762742996216, 0.486862450838089, 0.46522411704063416, 0.44976815581321716, 0.4435857832431793, 0.45440495014190674, 0.4505409598350525, 0.5046367645263672, 0.4953632056713104, 0.46986088156700134, 0.4667696952819824, 0.49072644114494324, 0.5208655595779419, 0.5208655595779419, 0.5301390886306763, 0.5363214612007141, 0.5092735886573792, 0.5448222756385803, 0.541731059551239, 0.5510046482086182, 0.5463678240776062, 0.5533230304718018, 0.5633693933486938, 0.530911922454834, 0.5649150013923645, 0.5610510110855103, 0.5602782368659973, 0.5224111080169678, 0.5633693933486938, 0.5641421675682068, 0.5633693933486938, 0.5687789916992188, 0.5687789916992188, 0.5556414127349854, 0.5734157562255859, 0.5672333836555481, 0.5811437368392944, 0.5656877756118774, 0.5772797465324402, 0.557187020778656, 0.5865533351898193, 0.5718701481819153, 0.5734157562255859]}}