{"scitail_b_train_6_64": {"num_of_epochs": 10, "learning_rate": 1e-05, "training_ds_fpath": "_train_6_64", "first_token_val_accuracy": [0.0, 0.0, 0.0, 0.0, 0.05718701705336571, 0.49072644114494324, 0.49845439195632935, 0.4976816177368164, 0.49072644114494324, 0.45672333240509033], "all_token_val_accuracy": [0.0, 0.0, 0.0, 0.0, 0.05718701705336571, 0.49072644114494324, 0.49845439195632935, 0.4976816177368164, 0.49072644114494324, 0.45672333240509033]}}