{"scitail_b_train_3_64": {"num_of_epochs": 40, "learning_rate": 0.0001, "training_ds_fpath": "_train_3_64", "first_token_val_accuracy": [0.5023183822631836, 0.5046367645263672, 0.5131375789642334, 0.5247295498847961, 0.5386399030685425, 0.5772797465324402, 0.58809894323349, 0.6012364625930786, 0.5965996980667114, 0.625193178653717, 0.6051004528999329, 0.614374041557312, 0.6383307576179504, 0.6391035318374634, 0.6275116205215454, 0.6213291883468628, 0.6267387866973877, 0.6445131301879883, 0.6336939930915833, 0.6429675221443176, 0.6391035318374634, 0.6391035318374634, 0.6499227285385132, 0.6058732867240906, 0.6491498947143555, 0.6545594930648804, 0.6499227285385132, 0.6414219737052917, 0.6205564141273499, 0.6537867188453674, 0.6329211592674255, 0.625193178653717, 0.6391035318374634, 0.6391035318374634, 0.6391035318374634, 0.6375579833984375, 0.645285964012146, 0.6383307576179504, 0.640649139881134, 0.6414219737052917], "all_token_val_accuracy": [0.5023183822631836, 0.5046367645263672, 0.5131375789642334, 0.5247295498847961, 0.5386399030685425, 0.5772797465324402, 0.58809894323349, 0.6012364625930786, 0.5965996980667114, 0.625193178653717, 0.6051004528999329, 0.614374041557312, 0.6383307576179504, 0.6391035318374634, 0.6275116205215454, 0.6213291883468628, 0.6267387866973877, 0.6445131301879883, 0.6336939930915833, 0.6429675221443176, 0.6391035318374634, 0.6391035318374634, 0.6499227285385132, 0.6058732867240906, 0.6491498947143555, 0.6545594930648804, 0.6499227285385132, 0.6414219737052917, 0.6205564141273499, 0.6537867188453674, 0.6329211592674255, 0.625193178653717, 0.6391035318374634, 0.6391035318374634, 0.6391035318374634, 0.6375579833984375, 0.645285964012146, 0.6383307576179504, 0.640649139881134, 0.6414219737052917]}}