{"scitail_b_train_7_16": {"num_of_epochs": 30, "learning_rate": 0.0005, "training_ds_fpath": "_train_7_16", "first_token_val_accuracy": [0.3601236343383789, 0.5007727742195129, 0.5162287354469299, 0.5556414127349854, 0.5757341384887695, 0.5973724722862244, 0.6020092964172363, 0.6174651980400085, 0.6012364625930786, 0.5911900997161865, 0.5919629335403442, 0.5865533351898193, 0.5896444916725159, 0.599690854549408, 0.5927357077598572, 0.5803709626197815, 0.6081916689872742, 0.5958268642425537, 0.5896444916725159, 0.5842349529266357, 0.5842349529266357, 0.5819165110588074, 0.5811437368392944, 0.5795981287956238, 0.5803709626197815, 0.5795981287956238, 0.5896444916725159, 0.5911900997161865, 0.5958268642425537, 0.5888717174530029], "all_token_val_accuracy": [0.3601236343383789, 0.5007727742195129, 0.5162287354469299, 0.5556414127349854, 0.5757341384887695, 0.5973724722862244, 0.6020092964172363, 0.6174651980400085, 0.6012364625930786, 0.5911900997161865, 0.5919629335403442, 0.5865533351898193, 0.5896444916725159, 0.599690854549408, 0.5927357077598572, 0.5803709626197815, 0.6081916689872742, 0.5958268642425537, 0.5896444916725159, 0.5842349529266357, 0.5842349529266357, 0.5819165110588074, 0.5811437368392944, 0.5795981287956238, 0.5803709626197815, 0.5795981287956238, 0.5896444916725159, 0.5911900997161865, 0.5958268642425537, 0.5888717174530029]}}