{"scitail_b_train_4_16": {"num_of_epochs": 10, "learning_rate": 0.0005, "training_ds_fpath": "_train_4_16", "first_token_val_accuracy": [0.4791344702243805, 0.4992271959781647, 0.5401854515075684, 0.5200927257537842, 0.5973724722862244, 0.5981453061103821, 0.6128284335136414, 0.5625966191291809, 0.6112828254699707, 0.6367851495742798], "all_token_val_accuracy": [0.4791344702243805, 0.4992271959781647, 0.5401854515075684, 0.5200927257537842, 0.5973724722862244, 0.5981453061103821, 0.6128284335136414, 0.5625966191291809, 0.6112828254699707, 0.6367851495742798]}}