{"scitail_b_train_4_8": {"num_of_epochs": 30, "learning_rate": 0.001, "training_ds_fpath": "_train_4_8", "first_token_val_accuracy": [0.414219468832016, 0.4822256565093994, 0.5, 0.5007727742195129, 0.5378670692443848, 0.5193199515342712, 0.5255023241043091, 0.5564142465591431, 0.5548686385154724, 0.5564142465591431, 0.5602782368659973, 0.5548686385154724, 0.5602782368659973, 0.5479134321212769, 0.5386399030685425, 0.5394126772880554, 0.5455950498580933, 0.5510046482086182, 0.5525502562522888, 0.5564142465591431, 0.5641421675682068, 0.5656877756118774, 0.5649150013923645, 0.5649150013923645, 0.5641421675682068, 0.5602782368659973, 0.557187020778656, 0.5587326288223267, 0.557959794998169, 0.5564142465591431], "all_token_val_accuracy": [0.414219468832016, 0.4822256565093994, 0.5, 0.5007727742195129, 0.5378670692443848, 0.5193199515342712, 0.5255023241043091, 0.5564142465591431, 0.5548686385154724, 0.5564142465591431, 0.5602782368659973, 0.5548686385154724, 0.5602782368659973, 0.5479134321212769, 0.5386399030685425, 0.5394126772880554, 0.5455950498580933, 0.5510046482086182, 0.5525502562522888, 0.5564142465591431, 0.5641421675682068, 0.5656877756118774, 0.5649150013923645, 0.5649150013923645, 0.5641421675682068, 0.5602782368659973, 0.557187020778656, 0.5587326288223267, 0.557959794998169, 0.5564142465591431]}}