{"scitail_b_train_1_16": {"num_of_epochs": 5, "learning_rate": 0.0001, "training_ds_fpath": "_train_1_16", "first_token_val_accuracy": [0.0, 0.0015455950051546097, 0.4744976758956909, 0.4760432839393616, 0.5092735886573792], "all_token_val_accuracy": [0.0, 0.0015455950051546097, 0.4744976758956909, 0.4760432839393616, 0.5092735886573792]}}