{"scitail_b_train_7_8": {"num_of_epochs": 20, "learning_rate": 0.001, "training_ds_fpath": "_train_7_8", "first_token_val_accuracy": [0.4034003019332886, 0.5092735886573792, 0.5007727742195129, 0.4992271959781647, 0.4969088137149811, 0.5162287354469299, 0.5950540900230408, 0.5340030789375305, 0.5625966191291809, 0.5517774224281311, 0.5316846966743469, 0.5255023241043091, 0.5355486869812012, 0.5502318143844604, 0.5510046482086182, 0.5455950498580933, 0.5463678240776062, 0.541731059551239, 0.5401854515075684, 0.5394126772880554], "all_token_val_accuracy": [0.4034003019332886, 0.5092735886573792, 0.5007727742195129, 0.4992271959781647, 0.4969088137149811, 0.5162287354469299, 0.5950540900230408, 0.5340030789375305, 0.5625966191291809, 0.5517774224281311, 0.5316846966743469, 0.5255023241043091, 0.5355486869812012, 0.5502318143844604, 0.5510046482086182, 0.5455950498580933, 0.5463678240776062, 0.541731059551239, 0.5401854515075684, 0.5394126772880554]}}