{"scitail_b_train_1_128": {"num_of_epochs": 40, "learning_rate": 0.0001, "training_ds_fpath": "_train_1_128", "first_token_val_accuracy": [0.5030912160873413, 0.5664606094360352, 0.6197836399078369, 0.557187020778656, 0.5935084819793701, 0.5888717174530029, 0.7349304556846619, 0.729520857334137, 0.7882534861564636, 0.7619783878326416, 0.7975270748138428, 0.7612055540084839, 0.78593510389328, 0.7936630845069885, 0.7573415637016296, 0.7766615152359009, 0.7581143975257874, 0.7758887410163879, 0.7766615152359009, 0.786707878112793, 0.7573415637016296, 0.7689335346221924, 0.770479142665863, 0.7928902506828308, 0.755023181438446, 0.7758887410163879, 0.7727975249290466, 0.7843894958496094, 0.7163832783699036, 0.7612055540084839, 0.7805255055427551, 0.7843894958496094, 0.7697063088417053, 0.7913446426391602, 0.7735702991485596, 0.7642967700958252, 0.7673879265785217, 0.744976818561554, 0.7921174764633179, 0.7774342894554138], "all_token_val_accuracy": [0.5030912160873413, 0.5664606094360352, 0.6197836399078369, 0.557187020778656, 0.5935084819793701, 0.5888717174530029, 0.7349304556846619, 0.729520857334137, 0.7882534861564636, 0.7619783878326416, 0.7975270748138428, 0.7612055540084839, 0.78593510389328, 0.7936630845069885, 0.7573415637016296, 0.7766615152359009, 0.7581143975257874, 0.7758887410163879, 0.7766615152359009, 0.786707878112793, 0.7573415637016296, 0.7689335346221924, 0.770479142665863, 0.7928902506828308, 0.755023181438446, 0.7758887410163879, 0.7727975249290466, 0.7843894958496094, 0.7163832783699036, 0.7612055540084839, 0.7805255055427551, 0.7843894958496094, 0.7697063088417053, 0.7913446426391602, 0.7735702991485596, 0.7642967700958252, 0.7673879265785217, 0.744976818561554, 0.7921174764633179, 0.7774342894554138]}}