{"scitail_b_train_1_32": {"num_of_epochs": 20, "learning_rate": 0.0001, "training_ds_fpath": "_train_1_32", "first_token_val_accuracy": [0.08655332028865814, 0.2565687894821167, 0.4814528524875641, 0.45672333240509033, 0.5015456080436707, 0.49072644114494324, 0.4768160879611969, 0.5162287354469299, 0.471406489610672, 0.5247295498847961, 0.5324574708938599, 0.5556414127349854, 0.5610510110855103, 0.5602782368659973, 0.5548686385154724, 0.5904173254966736, 0.5765069723129272, 0.5672333836555481, 0.5904173254966736, 0.5850077271461487], "all_token_val_accuracy": [0.08655332028865814, 0.2565687894821167, 0.4814528524875641, 0.45672333240509033, 0.5015456080436707, 0.49072644114494324, 0.4768160879611969, 0.5162287354469299, 0.471406489610672, 0.5247295498847961, 0.5324574708938599, 0.5556414127349854, 0.5610510110855103, 0.5602782368659973, 0.5548686385154724, 0.5904173254966736, 0.5765069723129272, 0.5672333836555481, 0.5904173254966736, 0.5850077271461487]}}