{"scitail_b_train_3_8": {"num_of_epochs": 20, "learning_rate": 0.001, "training_ds_fpath": "_train_3_8", "first_token_val_accuracy": [0.35625967383384705, 0.458268940448761, 0.5038639903068542, 0.5224111080169678, 0.5718701481819153, 0.5564142465591431, 0.5278207063674927, 0.541731059551239, 0.6058732867240906, 0.5765069723129272, 0.572642982006073, 0.5942813158035278, 0.5981453061103821, 0.5919629335403442, 0.5749613642692566, 0.572642982006073, 0.5803709626197815, 0.5826893448829651, 0.5965996980667114, 0.5973724722862244], "all_token_val_accuracy": [0.35625967383384705, 0.45749613642692566, 0.5038639903068542, 0.5224111080169678, 0.5718701481819153, 0.5564142465591431, 0.5278207063674927, 0.541731059551239, 0.6058732867240906, 0.5765069723129272, 0.572642982006073, 0.5942813158035278, 0.5981453061103821, 0.5919629335403442, 0.5749613642692566, 0.572642982006073, 0.5803709626197815, 0.5826893448829651, 0.5965996980667114, 0.5973724722862244]}}