{"scitail_b_train_1_16": {"num_of_epochs": 40, "learning_rate": 0.0001, "training_ds_fpath": "_train_1_16", "first_token_val_accuracy": [0.0, 0.0, 0.05564142018556595, 0.31221020221710205, 0.429675430059433, 0.49304482340812683, 0.4992271959781647, 0.49381762742996216, 0.49381762742996216, 0.5046367645263672, 0.5030912160873413, 0.49845439195632935, 0.5131375789642334, 0.5177743434906006, 0.5255023241043091, 0.5170015692710876, 0.5015456080436707, 0.484544038772583, 0.4822256565093994, 0.5077279806137085, 0.5239567160606384, 0.5239567160606384, 0.5231839418411255, 0.5247295498847961, 0.5355486869812012, 0.5440494418144226, 0.5486862659454346, 0.5564142465591431, 0.5695517659187317, 0.572642982006073, 0.5741885900497437, 0.5826893448829651, 0.5811437368392944, 0.5819165110588074, 0.5857805013656616, 0.5842349529266357, 0.5811437368392944, 0.5850077271461487, 0.572642982006073, 0.5811437368392944], "all_token_val_accuracy": [0.0, 0.0, 0.05564142018556595, 0.31221020221710205, 0.429675430059433, 0.49304482340812683, 0.4992271959781647, 0.49381762742996216, 0.49381762742996216, 0.5046367645263672, 0.5030912160873413, 0.49845439195632935, 0.5131375789642334, 0.5177743434906006, 0.5255023241043091, 0.5170015692710876, 0.5015456080436707, 0.484544038772583, 0.4822256565093994, 0.5077279806137085, 0.5239567160606384, 0.5239567160606384, 0.5231839418411255, 0.5247295498847961, 0.5355486869812012, 0.5440494418144226, 0.5486862659454346, 0.5564142465591431, 0.5695517659187317, 0.572642982006073, 0.5741885900497437, 0.5826893448829651, 0.5811437368392944, 0.5819165110588074, 0.5857805013656616, 0.5842349529266357, 0.5811437368392944, 0.5850077271461487, 0.572642982006073, 0.5811437368392944]}}