{"scitail_b_train_0_8": {"num_of_epochs": 20, "learning_rate": 0.0001, "training_ds_fpath": "_train_0_8", "first_token_val_accuracy": [0.0, 0.0, 0.0, 0.0, 0.027820710092782974, 0.1607418805360794, 0.2279752641916275, 0.26352396607398987, 0.3052550256252289, 0.33771252632141113, 0.372488409280777, 0.429675430059433, 0.4605873227119446, 0.4791344702243805, 0.48840802907943726, 0.5046367645263672, 0.5046367645263672, 0.5131375789642334, 0.5177743434906006, 0.5170015692710876], "all_token_val_accuracy": [0.0, 0.0, 0.0, 0.0, 0.027820710092782974, 0.1607418805360794, 0.2279752641916275, 0.26352396607398987, 0.3052550256252289, 0.33771252632141113, 0.372488409280777, 0.429675430059433, 0.4605873227119446, 0.4791344702243805, 0.48840802907943726, 0.5046367645263672, 0.5046367645263672, 0.5131375789642334, 0.5177743434906006, 0.5170015692710876]}}