{"scitail_b_train_9_4": {"num_of_epochs": 50, "learning_rate": 0.0005, "training_ds_fpath": "_train_9_4", "first_token_val_accuracy": [0.0, 0.011591962538659573, 0.38253477215766907, 0.4914992153644562, 0.49845439195632935, 0.4969088137149811, 0.5015456080436707, 0.5023183822631836, 0.5046367645263672, 0.5092735886573792, 0.4976816177368164, 0.486862450838089, 0.4969088137149811, 0.5038639903068542, 0.5077279806137085, 0.5123647451400757, 0.5, 0.5015456080436707, 0.49381762742996216, 0.4953632056713104, 0.49381762742996216, 0.4953632056713104, 0.49845439195632935, 0.49613600969314575, 0.49381762742996216, 0.48763522505760193, 0.48531684279441833, 0.4814528524875641, 0.4760432839393616, 0.4799072742462158, 0.47836166620254517, 0.4760432839393616, 0.47836166620254517, 0.47836166620254517, 0.47836166620254517, 0.4760432839393616, 0.4768160879611969, 0.4737248718738556, 0.4737248718738556, 0.47527047991752625, 0.47295209765434265, 0.471406489610672, 0.46986088156700134, 0.4683153033256531, 0.46522411704063416, 0.4690881073474884, 0.47063368558883667, 0.4683153033256531, 0.46986088156700134, 0.47063368558883667], "all_token_val_accuracy": [0.0, 0.011591962538659573, 0.38253477215766907, 0.4914992153644562, 0.49845439195632935, 0.4969088137149811, 0.5015456080436707, 0.5023183822631836, 0.5046367645263672, 0.5092735886573792, 0.4976816177368164, 0.486862450838089, 0.4969088137149811, 0.5038639903068542, 0.5077279806137085, 0.5123647451400757, 0.5, 0.5015456080436707, 0.49381762742996216, 0.4953632056713104, 0.49381762742996216, 0.4953632056713104, 0.49845439195632935, 0.49613600969314575, 0.49381762742996216, 0.48763522505760193, 0.48531684279441833, 0.4814528524875641, 0.4760432839393616, 0.4799072742462158, 0.47836166620254517, 0.4760432839393616, 0.47836166620254517, 0.47836166620254517, 0.47836166620254517, 0.4760432839393616, 0.4768160879611969, 0.4737248718738556, 0.4737248718738556, 0.47527047991752625, 0.47295209765434265, 0.471406489610672, 0.46986088156700134, 0.4683153033256531, 0.46522411704063416, 0.4690881073474884, 0.47063368558883667, 0.4683153033256531, 0.46986088156700134, 0.47063368558883667]}}