{"scitail_b_train_0_128": {"num_of_epochs": 20, "learning_rate": 0.001, "training_ds_fpath": "_train_0_128", "first_token_val_accuracy": [0.5, 0.5, 0.5, 0.5, 0.5, 0.5030912160873413, 0.5, 0.6112828254699707, 0.5085007548332214, 0.5293663144111633, 0.6136012077331543, 0.5888717174530029, 0.6646058559417725, 0.568006157875061, 0.5448222756385803, 0.6112828254699707, 0.6445131301879883, 0.6329211592674255, 0.6213291883468628, 0.6027820706367493], "all_token_val_accuracy": [0.5, 0.5, 0.5, 0.5, 0.5, 0.5030912160873413, 0.5, 0.6112828254699707, 0.5085007548332214, 0.5293663144111633, 0.6136012077331543, 0.5888717174530029, 0.6646058559417725, 0.568006157875061, 0.5448222756385803, 0.6112828254699707, 0.6445131301879883, 0.6329211592674255, 0.6213291883468628, 0.6027820706367493]}}