{"scitail_b_train_8_32": {"num_of_epochs": 50, "learning_rate": 0.001, "training_ds_fpath": "_train_8_32", "first_token_val_accuracy": [0.4953632056713104, 0.4922720193862915, 0.5023183822631836, 0.5772797465324402, 0.5595054030418396, 0.5486862659454346, 0.5618237853050232, 0.572642982006073, 0.5455950498580933, 0.5401854515075684, 0.5517774224281311, 0.5734157562255859, 0.5347759127616882, 0.5301390886306763, 0.5540958046913147, 0.5564142465591431, 0.5556414127349854, 0.5525502562522888, 0.5618237853050232, 0.5479134321212769, 0.5486862659454346, 0.5486862659454346, 0.5502318143844604, 0.5510046482086182, 0.5510046482086182, 0.5502318143844604, 0.5502318143844604, 0.5502318143844604, 0.5494590401649475, 0.5502318143844604, 0.5525502562522888, 0.5502318143844604, 0.5494590401649475, 0.5510046482086182, 0.5595054030418396, 0.5595054030418396, 0.5587326288223267, 0.5595054030418396, 0.5595054030418396, 0.5595054030418396, 0.5595054030418396, 0.5595054030418396, 0.5595054030418396, 0.5595054030418396, 0.5595054030418396, 0.5587326288223267, 0.5587326288223267, 0.557959794998169, 0.5455950498580933, 0.5463678240776062], "all_token_val_accuracy": [0.4953632056713104, 0.4922720193862915, 0.5023183822631836, 0.5772797465324402, 0.5595054030418396, 0.5486862659454346, 0.5618237853050232, 0.572642982006073, 0.5455950498580933, 0.5401854515075684, 0.5517774224281311, 0.5734157562255859, 0.5347759127616882, 0.5301390886306763, 0.5540958046913147, 0.5564142465591431, 0.5556414127349854, 0.5525502562522888, 0.5618237853050232, 0.5479134321212769, 0.5486862659454346, 0.5486862659454346, 0.5502318143844604, 0.5510046482086182, 0.5510046482086182, 0.5502318143844604, 0.5502318143844604, 0.5502318143844604, 0.5494590401649475, 0.5502318143844604, 0.5525502562522888, 0.5502318143844604, 0.5494590401649475, 0.5510046482086182, 0.5595054030418396, 0.5595054030418396, 0.5587326288223267, 0.5595054030418396, 0.5595054030418396, 0.5595054030418396, 0.5595054030418396, 0.5595054030418396, 0.5595054030418396, 0.5595054030418396, 0.5595054030418396, 0.5587326288223267, 0.5587326288223267, 0.557959794998169, 0.5455950498580933, 0.5463678240776062]}}