{"scitail_b_train_4_32": {"num_of_epochs": 30, "learning_rate": 0.001, "training_ds_fpath": "_train_4_32", "first_token_val_accuracy": [0.5, 0.5, 0.5, 0.5007727742195129, 0.5, 0.645285964012146, 0.6437403559684753, 0.6916537880897522, 0.6684698462486267, 0.6213291883468628, 0.6468315124511719, 0.6506955027580261, 0.6445131301879883, 0.6506955027580261, 0.6553323268890381, 0.6089644432067871, 0.6429675221443176, 0.6213291883468628, 0.6313755512237549, 0.6282843947410583, 0.6344667673110962, 0.6329211592674255, 0.6336939930915833, 0.6290571689605713, 0.6352395415306091, 0.6058732867240906, 0.6321483850479126, 0.6344667673110962, 0.6391035318374634, 0.6437403559684753], "all_token_val_accuracy": [0.5, 0.5, 0.5, 0.5007727742195129, 0.5, 0.645285964012146, 0.6437403559684753, 0.6916537880897522, 0.6684698462486267, 0.6213291883468628, 0.6468315124511719, 0.6506955027580261, 0.6445131301879883, 0.6506955027580261, 0.6553323268890381, 0.6089644432067871, 0.6429675221443176, 0.6213291883468628, 0.6313755512237549, 0.6282843947410583, 0.6344667673110962, 0.6329211592674255, 0.6336939930915833, 0.6290571689605713, 0.6352395415306091, 0.6058732867240906, 0.6321483850479126, 0.6344667673110962, 0.6391035318374634, 0.6437403559684753]}}