{"scitail_b_train_1_16": {"num_of_epochs": 40, "learning_rate": 0.0005, "training_ds_fpath": "_train_1_16", "first_token_val_accuracy": [0.27588871121406555, 0.484544038772583, 0.47063368558883667, 0.4976816177368164, 0.5015456080436707, 0.4744976758956909, 0.5139103531837463, 0.5216383337974548, 0.5270479321479797, 0.5208655595779419, 0.5486862659454346, 0.5448222756385803, 0.5448222756385803, 0.5425038933753967, 0.5370942950248718, 0.5540958046913147, 0.5525502562522888, 0.5479134321212769, 0.5494590401649475, 0.5502318143844604, 0.5517774224281311, 0.5486862659454346, 0.5432766675949097, 0.5425038933753967, 0.5494590401649475, 0.5455950498580933, 0.5525502562522888, 0.5455950498580933, 0.5494590401649475, 0.5486862659454346, 0.5502318143844604, 0.5494590401649475, 0.5502318143844604, 0.5556414127349854, 0.5610510110855103, 0.5602782368659973, 0.5587326288223267, 0.5595054030418396, 0.5610510110855103, 0.557959794998169], "all_token_val_accuracy": [0.27588871121406555, 0.484544038772583, 0.47063368558883667, 0.4976816177368164, 0.5015456080436707, 0.4744976758956909, 0.5139103531837463, 0.5216383337974548, 0.5270479321479797, 0.5208655595779419, 0.5486862659454346, 0.5448222756385803, 0.5448222756385803, 0.5425038933753967, 0.5370942950248718, 0.5540958046913147, 0.5525502562522888, 0.5479134321212769, 0.5494590401649475, 0.5502318143844604, 0.5517774224281311, 0.5486862659454346, 0.5432766675949097, 0.5425038933753967, 0.5494590401649475, 0.5455950498580933, 0.5525502562522888, 0.5455950498580933, 0.5494590401649475, 0.5486862659454346, 0.5502318143844604, 0.5494590401649475, 0.5502318143844604, 0.5556414127349854, 0.5610510110855103, 0.5602782368659973, 0.5587326288223267, 0.5595054030418396, 0.5610510110855103, 0.557959794998169]}}