{"scitail_b_train_2_8": {"num_of_epochs": 5, "learning_rate": 0.0005, "training_ds_fpath": "_train_2_8", "first_token_val_accuracy": [0.04714065045118332, 0.3995363116264343, 0.49381762742996216, 0.47063368558883667, 0.5046367645263672], "all_token_val_accuracy": [0.04714065045118332, 0.3995363116264343, 0.49381762742996216, 0.47063368558883667, 0.5046367645263672]}}