{"scitail_b_train_3_32": {"num_of_epochs": 5, "learning_rate": 0.0005, "training_ds_fpath": "_train_3_32", "first_token_val_accuracy": [0.5069552063941956, 0.5007727742195129, 0.5, 0.6027820706367493, 0.5224111080169678], "all_token_val_accuracy": [0.5069552063941956, 0.5007727742195129, 0.5, 0.6027820706367493, 0.5224111080169678]}}