{"scitail_b_train_5_8": {"num_of_epochs": 40, "learning_rate": 0.0001, "training_ds_fpath": "_train_5_8", "first_token_val_accuracy": [0.0, 0.0, 0.0, 0.04173106700181961, 0.19010819494724274, 0.22642967104911804, 0.2689335346221924, 0.3292117416858673, 0.4041731059551239, 0.4590417444705963, 0.48763522505760193, 0.4969088137149811, 0.4945904314517975, 0.5061823725700378, 0.4737248718738556, 0.5069552063941956, 0.5023183822631836, 0.5, 0.49304482340812683, 0.4891808331012726, 0.5255023241043091, 0.5139103531837463, 0.5146831274032593, 0.5270479321479797, 0.5224111080169678, 0.5409582853317261, 0.5486862659454346, 0.5533230304718018, 0.5479134321212769, 0.5378670692443848, 0.5378670692443848, 0.5595054030418396, 0.5595054030418396, 0.5556414127349854, 0.557187020778656, 0.5633693933486938, 0.5610510110855103, 0.5625966191291809, 0.568006157875061, 0.5749613642692566], "all_token_val_accuracy": [0.0, 0.0, 0.0, 0.04173106700181961, 0.19010819494724274, 0.22642967104911804, 0.2689335346221924, 0.3292117416858673, 0.4041731059551239, 0.4590417444705963, 0.48763522505760193, 0.4969088137149811, 0.4945904314517975, 0.5061823725700378, 0.4737248718738556, 0.5069552063941956, 0.5023183822631836, 0.5, 0.49304482340812683, 0.4891808331012726, 0.5255023241043091, 0.5139103531837463, 0.5146831274032593, 0.5270479321479797, 0.5224111080169678, 0.5409582853317261, 0.5486862659454346, 0.5533230304718018, 0.5479134321212769, 0.5378670692443848, 0.5378670692443848, 0.5595054030418396, 0.5595054030418396, 0.5556414127349854, 0.557187020778656, 0.5633693933486938, 0.5610510110855103, 0.5625966191291809, 0.568006157875061, 0.5749613642692566]}}