{"scitail_b_train_1_4": {"num_of_epochs": 30, "learning_rate": 0.0001, "training_ds_fpath": "_train_1_4", "first_token_val_accuracy": [0.0, 0.0, 0.0, 0.0, 0.0, 0.0, 0.0007727975025773048, 0.005409582518041134, 0.03709428012371063, 0.1166924238204956, 0.1761978417634964, 0.19397218525409698, 0.2017001509666443, 0.2148377150297165, 0.23415765166282654, 0.2542503774166107, 0.2797527015209198, 0.30680060386657715, 0.343894898891449, 0.3840803802013397, 0.4173106551170349, 0.4397217929363251, 0.4636785089969635, 0.48068004846572876, 0.49072644114494324, 0.4945904314517975, 0.4914992153644562, 0.48840802907943726, 0.4953632056713104, 0.4976816177368164], "all_token_val_accuracy": [0.0, 0.0, 0.0, 0.0, 0.0, 0.0, 0.0007727975025773048, 0.005409582518041134, 0.03709428012371063, 0.1166924238204956, 0.1761978417634964, 0.19397218525409698, 0.2017001509666443, 0.2148377150297165, 0.23415765166282654, 0.2542503774166107, 0.2797527015209198, 0.30680060386657715, 0.343894898891449, 0.3840803802013397, 0.4173106551170349, 0.4397217929363251, 0.4636785089969635, 0.48068004846572876, 0.49072644114494324, 0.4945904314517975, 0.4914992153644562, 0.48840802907943726, 0.4953632056713104, 0.4976816177368164]}}