{"scitail_b_train_5_32": {"num_of_epochs": 40, "learning_rate": 0.001, "training_ds_fpath": "_train_5_32", "first_token_val_accuracy": [0.5, 0.5046367645263672, 0.5718701481819153, 0.5510046482086182, 0.5919629335403442, 0.5896444916725159, 0.5950540900230408, 0.6182380318641663, 0.6105100512504578, 0.5935084819793701, 0.58809894323349, 0.6174651980400085, 0.6166924238204956, 0.6197836399078369, 0.6259660124778748, 0.6267387866973877, 0.6244204044342041, 0.6244204044342041, 0.6259660124778748, 0.6190108060836792, 0.629830002784729, 0.629830002784729, 0.6282843947410583, 0.6244204044342041, 0.6259660124778748, 0.6306027770042419, 0.6290571689605713, 0.6275116205215454, 0.6267387866973877, 0.6275116205215454, 0.6221020221710205, 0.6275116205215454, 0.625193178653717, 0.6746522188186646, 0.6391035318374634, 0.5517774224281311, 0.5247295498847961, 0.5278207063674927, 0.5440494418144226, 0.5146831274032593], "all_token_val_accuracy": [0.5, 0.5046367645263672, 0.5718701481819153, 0.5510046482086182, 0.5919629335403442, 0.5896444916725159, 0.5950540900230408, 0.6182380318641663, 0.6105100512504578, 0.5935084819793701, 0.58809894323349, 0.6174651980400085, 0.6166924238204956, 0.6197836399078369, 0.6259660124778748, 0.6267387866973877, 0.6244204044342041, 0.6244204044342041, 0.6259660124778748, 0.6190108060836792, 0.629830002784729, 0.629830002784729, 0.6282843947410583, 0.6244204044342041, 0.6259660124778748, 0.6306027770042419, 0.6290571689605713, 0.6275116205215454, 0.6267387866973877, 0.6275116205215454, 0.6221020221710205, 0.6275116205215454, 0.625193178653717, 0.6746522188186646, 0.6391035318374634, 0.5517774224281311, 0.5247295498847961, 0.5278207063674927, 0.5440494418144226, 0.5146831274032593]}}