{"scitail_b_train_0_4": {"num_of_epochs": 30, "learning_rate": 0.0005, "training_ds_fpath": "_train_0_4", "first_token_val_accuracy": [0.0, 0.22179289162158966, 0.49381762742996216, 0.5, 0.5, 0.5061823725700378, 0.5, 0.5255023241043091, 0.5200927257537842, 0.5030912160873413, 0.5115919709205627, 0.5, 0.5, 0.5139103531837463, 0.5633693933486938, 0.5610510110855103, 0.5115919709205627, 0.5054095983505249, 0.510819137096405, 0.5564142465591431, 0.5896444916725159, 0.5888717174530029, 0.5965996980667114, 0.6097372770309448, 0.6074188351631165, 0.6089644432067871, 0.6012364625930786, 0.5888717174530029, 0.5703245997428894, 0.5656877756118774], "all_token_val_accuracy": [0.0, 0.22179289162158966, 0.49381762742996216, 0.5, 0.5, 0.5061823725700378, 0.5, 0.5255023241043091, 0.5200927257537842, 0.5030912160873413, 0.5115919709205627, 0.5, 0.5, 0.5139103531837463, 0.5633693933486938, 0.5610510110855103, 0.5115919709205627, 0.5054095983505249, 0.510819137096405, 0.5564142465591431, 0.5896444916725159, 0.5888717174530029, 0.5965996980667114, 0.6097372770309448, 0.6074188351631165, 0.6089644432067871, 0.6012364625930786, 0.5888717174530029, 0.5703245997428894, 0.5656877756118774]}}