{"scitail_b_train_6_16": {"num_of_epochs": 20, "learning_rate": 0.001, "training_ds_fpath": "_train_6_16", "first_token_val_accuracy": [0.515455961227417, 0.5, 0.4899536371231079, 0.5517774224281311, 0.5200927257537842, 0.5324574708938599, 0.5378670692443848, 0.5030912160873413, 0.5332303047180176, 0.5432766675949097, 0.5378670692443848, 0.5440494418144226, 0.5486862659454346, 0.5425038933753967, 0.5479134321212769, 0.5533230304718018, 0.5463678240776062, 0.5432766675949097, 0.541731059551239, 0.5409582853317261], "all_token_val_accuracy": [0.515455961227417, 0.5, 0.4899536371231079, 0.5517774224281311, 0.5200927257537842, 0.5324574708938599, 0.5378670692443848, 0.5030912160873413, 0.5332303047180176, 0.5432766675949097, 0.5378670692443848, 0.5440494418144226, 0.5486862659454346, 0.5425038933753967, 0.5479134321212769, 0.5533230304718018, 0.5463678240776062, 0.5432766675949097, 0.541731059551239, 0.5409582853317261]}}