{"scitail_b_train_5_128": {"num_of_epochs": 30, "learning_rate": 1e-05, "training_ds_fpath": "_train_5_128", "first_token_val_accuracy": [0.0, 0.0, 0.49845439195632935, 0.45208656787872314, 0.4459041655063629, 0.4799072742462158, 0.5162287354469299, 0.5231839418411255, 0.5239567160606384, 0.5425038933753967, 0.5540958046913147, 0.5479134321212769, 0.5695517659187317, 0.5131375789642334, 0.5803709626197815, 0.5811437368392944, 0.5061823725700378, 0.6035548448562622, 0.6027820706367493, 0.5950540900230408, 0.6004636883735657, 0.6043276786804199, 0.5741885900497437, 0.6136012077331543, 0.6058732867240906, 0.6012364625930786, 0.6213291883468628, 0.6437403559684753, 0.6553323268890381, 0.6221020221710205], "all_token_val_accuracy": [0.0, 0.0, 0.49845439195632935, 0.45208656787872314, 0.4459041655063629, 0.4799072742462158, 0.5162287354469299, 0.5231839418411255, 0.5239567160606384, 0.5425038933753967, 0.5540958046913147, 0.5479134321212769, 0.5695517659187317, 0.5131375789642334, 0.5803709626197815, 0.5811437368392944, 0.5061823725700378, 0.6035548448562622, 0.6027820706367493, 0.5950540900230408, 0.6004636883735657, 0.6043276786804199, 0.5741885900497437, 0.6136012077331543, 0.6058732867240906, 0.6012364625930786, 0.6213291883468628, 0.6437403559684753, 0.6553323268890381, 0.6221020221710205]}}