{"scitail_b_train_0_8": {"num_of_epochs": 40, "learning_rate": 0.0005, "training_ds_fpath": "_train_0_8", "first_token_val_accuracy": [0.005409582518041134, 0.47527047991752625, 0.47295209765434265, 0.5, 0.5, 0.4799072742462158, 0.49381762742996216, 0.49304482340812683, 0.48763522505760193, 0.5139103531837463, 0.5224111080169678, 0.5177743434906006, 0.5340030789375305, 0.5479134321212769, 0.5401854515075684, 0.5455950498580933, 0.5293663144111633, 0.526275098323822, 0.5224111080169678, 0.526275098323822, 0.5293663144111633, 0.5270479321479797, 0.5216383337974548, 0.5239567160606384, 0.5208655595779419, 0.5224111080169678, 0.5193199515342712, 0.5301390886306763, 0.5255023241043091, 0.5293663144111633, 0.5285934805870056, 0.5293663144111633, 0.5270479321479797, 0.526275098323822, 0.5285934805870056, 0.526275098323822, 0.5255023241043091, 0.526275098323822, 0.5270479321479797, 0.5285934805870056], "all_token_val_accuracy": [0.005409582518041134, 0.47527047991752625, 0.47295209765434265, 0.5, 0.5, 0.4799072742462158, 0.49381762742996216, 0.49304482340812683, 0.48763522505760193, 0.5139103531837463, 0.5224111080169678, 0.5177743434906006, 0.5340030789375305, 0.5479134321212769, 0.5401854515075684, 0.5455950498580933, 0.5293663144111633, 0.526275098323822, 0.5224111080169678, 0.526275098323822, 0.5293663144111633, 0.5270479321479797, 0.5216383337974548, 0.5239567160606384, 0.5208655595779419, 0.5224111080169678, 0.5193199515342712, 0.5301390886306763, 0.5255023241043091, 0.5293663144111633, 0.5285934805870056, 0.5293663144111633, 0.5270479321479797, 0.526275098323822, 0.5285934805870056, 0.526275098323822, 0.5255023241043091, 0.526275098323822, 0.5270479321479797, 0.5285934805870056]}}