{"scitail_b_train_2_16": {"num_of_epochs": 20, "learning_rate": 0.0005, "training_ds_fpath": "_train_2_16", "first_token_val_accuracy": [0.42890262603759766, 0.49613600969314575, 0.47836166620254517, 0.5440494418144226, 0.5293663144111633, 0.5208655595779419, 0.5564142465591431, 0.6035548448562622, 0.6267387866973877, 0.557187020778656, 0.6591963171958923, 0.6460587382316589, 0.5633693933486938, 0.6321483850479126, 0.6190108060836792, 0.5672333836555481, 0.5618237853050232, 0.6051004528999329, 0.6221020221710205, 0.6236476302146912], "all_token_val_accuracy": [0.42890262603759766, 0.49613600969314575, 0.47836166620254517, 0.5440494418144226, 0.5293663144111633, 0.5208655595779419, 0.5564142465591431, 0.6035548448562622, 0.6267387866973877, 0.557187020778656, 0.6591963171958923, 0.6460587382316589, 0.5633693933486938, 0.6321483850479126, 0.6190108060836792, 0.5672333836555481, 0.5618237853050232, 0.6051004528999329, 0.6221020221710205, 0.6236476302146912]}}