{"scitail_b_train_5_32": {"num_of_epochs": 50, "learning_rate": 0.0001, "training_ds_fpath": "_train_5_32", "first_token_val_accuracy": [0.0030911900103092194, 0.30911901593208313, 0.4945904314517975, 0.5115919709205627, 0.526275098323822, 0.5587326288223267, 0.5734157562255859, 0.5765069723129272, 0.5942813158035278, 0.6020092964172363, 0.6097372770309448, 0.6383307576179504, 0.629830002784729, 0.6638330817222595, 0.6445131301879883, 0.6553323268890381, 0.645285964012146, 0.6514683365821838, 0.6761978268623352, 0.6421947479248047, 0.6754250526428223, 0.6499227285385132, 0.6684698462486267, 0.6676970720291138, 0.6506955027580261, 0.666924238204956, 0.6499227285385132, 0.6553323268890381, 0.6808346509933472, 0.6676970720291138, 0.671561062335968, 0.6421947479248047, 0.6653786897659302, 0.6808346509933472, 0.6391035318374634, 0.6599690914154053, 0.6792890429496765, 0.6924265623092651, 0.6499227285385132, 0.6537867188453674, 0.6421947479248047, 0.6707882285118103, 0.7009273767471313, 0.6514683365821838, 0.656877875328064, 0.656877875328064, 0.6545594930648804, 0.640649139881134, 0.6661514639854431, 0.6800618171691895], "all_token_val_accuracy": [0.0030911900103092194, 0.30911901593208313, 0.4945904314517975, 0.5115919709205627, 0.526275098323822, 0.5587326288223267, 0.5734157562255859, 0.5765069723129272, 0.5942813158035278, 0.6020092964172363, 0.6097372770309448, 0.6383307576179504, 0.629830002784729, 0.6638330817222595, 0.6445131301879883, 0.6553323268890381, 0.645285964012146, 0.6514683365821838, 0.6761978268623352, 0.6421947479248047, 0.6754250526428223, 0.6499227285385132, 0.6684698462486267, 0.6676970720291138, 0.6506955027580261, 0.666924238204956, 0.6499227285385132, 0.6553323268890381, 0.6808346509933472, 0.6676970720291138, 0.671561062335968, 0.6421947479248047, 0.6653786897659302, 0.6808346509933472, 0.6391035318374634, 0.6599690914154053, 0.6792890429496765, 0.6924265623092651, 0.6499227285385132, 0.6537867188453674, 0.6421947479248047, 0.6707882285118103, 0.7009273767471313, 0.6514683365821838, 0.656877875328064, 0.656877875328064, 0.6545594930648804, 0.640649139881134, 0.6661514639854431, 0.6800618171691895]}}