{"scitail_b_train_6_4": {"num_of_epochs": 30, "learning_rate": 0.0005, "training_ds_fpath": "_train_6_4", "first_token_val_accuracy": [0.0, 0.1298299878835678, 0.30139103531837463, 0.3338485360145569, 0.37403401732444763, 0.4760432839393616, 0.5046367645263672, 0.5185471177101135, 0.5123647451400757, 0.5085007548332214, 0.5285934805870056, 0.5278207063674927, 0.530911922454834, 0.5077279806137085, 0.5054095983505249, 0.4992271959781647, 0.5038639903068542, 0.5054095983505249, 0.5092735886573792, 0.5170015692710876, 0.5146831274032593, 0.5185471177101135, 0.510819137096405, 0.5131375789642334, 0.5139103531837463, 0.5131375789642334, 0.5131375789642334, 0.5146831274032593, 0.5146831274032593, 0.515455961227417], "all_token_val_accuracy": [0.0, 0.1298299878835678, 0.30139103531837463, 0.3338485360145569, 0.37403401732444763, 0.4760432839393616, 0.5046367645263672, 0.5185471177101135, 0.5123647451400757, 0.5085007548332214, 0.5285934805870056, 0.5278207063674927, 0.530911922454834, 0.5077279806137085, 0.5054095983505249, 0.4992271959781647, 0.5038639903068542, 0.5054095983505249, 0.5092735886573792, 0.5170015692710876, 0.5146831274032593, 0.5185471177101135, 0.510819137096405, 0.5131375789642334, 0.5139103531837463, 0.5131375789642334, 0.5131375789642334, 0.5146831274032593, 0.5146831274032593, 0.515455961227417]}}