{"scitail_b_train_3_4": {"num_of_epochs": 10, "learning_rate": 0.001, "training_ds_fpath": "_train_3_4", "first_token_val_accuracy": [0.017001545056700706, 0.4095826745033264, 0.5, 0.47758886218070984, 0.5, 0.49845439195632935, 0.4768160879611969, 0.4976816177368164, 0.4992271959781647, 0.5], "all_token_val_accuracy": [0.017001545056700706, 0.4095826745033264, 0.5, 0.47758886218070984, 0.5, 0.49845439195632935, 0.4768160879611969, 0.4976816177368164, 0.4992271959781647, 0.5]}}