{"scitail_b_train_5_32": {"num_of_epochs": 50, "learning_rate": 1e-05, "training_ds_fpath": "_train_5_32", "first_token_val_accuracy": [0.0, 0.0, 0.0, 0.0, 0.0, 0.0, 0.0, 0.0, 0.0, 0.0023183925077319145, 0.007727975491434336, 0.020865533500909805, 0.04559505358338356, 0.08964451402425766, 0.15378670394420624, 0.22102008759975433, 0.2619783580303192, 0.2982998490333557, 0.3214837610721588, 0.3469860851764679, 0.385625958442688, 0.4196290671825409, 0.4513137638568878, 0.4636785089969635, 0.48299846053123474, 0.4899536371231079, 0.4922720193862915, 0.4953632056713104, 0.4976816177368164, 0.4992271959781647, 0.4992271959781647, 0.5, 0.5, 0.4992271959781647, 0.4976816177368164, 0.49381762742996216, 0.4899536371231079, 0.4822256565093994, 0.48299846053123474, 0.49072644114494324, 0.5054095983505249, 0.4945904314517975, 0.4945904314517975, 0.5007727742195129, 0.5015456080436707, 0.5054095983505249, 0.5030912160873413, 0.5023183822631836, 0.5061823725700378, 0.5092735886573792], "all_token_val_accuracy": [0.0, 0.0, 0.0, 0.0, 0.0, 0.0, 0.0, 0.0, 0.0, 0.0023183925077319145, 0.007727975491434336, 0.020865533500909805, 0.04559505358338356, 0.08964451402425766, 0.15378670394420624, 0.22102008759975433, 0.2619783580303192, 0.2982998490333557, 0.3214837610721588, 0.3469860851764679, 0.385625958442688, 0.4196290671825409, 0.4513137638568878, 0.4636785089969635, 0.48299846053123474, 0.4899536371231079, 0.4922720193862915, 0.4953632056713104, 0.4976816177368164, 0.4992271959781647, 0.4992271959781647, 0.5, 0.5, 0.4992271959781647, 0.4976816177368164, 0.49381762742996216, 0.4899536371231079, 0.4822256565093994, 0.48299846053123474, 0.49072644114494324, 0.5054095983505249, 0.4945904314517975, 0.4945904314517975, 0.5007727742195129, 0.5015456080436707, 0.5054095983505249, 0.5030912160873413, 0.5023183822631836, 0.5061823725700378, 0.5092735886573792]}}