{"scitail_b_train_0_16": {"num_of_epochs": 20, "learning_rate": 0.0001, "training_ds_fpath": "_train_0_16", "first_token_val_accuracy": [0.0, 0.0007727975025773048, 0.18547140061855316, 0.3114373981952667, 0.4319938123226166, 0.48840802907943726, 0.4945904314517975, 0.49845439195632935, 0.5077279806137085, 0.5023183822631836, 0.5231839418411255, 0.5208655595779419, 0.5510046482086182, 0.5440494418144226, 0.5525502562522888, 0.5324574708938599, 0.5301390886306763, 0.5386399030685425, 0.5394126772880554, 0.541731059551239], "all_token_val_accuracy": [0.0, 0.0007727975025773048, 0.18547140061855316, 0.3114373981952667, 0.4319938123226166, 0.48840802907943726, 0.4945904314517975, 0.49845439195632935, 0.5077279806137085, 0.5023183822631836, 0.5231839418411255, 0.5208655595779419, 0.5510046482086182, 0.5440494418144226, 0.5525502562522888, 0.5324574708938599, 0.5301390886306763, 0.5386399030685425, 0.5394126772880554, 0.541731059551239]}}