{"scitail_b_train_2_32": {"num_of_epochs": 5, "learning_rate": 0.0001, "training_ds_fpath": "_train_2_32", "first_token_val_accuracy": [0.09659969061613083, 0.47836166620254517, 0.5, 0.5146831274032593, 0.5247295498847961], "all_token_val_accuracy": [0.09659969061613083, 0.47836166620254517, 0.5, 0.5146831274032593, 0.5247295498847961]}}