{"scitail_b_train_6_8": {"num_of_epochs": 20, "learning_rate": 0.001, "training_ds_fpath": "_train_6_8", "first_token_val_accuracy": [0.4768160879611969, 0.39721792936325073, 0.4659969210624695, 0.5100463628768921, 0.4737248718738556, 0.4992271959781647, 0.47836166620254517, 0.5077279806137085, 0.4613601267337799, 0.4636785089969635, 0.4404945969581604, 0.4528593420982361, 0.45981451869010925, 0.46213293075561523, 0.46754249930381775, 0.45208656787872314, 0.44744977355003357, 0.4459041655063629, 0.4459041655063629, 0.4459041655063629], "all_token_val_accuracy": [0.4768160879611969, 0.39721792936325073, 0.4659969210624695, 0.38794437050819397, 0.4737248718738556, 0.4992271959781647, 0.47836166620254517, 0.5077279806137085, 0.4613601267337799, 0.4636785089969635, 0.4404945969581604, 0.4528593420982361, 0.45981451869010925, 0.46213293075561523, 0.46754249930381775, 0.45208656787872314, 0.44744977355003357, 0.4459041655063629, 0.4459041655063629, 0.4459041655063629]}}