{"scitail_b_train_1_128": {"num_of_epochs": 40, "learning_rate": 1e-05, "training_ds_fpath": "_train_1_128", "first_token_val_accuracy": [0.0, 0.0, 0.4969088137149811, 0.484544038772583, 0.4505409598350525, 0.4744976758956909, 0.4822256565093994, 0.5092735886573792, 0.526275098323822, 0.5324574708938599, 0.5370942950248718, 0.5687789916992188, 0.5455950498580933, 0.58809894323349, 0.5556414127349854, 0.5703245997428894, 0.5517774224281311, 0.583462119102478, 0.5301390886306763, 0.6020092964172363, 0.5842349529266357, 0.6027820706367493, 0.5741885900497437, 0.614374041557312, 0.6004636883735657, 0.5795981287956238, 0.6166924238204956, 0.6591963171958923, 0.6684698462486267, 0.6491498947143555, 0.6908810138702393, 0.6854714155197144, 0.5486862659454346, 0.6159196496009827, 0.6336939930915833, 0.6746522188186646, 0.598918080329895, 0.7264297008514404, 0.728748083114624, 0.744976818561554], "all_token_val_accuracy": [0.0, 0.0, 0.4969088137149811, 0.484544038772583, 0.4505409598350525, 0.4744976758956909, 0.4822256565093994, 0.5092735886573792, 0.526275098323822, 0.5324574708938599, 0.5370942950248718, 0.5687789916992188, 0.5455950498580933, 0.58809894323349, 0.5556414127349854, 0.5703245997428894, 0.5517774224281311, 0.583462119102478, 0.5301390886306763, 0.6020092964172363, 0.5842349529266357, 0.6027820706367493, 0.5741885900497437, 0.614374041557312, 0.6004636883735657, 0.5795981287956238, 0.6166924238204956, 0.6591963171958923, 0.6684698462486267, 0.6491498947143555, 0.6908810138702393, 0.6854714155197144, 0.5486862659454346, 0.6159196496009827, 0.6336939930915833, 0.6746522188186646, 0.598918080329895, 0.7264297008514404, 0.728748083114624, 0.744976818561554]}}