{"scitail_b_train_2_32": {"num_of_epochs": 5, "learning_rate": 0.0005, "training_ds_fpath": "_train_2_32", "first_token_val_accuracy": [0.5208655595779419, 0.49304482340812683, 0.5100463628768921, 0.5502318143844604, 0.5231839418411255], "all_token_val_accuracy": [0.5208655595779419, 0.49304482340812683, 0.5100463628768921, 0.5502318143844604, 0.5231839418411255]}}