{"scitail_b_train_7_128": {"num_of_epochs": 30, "learning_rate": 0.0005, "training_ds_fpath": "_train_7_128", "first_token_val_accuracy": [0.5741885900497437, 0.5, 0.5664606094360352, 0.687017023563385, 0.7248840928077698, 0.7125193476676941, 0.7217928767204285, 0.7194744944572449, 0.6584234833717346, 0.6290571689605713, 0.7055641412734985, 0.7125193476676941, 0.7194744944572449, 0.682380199432373, 0.7117465138435364, 0.7241112589836121, 0.6398763656616211, 0.739567220211029, 0.6970633864402771, 0.7009273767471313, 0.6916537880897522, 0.7411128282546997, 0.7248840928077698, 0.7163832783699036, 0.6344667673110962, 0.671561062335968, 0.69783616065979, 0.7009273767471313, 0.7109737396240234, 0.7071097493171692], "all_token_val_accuracy": [0.5741885900497437, 0.5, 0.5664606094360352, 0.687017023563385, 0.7248840928077698, 0.7125193476676941, 0.7217928767204285, 0.7194744944572449, 0.6584234833717346, 0.6290571689605713, 0.7055641412734985, 0.7125193476676941, 0.7194744944572449, 0.682380199432373, 0.7117465138435364, 0.7241112589836121, 0.6398763656616211, 0.739567220211029, 0.6970633864402771, 0.7009273767471313, 0.6916537880897522, 0.7411128282546997, 0.7248840928077698, 0.7163832783699036, 0.6344667673110962, 0.671561062335968, 0.69783616065979, 0.7009273767471313, 0.7109737396240234, 0.7071097493171692]}}