{"scitail_b_train_2_16": {"num_of_epochs": 50, "learning_rate": 1e-05, "training_ds_fpath": "_train_2_16", "first_token_val_accuracy": [0.0, 0.0, 0.0, 0.0, 0.0, 0.0, 0.0, 0.0, 0.0, 0.0, 0.0, 0.0, 0.0, 0.0, 0.0, 0.0007727975025773048, 0.0023183925077319145, 0.0023183925077319145, 0.008500772528350353, 0.017001545056700706, 0.030911901965737343, 0.05023184046149254, 0.07187017053365707, 0.09119010716676712, 0.11205564439296722, 0.14064915478229523, 0.15996909141540527, 0.17928902804851532, 0.1970633715391159, 0.21406491100788116, 0.22642967104911804, 0.23493044078350067, 0.24961359798908234, 0.26506954431533813, 0.27588871121406555, 0.2851622998714447, 0.2982998490333557, 0.3114373981952667, 0.3268933594226837, 0.34080371260643005, 0.3493044674396515, 0.3632148504257202, 0.38253477215766907, 0.40030911564826965, 0.4149922728538513, 0.4304482340812683, 0.44667696952819824, 0.4613601267337799, 0.47063368558883667, 0.48068004846572876], "all_token_val_accuracy": [0.0, 0.0, 0.0, 0.0, 0.0, 0.0, 0.0, 0.0, 0.0, 0.0, 0.0, 0.0, 0.0, 0.0, 0.0, 0.0007727975025773048, 0.0023183925077319145, 0.0023183925077319145, 0.008500772528350353, 0.017001545056700706, 0.030911901965737343, 0.05023184046149254, 0.07187017053365707, 0.09119010716676712, 0.11205564439296722, 0.14064915478229523, 0.15996909141540527, 0.17928902804851532, 0.1970633715391159, 0.21406491100788116, 0.22642967104911804, 0.23493044078350067, 0.24961359798908234, 0.26506954431533813, 0.27588871121406555, 0.2851622998714447, 0.2982998490333557, 0.3114373981952667, 0.3268933594226837, 0.34080371260643005, 0.3493044674396515, 0.3632148504257202, 0.38253477215766907, 0.40030911564826965, 0.4149922728538513, 0.4304482340812683, 0.44667696952819824, 0.4613601267337799, 0.47063368558883667, 0.48068004846572876]}}