{"scitail_b_train_6_4": {"num_of_epochs": 30, "learning_rate": 0.0001, "training_ds_fpath": "_train_6_4", "first_token_val_accuracy": [0.0, 0.0, 0.0, 0.0, 0.0, 0.0, 0.0, 0.005409582518041134, 0.05641422048211098, 0.1421947479248047, 0.19629056751728058, 0.21638330817222595, 0.23415765166282654, 0.2511591911315918, 0.27279752492904663, 0.3052550256252289, 0.33307573199272156, 0.35394126176834106, 0.3809891939163208, 0.4173106551170349, 0.4381761848926544, 0.44899535179138184, 0.4613601267337799, 0.47527047991752625, 0.4814528524875641, 0.48840802907943726, 0.4922720193862915, 0.49381762742996216, 0.49304482340812683, 0.4945904314517975], "all_token_val_accuracy": [0.0, 0.0, 0.0, 0.0, 0.0, 0.0, 0.0, 0.005409582518041134, 0.05641422048211098, 0.1421947479248047, 0.19629056751728058, 0.21638330817222595, 0.23415765166282654, 0.2511591911315918, 0.27279752492904663, 0.3052550256252289, 0.33307573199272156, 0.35394126176834106, 0.3809891939163208, 0.4173106551170349, 0.4381761848926544, 0.44899535179138184, 0.4613601267337799, 0.47527047991752625, 0.4814528524875641, 0.48840802907943726, 0.4922720193862915, 0.49381762742996216, 0.49304482340812683, 0.4945904314517975]}}