{"scitail_b_train_3_8": {"num_of_epochs": 30, "learning_rate": 0.001, "training_ds_fpath": "_train_3_8", "first_token_val_accuracy": [0.3052550256252289, 0.5, 0.5015456080436707, 0.5533230304718018, 0.5602782368659973, 0.5641421675682068, 0.5564142465591431, 0.5401854515075684, 0.5440494418144226, 0.541731059551239, 0.5270479321479797, 0.5463678240776062, 0.5664606094360352, 0.5672333836555481, 0.568006157875061, 0.5811437368392944, 0.5757341384887695, 0.5672333836555481, 0.5316846966743469, 0.5293663144111633, 0.5564142465591431, 0.5857805013656616, 0.5819165110588074, 0.5896444916725159, 0.5950540900230408, 0.5850077271461487, 0.5564142465591431, 0.5548686385154724, 0.5502318143844604, 0.5517774224281311], "all_token_val_accuracy": [0.3052550256252289, 0.5, 0.5015456080436707, 0.5533230304718018, 0.5602782368659973, 0.5641421675682068, 0.5564142465591431, 0.5401854515075684, 0.5440494418144226, 0.541731059551239, 0.5270479321479797, 0.5463678240776062, 0.5664606094360352, 0.5672333836555481, 0.568006157875061, 0.5811437368392944, 0.5757341384887695, 0.5672333836555481, 0.5316846966743469, 0.5293663144111633, 0.5564142465591431, 0.5857805013656616, 0.5819165110588074, 0.5896444916725159, 0.5950540900230408, 0.5850077271461487, 0.5564142465591431, 0.5548686385154724, 0.5502318143844604, 0.5517774224281311]}}