{"scitail_b_train_6_128": {"num_of_epochs": 40, "learning_rate": 0.001, "training_ds_fpath": "_train_6_128", "first_token_val_accuracy": [0.5092735886573792, 0.5, 0.6074188351631165, 0.5819165110588074, 0.5610510110855103, 0.6066460609436035, 0.5386399030685425, 0.5200927257537842, 0.6700154542922974, 0.6336939930915833, 0.541731059551239, 0.615146815776825, 0.6097372770309448, 0.5973724722862244, 0.6105100512504578, 0.5965996980667114, 0.5888717174530029, 0.6391035318374634, 0.6306027770042419, 0.6213291883468628, 0.5965996980667114, 0.5919629335403442, 0.5958268642425537, 0.5965996980667114, 0.598918080329895, 0.598918080329895, 0.599690854549408, 0.598918080329895, 0.6004636883735657, 0.5973724722862244, 0.598918080329895, 0.6004636883735657, 0.6004636883735657, 0.6004636883735657, 0.599690854549408, 0.5641421675682068, 0.5247295498847961, 0.5927357077598572, 0.5494590401649475, 0.5672333836555481], "all_token_val_accuracy": [0.5092735886573792, 0.5, 0.6074188351631165, 0.5819165110588074, 0.5610510110855103, 0.6066460609436035, 0.5386399030685425, 0.5200927257537842, 0.6700154542922974, 0.6336939930915833, 0.541731059551239, 0.615146815776825, 0.6097372770309448, 0.5973724722862244, 0.6105100512504578, 0.5965996980667114, 0.5888717174530029, 0.6391035318374634, 0.6306027770042419, 0.6213291883468628, 0.5965996980667114, 0.5919629335403442, 0.5958268642425537, 0.5965996980667114, 0.598918080329895, 0.598918080329895, 0.599690854549408, 0.598918080329895, 0.6004636883735657, 0.5973724722862244, 0.598918080329895, 0.6004636883735657, 0.6004636883735657, 0.6004636883735657, 0.599690854549408, 0.5641421675682068, 0.5247295498847961, 0.5927357077598572, 0.5494590401649475, 0.5664606094360352]}}