{"scitail_b_train_7_4": {"num_of_epochs": 5, "learning_rate": 0.001, "training_ds_fpath": "_train_7_4", "first_token_val_accuracy": [0.0, 0.3647604286670685, 0.471406489610672, 0.4605873227119446, 0.48608964681625366], "all_token_val_accuracy": [0.0, 0.3647604286670685, 0.471406489610672, 0.4605873227119446, 0.48608964681625366]}}