{"scitail_b_train_8_32": {"num_of_epochs": 5, "learning_rate": 0.001, "training_ds_fpath": "_train_8_32", "first_token_val_accuracy": [0.4976816177368164, 0.5, 0.5842349529266357, 0.58809894323349, 0.6352395415306091], "all_token_val_accuracy": [0.4976816177368164, 0.5, 0.5842349529266357, 0.58809894323349, 0.6352395415306091]}}