{"scitail_b_train_1_64": {"num_of_epochs": 40, "learning_rate": 1e-05, "training_ds_fpath": "_train_1_64", "first_token_val_accuracy": [0.0, 0.0, 0.0, 0.0, 0.44667696952819824, 0.4976816177368164, 0.4799072742462158, 0.45749613642692566, 0.4605873227119446, 0.4721792936325073, 0.48299846053123474, 0.5100463628768921, 0.5123647451400757, 0.510819137096405, 0.5216383337974548, 0.5146831274032593, 0.5193199515342712, 0.5347759127616882, 0.5471406579017639, 0.5247295498847961, 0.5463678240776062, 0.5641421675682068, 0.5370942950248718, 0.5247295498847961, 0.5224111080169678, 0.541731059551239, 0.5208655595779419, 0.5285934805870056, 0.5139103531837463, 0.5394126772880554, 0.5146831274032593, 0.5440494418144226, 0.5162287354469299, 0.5463678240776062, 0.5092735886573792, 0.5239567160606384, 0.5131375789642334, 0.5278207063674927, 0.515455961227417, 0.5409582853317261], "all_token_val_accuracy": [0.0, 0.0, 0.0, 0.0, 0.44667696952819824, 0.4976816177368164, 0.4799072742462158, 0.45749613642692566, 0.4605873227119446, 0.4721792936325073, 0.48299846053123474, 0.5100463628768921, 0.5123647451400757, 0.510819137096405, 0.5216383337974548, 0.5146831274032593, 0.5193199515342712, 0.5347759127616882, 0.5471406579017639, 0.5247295498847961, 0.5463678240776062, 0.5641421675682068, 0.5370942950248718, 0.5247295498847961, 0.5224111080169678, 0.541731059551239, 0.5208655595779419, 0.5285934805870056, 0.5139103531837463, 0.5394126772880554, 0.5146831274032593, 0.5440494418144226, 0.5162287354469299, 0.5463678240776062, 0.5092735886573792, 0.5239567160606384, 0.5131375789642334, 0.5278207063674927, 0.515455961227417, 0.5409582853317261]}}