{"scitail_b_train_9_128": {"num_of_epochs": 50, "learning_rate": 0.0005, "training_ds_fpath": "_train_9_128", "first_token_val_accuracy": [0.49304482340812683, 0.6136012077331543, 0.6313755512237549, 0.6707882285118103, 0.5904173254966736, 0.6545594930648804, 0.713292121887207, 0.6800618171691895, 0.6893354058265686, 0.6336939930915833, 0.687017023563385, 0.6854714155197144, 0.7148377299308777, 0.7225657105445862, 0.7071097493171692, 0.672333836555481, 0.6846985816955566, 0.6483771204948425, 0.6785162091255188, 0.6483771204948425, 0.6622874736785889, 0.6785162091255188, 0.6769706606864929, 0.6800618171691895, 0.6792890429496765, 0.6846985816955566, 0.6607418656349182, 0.6792890429496765, 0.6506955027580261, 0.6731066703796387, 0.6839258074760437, 0.6769706606864929, 0.682380199432373, 0.5911900997161865, 0.6846985816955566, 0.6661514639854431, 0.6599690914154053, 0.6653786897659302, 0.6653786897659302, 0.6684698462486267, 0.6584234833717346, 0.6599690914154053, 0.6599690914154053, 0.6591963171958923, 0.6607418656349182, 0.6591963171958923, 0.6646058559417725, 0.6854714155197144, 0.6785162091255188, 0.6777434349060059], "all_token_val_accuracy": [0.49304482340812683, 0.6136012077331543, 0.6313755512237549, 0.6707882285118103, 0.5904173254966736, 0.6545594930648804, 0.713292121887207, 0.6800618171691895, 0.6893354058265686, 0.6336939930915833, 0.687017023563385, 0.6854714155197144, 0.7148377299308777, 0.7225657105445862, 0.7071097493171692, 0.672333836555481, 0.6846985816955566, 0.6483771204948425, 0.6785162091255188, 0.6483771204948425, 0.6622874736785889, 0.6785162091255188, 0.6769706606864929, 0.6800618171691895, 0.6792890429496765, 0.6846985816955566, 0.6607418656349182, 0.6792890429496765, 0.6506955027580261, 0.6731066703796387, 0.6839258074760437, 0.6769706606864929, 0.682380199432373, 0.5911900997161865, 0.6846985816955566, 0.6661514639854431, 0.6599690914154053, 0.6653786897659302, 0.6653786897659302, 0.6684698462486267, 0.6584234833717346, 0.6599690914154053, 0.6599690914154053, 0.6591963171958923, 0.6607418656349182, 0.6591963171958923, 0.6646058559417725, 0.6854714155197144, 0.6785162091255188, 0.6777434349060059]}}