{"scitail_b_train_2_16": {"num_of_epochs": 10, "learning_rate": 0.0005, "training_ds_fpath": "_train_2_16", "first_token_val_accuracy": [0.26043277978897095, 0.4721792936325073, 0.486862450838089, 0.5023183822631836, 0.5587326288223267, 0.5548686385154724, 0.5293663144111633, 0.5819165110588074, 0.5502318143844604, 0.5208655595779419], "all_token_val_accuracy": [0.26043277978897095, 0.4721792936325073, 0.486862450838089, 0.5023183822631836, 0.5587326288223267, 0.5548686385154724, 0.5293663144111633, 0.5819165110588074, 0.5502318143844604, 0.5208655595779419]}}