{"scitail_b_train_8_8": {"num_of_epochs": 50, "learning_rate": 0.001, "training_ds_fpath": "_train_8_8", "first_token_val_accuracy": [0.35162287950515747, 0.49613600969314575, 0.5200927257537842, 0.5, 0.6020092964172363, 0.615146815776825, 0.5927357077598572, 0.599690854549408, 0.6445131301879883, 0.6506955027580261, 0.6530138850212097, 0.6591963171958923, 0.6653786897659302, 0.6537867188453674, 0.6499227285385132, 0.6352395415306091, 0.6367851495742798, 0.6391035318374634, 0.6375579833984375, 0.6398763656616211, 0.645285964012146, 0.6499227285385132, 0.6545594930648804, 0.6576507091522217, 0.6553323268890381, 0.656877875328064, 0.6615146994590759, 0.6584234833717346, 0.6607418656349182, 0.6638330817222595, 0.6661514639854431, 0.6676970720291138, 0.6661514639854431, 0.6646058559417725, 0.6684698462486267, 0.6684698462486267, 0.6692426800727844, 0.6700154542922974, 0.6707882285118103, 0.6684698462486267, 0.6684698462486267, 0.6684698462486267, 0.6692426800727844, 0.6707882285118103, 0.6707882285118103, 0.6707882285118103, 0.6692426800727844, 0.6707882285118103, 0.6700154542922974, 0.6692426800727844], "all_token_val_accuracy": [0.35162287950515747, 0.49613600969314575, 0.5200927257537842, 0.5, 0.6020092964172363, 0.615146815776825, 0.5927357077598572, 0.599690854549408, 0.6445131301879883, 0.6506955027580261, 0.6530138850212097, 0.6591963171958923, 0.6653786897659302, 0.6537867188453674, 0.6499227285385132, 0.6352395415306091, 0.6367851495742798, 0.6391035318374634, 0.6375579833984375, 0.6398763656616211, 0.645285964012146, 0.6499227285385132, 0.6545594930648804, 0.6576507091522217, 0.6553323268890381, 0.656877875328064, 0.6615146994590759, 0.6584234833717346, 0.6607418656349182, 0.6638330817222595, 0.6661514639854431, 0.6676970720291138, 0.6661514639854431, 0.6646058559417725, 0.6684698462486267, 0.6684698462486267, 0.6692426800727844, 0.6700154542922974, 0.6707882285118103, 0.6684698462486267, 0.6684698462486267, 0.6684698462486267, 0.6692426800727844, 0.6707882285118103, 0.6707882285118103, 0.6707882285118103, 0.6692426800727844, 0.6707882285118103, 0.6700154542922974, 0.6692426800727844]}}