{"scitail_b_train_2_32": {"num_of_epochs": 20, "learning_rate": 0.001, "training_ds_fpath": "_train_2_32", "first_token_val_accuracy": [0.47295209765434265, 0.4922720193862915, 0.5038639903068542, 0.5363214612007141, 0.5664606094360352, 0.5486862659454346, 0.5757341384887695, 0.5795981287956238, 0.5842349529266357, 0.5896444916725159, 0.5819165110588074, 0.5842349529266357, 0.5695517659187317, 0.5618237853050232, 0.5772797465324402, 0.598918080329895, 0.5757341384887695, 0.5602782368659973, 0.5540958046913147, 0.541731059551239], "all_token_val_accuracy": [0.47295209765434265, 0.4922720193862915, 0.5038639903068542, 0.5363214612007141, 0.5664606094360352, 0.5486862659454346, 0.5757341384887695, 0.5795981287956238, 0.5842349529266357, 0.5896444916725159, 0.5819165110588074, 0.5842349529266357, 0.5695517659187317, 0.5618237853050232, 0.5772797465324402, 0.598918080329895, 0.5757341384887695, 0.5602782368659973, 0.5540958046913147, 0.541731059551239]}}