{"scitail_b_train_8_64": {"num_of_epochs": 5, "learning_rate": 0.001, "training_ds_fpath": "_train_8_64", "first_token_val_accuracy": [0.5023183822631836, 0.5007727742195129, 0.5231839418411255, 0.5378670692443848, 0.5625966191291809], "all_token_val_accuracy": [0.5023183822631836, 0.5007727742195129, 0.5231839418411255, 0.5378670692443848, 0.5625966191291809]}}