{"scitail_b_train_9_64": {"num_of_epochs": 30, "learning_rate": 0.001, "training_ds_fpath": "_train_9_64", "first_token_val_accuracy": [0.5, 0.5270479321479797, 0.5316846966743469, 0.5749613642692566, 0.5795981287956238, 0.5927357077598572, 0.640649139881134, 0.5664606094360352, 0.6004636883735657, 0.5718701481819153, 0.5525502562522888, 0.5826893448829651, 0.5942813158035278, 0.5958268642425537, 0.5973724722862244, 0.5958268642425537, 0.5958268642425537, 0.5595054030418396, 0.5780525207519531, 0.5672333836555481, 0.5664606094360352, 0.5757341384887695, 0.5757341384887695, 0.5757341384887695, 0.5757341384887695, 0.5749613642692566, 0.5749613642692566, 0.568006157875061, 0.568006157875061, 0.5672333836555481], "all_token_val_accuracy": [0.5, 0.5270479321479797, 0.5316846966743469, 0.5749613642692566, 0.5795981287956238, 0.5927357077598572, 0.640649139881134, 0.5664606094360352, 0.6004636883735657, 0.5718701481819153, 0.5525502562522888, 0.5826893448829651, 0.5942813158035278, 0.5958268642425537, 0.5973724722862244, 0.5958268642425537, 0.5958268642425537, 0.5595054030418396, 0.5780525207519531, 0.5672333836555481, 0.5664606094360352, 0.5757341384887695, 0.5757341384887695, 0.5757341384887695, 0.5757341384887695, 0.5749613642692566, 0.5749613642692566, 0.568006157875061, 0.568006157875061, 0.5672333836555481]}}