{"scitail_b_train_4_8": {"num_of_epochs": 5, "learning_rate": 0.001, "training_ds_fpath": "_train_4_8", "first_token_val_accuracy": [0.39258113503456116, 0.4822256565093994, 0.5, 0.48608964681625366, 0.48840802907943726], "all_token_val_accuracy": [0.39258113503456116, 0.4822256565093994, 0.5, 0.48608964681625366, 0.48840802907943726]}}