{"scitail_b_train_1_128": {"num_of_epochs": 5, "learning_rate": 0.001, "training_ds_fpath": "_train_1_128", "first_token_val_accuracy": [0.4992271959781647, 0.5656877756118774, 0.5656877756118774, 0.6360123753547668, 0.6530138850212097], "all_token_val_accuracy": [0.4992271959781647, 0.5656877756118774, 0.5656877756118774, 0.6360123753547668, 0.6530138850212097]}}