{"scitail_b_train_4_16": {"num_of_epochs": 20, "learning_rate": 0.001, "training_ds_fpath": "_train_4_16", "first_token_val_accuracy": [0.4459041655063629, 0.5394126772880554, 0.5007727742195129, 0.486862450838089, 0.5054095983505249, 0.5664606094360352, 0.6306027770042419, 0.6321483850479126, 0.6197836399078369, 0.6043276786804199, 0.5981453061103821, 0.6336939930915833, 0.6445131301879883, 0.645285964012146, 0.6421947479248047, 0.6429675221443176, 0.6421947479248047, 0.640649139881134, 0.6398763656616211, 0.6421947479248047], "all_token_val_accuracy": [0.4459041655063629, 0.5394126772880554, 0.5007727742195129, 0.486862450838089, 0.5054095983505249, 0.5664606094360352, 0.6306027770042419, 0.6321483850479126, 0.6197836399078369, 0.6043276786804199, 0.5981453061103821, 0.6336939930915833, 0.6445131301879883, 0.645285964012146, 0.6421947479248047, 0.6429675221443176, 0.6421947479248047, 0.640649139881134, 0.6398763656616211, 0.6421947479248047]}}