{"scitail_b_train_4_32": {"num_of_epochs": 10, "learning_rate": 0.001, "training_ds_fpath": "_train_4_32", "first_token_val_accuracy": [0.49845439195632935, 0.5788253545761108, 0.5015456080436707, 0.5958268642425537, 0.598918080329895, 0.5772797465324402, 0.583462119102478, 0.5788253545761108, 0.5850077271461487, 0.5842349529266357], "all_token_val_accuracy": [0.49845439195632935, 0.5788253545761108, 0.5015456080436707, 0.5958268642425537, 0.598918080329895, 0.5772797465324402, 0.583462119102478, 0.5788253545761108, 0.5850077271461487, 0.5842349529266357]}}