{"scitail_b_train_8_16": {"num_of_epochs": 30, "learning_rate": 0.0001, "training_ds_fpath": "_train_8_16", "first_token_val_accuracy": [0.0, 0.14914992451667786, 0.26506954431533813, 0.3732612133026123, 0.46754249930381775, 0.4976816177368164, 0.4799072742462158, 0.4953632056713104, 0.49845439195632935, 0.49072644114494324, 0.4992271959781647, 0.5054095983505249, 0.526275098323822, 0.5208655595779419, 0.5123647451400757, 0.5255023241043091, 0.5332303047180176, 0.5247295498847961, 0.5146831274032593, 0.5471406579017639, 0.557187020778656, 0.557959794998169, 0.5525502562522888, 0.5641421675682068, 0.5633693933486938, 0.5556414127349854, 0.5687789916992188, 0.5548686385154724, 0.5564142465591431, 0.5533230304718018], "all_token_val_accuracy": [0.0, 0.14914992451667786, 0.26506954431533813, 0.3732612133026123, 0.46754249930381775, 0.4976816177368164, 0.4799072742462158, 0.4953632056713104, 0.49845439195632935, 0.49072644114494324, 0.4992271959781647, 0.5054095983505249, 0.526275098323822, 0.5208655595779419, 0.5123647451400757, 0.5255023241043091, 0.5332303047180176, 0.5247295498847961, 0.5146831274032593, 0.5471406579017639, 0.557187020778656, 0.557959794998169, 0.5525502562522888, 0.5641421675682068, 0.5633693933486938, 0.5556414127349854, 0.5687789916992188, 0.5548686385154724, 0.5564142465591431, 0.5533230304718018]}}