{"scitail_b_train_8_64": {"num_of_epochs": 30, "learning_rate": 0.001, "training_ds_fpath": "_train_8_64", "first_token_val_accuracy": [0.5, 0.5, 0.5386399030685425, 0.5270479321479797, 0.5, 0.5200927257537842, 0.48608964681625366, 0.5092735886573792, 0.5703245997428894, 0.5904173254966736, 0.5517774224281311, 0.541731059551239, 0.5610510110855103, 0.5625966191291809, 0.515455961227417, 0.5595054030418396, 0.5788253545761108, 0.5757341384887695, 0.5765069723129272, 0.5765069723129272, 0.5842349529266357, 0.5687789916992188, 0.5718701481819153, 0.5718701481819153, 0.572642982006073, 0.5780525207519531, 0.5765069723129272, 0.5795981287956238, 0.5765069723129272, 0.5795981287956238], "all_token_val_accuracy": [0.5, 0.5, 0.5386399030685425, 0.5270479321479797, 0.5, 0.5200927257537842, 0.48608964681625366, 0.5092735886573792, 0.5703245997428894, 0.5904173254966736, 0.5517774224281311, 0.541731059551239, 0.5610510110855103, 0.5625966191291809, 0.515455961227417, 0.5595054030418396, 0.5788253545761108, 0.5757341384887695, 0.5765069723129272, 0.5765069723129272, 0.5842349529266357, 0.5687789916992188, 0.5718701481819153, 0.5718701481819153, 0.572642982006073, 0.5780525207519531, 0.5765069723129272, 0.5795981287956238, 0.5765069723129272, 0.5795981287956238]}}