{"scitail_b_train_4_16": {"num_of_epochs": 50, "learning_rate": 0.001, "training_ds_fpath": "_train_4_16", "first_token_val_accuracy": [0.4945904314517975, 0.5030912160873413, 0.5324574708938599, 0.5131375789642334, 0.5510046482086182, 0.5247295498847961, 0.530911922454834, 0.5757341384887695, 0.5425038933753967, 0.5780525207519531, 0.5819165110588074, 0.557959794998169, 0.6066460609436035, 0.5803709626197815, 0.5649150013923645, 0.572642982006073, 0.5765069723129272, 0.598918080329895, 0.5950540900230408, 0.599690854549408, 0.598918080329895, 0.5935084819793701, 0.5950540900230408, 0.5942813158035278, 0.5911900997161865, 0.5896444916725159, 0.5942813158035278, 0.5911900997161865, 0.5927357077598572, 0.5904173254966736, 0.5950540900230408, 0.5942813158035278, 0.5904173254966736, 0.5935084819793701, 0.599690854549408, 0.6035548448562622, 0.5981453061103821, 0.5935084819793701, 0.5973724722862244, 0.5965996980667114, 0.6136012077331543, 0.5942813158035278, 0.5332303047180176, 0.557187020778656, 0.5811437368392944, 0.5564142465591431, 0.5502318143844604, 0.5610510110855103, 0.5595054030418396, 0.5370942950248718], "all_token_val_accuracy": [0.4945904314517975, 0.5007727742195129, 0.5324574708938599, 0.5131375789642334, 0.5510046482086182, 0.5247295498847961, 0.530911922454834, 0.5757341384887695, 0.5425038933753967, 0.5780525207519531, 0.5819165110588074, 0.557959794998169, 0.6066460609436035, 0.5803709626197815, 0.5649150013923645, 0.572642982006073, 0.5765069723129272, 0.598918080329895, 0.5950540900230408, 0.599690854549408, 0.598918080329895, 0.5935084819793701, 0.5950540900230408, 0.5942813158035278, 0.5911900997161865, 0.5896444916725159, 0.5942813158035278, 0.5911900997161865, 0.5927357077598572, 0.5904173254966736, 0.5950540900230408, 0.5942813158035278, 0.5904173254966736, 0.5935084819793701, 0.599690854549408, 0.6035548448562622, 0.5981453061103821, 0.5935084819793701, 0.5973724722862244, 0.5965996980667114, 0.6136012077331543, 0.5942813158035278, 0.5332303047180176, 0.557187020778656, 0.5811437368392944, 0.5564142465591431, 0.5502318143844604, 0.5610510110855103, 0.5595054030418396, 0.5370942950248718]}}