{"scitail_b_train_4_128": {"num_of_epochs": 5, "learning_rate": 0.0005, "training_ds_fpath": "_train_4_128", "first_token_val_accuracy": [0.4992271959781647, 0.5973724722862244, 0.5595054030418396, 0.687789797782898, 0.6352395415306091], "all_token_val_accuracy": [0.4992271959781647, 0.5973724722862244, 0.5595054030418396, 0.687789797782898, 0.6352395415306091]}}