{"scitail_b_train_6_64": {"num_of_epochs": 40, "learning_rate": 1e-05, "training_ds_fpath": "_train_6_64", "first_token_val_accuracy": [0.0, 0.0, 0.0, 0.0, 0.04327666014432907, 0.49072644114494324, 0.4891808331012726, 0.47527047991752625, 0.4613601267337799, 0.46522411704063416, 0.47527047991752625, 0.5030912160873413, 0.5038639903068542, 0.4891808331012726, 0.510819137096405, 0.5123647451400757, 0.5247295498847961, 0.5185471177101135, 0.5170015692710876, 0.5247295498847961, 0.5200927257537842, 0.5224111080169678, 0.541731059551239, 0.5278207063674927, 0.5332303047180176, 0.5355486869812012, 0.5641421675682068, 0.5316846966743469, 0.5363214612007141, 0.5486862659454346, 0.5819165110588074, 0.5231839418411255, 0.5247295498847961, 0.5795981287956238, 0.5927357077598572, 0.5765069723129272, 0.5927357077598572, 0.5517774224281311, 0.5842349529266357, 0.5857805013656616], "all_token_val_accuracy": [0.0, 0.0, 0.0, 0.0, 0.04327666014432907, 0.49072644114494324, 0.4891808331012726, 0.47527047991752625, 0.4613601267337799, 0.46522411704063416, 0.47527047991752625, 0.5030912160873413, 0.5038639903068542, 0.4891808331012726, 0.510819137096405, 0.5123647451400757, 0.5247295498847961, 0.5185471177101135, 0.5170015692710876, 0.5247295498847961, 0.5200927257537842, 0.5224111080169678, 0.541731059551239, 0.5278207063674927, 0.5332303047180176, 0.5355486869812012, 0.5641421675682068, 0.5316846966743469, 0.5363214612007141, 0.5486862659454346, 0.5819165110588074, 0.5231839418411255, 0.5247295498847961, 0.5795981287956238, 0.5927357077598572, 0.5765069723129272, 0.5927357077598572, 0.5517774224281311, 0.5842349529266357, 0.5857805013656616]}}