{"scitail_b_train_4_64": {"num_of_epochs": 30, "learning_rate": 0.0005, "training_ds_fpath": "_train_4_64", "first_token_val_accuracy": [0.5007727742195129, 0.5, 0.5625966191291809, 0.6506955027580261, 0.6738794445991516, 0.6182380318641663, 0.6004636883735657, 0.6491498947143555, 0.6221020221710205, 0.645285964012146, 0.672333836555481, 0.6800618171691895, 0.6792890429496765, 0.6808346509933472, 0.6947450041770935, 0.6916537880897522, 0.6924265623092651, 0.6924265623092651, 0.6908810138702393, 0.6846985816955566, 0.6862441897392273, 0.687017023563385, 0.687017023563385, 0.6862441897392273, 0.687017023563385, 0.6893354058265686, 0.6893354058265686, 0.6893354058265686, 0.6893354058265686, 0.6901081800460815], "all_token_val_accuracy": [0.5007727742195129, 0.5, 0.5625966191291809, 0.6506955027580261, 0.6738794445991516, 0.6182380318641663, 0.6004636883735657, 0.6491498947143555, 0.6221020221710205, 0.645285964012146, 0.672333836555481, 0.6800618171691895, 0.6792890429496765, 0.6808346509933472, 0.6947450041770935, 0.6916537880897522, 0.6924265623092651, 0.6924265623092651, 0.6908810138702393, 0.6846985816955566, 0.6862441897392273, 0.687017023563385, 0.687017023563385, 0.6862441897392273, 0.687017023563385, 0.6893354058265686, 0.6893354058265686, 0.6893354058265686, 0.6893354058265686, 0.6901081800460815]}}