{"scitail_b_train_4_4": {"num_of_epochs": 5, "learning_rate": 0.001, "training_ds_fpath": "_train_4_4", "first_token_val_accuracy": [0.0, 0.44899535179138184, 0.5, 0.46986088156700134, 0.5023183822631836], "all_token_val_accuracy": [0.0, 0.44899535179138184, 0.5, 0.46986088156700134, 0.5023183822631836]}}