{"scitail_b_train_9_32": {"num_of_epochs": 40, "learning_rate": 0.001, "training_ds_fpath": "_train_9_32", "first_token_val_accuracy": [0.48531684279441833, 0.5085007548332214, 0.5293663144111633, 0.5340030789375305, 0.58809894323349, 0.5811437368392944, 0.5981453061103821, 0.5649150013923645, 0.5656877756118774, 0.6097372770309448, 0.6174651980400085, 0.6004636883735657, 0.6398763656616211, 0.6545594930648804, 0.640649139881134, 0.6205564141273499, 0.6027820706367493, 0.6336939930915833, 0.6329211592674255, 0.6282843947410583, 0.6429675221443176, 0.6429675221443176, 0.6445131301879883, 0.6375579833984375, 0.6336939930915833, 0.6352395415306091, 0.6329211592674255, 0.6329211592674255, 0.6336939930915833, 0.6336939930915833, 0.6344667673110962, 0.6344667673110962, 0.6352395415306091, 0.6367851495742798, 0.6360123753547668, 0.629830002784729, 0.6244204044342041, 0.6282843947410583, 0.6267387866973877, 0.6360123753547668], "all_token_val_accuracy": [0.48531684279441833, 0.5085007548332214, 0.5293663144111633, 0.5340030789375305, 0.58809894323349, 0.5811437368392944, 0.5981453061103821, 0.5649150013923645, 0.5656877756118774, 0.6097372770309448, 0.6174651980400085, 0.6004636883735657, 0.6398763656616211, 0.6545594930648804, 0.640649139881134, 0.6205564141273499, 0.6027820706367493, 0.6336939930915833, 0.6329211592674255, 0.6282843947410583, 0.6429675221443176, 0.6429675221443176, 0.6445131301879883, 0.6375579833984375, 0.6336939930915833, 0.6352395415306091, 0.6329211592674255, 0.6329211592674255, 0.6336939930915833, 0.6336939930915833, 0.6344667673110962, 0.6344667673110962, 0.6352395415306091, 0.6367851495742798, 0.6360123753547668, 0.629830002784729, 0.6244204044342041, 0.6282843947410583, 0.6267387866973877, 0.6360123753547668]}}