{"scitail_b_train_5_16": {"num_of_epochs": 30, "learning_rate": 1e-05, "training_ds_fpath": "_train_5_16", "first_token_val_accuracy": [0.0, 0.0, 0.0, 0.0, 0.0, 0.0, 0.0, 0.0, 0.0, 0.0, 0.0, 0.0, 0.0, 0.0, 0.0, 0.0, 0.0015455950051546097, 0.003863987745717168, 0.008500772528350353, 0.022411128506064415, 0.03709428012371063, 0.04559505358338356, 0.061823803931474686, 0.09041731059551239, 0.12210200726985931, 0.15765069425106049, 0.18469861149787903, 0.2202472984790802, 0.24729521572589874, 0.2766615152359009], "all_token_val_accuracy": [0.0, 0.0, 0.0, 0.0, 0.0, 0.0, 0.0, 0.0, 0.0, 0.0, 0.0, 0.0, 0.0, 0.0, 0.0, 0.0, 0.0015455950051546097, 0.003863987745717168, 0.008500772528350353, 0.022411128506064415, 0.03709428012371063, 0.04559505358338356, 0.061823803931474686, 0.09041731059551239, 0.12210200726985931, 0.15765069425106049, 0.18469861149787903, 0.2202472984790802, 0.24729521572589874, 0.2766615152359009]}}