{"scitail_b_train_6_16": {"num_of_epochs": 5, "learning_rate": 0.001, "training_ds_fpath": "_train_6_16", "first_token_val_accuracy": [0.4945904314517975, 0.5007727742195129, 0.4914992153644562, 0.5324574708938599, 0.5448222756385803], "all_token_val_accuracy": [0.4945904314517975, 0.5007727742195129, 0.4914992153644562, 0.5324574708938599, 0.5448222756385803]}}