{"scitail_b_train_1_8": {"num_of_epochs": 20, "learning_rate": 0.001, "training_ds_fpath": "_train_1_8", "first_token_val_accuracy": [0.30911901593208313, 0.5069552063941956, 0.5015456080436707, 0.541731059551239, 0.5363214612007141, 0.5548686385154724, 0.5502318143844604, 0.5595054030418396, 0.5649150013923645, 0.557959794998169, 0.5618237853050232, 0.5618237853050232, 0.5633693933486938, 0.5633693933486938, 0.5656877756118774, 0.5687789916992188, 0.5664606094360352, 0.5695517659187317, 0.5695517659187317, 0.5687789916992188], "all_token_val_accuracy": [0.30911901593208313, 0.5069552063941956, 0.5015456080436707, 0.541731059551239, 0.5363214612007141, 0.5548686385154724, 0.5502318143844604, 0.5595054030418396, 0.5649150013923645, 0.557959794998169, 0.5618237853050232, 0.5618237853050232, 0.5633693933486938, 0.5633693933486938, 0.5656877756118774, 0.5687789916992188, 0.5664606094360352, 0.5695517659187317, 0.5695517659187317, 0.5687789916992188]}}