{"scitail_b_train_7_16": {"num_of_epochs": 50, "learning_rate": 1e-05, "training_ds_fpath": "_train_7_16", "first_token_val_accuracy": [0.0, 0.0, 0.0, 0.0, 0.0, 0.0, 0.0, 0.0, 0.0, 0.0, 0.0, 0.0, 0.0, 0.0, 0.0023183925077319145, 0.0030911900103092194, 0.0069551775231957436, 0.019319938495755196, 0.03863987699151039, 0.06027820706367493, 0.09196290373802185, 0.1267388015985489, 0.1530139148235321, 0.17697063088417053, 0.19860896468162537, 0.21561050415039062, 0.2302936613559723, 0.24188563227653503, 0.2596599757671356, 0.28129830956459045, 0.2982998490333557, 0.3261205554008484, 0.35162287950515747, 0.3763523995876312, 0.4072642922401428, 0.42812982201576233, 0.4404945969581604, 0.44976815581321716, 0.458268940448761, 0.4690881073474884, 0.4799072742462158, 0.48763522505760193, 0.4922720193862915, 0.4945904314517975, 0.4976816177368164, 0.4976816177368164, 0.49845439195632935, 0.49845439195632935, 0.49845439195632935, 0.5], "all_token_val_accuracy": [0.0, 0.0, 0.0, 0.0, 0.0, 0.0, 0.0, 0.0, 0.0, 0.0, 0.0, 0.0, 0.0, 0.0, 0.0023183925077319145, 0.0030911900103092194, 0.0069551775231957436, 0.018547140061855316, 0.03863987699151039, 0.06027820706367493, 0.09196290373802185, 0.1267388015985489, 0.1530139148235321, 0.17697063088417053, 0.19860896468162537, 0.21561050415039062, 0.2302936613559723, 0.24188563227653503, 0.2596599757671356, 0.28129830956459045, 0.2982998490333557, 0.3261205554008484, 0.35162287950515747, 0.3763523995876312, 0.4072642922401428, 0.42812982201576233, 0.4404945969581604, 0.44976815581321716, 0.458268940448761, 0.4690881073474884, 0.4799072742462158, 0.48763522505760193, 0.4922720193862915, 0.4945904314517975, 0.4976816177368164, 0.4976816177368164, 0.49845439195632935, 0.49845439195632935, 0.49845439195632935, 0.5]}}