{"scitail_b_train_2_4": {"num_of_epochs": 10, "learning_rate": 0.001, "training_ds_fpath": "_train_2_4", "first_token_val_accuracy": [0.010046367533504963, 0.372488409280777, 0.46754249930381775, 0.5247295498847961, 0.5193199515342712, 0.5224111080169678, 0.49845439195632935, 0.49072644114494324, 0.4992271959781647, 0.4744976758956909], "all_token_val_accuracy": [0.007727975491434336, 0.372488409280777, 0.46754249930381775, 0.5247295498847961, 0.5193199515342712, 0.5224111080169678, 0.49845439195632935, 0.49072644114494324, 0.4992271959781647, 0.4744976758956909]}}