{"scitail_b_train_7_8": {"num_of_epochs": 40, "learning_rate": 0.0005, "training_ds_fpath": "_train_7_8", "first_token_val_accuracy": [0.0015455950051546097, 0.45517775416374207, 0.4482225775718689, 0.5015456080436707, 0.5, 0.49072644114494324, 0.4992271959781647, 0.5038639903068542, 0.5448222756385803, 0.5316846966743469, 0.5587326288223267, 0.5316846966743469, 0.572642982006073, 0.5718701481819153, 0.5734157562255859, 0.5919629335403442, 0.5765069723129272, 0.5718701481819153, 0.5587326288223267, 0.5819165110588074, 0.5873261094093323, 0.5896444916725159, 0.5981453061103821, 0.5935084819793701, 0.5888717174530029, 0.5811437368392944, 0.5826893448829651, 0.5842349529266357, 0.5811437368392944, 0.5826893448829651, 0.5803709626197815, 0.5819165110588074, 0.5826893448829651, 0.5842349529266357, 0.5842349529266357, 0.5819165110588074, 0.5788253545761108, 0.5788253545761108, 0.5765069723129272, 0.5741885900497437], "all_token_val_accuracy": [0.0015455950051546097, 0.45517775416374207, 0.4482225775718689, 0.5015456080436707, 0.5, 0.49072644114494324, 0.4992271959781647, 0.5038639903068542, 0.5448222756385803, 0.5316846966743469, 0.5587326288223267, 0.5316846966743469, 0.572642982006073, 0.5718701481819153, 0.5734157562255859, 0.5919629335403442, 0.5765069723129272, 0.5718701481819153, 0.5587326288223267, 0.5819165110588074, 0.5873261094093323, 0.5896444916725159, 0.5981453061103821, 0.5935084819793701, 0.5888717174530029, 0.5811437368392944, 0.5826893448829651, 0.5842349529266357, 0.5811437368392944, 0.5826893448829651, 0.5803709626197815, 0.5819165110588074, 0.5826893448829651, 0.5842349529266357, 0.5842349529266357, 0.5819165110588074, 0.5788253545761108, 0.5788253545761108, 0.5765069723129272, 0.5741885900497437]}}