{"scitail_b_train_3_32": {"num_of_epochs": 30, "learning_rate": 0.001, "training_ds_fpath": "_train_3_32", "first_token_val_accuracy": [0.5193199515342712, 0.5355486869812012, 0.5023183822631836, 0.48068004846572876, 0.5463678240776062, 0.572642982006073, 0.5386399030685425, 0.5888717174530029, 0.572642982006073, 0.5656877756118774, 0.615146815776825, 0.598918080329895, 0.615146815776825, 0.5865533351898193, 0.5788253545761108, 0.5788253545761108, 0.5873261094093323, 0.6081916689872742, 0.5486862659454346, 0.5710973739624023, 0.5865533351898193, 0.6066460609436035, 0.6058732867240906, 0.6058732867240906, 0.6020092964172363, 0.6058732867240906, 0.6074188351631165, 0.6074188351631165, 0.6058732867240906, 0.6027820706367493], "all_token_val_accuracy": [0.5193199515342712, 0.5355486869812012, 0.5023183822631836, 0.48068004846572876, 0.5463678240776062, 0.572642982006073, 0.5386399030685425, 0.5888717174530029, 0.572642982006073, 0.5656877756118774, 0.615146815776825, 0.598918080329895, 0.615146815776825, 0.5865533351898193, 0.5788253545761108, 0.5788253545761108, 0.5873261094093323, 0.6081916689872742, 0.5486862659454346, 0.5710973739624023, 0.5865533351898193, 0.6066460609436035, 0.6058732867240906, 0.6058732867240906, 0.6020092964172363, 0.6058732867240906, 0.6074188351631165, 0.6074188351631165, 0.6058732867240906, 0.6027820706367493]}}