{"scitail_b_train_8_32": {"num_of_epochs": 40, "learning_rate": 0.0005, "training_ds_fpath": "_train_8_32", "first_token_val_accuracy": [0.49304482340812683, 0.5479134321212769, 0.5030912160873413, 0.510819137096405, 0.557187020778656, 0.5610510110855103, 0.5958268642425537, 0.625193178653717, 0.6228747963905334, 0.6329211592674255, 0.6282843947410583, 0.6275116205215454, 0.6228747963905334, 0.6383307576179504, 0.6244204044342041, 0.6190108060836792, 0.5896444916725159, 0.6259660124778748, 0.583462119102478, 0.5765069723129272, 0.5950540900230408, 0.5842349529266357, 0.5950540900230408, 0.6166924238204956, 0.615146815776825, 0.6136012077331543, 0.6136012077331543, 0.615146815776825, 0.6182380318641663, 0.6159196496009827, 0.614374041557312, 0.615146815776825, 0.6120556592941284, 0.614374041557312, 0.6112828254699707, 0.6120556592941284, 0.6128284335136414, 0.6166924238204956, 0.615146815776825, 0.614374041557312], "all_token_val_accuracy": [0.49304482340812683, 0.5479134321212769, 0.5030912160873413, 0.510819137096405, 0.557187020778656, 0.5610510110855103, 0.5958268642425537, 0.625193178653717, 0.6228747963905334, 0.6329211592674255, 0.6282843947410583, 0.6275116205215454, 0.6228747963905334, 0.6383307576179504, 0.6244204044342041, 0.6190108060836792, 0.5896444916725159, 0.6259660124778748, 0.583462119102478, 0.5765069723129272, 0.5950540900230408, 0.5842349529266357, 0.5950540900230408, 0.6166924238204956, 0.615146815776825, 0.6136012077331543, 0.6136012077331543, 0.615146815776825, 0.6182380318641663, 0.6159196496009827, 0.614374041557312, 0.615146815776825, 0.6120556592941284, 0.614374041557312, 0.6112828254699707, 0.6120556592941284, 0.6128284335136414, 0.6166924238204956, 0.615146815776825, 0.614374041557312]}}