{"scitail_b_train_8_32": {"num_of_epochs": 30, "learning_rate": 1e-05, "training_ds_fpath": "_train_8_32", "first_token_val_accuracy": [0.0, 0.0, 0.0, 0.0, 0.0, 0.0, 0.0, 0.0, 0.0007727975025773048, 0.004636785015463829, 0.020092735067009926, 0.05795981362462044, 0.09273570030927658, 0.18083462119102478, 0.23493044078350067, 0.2789798974990845, 0.3114373981952667, 0.343894898891449, 0.37403401732444763, 0.4126738905906677, 0.4381761848926544, 0.4613601267337799, 0.47836166620254517, 0.49072644114494324, 0.49381762742996216, 0.4953632056713104, 0.49845439195632935, 0.4992271959781647, 0.5, 0.5], "all_token_val_accuracy": [0.0, 0.0, 0.0, 0.0, 0.0, 0.0, 0.0, 0.0, 0.0007727975025773048, 0.004636785015463829, 0.020092735067009926, 0.05795981362462044, 0.09273570030927658, 0.18083462119102478, 0.23493044078350067, 0.2789798974990845, 0.3114373981952667, 0.343894898891449, 0.37403401732444763, 0.4126738905906677, 0.4381761848926544, 0.4613601267337799, 0.47836166620254517, 0.49072644114494324, 0.49381762742996216, 0.4953632056713104, 0.49845439195632935, 0.4992271959781647, 0.5, 0.5]}}