{"scitail_b_train_1_128": {"num_of_epochs": 30, "learning_rate": 1e-05, "training_ds_fpath": "_train_1_128", "first_token_val_accuracy": [0.0, 0.0, 0.4969088137149811, 0.4636785089969635, 0.46445131301879883, 0.5015456080436707, 0.5115919709205627, 0.5170015692710876, 0.5146831274032593, 0.515455961227417, 0.5200927257537842, 0.5185471177101135, 0.5200927257537842, 0.5347759127616882, 0.5285934805870056, 0.5896444916725159, 0.5409582853317261, 0.5973724722862244, 0.5927357077598572, 0.5285934805870056, 0.5656877756118774, 0.6058732867240906, 0.6174651980400085, 0.5479134321212769, 0.5950540900230408, 0.5641421675682068, 0.6213291883468628, 0.6638330817222595, 0.5247295498847961, 0.656877875328064], "all_token_val_accuracy": [0.0, 0.0, 0.4969088137149811, 0.4636785089969635, 0.46445131301879883, 0.5015456080436707, 0.5115919709205627, 0.5170015692710876, 0.5146831274032593, 0.515455961227417, 0.5200927257537842, 0.5185471177101135, 0.5200927257537842, 0.5347759127616882, 0.5285934805870056, 0.5896444916725159, 0.5409582853317261, 0.5973724722862244, 0.5927357077598572, 0.5285934805870056, 0.5656877756118774, 0.6058732867240906, 0.6174651980400085, 0.5479134321212769, 0.5950540900230408, 0.5641421675682068, 0.6213291883468628, 0.6638330817222595, 0.5247295498847961, 0.656877875328064]}}