{"scitail_b_train_5_32": {"num_of_epochs": 20, "learning_rate": 0.001, "training_ds_fpath": "_train_5_32", "first_token_val_accuracy": [0.5061823725700378, 0.5162287354469299, 0.49845439195632935, 0.541731059551239, 0.6321483850479126, 0.5510046482086182, 0.6058732867240906, 0.615146815776825, 0.6282843947410583, 0.6367851495742798, 0.6367851495742798, 0.6445131301879883, 0.5958268642425537, 0.6282843947410583, 0.6445131301879883, 0.568006157875061, 0.6499227285385132, 0.5888717174530029, 0.5131375789642334, 0.598918080329895], "all_token_val_accuracy": [0.5061823725700378, 0.5162287354469299, 0.49845439195632935, 0.541731059551239, 0.6321483850479126, 0.5510046482086182, 0.6058732867240906, 0.615146815776825, 0.6282843947410583, 0.6367851495742798, 0.6367851495742798, 0.6445131301879883, 0.5958268642425537, 0.6282843947410583, 0.6445131301879883, 0.568006157875061, 0.6499227285385132, 0.5888717174530029, 0.5131375789642334, 0.598918080329895]}}