{"scitail_b_train_3_32": {"num_of_epochs": 5, "learning_rate": 0.001, "training_ds_fpath": "_train_3_32", "first_token_val_accuracy": [0.5, 0.5965996980667114, 0.6074188351631165, 0.5757341384887695, 0.5703245997428894], "all_token_val_accuracy": [0.5, 0.5965996980667114, 0.6074188351631165, 0.5757341384887695, 0.5703245997428894]}}