{"scitail_b_train_0_64": {"num_of_epochs": 30, "learning_rate": 0.001, "training_ds_fpath": "_train_0_64", "first_token_val_accuracy": [0.5, 0.5023183822631836, 0.5664606094360352, 0.5332303047180176, 0.5695517659187317, 0.6205564141273499, 0.6197836399078369, 0.5386399030685425, 0.6058732867240906, 0.583462119102478, 0.5911900997161865, 0.5826893448829651, 0.5826893448829651, 0.583462119102478, 0.5803709626197815, 0.583462119102478, 0.5973724722862244, 0.5857805013656616, 0.5842349529266357, 0.5927357077598572, 0.5927357077598572, 0.5942813158035278, 0.58809894323349, 0.5904173254966736, 0.5911900997161865, 0.5911900997161865, 0.5904173254966736, 0.5919629335403442, 0.5919629335403442, 0.5927357077598572], "all_token_val_accuracy": [0.5, 0.5023183822631836, 0.5664606094360352, 0.5332303047180176, 0.5695517659187317, 0.6205564141273499, 0.6197836399078369, 0.5386399030685425, 0.6058732867240906, 0.583462119102478, 0.5911900997161865, 0.5826893448829651, 0.5826893448829651, 0.583462119102478, 0.5803709626197815, 0.583462119102478, 0.5973724722862244, 0.5857805013656616, 0.5842349529266357, 0.5927357077598572, 0.5927357077598572, 0.5942813158035278, 0.58809894323349, 0.5904173254966736, 0.5911900997161865, 0.5911900997161865, 0.5904173254966736, 0.5919629335403442, 0.5919629335403442, 0.5927357077598572]}}