{"scitail_b_train_9_64": {"num_of_epochs": 30, "learning_rate": 1e-05, "training_ds_fpath": "_train_9_64", "first_token_val_accuracy": [0.0, 0.0, 0.0, 0.0, 0.0, 0.03245749697089195, 0.4590417444705963, 0.48608964681625366, 0.4760432839393616, 0.45672333240509033, 0.4482225775718689, 0.43122100830078125, 0.42581143975257874, 0.4319938123226166, 0.4536321461200714, 0.4683153033256531, 0.458268940448761, 0.44976815581321716, 0.4683153033256531, 0.49304482340812683, 0.5023183822631836, 0.4791344702243805, 0.4605873227119446, 0.4899536371231079, 0.45981451869010925, 0.510819137096405, 0.46445131301879883, 0.4799072742462158, 0.515455961227417, 0.5208655595779419], "all_token_val_accuracy": [0.0, 0.0, 0.0, 0.0, 0.0, 0.03245749697089195, 0.4590417444705963, 0.48608964681625366, 0.4760432839393616, 0.45672333240509033, 0.4482225775718689, 0.43122100830078125, 0.42581143975257874, 0.4319938123226166, 0.4536321461200714, 0.4683153033256531, 0.458268940448761, 0.44976815581321716, 0.4683153033256531, 0.49304482340812683, 0.5023183822631836, 0.4791344702243805, 0.4605873227119446, 0.4899536371231079, 0.45981451869010925, 0.510819137096405, 0.46445131301879883, 0.4799072742462158, 0.515455961227417, 0.5208655595779419]}}