{"scitail_b_train_6_16": {"num_of_epochs": 50, "learning_rate": 0.0001, "training_ds_fpath": "_train_6_16", "first_token_val_accuracy": [0.0, 0.022411128506064415, 0.2017001509666443, 0.29675424098968506, 0.4126738905906677, 0.4791344702243805, 0.4914992153644562, 0.4914992153644562, 0.4969088137149811, 0.4899536371231079, 0.5023183822631836, 0.5077279806137085, 0.5100463628768921, 0.5170015692710876, 0.5193199515342712, 0.530911922454834, 0.5270479321479797, 0.5347759127616882, 0.5463678240776062, 0.5494590401649475, 0.5587326288223267, 0.5649150013923645, 0.5525502562522888, 0.5502318143844604, 0.5540958046913147, 0.5602782368659973, 0.5525502562522888, 0.5672333836555481, 0.572642982006073, 0.5757341384887695, 0.5935084819793701, 0.583462119102478, 0.5865533351898193, 0.5950540900230408, 0.5896444916725159, 0.5710973739624023, 0.5664606094360352, 0.5710973739624023, 0.5780525207519531, 0.5749613642692566, 0.568006157875061, 0.5672333836555481, 0.5710973739624023, 0.5710973739624023, 0.568006157875061, 0.5641421675682068, 0.572642982006073, 0.5772797465324402, 0.5811437368392944, 0.5842349529266357], "all_token_val_accuracy": [0.0, 0.022411128506064415, 0.2017001509666443, 0.29675424098968506, 0.4126738905906677, 0.4791344702243805, 0.4914992153644562, 0.4914992153644562, 0.4969088137149811, 0.4899536371231079, 0.5023183822631836, 0.5077279806137085, 0.5100463628768921, 0.5170015692710876, 0.5193199515342712, 0.530911922454834, 0.5270479321479797, 0.5347759127616882, 0.5463678240776062, 0.5494590401649475, 0.5587326288223267, 0.5649150013923645, 0.5525502562522888, 0.5502318143844604, 0.5540958046913147, 0.5602782368659973, 0.5525502562522888, 0.5672333836555481, 0.572642982006073, 0.5757341384887695, 0.5935084819793701, 0.583462119102478, 0.5865533351898193, 0.5950540900230408, 0.5896444916725159, 0.5710973739624023, 0.5664606094360352, 0.5710973739624023, 0.5780525207519531, 0.5749613642692566, 0.568006157875061, 0.5672333836555481, 0.5710973739624023, 0.5710973739624023, 0.568006157875061, 0.5641421675682068, 0.572642982006073, 0.5772797465324402, 0.5811437368392944, 0.5842349529266357]}}