{"scitail_b_train_6_32": {"num_of_epochs": 40, "learning_rate": 0.0001, "training_ds_fpath": "_train_6_32", "first_token_val_accuracy": [0.1607418805360794, 0.3160741925239563, 0.4914992153644562, 0.48068004846572876, 0.5015456080436707, 0.47836166620254517, 0.5092735886573792, 0.5177743434906006, 0.5185471177101135, 0.5533230304718018, 0.5455950498580933, 0.5734157562255859, 0.6051004528999329, 0.6105100512504578, 0.6074188351631165, 0.6182380318641663, 0.6336939930915833, 0.6089644432067871, 0.6128284335136414, 0.6136012077331543, 0.6398763656616211, 0.6275116205215454, 0.6522411108016968, 0.6089644432067871, 0.6267387866973877, 0.6483771204948425, 0.6591963171958923, 0.656105101108551, 0.6197836399078369, 0.6197836399078369, 0.6506955027580261, 0.6398763656616211, 0.629830002784729, 0.6159196496009827, 0.6506955027580261, 0.6491498947143555, 0.6383307576179504, 0.6646058559417725, 0.6591963171958923, 0.6615146994590759], "all_token_val_accuracy": [0.1607418805360794, 0.3160741925239563, 0.4914992153644562, 0.48068004846572876, 0.5015456080436707, 0.47836166620254517, 0.5092735886573792, 0.5177743434906006, 0.5185471177101135, 0.5533230304718018, 0.5455950498580933, 0.5734157562255859, 0.6051004528999329, 0.6105100512504578, 0.6074188351631165, 0.6182380318641663, 0.6336939930915833, 0.6089644432067871, 0.6128284335136414, 0.6136012077331543, 0.6398763656616211, 0.6275116205215454, 0.6522411108016968, 0.6089644432067871, 0.6267387866973877, 0.6483771204948425, 0.6591963171958923, 0.656105101108551, 0.6197836399078369, 0.6197836399078369, 0.6506955027580261, 0.6398763656616211, 0.629830002784729, 0.6159196496009827, 0.6506955027580261, 0.6491498947143555, 0.6383307576179504, 0.6646058559417725, 0.6591963171958923, 0.6615146994590759]}}