{"scitail_b_train_0_4": {"num_of_epochs": 20, "learning_rate": 0.0005, "training_ds_fpath": "_train_0_4", "first_token_val_accuracy": [0.0, 0.06800618022680283, 0.3469860851764679, 0.48531684279441833, 0.4992271959781647, 0.5, 0.5069552063941956, 0.5247295498847961, 0.5007727742195129, 0.5007727742195129, 0.510819137096405, 0.5757341384887695, 0.6035548448562622, 0.5803709626197815, 0.5788253545761108, 0.6004636883735657, 0.6058732867240906, 0.625193178653717, 0.6228747963905334, 0.6221020221710205], "all_token_val_accuracy": [0.0, 0.06800618022680283, 0.3469860851764679, 0.48531684279441833, 0.4992271959781647, 0.5, 0.5069552063941956, 0.5247295498847961, 0.5007727742195129, 0.5007727742195129, 0.510819137096405, 0.5757341384887695, 0.6035548448562622, 0.5803709626197815, 0.5788253545761108, 0.6004636883735657, 0.6058732867240906, 0.625193178653717, 0.6228747963905334, 0.6221020221710205]}}