{"scitail_b_train_0_4": {"num_of_epochs": 20, "learning_rate": 0.001, "training_ds_fpath": "_train_0_4", "first_token_val_accuracy": [0.0, 0.372488409280777, 0.37944358587265015, 0.41112828254699707, 0.5123647451400757, 0.5023183822631836, 0.5015456080436707, 0.5803709626197815, 0.5695517659187317, 0.4945904314517975, 0.471406489610672, 0.5687789916992188, 0.5981453061103821, 0.5231839418411255, 0.5077279806137085, 0.5146831274032593, 0.5440494418144226, 0.5803709626197815, 0.6290571689605713, 0.6244204044342041], "all_token_val_accuracy": [0.0, 0.372488409280777, 0.37944358587265015, 0.41112828254699707, 0.5123647451400757, 0.5023183822631836, 0.5015456080436707, 0.5803709626197815, 0.5695517659187317, 0.4945904314517975, 0.471406489610672, 0.5687789916992188, 0.5981453061103821, 0.5231839418411255, 0.5077279806137085, 0.5146831274032593, 0.5440494418144226, 0.5803709626197815, 0.6290571689605713, 0.6244204044342041]}}