{"scitail_b_train_4_32": {"num_of_epochs": 10, "learning_rate": 0.0001, "training_ds_fpath": "_train_4_32", "first_token_val_accuracy": [0.020092735067009926, 0.37944358587265015, 0.5, 0.5, 0.5123647451400757, 0.5193199515342712, 0.5556414127349854, 0.5401854515075684, 0.5139103531837463, 0.5185471177101135], "all_token_val_accuracy": [0.020092735067009926, 0.37944358587265015, 0.5, 0.5, 0.5123647451400757, 0.5193199515342712, 0.5556414127349854, 0.5401854515075684, 0.5139103531837463, 0.5185471177101135]}}