{"scitail_b_train_7_8": {"num_of_epochs": 5, "learning_rate": 0.001, "training_ds_fpath": "_train_7_8", "first_token_val_accuracy": [0.46445131301879883, 0.4953632056713104, 0.5061823725700378, 0.5610510110855103, 0.5193199515342712], "all_token_val_accuracy": [0.46445131301879883, 0.4953632056713104, 0.5061823725700378, 0.557959794998169, 0.5193199515342712]}}