{"scitail_b_train_0_128": {"num_of_epochs": 20, "learning_rate": 1e-05, "training_ds_fpath": "_train_0_128", "first_token_val_accuracy": [0.0, 0.0, 0.4969088137149811, 0.4953632056713104, 0.46754249930381775, 0.46522411704063416, 0.47836166620254517, 0.47295209765434265, 0.4953632056713104, 0.5340030789375305, 0.5324574708938599, 0.5394126772880554, 0.5440494418144226, 0.5564142465591431, 0.5425038933753967, 0.5842349529266357, 0.5687789916992188, 0.5795981287956238, 0.5819165110588074, 0.530911922454834], "all_token_val_accuracy": [0.0, 0.0, 0.4969088137149811, 0.4953632056713104, 0.46754249930381775, 0.46522411704063416, 0.47836166620254517, 0.47295209765434265, 0.4953632056713104, 0.5340030789375305, 0.5324574708938599, 0.5394126772880554, 0.5440494418144226, 0.5564142465591431, 0.5425038933753967, 0.5842349529266357, 0.5687789916992188, 0.5795981287956238, 0.5819165110588074, 0.530911922454834]}}