{"scitail_b_train_7_8": {"num_of_epochs": 10, "learning_rate": 0.0005, "training_ds_fpath": "_train_7_8", "first_token_val_accuracy": [0.0803709402680397, 0.48608964681625366, 0.44976815581321716, 0.5, 0.510819137096405, 0.5216383337974548, 0.5247295498847961, 0.5324574708938599, 0.5448222756385803, 0.5548686385154724], "all_token_val_accuracy": [0.0803709402680397, 0.48608964681625366, 0.44976815581321716, 0.5, 0.510819137096405, 0.5216383337974548, 0.5216383337974548, 0.5324574708938599, 0.5448222756385803, 0.5548686385154724]}}