{"scitail_b_train_3_64": {"num_of_epochs": 20, "learning_rate": 0.0005, "training_ds_fpath": "_train_3_64", "first_token_val_accuracy": [0.5, 0.5718701481819153, 0.5803709626197815, 0.6290571689605713, 0.6599690914154053, 0.6329211592674255, 0.5795981287956238, 0.6537867188453674, 0.6576507091522217, 0.666924238204956, 0.6676970720291138, 0.6692426800727844, 0.672333836555481, 0.6746522188186646, 0.6746522188186646, 0.6746522188186646, 0.6761978268623352, 0.6738794445991516, 0.6761978268623352, 0.6777434349060059], "all_token_val_accuracy": [0.5, 0.5718701481819153, 0.5803709626197815, 0.6290571689605713, 0.6599690914154053, 0.6329211592674255, 0.5795981287956238, 0.6537867188453674, 0.6576507091522217, 0.666924238204956, 0.6676970720291138, 0.6692426800727844, 0.672333836555481, 0.6746522188186646, 0.6746522188186646, 0.6746522188186646, 0.6761978268623352, 0.6738794445991516, 0.6761978268623352, 0.6777434349060059]}}