{"scitail_b_train_1_32": {"num_of_epochs": 50, "learning_rate": 0.001, "training_ds_fpath": "_train_1_32", "first_token_val_accuracy": [0.49613600969314575, 0.5092735886573792, 0.5363214612007141, 0.557959794998169, 0.5270479321479797, 0.5278207063674927, 0.5355486869812012, 0.5540958046913147, 0.5540958046913147, 0.5425038933753967, 0.5548686385154724, 0.5432766675949097, 0.5486862659454346, 0.5625966191291809, 0.5587326288223267, 0.557959794998169, 0.5540958046913147, 0.5540958046913147, 0.5517774224281311, 0.5525502562522888, 0.5564142465591431, 0.5564142465591431, 0.5564142465591431, 0.557187020778656, 0.557187020778656, 0.557959794998169, 0.5533230304718018, 0.5332303047180176, 0.5332303047180176, 0.5448222756385803, 0.5448222756385803, 0.5432766675949097, 0.5455950498580933, 0.5471406579017639, 0.5471406579017639, 0.5471406579017639, 0.5486862659454346, 0.5494590401649475, 0.5502318143844604, 0.5494590401649475, 0.5486862659454346, 0.5479134321212769, 0.5471406579017639, 0.5471406579017639, 0.5479134321212769, 0.5471406579017639, 0.5479134321212769, 0.5479134321212769, 0.5471406579017639, 0.5479134321212769], "all_token_val_accuracy": [0.49613600969314575, 0.5092735886573792, 0.5363214612007141, 0.557959794998169, 0.5270479321479797, 0.5278207063674927, 0.5355486869812012, 0.5540958046913147, 0.5540958046913147, 0.5425038933753967, 0.5548686385154724, 0.5432766675949097, 0.5486862659454346, 0.5625966191291809, 0.5587326288223267, 0.557959794998169, 0.5540958046913147, 0.5540958046913147, 0.5517774224281311, 0.5525502562522888, 0.5564142465591431, 0.5564142465591431, 0.5564142465591431, 0.557187020778656, 0.557187020778656, 0.557959794998169, 0.5533230304718018, 0.5332303047180176, 0.5332303047180176, 0.5448222756385803, 0.5448222756385803, 0.5432766675949097, 0.5455950498580933, 0.5471406579017639, 0.5471406579017639, 0.5471406579017639, 0.5486862659454346, 0.5494590401649475, 0.5502318143844604, 0.5494590401649475, 0.5486862659454346, 0.5479134321212769, 0.5471406579017639, 0.5471406579017639, 0.5479134321212769, 0.5471406579017639, 0.5479134321212769, 0.5479134321212769, 0.5471406579017639, 0.5479134321212769]}}