{"scitail_b_train_0_32": {"num_of_epochs": 5, "learning_rate": 0.0001, "training_ds_fpath": "_train_0_32", "first_token_val_accuracy": [0.0, 0.4992271959781647, 0.4791344702243805, 0.49845439195632935, 0.5007727742195129], "all_token_val_accuracy": [0.0, 0.4992271959781647, 0.4791344702243805, 0.49845439195632935, 0.5007727742195129]}}