{"scitail_b_train_7_64": {"num_of_epochs": 40, "learning_rate": 0.0005, "training_ds_fpath": "_train_7_64", "first_token_val_accuracy": [0.5023183822631836, 0.5455950498580933, 0.5409582853317261, 0.5633693933486938, 0.58809894323349, 0.6105100512504578, 0.6236476302146912, 0.6197836399078369, 0.6244204044342041, 0.6329211592674255, 0.6306027770042419, 0.6344667673110962, 0.6336939930915833, 0.6391035318374634, 0.6313755512237549, 0.6352395415306091, 0.6321483850479126, 0.6329211592674255, 0.6336939930915833, 0.6267387866973877, 0.6321483850479126, 0.6275116205215454, 0.5401854515075684, 0.5285934805870056, 0.5564142465591431, 0.5780525207519531, 0.5981453061103821, 0.5919629335403442, 0.583462119102478, 0.5819165110588074, 0.5795981287956238, 0.5803709626197815, 0.5850077271461487, 0.5873261094093323, 0.5826893448829651, 0.5811437368392944, 0.5826893448829651, 0.5850077271461487, 0.5819165110588074, 0.5780525207519531], "all_token_val_accuracy": [0.5023183822631836, 0.5455950498580933, 0.5409582853317261, 0.5633693933486938, 0.58809894323349, 0.6105100512504578, 0.6236476302146912, 0.6197836399078369, 0.6244204044342041, 0.6329211592674255, 0.6306027770042419, 0.6344667673110962, 0.6336939930915833, 0.6391035318374634, 0.6313755512237549, 0.6352395415306091, 0.6321483850479126, 0.6329211592674255, 0.6336939930915833, 0.6267387866973877, 0.6321483850479126, 0.6275116205215454, 0.5401854515075684, 0.5285934805870056, 0.5564142465591431, 0.5780525207519531, 0.5981453061103821, 0.5919629335403442, 0.583462119102478, 0.5819165110588074, 0.5795981287956238, 0.5803709626197815, 0.5850077271461487, 0.5873261094093323, 0.5826893448829651, 0.5811437368392944, 0.5826893448829651, 0.5850077271461487, 0.5819165110588074, 0.5780525207519531]}}