{"scitail_b_train_7_32": {"num_of_epochs": 10, "learning_rate": 0.001, "training_ds_fpath": "_train_7_32", "first_token_val_accuracy": [0.5030912160873413, 0.5100463628768921, 0.5548686385154724, 0.557187020778656, 0.5656877756118774, 0.625193178653717, 0.6066460609436035, 0.6051004528999329, 0.5935084819793701, 0.614374041557312], "all_token_val_accuracy": [0.5030912160873413, 0.5100463628768921, 0.5548686385154724, 0.557187020778656, 0.5656877756118774, 0.625193178653717, 0.6066460609436035, 0.6051004528999329, 0.5935084819793701, 0.614374041557312]}}