{"scitail_b_train_5_32": {"num_of_epochs": 10, "learning_rate": 0.0005, "training_ds_fpath": "_train_5_32", "first_token_val_accuracy": [0.4953632056713104, 0.5664606094360352, 0.5587326288223267, 0.6035548448562622, 0.568006157875061, 0.5703245997428894, 0.5896444916725159, 0.6004636883735657, 0.6174651980400085, 0.6012364625930786], "all_token_val_accuracy": [0.4953632056713104, 0.5664606094360352, 0.5587326288223267, 0.6035548448562622, 0.568006157875061, 0.5703245997428894, 0.5896444916725159, 0.6004636883735657, 0.6174651980400085, 0.6012364625930786]}}