{"scitail_b_train_6_4": {"num_of_epochs": 30, "learning_rate": 0.001, "training_ds_fpath": "_train_6_4", "first_token_val_accuracy": [0.0, 0.372488409280777, 0.4683153033256531, 0.5270479321479797, 0.5030912160873413, 0.5030912160873413, 0.5139103531837463, 0.5525502562522888, 0.5015456080436707, 0.49072644114494324, 0.5270479321479797, 0.5780525207519531, 0.5842349529266357, 0.557187020778656, 0.5340030789375305, 0.5378670692443848, 0.5394126772880554, 0.5533230304718018, 0.572642982006073, 0.5857805013656616, 0.5842349529266357, 0.5950540900230408, 0.6051004528999329, 0.6159196496009827, 0.6074188351631165, 0.6043276786804199, 0.6081916689872742, 0.6035548448562622, 0.6074188351631165, 0.6020092964172363], "all_token_val_accuracy": [0.0, 0.372488409280777, 0.4683153033256531, 0.5270479321479797, 0.5030912160873413, 0.5030912160873413, 0.5139103531837463, 0.5525502562522888, 0.5015456080436707, 0.49072644114494324, 0.5270479321479797, 0.5780525207519531, 0.5842349529266357, 0.557187020778656, 0.5340030789375305, 0.5378670692443848, 0.5394126772880554, 0.5533230304718018, 0.572642982006073, 0.5857805013656616, 0.5842349529266357, 0.5950540900230408, 0.6051004528999329, 0.6159196496009827, 0.6074188351631165, 0.6043276786804199, 0.6081916689872742, 0.6035548448562622, 0.6074188351631165, 0.6020092964172363]}}