{"scitail_b_train_4_16": {"num_of_epochs": 50, "learning_rate": 1e-05, "training_ds_fpath": "_train_4_16", "first_token_val_accuracy": [0.0, 0.0, 0.0, 0.0, 0.0, 0.0, 0.0, 0.0, 0.0, 0.0, 0.0, 0.0, 0.0, 0.0, 0.0, 0.0, 0.0, 0.0, 0.0, 0.0007727975025773048, 0.0007727975025773048, 0.0023183925077319145, 0.0030911900103092194, 0.005409582518041134, 0.008500772528350353, 0.021638330072164536, 0.030139103531837463, 0.03941267356276512, 0.06414219737052917, 0.08191654086112976, 0.09737248718738556, 0.11282844096422195, 0.1344667673110962, 0.16151468455791473, 0.18778979778289795, 0.20942813158035278, 0.2225656807422638, 0.23261205852031708, 0.24961359798908234, 0.27125194668769836, 0.2820710837841034, 0.2959814667701721, 0.3106645941734314, 0.32225656509399414, 0.3338485360145569, 0.34312209486961365, 0.35085007548332214, 0.36398762464523315, 0.372488409280777, 0.3755795955657959], "all_token_val_accuracy": [0.0, 0.0, 0.0, 0.0, 0.0, 0.0, 0.0, 0.0, 0.0, 0.0, 0.0, 0.0, 0.0, 0.0, 0.0, 0.0, 0.0, 0.0, 0.0, 0.0007727975025773048, 0.0007727975025773048, 0.0023183925077319145, 0.0030911900103092194, 0.005409582518041134, 0.008500772528350353, 0.021638330072164536, 0.030139103531837463, 0.03941267356276512, 0.06414219737052917, 0.08191654086112976, 0.09737248718738556, 0.11282844096422195, 0.1344667673110962, 0.16151468455791473, 0.18778979778289795, 0.20942813158035278, 0.2225656807422638, 0.23261205852031708, 0.24961359798908234, 0.27125194668769836, 0.2820710837841034, 0.2959814667701721, 0.3106645941734314, 0.32225656509399414, 0.3338485360145569, 0.34312209486961365, 0.35085007548332214, 0.36398762464523315, 0.372488409280777, 0.3755795955657959]}}