{"scitail_b_train_5_64": {"num_of_epochs": 40, "learning_rate": 0.001, "training_ds_fpath": "_train_5_64", "first_token_val_accuracy": [0.5, 0.5023183822631836, 0.5015456080436707, 0.5378670692443848, 0.5023183822631836, 0.5007727742195129, 0.5193199515342712, 0.5, 0.5023183822631836, 0.5, 0.5092735886573792, 0.5, 0.5425038933753967, 0.5440494418144226, 0.5200927257537842, 0.5, 0.5, 0.5687789916992188, 0.5517774224281311, 0.6360123753547668, 0.6166924238204956, 0.6213291883468628, 0.5965996980667114, 0.640649139881134, 0.5919629335403442, 0.6360123753547668, 0.6182380318641663, 0.6306027770042419, 0.6421947479248047, 0.6367851495742798, 0.6383307576179504, 0.6306027770042419, 0.5649150013923645, 0.5765069723129272, 0.583462119102478, 0.6097372770309448, 0.5927357077598572, 0.6074188351631165, 0.6097372770309448, 0.6081916689872742], "all_token_val_accuracy": [0.5, 0.5023183822631836, 0.5015456080436707, 0.5378670692443848, 0.5023183822631836, 0.5007727742195129, 0.5193199515342712, 0.5, 0.5023183822631836, 0.5, 0.5092735886573792, 0.5, 0.5425038933753967, 0.5440494418144226, 0.5200927257537842, 0.5, 0.5, 0.5687789916992188, 0.5517774224281311, 0.6360123753547668, 0.6166924238204956, 0.6213291883468628, 0.5965996980667114, 0.640649139881134, 0.5919629335403442, 0.6360123753547668, 0.6182380318641663, 0.6306027770042419, 0.6421947479248047, 0.6367851495742798, 0.6383307576179504, 0.6306027770042419, 0.5649150013923645, 0.5765069723129272, 0.583462119102478, 0.6097372770309448, 0.5927357077598572, 0.6074188351631165, 0.6097372770309448, 0.6081916689872742]}}