{"scitail_b_train_9_16": {"num_of_epochs": 30, "learning_rate": 0.0005, "training_ds_fpath": "_train_9_16", "first_token_val_accuracy": [0.3833075761795044, 0.4953632056713104, 0.5170015692710876, 0.4891808331012726, 0.5548686385154724, 0.5710973739624023, 0.5857805013656616, 0.568006157875061, 0.5672333836555481, 0.5795981287956238, 0.5610510110855103, 0.5850077271461487, 0.5850077271461487, 0.5927357077598572, 0.5935084819793701, 0.5857805013656616, 0.5888717174530029, 0.5811437368392944, 0.5780525207519531, 0.5772797465324402, 0.5741885900497437, 0.5842349529266357, 0.5772797465324402, 0.5819165110588074, 0.5819165110588074, 0.5803709626197815, 0.5819165110588074, 0.5927357077598572, 0.5927357077598572, 0.583462119102478], "all_token_val_accuracy": [0.3833075761795044, 0.4953632056713104, 0.5170015692710876, 0.4891808331012726, 0.5548686385154724, 0.5710973739624023, 0.5857805013656616, 0.568006157875061, 0.5672333836555481, 0.5795981287956238, 0.5610510110855103, 0.5850077271461487, 0.5850077271461487, 0.5927357077598572, 0.5935084819793701, 0.5857805013656616, 0.5888717174530029, 0.5811437368392944, 0.5780525207519531, 0.5772797465324402, 0.5741885900497437, 0.5842349529266357, 0.5772797465324402, 0.5819165110588074, 0.5819165110588074, 0.5803709626197815, 0.5819165110588074, 0.5927357077598572, 0.5927357077598572, 0.583462119102478]}}