{"scitail_b_train_6_16": {"num_of_epochs": 30, "learning_rate": 1e-05, "training_ds_fpath": "_train_6_16", "first_token_val_accuracy": [0.0, 0.0, 0.0, 0.0, 0.0, 0.0, 0.0, 0.0, 0.0, 0.0, 0.0, 0.0, 0.0, 0.0, 0.0, 0.0, 0.0, 0.0, 0.0015455950051546097, 0.003863987745717168, 0.006182380020618439, 0.020092735067009926, 0.027820710092782974, 0.04250386357307434, 0.07341576367616653, 0.09969088435173035, 0.12828439474105835, 0.1684698611497879, 0.19860896468162537, 0.22642967104911804], "all_token_val_accuracy": [0.0, 0.0, 0.0, 0.0, 0.0, 0.0, 0.0, 0.0, 0.0, 0.0, 0.0, 0.0, 0.0, 0.0, 0.0, 0.0, 0.0, 0.0, 0.0015455950051546097, 0.003863987745717168, 0.006182380020618439, 0.020092735067009926, 0.027820710092782974, 0.04250386357307434, 0.07341576367616653, 0.09969088435173035, 0.12828439474105835, 0.1684698611497879, 0.19860896468162537, 0.22642967104911804]}}