{"scitail_b_train_6_32": {"num_of_epochs": 30, "learning_rate": 0.0001, "training_ds_fpath": "_train_6_32", "first_token_val_accuracy": [0.0030911900103092194, 0.2673879563808441, 0.4744976758956909, 0.4683153033256531, 0.5046367645263672, 0.5077279806137085, 0.5239567160606384, 0.5463678240776062, 0.5463678240776062, 0.5602782368659973, 0.5610510110855103, 0.5510046482086182, 0.6097372770309448, 0.5919629335403442, 0.6159196496009827, 0.6035548448562622, 0.6275116205215454, 0.629830002784729, 0.6182380318641663, 0.5865533351898193, 0.629830002784729, 0.6360123753547668, 0.6445131301879883, 0.5703245997428894, 0.6491498947143555, 0.6313755512237549, 0.6530138850212097, 0.6228747963905334, 0.6221020221710205, 0.6537867188453674], "all_token_val_accuracy": [0.0030911900103092194, 0.2673879563808441, 0.4744976758956909, 0.4683153033256531, 0.5046367645263672, 0.5077279806137085, 0.5239567160606384, 0.5463678240776062, 0.5463678240776062, 0.5602782368659973, 0.5610510110855103, 0.5510046482086182, 0.6097372770309448, 0.5919629335403442, 0.6159196496009827, 0.6035548448562622, 0.6275116205215454, 0.629830002784729, 0.6182380318641663, 0.5865533351898193, 0.629830002784729, 0.6360123753547668, 0.6445131301879883, 0.5703245997428894, 0.6491498947143555, 0.6313755512237549, 0.6530138850212097, 0.6228747963905334, 0.6221020221710205, 0.6537867188453674]}}