{"scitail_b_train_2_8": {"num_of_epochs": 20, "learning_rate": 0.0001, "training_ds_fpath": "_train_2_8", "first_token_val_accuracy": [0.0, 0.0, 0.0007727975025773048, 0.06955178081989288, 0.21638330817222595, 0.2519319951534271, 0.3083462119102478, 0.38794437050819397, 0.45981451869010925, 0.48763522505760193, 0.4969088137149811, 0.49304482340812683, 0.4768160879611969, 0.427357017993927, 0.43122100830078125, 0.4659969210624695, 0.4659969210624695, 0.4613601267337799, 0.43894898891448975, 0.42349305748939514], "all_token_val_accuracy": [0.0, 0.0, 0.0007727975025773048, 0.06955178081989288, 0.21638330817222595, 0.2519319951534271, 0.3083462119102478, 0.38794437050819397, 0.45981451869010925, 0.48763522505760193, 0.4969088137149811, 0.49304482340812683, 0.4768160879611969, 0.427357017993927, 0.43122100830078125, 0.4659969210624695, 0.4659969210624695, 0.4613601267337799, 0.43894898891448975, 0.42349305748939514]}}