{"scitail_b_train_8_16": {"num_of_epochs": 50, "learning_rate": 0.0001, "training_ds_fpath": "_train_8_16", "first_token_val_accuracy": [0.0, 0.004636785015463829, 0.2612055540084839, 0.3523956835269928, 0.4482225775718689, 0.49845439195632935, 0.49613600969314575, 0.4760432839393616, 0.48763522505760193, 0.4799072742462158, 0.4791344702243805, 0.47758886218070984, 0.4814528524875641, 0.4891808331012726, 0.5100463628768921, 0.5, 0.5, 0.5077279806137085, 0.5092735886573792, 0.5146831274032593, 0.5015456080436707, 0.5455950498580933, 0.5610510110855103, 0.5656877756118774, 0.5517774224281311, 0.5587326288223267, 0.5316846966743469, 0.5610510110855103, 0.568006157875061, 0.598918080329895, 0.583462119102478, 0.5950540900230408, 0.598918080329895, 0.5981453061103821, 0.5935084819793701, 0.5935084819793701, 0.5850077271461487, 0.5826893448829651, 0.5741885900497437, 0.5857805013656616, 0.5749613642692566, 0.572642982006073, 0.5826893448829651, 0.58809894323349, 0.58809894323349, 0.5857805013656616, 0.583462119102478, 0.5780525207519531, 0.5741885900497437, 0.5757341384887695], "all_token_val_accuracy": [0.0, 0.004636785015463829, 0.2612055540084839, 0.3523956835269928, 0.4482225775718689, 0.49845439195632935, 0.49613600969314575, 0.4760432839393616, 0.48763522505760193, 0.4799072742462158, 0.4791344702243805, 0.47758886218070984, 0.4814528524875641, 0.4891808331012726, 0.5100463628768921, 0.5, 0.5, 0.5077279806137085, 0.5092735886573792, 0.5146831274032593, 0.5015456080436707, 0.5455950498580933, 0.5610510110855103, 0.5656877756118774, 0.5517774224281311, 0.5587326288223267, 0.5316846966743469, 0.5610510110855103, 0.568006157875061, 0.598918080329895, 0.583462119102478, 0.5950540900230408, 0.598918080329895, 0.5981453061103821, 0.5935084819793701, 0.5935084819793701, 0.5850077271461487, 0.5826893448829651, 0.5741885900497437, 0.5857805013656616, 0.5749613642692566, 0.572642982006073, 0.5826893448829651, 0.58809894323349, 0.58809894323349, 0.5857805013656616, 0.583462119102478, 0.5780525207519531, 0.5741885900497437, 0.5757341384887695]}}