{"scitail_b_train_1_64": {"num_of_epochs": 50, "learning_rate": 0.001, "training_ds_fpath": "_train_1_64", "first_token_val_accuracy": [0.5, 0.5, 0.5208655595779419, 0.5146831274032593, 0.5649150013923645, 0.5664606094360352, 0.5463678240776062, 0.5757341384887695, 0.5432766675949097, 0.5741885900497437, 0.5556414127349854, 0.5633693933486938, 0.568006157875061, 0.5741885900497437, 0.541731059551239, 0.5587326288223267, 0.5247295498847961, 0.5247295498847961, 0.5386399030685425, 0.5649150013923645, 0.5177743434906006, 0.5564142465591431, 0.5247295498847961, 0.5378670692443848, 0.5139103531837463, 0.5270479321479797, 0.5239567160606384, 0.5293663144111633, 0.5293663144111633, 0.530911922454834, 0.5324574708938599, 0.530911922454834, 0.530911922454834, 0.530911922454834, 0.5486862659454346, 0.5394126772880554, 0.5401854515075684, 0.541731059551239, 0.5425038933753967, 0.5401854515075684, 0.5401854515075684, 0.5185471177101135, 0.5200927257537842, 0.5231839418411255, 0.5216383337974548, 0.5216383337974548, 0.5224111080169678, 0.5255023241043091, 0.526275098323822, 0.526275098323822], "all_token_val_accuracy": [0.5, 0.5, 0.5208655595779419, 0.5146831274032593, 0.5649150013923645, 0.5664606094360352, 0.5463678240776062, 0.5757341384887695, 0.5432766675949097, 0.5741885900497437, 0.5556414127349854, 0.5633693933486938, 0.568006157875061, 0.5741885900497437, 0.541731059551239, 0.5587326288223267, 0.5247295498847961, 0.5247295498847961, 0.5386399030685425, 0.5649150013923645, 0.5177743434906006, 0.5564142465591431, 0.5247295498847961, 0.5378670692443848, 0.5139103531837463, 0.5270479321479797, 0.5239567160606384, 0.5293663144111633, 0.5293663144111633, 0.530911922454834, 0.5324574708938599, 0.530911922454834, 0.530911922454834, 0.530911922454834, 0.5486862659454346, 0.5394126772880554, 0.5401854515075684, 0.541731059551239, 0.5425038933753967, 0.5401854515075684, 0.5401854515075684, 0.5185471177101135, 0.5200927257537842, 0.5231839418411255, 0.5216383337974548, 0.5216383337974548, 0.5224111080169678, 0.5255023241043091, 0.526275098323822, 0.526275098323822]}}