{"scitail_b_train_1_64": {"num_of_epochs": 40, "learning_rate": 0.0001, "training_ds_fpath": "_train_1_64", "first_token_val_accuracy": [0.5131375789642334, 0.5100463628768921, 0.5425038933753967, 0.5139103531837463, 0.5865533351898193, 0.5479134321212769, 0.5919629335403442, 0.6213291883468628, 0.6707882285118103, 0.6429675221443176, 0.5857805013656616, 0.6476043462753296, 0.6700154542922974, 0.6445131301879883, 0.5942813158035278, 0.6615146994590759, 0.6530138850212097, 0.6445131301879883, 0.6615146994590759, 0.6808346509933472, 0.6476043462753296, 0.6831530332565308, 0.6754250526428223, 0.6638330817222595, 0.666924238204956, 0.6661514639854431, 0.6707882285118103, 0.6638330817222595, 0.6375579833984375, 0.645285964012146, 0.6622874736785889, 0.6530138850212097, 0.656105101108551, 0.6599690914154053, 0.6553323268890381, 0.6630603075027466, 0.6615146994590759, 0.6700154542922974, 0.6290571689605713, 0.6545594930648804], "all_token_val_accuracy": [0.5131375789642334, 0.5100463628768921, 0.5425038933753967, 0.5139103531837463, 0.5865533351898193, 0.5479134321212769, 0.5919629335403442, 0.6213291883468628, 0.6707882285118103, 0.6429675221443176, 0.5857805013656616, 0.6476043462753296, 0.6700154542922974, 0.6445131301879883, 0.5942813158035278, 0.6615146994590759, 0.6530138850212097, 0.6445131301879883, 0.6615146994590759, 0.6808346509933472, 0.6476043462753296, 0.6831530332565308, 0.6754250526428223, 0.6638330817222595, 0.666924238204956, 0.6661514639854431, 0.6707882285118103, 0.6638330817222595, 0.6375579833984375, 0.645285964012146, 0.6622874736785889, 0.6530138850212097, 0.656105101108551, 0.6599690914154053, 0.6553323268890381, 0.6630603075027466, 0.6615146994590759, 0.6700154542922974, 0.6290571689605713, 0.6545594930648804]}}