{"scitail_b_train_6_128": {"num_of_epochs": 50, "learning_rate": 0.0005, "training_ds_fpath": "_train_6_128", "first_token_val_accuracy": [0.5007727742195129, 0.5, 0.5911900997161865, 0.6499227285385132, 0.6530138850212097, 0.6854714155197144, 0.6591963171958923, 0.6707882285118103, 0.6785162091255188, 0.6661514639854431, 0.671561062335968, 0.6700154542922974, 0.6661514639854431, 0.6653786897659302, 0.6653786897659302, 0.6707882285118103, 0.6731066703796387, 0.6707882285118103, 0.6707882285118103, 0.6707882285118103, 0.6661514639854431, 0.6676970720291138, 0.6684698462486267, 0.6676970720291138, 0.6754250526428223, 0.6738794445991516, 0.5857805013656616, 0.6731066703796387, 0.6020092964172363, 0.6499227285385132, 0.6166924238204956, 0.5942813158035278, 0.6630603075027466, 0.6599690914154053, 0.6646058559417725, 0.6676970720291138, 0.6638330817222595, 0.6646058559417725, 0.6646058559417725, 0.6653786897659302, 0.666924238204956, 0.6599690914154053, 0.6599690914154053, 0.6591963171958923, 0.6630603075027466, 0.6615146994590759, 0.6646058559417725, 0.6653786897659302, 0.6622874736785889, 0.6607418656349182], "all_token_val_accuracy": [0.5007727742195129, 0.5, 0.5911900997161865, 0.6499227285385132, 0.6530138850212097, 0.6854714155197144, 0.6591963171958923, 0.6707882285118103, 0.6785162091255188, 0.6661514639854431, 0.671561062335968, 0.6700154542922974, 0.6661514639854431, 0.6653786897659302, 0.6653786897659302, 0.6707882285118103, 0.6731066703796387, 0.6707882285118103, 0.6707882285118103, 0.6707882285118103, 0.6661514639854431, 0.6676970720291138, 0.6684698462486267, 0.6676970720291138, 0.6754250526428223, 0.6738794445991516, 0.5857805013656616, 0.6731066703796387, 0.6020092964172363, 0.6499227285385132, 0.6166924238204956, 0.5942813158035278, 0.6630603075027466, 0.6599690914154053, 0.6646058559417725, 0.6676970720291138, 0.6638330817222595, 0.6646058559417725, 0.6646058559417725, 0.6653786897659302, 0.666924238204956, 0.6599690914154053, 0.6599690914154053, 0.6591963171958923, 0.6630603075027466, 0.6615146994590759, 0.6646058559417725, 0.6653786897659302, 0.6622874736785889, 0.6607418656349182]}}