{"scitail_b_train_0_64": {"num_of_epochs": 10, "learning_rate": 1e-05, "training_ds_fpath": "_train_0_64", "first_token_val_accuracy": [0.0, 0.0, 0.0, 0.0, 0.0, 0.34621328115463257, 0.49613600969314575, 0.49613600969314575, 0.4737248718738556, 0.4605873227119446], "all_token_val_accuracy": [0.0, 0.0, 0.0, 0.0, 0.0, 0.34621328115463257, 0.49613600969314575, 0.49613600969314575, 0.4737248718738556, 0.4605873227119446]}}