{"scitail_b_train_2_64": {"num_of_epochs": 20, "learning_rate": 1e-05, "training_ds_fpath": "_train_2_64", "first_token_val_accuracy": [0.0, 0.0, 0.0, 0.0, 0.023956723511219025, 0.49381762742996216, 0.4891808331012726, 0.48840802907943726, 0.44744977355003357, 0.442812979221344, 0.4451313614845276, 0.4412674009799957, 0.4482225775718689, 0.46754249930381775, 0.4605873227119446, 0.5061823725700378, 0.48763522505760193, 0.471406489610672, 0.4690881073474884, 0.46986088156700134], "all_token_val_accuracy": [0.0, 0.0, 0.0, 0.0, 0.023956723511219025, 0.49381762742996216, 0.4891808331012726, 0.48840802907943726, 0.44744977355003357, 0.442812979221344, 0.4451313614845276, 0.4412674009799957, 0.4482225775718689, 0.46754249930381775, 0.4605873227119446, 0.5061823725700378, 0.48763522505760193, 0.471406489610672, 0.4690881073474884, 0.46986088156700134]}}