{"scitail_b_train_4_128": {"num_of_epochs": 30, "learning_rate": 0.0001, "training_ds_fpath": "_train_4_128", "first_token_val_accuracy": [0.510819137096405, 0.5007727742195129, 0.5803709626197815, 0.5224111080169678, 0.6383307576179504, 0.5602782368659973, 0.7217928767204285, 0.6993817687034607, 0.7519319653511047, 0.7527047991752625, 0.7635239362716675, 0.7596599459648132, 0.7727975249290466, 0.7843894958496094, 0.7673879265785217, 0.7681607604026794, 0.7635239362716675, 0.7774342894554138, 0.7666151523590088, 0.728748083114624, 0.7179288864135742, 0.7619783878326416, 0.7789798974990845, 0.7820711135864258, 0.7774342894554138, 0.7480680346488953, 0.7310664653778076, 0.7519319653511047, 0.7596599459648132, 0.7573415637016296], "all_token_val_accuracy": [0.510819137096405, 0.5007727742195129, 0.5803709626197815, 0.5224111080169678, 0.6383307576179504, 0.5602782368659973, 0.7217928767204285, 0.6993817687034607, 0.7519319653511047, 0.7527047991752625, 0.7635239362716675, 0.7596599459648132, 0.7727975249290466, 0.7843894958496094, 0.7673879265785217, 0.7681607604026794, 0.7635239362716675, 0.7774342894554138, 0.7666151523590088, 0.728748083114624, 0.7179288864135742, 0.7619783878326416, 0.7789798974990845, 0.7820711135864258, 0.7774342894554138, 0.7480680346488953, 0.7310664653778076, 0.7519319653511047, 0.7596599459648132, 0.7573415637016296]}}