{"scitail_b_train_1_32": {"num_of_epochs": 30, "learning_rate": 0.0001, "training_ds_fpath": "_train_1_32", "first_token_val_accuracy": [0.015455950982868671, 0.23724883794784546, 0.4659969210624695, 0.4976816177368164, 0.4976816177368164, 0.47295209765434265, 0.45981451869010925, 0.45440495014190674, 0.48068004846572876, 0.49072644114494324, 0.5131375789642334, 0.5301390886306763, 0.5324574708938599, 0.5216383337974548, 0.5270479321479797, 0.5556414127349854, 0.5409582853317261, 0.5788253545761108, 0.5610510110855103, 0.5618237853050232, 0.5672333836555481, 0.5788253545761108, 0.568006157875061, 0.5780525207519531, 0.5757341384887695, 0.5857805013656616, 0.572642982006073, 0.5927357077598572, 0.5865533351898193, 0.5911900997161865], "all_token_val_accuracy": [0.015455950982868671, 0.23724883794784546, 0.4659969210624695, 0.4976816177368164, 0.4976816177368164, 0.47295209765434265, 0.45981451869010925, 0.45440495014190674, 0.48068004846572876, 0.49072644114494324, 0.5131375789642334, 0.5301390886306763, 0.5324574708938599, 0.5216383337974548, 0.5270479321479797, 0.5556414127349854, 0.5409582853317261, 0.5788253545761108, 0.5610510110855103, 0.5618237853050232, 0.5672333836555481, 0.5788253545761108, 0.568006157875061, 0.5780525207519531, 0.5757341384887695, 0.5857805013656616, 0.572642982006073, 0.5927357077598572, 0.5865533351898193, 0.5911900997161865]}}