{"scitail_b_train_0_8": {"num_of_epochs": 50, "learning_rate": 0.0005, "training_ds_fpath": "_train_0_8", "first_token_val_accuracy": [0.1375579535961151, 0.28129830956459045, 0.4605873227119446, 0.48377126455307007, 0.49845439195632935, 0.4814528524875641, 0.5239567160606384, 0.5293663144111633, 0.5455950498580933, 0.5463678240776062, 0.541731059551239, 0.5649150013923645, 0.5664606094360352, 0.5602782368659973, 0.5618237853050232, 0.5595054030418396, 0.5548686385154724, 0.5510046482086182, 0.5463678240776062, 0.5463678240776062, 0.5486862659454346, 0.5448222756385803, 0.5440494418144226, 0.5409582853317261, 0.5401854515075684, 0.5401854515075684, 0.541731059551239, 0.5510046482086182, 0.557187020778656, 0.5540958046913147, 0.5564142465591431, 0.5517774224281311, 0.5525502562522888, 0.5502318143844604, 0.5502318143844604, 0.5471406579017639, 0.5455950498580933, 0.5455950498580933, 0.5502318143844604, 0.5486862659454346, 0.5471406579017639, 0.5486862659454346, 0.5502318143844604, 0.5510046482086182, 0.5471406579017639, 0.541731059551239, 0.541731059551239, 0.5409582853317261, 0.5370942950248718, 0.5355486869812012], "all_token_val_accuracy": [0.1375579535961151, 0.28129830956459045, 0.4605873227119446, 0.48377126455307007, 0.49845439195632935, 0.4814528524875641, 0.5239567160606384, 0.5293663144111633, 0.5455950498580933, 0.5463678240776062, 0.541731059551239, 0.5649150013923645, 0.5664606094360352, 0.5602782368659973, 0.5618237853050232, 0.5595054030418396, 0.5548686385154724, 0.5510046482086182, 0.5463678240776062, 0.5463678240776062, 0.5486862659454346, 0.5448222756385803, 0.5440494418144226, 0.5409582853317261, 0.5401854515075684, 0.5401854515075684, 0.541731059551239, 0.5510046482086182, 0.557187020778656, 0.5540958046913147, 0.5564142465591431, 0.5517774224281311, 0.5525502562522888, 0.5502318143844604, 0.5502318143844604, 0.5471406579017639, 0.5455950498580933, 0.5455950498580933, 0.5502318143844604, 0.5486862659454346, 0.5471406579017639, 0.5486862659454346, 0.5502318143844604, 0.5510046482086182, 0.5471406579017639, 0.541731059551239, 0.541731059551239, 0.5409582853317261, 0.5370942950248718, 0.5355486869812012]}}