{"scitail_b_train_1_4": {"num_of_epochs": 5, "learning_rate": 0.0005, "training_ds_fpath": "_train_1_4", "first_token_val_accuracy": [0.005409582518041134, 0.20942813158035278, 0.31221020221710205, 0.42581143975257874, 0.48840802907943726], "all_token_val_accuracy": [0.0, 0.19242657721042633, 0.31221020221710205, 0.42581143975257874, 0.48840802907943726]}}