{"scitail_b_train_1_16": {"num_of_epochs": 10, "learning_rate": 0.0001, "training_ds_fpath": "_train_1_16", "first_token_val_accuracy": [0.0, 0.023956723511219025, 0.24420401453971863, 0.4149922728538513, 0.49845439195632935, 0.4992271959781647, 0.44435858726501465, 0.4992271959781647, 0.4953632056713104, 0.49613600969314575], "all_token_val_accuracy": [0.0, 0.023956723511219025, 0.24420401453971863, 0.4149922728538513, 0.49845439195632935, 0.4992271959781647, 0.44435858726501465, 0.4992271959781647, 0.4953632056713104, 0.49613600969314575]}}