{"scitail_b_train_4_64": {"num_of_epochs": 20, "learning_rate": 0.0001, "training_ds_fpath": "_train_4_64", "first_token_val_accuracy": [0.5185471177101135, 0.5463678240776062, 0.515455961227417, 0.5610510110855103, 0.5394126772880554, 0.5301390886306763, 0.6313755512237549, 0.6051004528999329, 0.6097372770309448, 0.6491498947143555, 0.6630603075027466, 0.6290571689605713, 0.6506955027580261, 0.6599690914154053, 0.6336939930915833, 0.6553323268890381, 0.6707882285118103, 0.6769706606864929, 0.6653786897659302, 0.6707882285118103], "all_token_val_accuracy": [0.5185471177101135, 0.5463678240776062, 0.515455961227417, 0.5610510110855103, 0.5394126772880554, 0.5301390886306763, 0.6313755512237549, 0.6051004528999329, 0.6097372770309448, 0.6491498947143555, 0.6630603075027466, 0.6290571689605713, 0.6506955027580261, 0.6599690914154053, 0.6336939930915833, 0.6553323268890381, 0.6707882285118103, 0.6769706606864929, 0.6653786897659302, 0.6707882285118103]}}