{"scitail_b_train_9_128": {"num_of_epochs": 40, "learning_rate": 0.0001, "training_ds_fpath": "_train_9_128", "first_token_val_accuracy": [0.5, 0.5208655595779419, 0.5556414127349854, 0.5981453061103821, 0.6375579833984375, 0.6398763656616211, 0.6043276786804199, 0.6831530332565308, 0.6924265623092651, 0.7032457590103149, 0.6962905526161194, 0.7055641412734985, 0.7032457590103149, 0.6908810138702393, 0.7380216121673584, 0.7094281315803528, 0.7310664653778076, 0.7426584362983704, 0.7426584362983704, 0.7496135830879211, 0.7434312105178833, 0.7527047991752625, 0.7256568670272827, 0.7372488379478455, 0.7488408088684082, 0.7519319653511047, 0.71406489610672, 0.7225657105445862, 0.6777434349060059, 0.7465224266052246, 0.7426584362983704, 0.7426584362983704, 0.7102009057998657, 0.755023181438446, 0.7071097493171692, 0.713292121887207, 0.7472952008247375, 0.7264297008514404, 0.7465224266052246, 0.7496135830879211], "all_token_val_accuracy": [0.5, 0.5208655595779419, 0.5556414127349854, 0.5981453061103821, 0.6375579833984375, 0.6398763656616211, 0.6043276786804199, 0.6831530332565308, 0.6924265623092651, 0.7032457590103149, 0.6962905526161194, 0.7055641412734985, 0.7032457590103149, 0.6908810138702393, 0.7380216121673584, 0.7094281315803528, 0.7310664653778076, 0.7426584362983704, 0.7426584362983704, 0.7496135830879211, 0.7434312105178833, 0.7527047991752625, 0.7256568670272827, 0.7372488379478455, 0.7488408088684082, 0.7519319653511047, 0.71406489610672, 0.7225657105445862, 0.6777434349060059, 0.7465224266052246, 0.7426584362983704, 0.7426584362983704, 0.7102009057998657, 0.755023181438446, 0.7071097493171692, 0.713292121887207, 0.7472952008247375, 0.7264297008514404, 0.7465224266052246, 0.7496135830879211]}}