{"scitail_b_train_8_32": {"num_of_epochs": 40, "learning_rate": 0.001, "training_ds_fpath": "_train_8_32", "first_token_val_accuracy": [0.49381762742996216, 0.4953632056713104, 0.5, 0.5, 0.48840802907943726, 0.4992271959781647, 0.49304482340812683, 0.5, 0.5, 0.5, 0.5, 0.5, 0.5, 0.5, 0.5, 0.5, 0.5, 0.5, 0.5, 0.5370942950248718, 0.5340030789375305, 0.49613600969314575, 0.5131375789642334, 0.5517774224281311, 0.5270479321479797, 0.5085007548332214, 0.5278207063674927, 0.5255023241043091, 0.5085007548332214, 0.5239567160606384, 0.5363214612007141, 0.541731059551239, 0.5347759127616882, 0.5332303047180176, 0.5316846966743469, 0.530911922454834, 0.5324574708938599, 0.5340030789375305, 0.530911922454834, 0.5340030789375305], "all_token_val_accuracy": [0.49381762742996216, 0.4953632056713104, 0.4953632056713104, 0.5, 0.48840802907943726, 0.4992271959781647, 0.49304482340812683, 0.5, 0.5, 0.5, 0.5, 0.5, 0.5, 0.5, 0.5, 0.5, 0.5, 0.5, 0.5, 0.5370942950248718, 0.5340030789375305, 0.49613600969314575, 0.5131375789642334, 0.5517774224281311, 0.5270479321479797, 0.5085007548332214, 0.5278207063674927, 0.5255023241043091, 0.5085007548332214, 0.5239567160606384, 0.5363214612007141, 0.541731059551239, 0.5347759127616882, 0.5332303047180176, 0.5316846966743469, 0.530911922454834, 0.5324574708938599, 0.5340030789375305, 0.530911922454834, 0.5340030789375305]}}