{"scitail_b_train_3_16": {"num_of_epochs": 20, "learning_rate": 0.0001, "training_ds_fpath": "_train_3_16", "first_token_val_accuracy": [0.0, 0.003863987745717168, 0.15224111080169678, 0.23647604882717133, 0.3763523995876312, 0.4822256565093994, 0.4922720193862915, 0.486862450838089, 0.47836166620254517, 0.5139103531837463, 0.5061823725700378, 0.5069552063941956, 0.4899536371231079, 0.47295209765434265, 0.4899536371231079, 0.5363214612007141, 0.515455961227417, 0.510819137096405, 0.5193199515342712, 0.5270479321479797], "all_token_val_accuracy": [0.0, 0.003863987745717168, 0.15224111080169678, 0.23647604882717133, 0.3763523995876312, 0.4822256565093994, 0.4922720193862915, 0.486862450838089, 0.47836166620254517, 0.5139103531837463, 0.5061823725700378, 0.5069552063941956, 0.4899536371231079, 0.47295209765434265, 0.4899536371231079, 0.5363214612007141, 0.515455961227417, 0.510819137096405, 0.5193199515342712, 0.5270479321479797]}}