{"scitail_b_train_2_64": {"num_of_epochs": 30, "learning_rate": 0.001, "training_ds_fpath": "_train_2_64", "first_token_val_accuracy": [0.5224111080169678, 0.530911922454834, 0.5208655595779419, 0.6166924238204956, 0.6483771204948425, 0.5958268642425537, 0.5185471177101135, 0.5618237853050232, 0.5486862659454346, 0.5625966191291809, 0.5641421675682068, 0.5656877756118774, 0.5649150013923645, 0.5757341384887695, 0.5710973739624023, 0.5734157562255859, 0.5734157562255859, 0.5757341384887695, 0.5703245997428894, 0.5695517659187317, 0.5703245997428894, 0.5710973739624023, 0.572642982006073, 0.5672333836555481, 0.5703245997428894, 0.5633693933486938, 0.5633693933486938, 0.5656877756118774, 0.568006157875061, 0.5687789916992188], "all_token_val_accuracy": [0.5224111080169678, 0.530911922454834, 0.5208655595779419, 0.6166924238204956, 0.6483771204948425, 0.5958268642425537, 0.5185471177101135, 0.5618237853050232, 0.5486862659454346, 0.5625966191291809, 0.5641421675682068, 0.5656877756118774, 0.5649150013923645, 0.5757341384887695, 0.5710973739624023, 0.5734157562255859, 0.5734157562255859, 0.5757341384887695, 0.5703245997428894, 0.5695517659187317, 0.5703245997428894, 0.5710973739624023, 0.572642982006073, 0.5672333836555481, 0.5703245997428894, 0.5633693933486938, 0.5633693933486938, 0.5656877756118774, 0.568006157875061, 0.5687789916992188]}}