{"scitail_b_train_0_8": {"num_of_epochs": 30, "learning_rate": 0.001, "training_ds_fpath": "_train_0_8", "first_token_val_accuracy": [0.3261205554008484, 0.5, 0.5, 0.5347759127616882, 0.5061823725700378, 0.5548686385154724, 0.5239567160606384, 0.5378670692443848, 0.5486862659454346, 0.5455950498580933, 0.5401854515075684, 0.5394126772880554, 0.5463678240776062, 0.557187020778656, 0.5687789916992188, 0.5780525207519531, 0.5757341384887695, 0.5765069723129272, 0.5718701481819153, 0.5734157562255859, 0.572642982006073, 0.5595054030418396, 0.5525502562522888, 0.5540958046913147, 0.5548686385154724, 0.5548686385154724, 0.5602782368659973, 0.557959794998169, 0.5587326288223267, 0.5610510110855103], "all_token_val_accuracy": [0.3261205554008484, 0.5, 0.5, 0.5347759127616882, 0.5061823725700378, 0.5548686385154724, 0.5239567160606384, 0.5378670692443848, 0.5486862659454346, 0.5455950498580933, 0.5401854515075684, 0.5394126772880554, 0.5463678240776062, 0.557187020778656, 0.5687789916992188, 0.5780525207519531, 0.5757341384887695, 0.5765069723129272, 0.5718701481819153, 0.5734157562255859, 0.572642982006073, 0.5595054030418396, 0.5525502562522888, 0.5540958046913147, 0.5548686385154724, 0.5548686385154724, 0.5602782368659973, 0.557959794998169, 0.5587326288223267, 0.5610510110855103]}}