{"scitail_b_train_7_128": {"num_of_epochs": 5, "learning_rate": 0.0005, "training_ds_fpath": "_train_7_128", "first_token_val_accuracy": [0.6414219737052917, 0.5772797465324402, 0.6808346509933472, 0.6700154542922974, 0.7264297008514404], "all_token_val_accuracy": [0.6414219737052917, 0.5772797465324402, 0.6808346509933472, 0.6700154542922974, 0.7264297008514404]}}