{"scitail_b_train_9_64": {"num_of_epochs": 40, "learning_rate": 0.0005, "training_ds_fpath": "_train_9_64", "first_token_val_accuracy": [0.5255023241043091, 0.5, 0.5741885900497437, 0.5935084819793701, 0.671561062335968, 0.6360123753547668, 0.625193178653717, 0.640649139881134, 0.6321483850479126, 0.5981453061103821, 0.6638330817222595, 0.6599690914154053, 0.5486862659454346, 0.5911900997161865, 0.5757341384887695, 0.6221020221710205, 0.5873261094093323, 0.6182380318641663, 0.6460587382316589, 0.6205564141273499, 0.6166924238204956, 0.6360123753547668, 0.6367851495742798, 0.6352395415306091, 0.6344667673110962, 0.6329211592674255, 0.6352395415306091, 0.6329211592674255, 0.6275116205215454, 0.6290571689605713, 0.6329211592674255, 0.6275116205215454, 0.6290571689605713, 0.6306027770042419, 0.6306027770042419, 0.6306027770042419, 0.6306027770042419, 0.6306027770042419, 0.6313755512237549, 0.6329211592674255], "all_token_val_accuracy": [0.5255023241043091, 0.5, 0.5741885900497437, 0.5935084819793701, 0.671561062335968, 0.6360123753547668, 0.625193178653717, 0.640649139881134, 0.6321483850479126, 0.5981453061103821, 0.6638330817222595, 0.6599690914154053, 0.5486862659454346, 0.5911900997161865, 0.5757341384887695, 0.6221020221710205, 0.5873261094093323, 0.6182380318641663, 0.6460587382316589, 0.6205564141273499, 0.6166924238204956, 0.6360123753547668, 0.6367851495742798, 0.6352395415306091, 0.6344667673110962, 0.6329211592674255, 0.6352395415306091, 0.6329211592674255, 0.6275116205215454, 0.6290571689605713, 0.6329211592674255, 0.6275116205215454, 0.6290571689605713, 0.6306027770042419, 0.6306027770042419, 0.6306027770042419, 0.6306027770042419, 0.6306027770042419, 0.6313755512237549, 0.6329211592674255]}}