{"scitail_b_train_6_128": {"num_of_epochs": 20, "learning_rate": 1e-05, "training_ds_fpath": "_train_6_128", "first_token_val_accuracy": [0.0, 0.0, 0.42812982201576233, 0.49381762742996216, 0.458268940448761, 0.4629057049751282, 0.4922720193862915, 0.5015456080436707, 0.5185471177101135, 0.5185471177101135, 0.5285934805870056, 0.5378670692443848, 0.5502318143844604, 0.5502318143844604, 0.5455950498580933, 0.5463678240776062, 0.5803709626197815, 0.5811437368392944, 0.5270479321479797, 0.5873261094093323], "all_token_val_accuracy": [0.0, 0.0, 0.42812982201576233, 0.49381762742996216, 0.458268940448761, 0.4629057049751282, 0.4922720193862915, 0.5015456080436707, 0.5185471177101135, 0.5185471177101135, 0.5285934805870056, 0.5378670692443848, 0.5502318143844604, 0.5502318143844604, 0.5455950498580933, 0.5463678240776062, 0.5803709626197815, 0.5811437368392944, 0.5270479321479797, 0.5873261094093323]}}