{"scitail_b_train_3_32": {"num_of_epochs": 50, "learning_rate": 0.0005, "training_ds_fpath": "_train_3_32", "first_token_val_accuracy": [0.4992271959781647, 0.5, 0.5, 0.530911922454834, 0.5, 0.5664606094360352, 0.557959794998169, 0.5819165110588074, 0.5123647451400757, 0.5595054030418396, 0.5602782368659973, 0.5718701481819153, 0.530911922454834, 0.5672333836555481, 0.572642982006073, 0.5695517659187317, 0.5602782368659973, 0.5548686385154724, 0.5749613642692566, 0.5602782368659973, 0.5610510110855103, 0.5749613642692566, 0.5765069723129272, 0.5749613642692566, 0.5795981287956238, 0.5811437368392944, 0.5765069723129272, 0.5873261094093323, 0.5935084819793701, 0.5896444916725159, 0.5873261094093323, 0.5772797465324402, 0.5850077271461487, 0.5826893448829651, 0.5780525207519531, 0.5772797465324402, 0.5718701481819153, 0.5780525207519531, 0.5788253545761108, 0.5772797465324402, 0.5811437368392944, 0.5765069723129272, 0.6051004528999329, 0.6089644432067871, 0.6027820706367493, 0.5904173254966736, 0.5826893448829651, 0.5772797465324402, 0.5741885900497437, 0.5757341384887695], "all_token_val_accuracy": [0.4992271959781647, 0.5, 0.5, 0.530911922454834, 0.5, 0.5664606094360352, 0.557959794998169, 0.5819165110588074, 0.5123647451400757, 0.5595054030418396, 0.5602782368659973, 0.5718701481819153, 0.530911922454834, 0.5672333836555481, 0.572642982006073, 0.5695517659187317, 0.5602782368659973, 0.5548686385154724, 0.5749613642692566, 0.5602782368659973, 0.5610510110855103, 0.5749613642692566, 0.5765069723129272, 0.5749613642692566, 0.5795981287956238, 0.5811437368392944, 0.5765069723129272, 0.5873261094093323, 0.5935084819793701, 0.5896444916725159, 0.5873261094093323, 0.5772797465324402, 0.5850077271461487, 0.5826893448829651, 0.5780525207519531, 0.5772797465324402, 0.5718701481819153, 0.5780525207519531, 0.5788253545761108, 0.5772797465324402, 0.5811437368392944, 0.5765069723129272, 0.6051004528999329, 0.6089644432067871, 0.6027820706367493, 0.5904173254966736, 0.5826893448829651, 0.5772797465324402, 0.5741885900497437, 0.5757341384887695]}}