{"scitail_b_train_6_8": {"num_of_epochs": 10, "learning_rate": 0.001, "training_ds_fpath": "_train_6_8", "first_token_val_accuracy": [0.34621328115463257, 0.48840802907943726, 0.4992271959781647, 0.5162287354469299, 0.5030912160873413, 0.5054095983505249, 0.5200927257537842, 0.5301390886306763, 0.5069552063941956, 0.5046367645263672], "all_token_val_accuracy": [0.34621328115463257, 0.48840802907943726, 0.4992271959781647, 0.5162287354469299, 0.5030912160873413, 0.5054095983505249, 0.5200927257537842, 0.5301390886306763, 0.5069552063941956, 0.5046367645263672]}}