{"scitail_b_train_4_128": {"num_of_epochs": 50, "learning_rate": 0.0001, "training_ds_fpath": "_train_4_128", "first_token_val_accuracy": [0.49845439195632935, 0.515455961227417, 0.5757341384887695, 0.5486862659454346, 0.6684698462486267, 0.6746522188186646, 0.6306027770042419, 0.599690854549408, 0.7372488379478455, 0.7457495927810669, 0.7272024750709534, 0.7009273767471313, 0.7364760637283325, 0.7488408088684082, 0.744204044342041, 0.7426584362983704, 0.7527047991752625, 0.7364760637283325, 0.7581143975257874, 0.7573415637016296, 0.7017001509666443, 0.7372488379478455, 0.713292121887207, 0.7372488379478455, 0.7233384847640991, 0.7310664653778076, 0.7272024750709534, 0.7503864169120789, 0.7472952008247375, 0.7573415637016296, 0.7357032299041748, 0.7310664653778076, 0.7542504072189331, 0.7411128282546997, 0.7666151523590088, 0.7279752492904663, 0.687017023563385, 0.755023181438446, 0.7519319653511047, 0.7241112589836121, 0.7387944459915161, 0.7743431329727173, 0.7496135830879211, 0.7650695443153381, 0.7619783878326416, 0.7642967700958252, 0.7565687894821167, 0.7527047991752625, 0.7542504072189331, 0.755795955657959], "all_token_val_accuracy": [0.49845439195632935, 0.515455961227417, 0.5757341384887695, 0.5486862659454346, 0.6684698462486267, 0.6746522188186646, 0.6306027770042419, 0.599690854549408, 0.7372488379478455, 0.7457495927810669, 0.7272024750709534, 0.7009273767471313, 0.7364760637283325, 0.7488408088684082, 0.744204044342041, 0.7426584362983704, 0.7527047991752625, 0.7364760637283325, 0.7581143975257874, 0.7573415637016296, 0.7017001509666443, 0.7372488379478455, 0.713292121887207, 0.7372488379478455, 0.7233384847640991, 0.7310664653778076, 0.7272024750709534, 0.7503864169120789, 0.7472952008247375, 0.7573415637016296, 0.7357032299041748, 0.7310664653778076, 0.7542504072189331, 0.7411128282546997, 0.7666151523590088, 0.7279752492904663, 0.687017023563385, 0.755023181438446, 0.7519319653511047, 0.7241112589836121, 0.7387944459915161, 0.7743431329727173, 0.7496135830879211, 0.7650695443153381, 0.7619783878326416, 0.7642967700958252, 0.7565687894821167, 0.7527047991752625, 0.7542504072189331, 0.755795955657959]}}