{"scitail_b_train_9_16": {"num_of_epochs": 5, "learning_rate": 0.0001, "training_ds_fpath": "_train_9_16", "first_token_val_accuracy": [0.0, 0.0649149939417839, 0.23415765166282654, 0.34080371260643005, 0.4605873227119446], "all_token_val_accuracy": [0.0, 0.0649149939417839, 0.23415765166282654, 0.34080371260643005, 0.4605873227119446]}}