{"scitail_b_train_4_8": {"num_of_epochs": 30, "learning_rate": 0.0005, "training_ds_fpath": "_train_4_8", "first_token_val_accuracy": [0.3500772714614868, 0.42349305748939514, 0.42812982201576233, 0.49381762742996216, 0.510819137096405, 0.5123647451400757, 0.526275098323822, 0.5278207063674927, 0.5425038933753967, 0.5301390886306763, 0.515455961227417, 0.5069552063941956, 0.5092735886573792, 0.5131375789642334, 0.5332303047180176, 0.5231839418411255, 0.5193199515342712, 0.5177743434906006, 0.5131375789642334, 0.5115919709205627, 0.5115919709205627, 0.5115919709205627, 0.5115919709205627, 0.510819137096405, 0.5054095983505249, 0.5100463628768921, 0.5069552063941956, 0.5146831274032593, 0.5200927257537842, 0.5193199515342712], "all_token_val_accuracy": [0.34312209486961365, 0.42349305748939514, 0.42812982201576233, 0.49381762742996216, 0.510819137096405, 0.5123647451400757, 0.526275098323822, 0.5278207063674927, 0.5425038933753967, 0.5301390886306763, 0.515455961227417, 0.5069552063941956, 0.5092735886573792, 0.5131375789642334, 0.5332303047180176, 0.5231839418411255, 0.5193199515342712, 0.5177743434906006, 0.5131375789642334, 0.5115919709205627, 0.5115919709205627, 0.5115919709205627, 0.5115919709205627, 0.510819137096405, 0.5054095983505249, 0.5100463628768921, 0.5069552063941956, 0.5146831274032593, 0.5200927257537842, 0.5193199515342712]}}