{"scitail_b_train_1_32": {"num_of_epochs": 50, "learning_rate": 0.0001, "training_ds_fpath": "_train_1_32", "first_token_val_accuracy": [0.0007727975025773048, 0.3423492908477783, 0.4992271959781647, 0.49845439195632935, 0.48763522505760193, 0.4737248718738556, 0.5023183822631836, 0.5038639903068542, 0.5355486869812012, 0.5185471177101135, 0.5432766675949097, 0.5587326288223267, 0.5656877756118774, 0.5888717174530029, 0.6004636883735657, 0.5896444916725159, 0.6197836399078369, 0.5904173254966736, 0.615146815776825, 0.6112828254699707, 0.6275116205215454, 0.6043276786804199, 0.6112828254699707, 0.6166924238204956, 0.629830002784729, 0.6530138850212097, 0.6591963171958923, 0.6468315124511719, 0.656105101108551, 0.6336939930915833, 0.6429675221443176, 0.6437403559684753, 0.6476043462753296, 0.6491498947143555, 0.6275116205215454, 0.6429675221443176, 0.6646058559417725, 0.6584234833717346, 0.6591963171958923, 0.645285964012146, 0.671561062335968, 0.6615146994590759, 0.6537867188453674, 0.6437403559684753, 0.6661514639854431, 0.6476043462753296, 0.645285964012146, 0.6344667673110962, 0.6035548448562622, 0.6244204044342041], "all_token_val_accuracy": [0.0007727975025773048, 0.3423492908477783, 0.4992271959781647, 0.49845439195632935, 0.48763522505760193, 0.4737248718738556, 0.5023183822631836, 0.5038639903068542, 0.5355486869812012, 0.5185471177101135, 0.5432766675949097, 0.5587326288223267, 0.5656877756118774, 0.5888717174530029, 0.6004636883735657, 0.5896444916725159, 0.6197836399078369, 0.5904173254966736, 0.615146815776825, 0.6112828254699707, 0.6275116205215454, 0.6043276786804199, 0.6112828254699707, 0.6166924238204956, 0.629830002784729, 0.6530138850212097, 0.6591963171958923, 0.6468315124511719, 0.656105101108551, 0.6336939930915833, 0.6429675221443176, 0.6437403559684753, 0.6476043462753296, 0.6491498947143555, 0.6275116205215454, 0.6429675221443176, 0.6646058559417725, 0.6584234833717346, 0.6591963171958923, 0.645285964012146, 0.671561062335968, 0.6615146994590759, 0.6537867188453674, 0.6437403559684753, 0.6661514639854431, 0.6476043462753296, 0.645285964012146, 0.6344667673110962, 0.6035548448562622, 0.6244204044342041]}}