{"scitail_b_train_3_64": {"num_of_epochs": 10, "learning_rate": 0.0001, "training_ds_fpath": "_train_3_64", "first_token_val_accuracy": [0.4969088137149811, 0.5278207063674927, 0.5293663144111633, 0.5355486869812012, 0.5038639903068542, 0.5486862659454346, 0.5494590401649475, 0.5618237853050232, 0.5772797465324402, 0.6081916689872742], "all_token_val_accuracy": [0.4969088137149811, 0.5278207063674927, 0.5293663144111633, 0.5355486869812012, 0.5038639903068542, 0.5486862659454346, 0.5494590401649475, 0.5618237853050232, 0.5772797465324402, 0.6081916689872742]}}