{"scitail_b_train_9_32": {"num_of_epochs": 40, "learning_rate": 0.0005, "training_ds_fpath": "_train_9_32", "first_token_val_accuracy": [0.5517774224281311, 0.530911922454834, 0.5896444916725159, 0.58809894323349, 0.6182380318641663, 0.6352395415306091, 0.656105101108551, 0.6599690914154053, 0.6445131301879883, 0.656877875328064, 0.6576507091522217, 0.6275116205215454, 0.656877875328064, 0.6584234833717346, 0.6514683365821838, 0.6638330817222595, 0.6306027770042419, 0.6576507091522217, 0.6476043462753296, 0.6159196496009827, 0.6367851495742798, 0.6591963171958923, 0.6537867188453674, 0.6058732867240906, 0.6306027770042419, 0.6352395415306091, 0.6058732867240906, 0.6182380318641663, 0.6244204044342041, 0.6244204044342041, 0.6336939930915833, 0.6445131301879883, 0.6352395415306091, 0.6653786897659302, 0.6653786897659302, 0.6646058559417725, 0.6638330817222595, 0.6491498947143555, 0.6367851495742798, 0.6483771204948425], "all_token_val_accuracy": [0.5517774224281311, 0.530911922454834, 0.5896444916725159, 0.58809894323349, 0.6182380318641663, 0.6352395415306091, 0.656105101108551, 0.6599690914154053, 0.6445131301879883, 0.656877875328064, 0.6576507091522217, 0.6275116205215454, 0.656877875328064, 0.6584234833717346, 0.6514683365821838, 0.6638330817222595, 0.6306027770042419, 0.6576507091522217, 0.6476043462753296, 0.6159196496009827, 0.6367851495742798, 0.6591963171958923, 0.6537867188453674, 0.6058732867240906, 0.629830002784729, 0.6352395415306091, 0.6058732867240906, 0.6182380318641663, 0.6244204044342041, 0.6244204044342041, 0.6336939930915833, 0.6445131301879883, 0.6352395415306091, 0.6653786897659302, 0.6653786897659302, 0.6646058559417725, 0.6638330817222595, 0.6491498947143555, 0.6367851495742798, 0.6483771204948425]}}