{"scitail_b_train_4_32": {"num_of_epochs": 50, "learning_rate": 0.0005, "training_ds_fpath": "_train_4_32", "first_token_val_accuracy": [0.49845439195632935, 0.5, 0.5, 0.48763522505760193, 0.5007727742195129, 0.5092735886573792, 0.526275098323822, 0.5618237853050232, 0.5595054030418396, 0.5270479321479797, 0.5795981287956238, 0.5533230304718018, 0.5595054030418396, 0.5811437368392944, 0.5927357077598572, 0.572642982006073, 0.5788253545761108, 0.5703245997428894, 0.5765069723129272, 0.572642982006073, 0.5734157562255859, 0.5734157562255859, 0.5765069723129272, 0.5425038933753967, 0.5649150013923645, 0.5564142465591431, 0.5556414127349854, 0.5332303047180176, 0.5981453061103821, 0.49845439195632935, 0.5935084819793701, 0.5564142465591431, 0.5510046482086182, 0.5525502562522888, 0.5672333836555481, 0.568006157875061, 0.5757341384887695, 0.5734157562255859, 0.5734157562255859, 0.5734157562255859, 0.5749613642692566, 0.5757341384887695, 0.5749613642692566, 0.5749613642692566, 0.5734157562255859, 0.5749613642692566, 0.5749613642692566, 0.5649150013923645, 0.5510046482086182, 0.5587326288223267], "all_token_val_accuracy": [0.49845439195632935, 0.5, 0.5, 0.48763522505760193, 0.5007727742195129, 0.5092735886573792, 0.526275098323822, 0.5618237853050232, 0.5595054030418396, 0.5270479321479797, 0.5795981287956238, 0.5533230304718018, 0.5595054030418396, 0.5811437368392944, 0.5927357077598572, 0.572642982006073, 0.5788253545761108, 0.5703245997428894, 0.5765069723129272, 0.572642982006073, 0.5734157562255859, 0.5734157562255859, 0.5765069723129272, 0.5425038933753967, 0.5649150013923645, 0.5564142465591431, 0.5556414127349854, 0.5332303047180176, 0.5981453061103821, 0.49845439195632935, 0.5935084819793701, 0.5564142465591431, 0.5510046482086182, 0.5525502562522888, 0.5672333836555481, 0.568006157875061, 0.5757341384887695, 0.5734157562255859, 0.5734157562255859, 0.5734157562255859, 0.5749613642692566, 0.5757341384887695, 0.5749613642692566, 0.5749613642692566, 0.5734157562255859, 0.5749613642692566, 0.5749613642692566, 0.5649150013923645, 0.5510046482086182, 0.5587326288223267]}}