{"scitail_b_train_7_32": {"num_of_epochs": 30, "learning_rate": 0.001, "training_ds_fpath": "_train_7_32", "first_token_val_accuracy": [0.5030912160873413, 0.5340030789375305, 0.5347759127616882, 0.5370942950248718, 0.5394126772880554, 0.5123647451400757, 0.5370942950248718, 0.5386399030685425, 0.5842349529266357, 0.5703245997428894, 0.5749613642692566, 0.5432766675949097, 0.5316846966743469, 0.5401854515075684, 0.526275098323822, 0.5270479321479797, 0.5401854515075684, 0.5401854515075684, 0.5401854515075684, 0.5401854515075684, 0.541731059551239, 0.5440494418144226, 0.5455950498580933, 0.5440494418144226, 0.5394126772880554, 0.5386399030685425, 0.5401854515075684, 0.5432766675949097, 0.5486862659454346, 0.5486862659454346], "all_token_val_accuracy": [0.5030912160873413, 0.5340030789375305, 0.5347759127616882, 0.5370942950248718, 0.5394126772880554, 0.5123647451400757, 0.5370942950248718, 0.5386399030685425, 0.5842349529266357, 0.5703245997428894, 0.5749613642692566, 0.5432766675949097, 0.5316846966743469, 0.5401854515075684, 0.526275098323822, 0.5270479321479797, 0.5401854515075684, 0.5401854515075684, 0.5401854515075684, 0.5401854515075684, 0.541731059551239, 0.5440494418144226, 0.5455950498580933, 0.5440494418144226, 0.5394126772880554, 0.5386399030685425, 0.5401854515075684, 0.5432766675949097, 0.5486862659454346, 0.5486862659454346]}}