{"scitail_b_train_8_16": {"num_of_epochs": 30, "learning_rate": 1e-05, "training_ds_fpath": "_train_8_16", "first_token_val_accuracy": [0.0, 0.0, 0.0, 0.0, 0.0, 0.0, 0.0, 0.0, 0.0, 0.0, 0.0, 0.0, 0.0, 0.0, 0.0, 0.0, 0.0, 0.0023183925077319145, 0.0030911900103092194, 0.012364760041236877, 0.018547140061855316, 0.027047913521528244, 0.0440494604408741, 0.07727975398302078, 0.10664606094360352, 0.14683152735233307, 0.17542503774166107, 0.207109734416008, 0.23183925449848175, 0.25502318143844604], "all_token_val_accuracy": [0.0, 0.0, 0.0, 0.0, 0.0, 0.0, 0.0, 0.0, 0.0, 0.0, 0.0, 0.0, 0.0, 0.0, 0.0, 0.0, 0.0, 0.0023183925077319145, 0.0030911900103092194, 0.012364760041236877, 0.018547140061855316, 0.027047913521528244, 0.0440494604408741, 0.07727975398302078, 0.10664606094360352, 0.14683152735233307, 0.17542503774166107, 0.207109734416008, 0.23183925449848175, 0.25502318143844604]}}