{"scitail_b_train_7_64": {"num_of_epochs": 50, "learning_rate": 0.001, "training_ds_fpath": "_train_7_64", "first_token_val_accuracy": [0.5007727742195129, 0.5, 0.4992271959781647, 0.5347759127616882, 0.5448222756385803, 0.48608964681625366, 0.5394126772880554, 0.5231839418411255, 0.541731059551239, 0.58809894323349, 0.5734157562255859, 0.5950540900230408, 0.6089644432067871, 0.5625966191291809, 0.5981453061103821, 0.5633693933486938, 0.5517774224281311, 0.5533230304718018, 0.5564142465591431, 0.5455950498580933, 0.5479134321212769, 0.5618237853050232, 0.5757341384887695, 0.5757341384887695, 0.5649150013923645, 0.5942813158035278, 0.5873261094093323, 0.5919629335403442, 0.5734157562255859, 0.5803709626197815, 0.583462119102478, 0.5765069723129272, 0.5873261094093323, 0.5842349529266357, 0.5826893448829651, 0.5811437368392944, 0.5811437368392944, 0.5811437368392944, 0.5811437368392944, 0.5510046482086182, 0.5602782368659973, 0.557959794998169, 0.5409582853317261, 0.5502318143844604, 0.5216383337974548, 0.598918080329895, 0.5873261094093323, 0.5842349529266357, 0.5826893448829651, 0.5842349529266357], "all_token_val_accuracy": [0.5007727742195129, 0.5, 0.4992271959781647, 0.5347759127616882, 0.5448222756385803, 0.48608964681625366, 0.5394126772880554, 0.5231839418411255, 0.541731059551239, 0.58809894323349, 0.5734157562255859, 0.5950540900230408, 0.6089644432067871, 0.5625966191291809, 0.5981453061103821, 0.5633693933486938, 0.5517774224281311, 0.5533230304718018, 0.5564142465591431, 0.5455950498580933, 0.5479134321212769, 0.5618237853050232, 0.5757341384887695, 0.5757341384887695, 0.5649150013923645, 0.5942813158035278, 0.5873261094093323, 0.5919629335403442, 0.5734157562255859, 0.5803709626197815, 0.583462119102478, 0.5765069723129272, 0.5873261094093323, 0.5842349529266357, 0.5826893448829651, 0.5811437368392944, 0.5811437368392944, 0.5811437368392944, 0.5811437368392944, 0.5510046482086182, 0.5602782368659973, 0.557959794998169, 0.5409582853317261, 0.5502318143844604, 0.5216383337974548, 0.598918080329895, 0.5873261094093323, 0.5842349529266357, 0.5826893448829651, 0.5842349529266357]}}