{"scitail_b_train_3_32": {"num_of_epochs": 10, "learning_rate": 0.0001, "training_ds_fpath": "_train_3_32", "first_token_val_accuracy": [0.027047913521528244, 0.458268940448761, 0.49613600969314575, 0.49613600969314575, 0.49613600969314575, 0.4969088137149811, 0.4737248718738556, 0.48763522505760193, 0.5231839418411255, 0.526275098323822], "all_token_val_accuracy": [0.027047913521528244, 0.458268940448761, 0.49613600969314575, 0.49613600969314575, 0.49613600969314575, 0.4969088137149811, 0.4737248718738556, 0.48763522505760193, 0.5231839418411255, 0.526275098323822]}}