{"scitail_b_train_1_8": {"num_of_epochs": 30, "learning_rate": 0.001, "training_ds_fpath": "_train_1_8", "first_token_val_accuracy": [0.22488407790660858, 0.48299846053123474, 0.5069552063941956, 0.5131375789642334, 0.49845439195632935, 0.5455950498580933, 0.5486862659454346, 0.5540958046913147, 0.5378670692443848, 0.526275098323822, 0.5270479321479797, 0.5293663144111633, 0.557959794998169, 0.5633693933486938, 0.5641421675682068, 0.5625966191291809, 0.5625966191291809, 0.5502318143844604, 0.5564142465591431, 0.5394126772880554, 0.5355486869812012, 0.5340030789375305, 0.5332303047180176, 0.5301390886306763, 0.5278207063674927, 0.5270479321479797, 0.5278207063674927, 0.5332303047180176, 0.5332303047180176, 0.5386399030685425], "all_token_val_accuracy": [0.22488407790660858, 0.48299846053123474, 0.5069552063941956, 0.5131375789642334, 0.49845439195632935, 0.5455950498580933, 0.5486862659454346, 0.5540958046913147, 0.5378670692443848, 0.526275098323822, 0.5270479321479797, 0.5293663144111633, 0.557959794998169, 0.5633693933486938, 0.5641421675682068, 0.5625966191291809, 0.5625966191291809, 0.5502318143844604, 0.5564142465591431, 0.5394126772880554, 0.5355486869812012, 0.5340030789375305, 0.5332303047180176, 0.5301390886306763, 0.5278207063674927, 0.5270479321479797, 0.5278207063674927, 0.5332303047180176, 0.5332303047180176, 0.5386399030685425]}}