{"scitail_b_train_7_8": {"num_of_epochs": 30, "learning_rate": 0.0005, "training_ds_fpath": "_train_7_8", "first_token_val_accuracy": [0.1267388015985489, 0.35625967383384705, 0.486862450838089, 0.5301390886306763, 0.510819137096405, 0.6306027770042419, 0.5224111080169678, 0.5293663144111633, 0.557959794998169, 0.6105100512504578, 0.5927357077598572, 0.5935084819793701, 0.5888717174530029, 0.5826893448829651, 0.5795981287956238, 0.5811437368392944, 0.5710973739624023, 0.5788253545761108, 0.5819165110588074, 0.5888717174530029, 0.5973724722862244, 0.6035548448562622, 0.6097372770309448, 0.6136012077331543, 0.6159196496009827, 0.615146815776825, 0.6136012077331543, 0.6105100512504578, 0.598918080329895, 0.5888717174530029], "all_token_val_accuracy": [0.11978361755609512, 0.35625967383384705, 0.486862450838089, 0.5301390886306763, 0.510819137096405, 0.6306027770042419, 0.5224111080169678, 0.5293663144111633, 0.557959794998169, 0.6105100512504578, 0.5927357077598572, 0.5935084819793701, 0.5888717174530029, 0.5826893448829651, 0.5795981287956238, 0.5811437368392944, 0.5710973739624023, 0.5788253545761108, 0.5819165110588074, 0.5888717174530029, 0.5973724722862244, 0.6035548448562622, 0.6097372770309448, 0.6136012077331543, 0.6159196496009827, 0.615146815776825, 0.6136012077331543, 0.6105100512504578, 0.598918080329895, 0.5888717174530029]}}