{"scitail_b_train_5_16": {"num_of_epochs": 50, "learning_rate": 0.001, "training_ds_fpath": "_train_5_16", "first_token_val_accuracy": [0.48299846053123474, 0.5285934805870056, 0.5378670692443848, 0.5378670692443848, 0.5656877756118774, 0.5455950498580933, 0.58809894323349, 0.58809894323349, 0.5193199515342712, 0.5139103531837463, 0.541731059551239, 0.5548686385154724, 0.5703245997428894, 0.5695517659187317, 0.5633693933486938, 0.568006157875061, 0.5695517659187317, 0.5687789916992188, 0.5695517659187317, 0.5703245997428894, 0.5664606094360352, 0.5664606094360352, 0.5672333836555481, 0.5687789916992188, 0.5672333836555481, 0.5695517659187317, 0.5687789916992188, 0.568006157875061, 0.5710973739624023, 0.5695517659187317, 0.5718701481819153, 0.5703245997428894, 0.5641421675682068, 0.5548686385154724, 0.5765069723129272, 0.5425038933753967, 0.6159196496009827, 0.5965996980667114, 0.5950540900230408, 0.5973724722862244, 0.5965996980667114, 0.6004636883735657, 0.6051004528999329, 0.6051004528999329, 0.6074188351631165, 0.6058732867240906, 0.6081916689872742, 0.6166924238204956, 0.6190108060836792, 0.6221020221710205], "all_token_val_accuracy": [0.48299846053123474, 0.5285934805870056, 0.5378670692443848, 0.5378670692443848, 0.5656877756118774, 0.5455950498580933, 0.58809894323349, 0.58809894323349, 0.5193199515342712, 0.5139103531837463, 0.541731059551239, 0.5548686385154724, 0.5703245997428894, 0.5695517659187317, 0.5633693933486938, 0.568006157875061, 0.5695517659187317, 0.5687789916992188, 0.5695517659187317, 0.5703245997428894, 0.5664606094360352, 0.5664606094360352, 0.5672333836555481, 0.5687789916992188, 0.5672333836555481, 0.5695517659187317, 0.5687789916992188, 0.568006157875061, 0.5710973739624023, 0.5695517659187317, 0.5718701481819153, 0.5703245997428894, 0.5641421675682068, 0.5548686385154724, 0.5765069723129272, 0.5425038933753967, 0.6159196496009827, 0.5965996980667114, 0.5950540900230408, 0.5973724722862244, 0.5965996980667114, 0.6004636883735657, 0.6051004528999329, 0.6051004528999329, 0.6074188351631165, 0.6058732867240906, 0.6081916689872742, 0.6166924238204956, 0.6190108060836792, 0.6221020221710205]}}