{"scitail_b_train_4_16": {"num_of_epochs": 30, "learning_rate": 1e-05, "training_ds_fpath": "_train_4_16", "first_token_val_accuracy": [0.0, 0.0, 0.0, 0.0, 0.0, 0.0, 0.0, 0.0, 0.0, 0.0, 0.0, 0.0, 0.0, 0.0, 0.0, 0.0007727975025773048, 0.0007727975025773048, 0.0023183925077319145, 0.003863987745717168, 0.006182380020618439, 0.017774343490600586, 0.023183925077319145, 0.04095827043056488, 0.05641422048211098, 0.07882534712553024, 0.11591962724924088, 0.15224111080169678, 0.19010819494724274, 0.20788253843784332, 0.2302936613559723], "all_token_val_accuracy": [0.0, 0.0, 0.0, 0.0, 0.0, 0.0, 0.0, 0.0, 0.0, 0.0, 0.0, 0.0, 0.0, 0.0, 0.0, 0.0007727975025773048, 0.0007727975025773048, 0.0023183925077319145, 0.003863987745717168, 0.006182380020618439, 0.017774343490600586, 0.023183925077319145, 0.04095827043056488, 0.05641422048211098, 0.07882534712553024, 0.11591962724924088, 0.15224111080169678, 0.19010819494724274, 0.20788253843784332, 0.2302936613559723]}}