{"scitail_b_train_3_4": {"num_of_epochs": 40, "learning_rate": 0.001, "training_ds_fpath": "_train_3_4", "first_token_val_accuracy": [0.0, 0.4799072742462158, 0.40803709626197815, 0.42349305748939514, 0.5007727742195129, 0.5007727742195129, 0.5115919709205627, 0.5, 0.5015456080436707, 0.5301390886306763, 0.5092735886573792, 0.5123647451400757, 0.5247295498847961, 0.5316846966743469, 0.5409582853317261, 0.5432766675949097, 0.5370942950248718, 0.5316846966743469, 0.5270479321479797, 0.5193199515342712, 0.5224111080169678, 0.5208655595779419, 0.5216383337974548, 0.5200927257537842, 0.5255023241043091, 0.5224111080169678, 0.5247295498847961, 0.515455961227417, 0.5139103531837463, 0.5200927257537842, 0.5123647451400757, 0.5208655595779419, 0.530911922454834, 0.5347759127616882, 0.5425038933753967, 0.5340030789375305, 0.5425038933753967, 0.5386399030685425, 0.5386399030685425, 0.5370942950248718], "all_token_val_accuracy": [0.0, 0.4799072742462158, 0.40803709626197815, 0.42349305748939514, 0.5007727742195129, 0.5007727742195129, 0.5115919709205627, 0.5, 0.5015456080436707, 0.5301390886306763, 0.5092735886573792, 0.5123647451400757, 0.5247295498847961, 0.5316846966743469, 0.5409582853317261, 0.5432766675949097, 0.5370942950248718, 0.5316846966743469, 0.5270479321479797, 0.5193199515342712, 0.5224111080169678, 0.5208655595779419, 0.5216383337974548, 0.5200927257537842, 0.5255023241043091, 0.5224111080169678, 0.5247295498847961, 0.515455961227417, 0.5139103531837463, 0.5200927257537842, 0.5123647451400757, 0.5208655595779419, 0.530911922454834, 0.5347759127616882, 0.5425038933753967, 0.5340030789375305, 0.5425038933753967, 0.5386399030685425, 0.5386399030685425, 0.5370942950248718]}}