{"scitail_b_train_4_16": {"num_of_epochs": 40, "learning_rate": 0.001, "training_ds_fpath": "_train_4_16", "first_token_val_accuracy": [0.4690881073474884, 0.5200927257537842, 0.5525502562522888, 0.5486862659454346, 0.5502318143844604, 0.5587326288223267, 0.5641421675682068, 0.557959794998169, 0.572642982006073, 0.5811437368392944, 0.5788253545761108, 0.5540958046913147, 0.541731059551239, 0.5479134321212769, 0.5540958046913147, 0.5749613642692566, 0.5077279806137085, 0.5123647451400757, 0.5231839418411255, 0.4969088137149811, 0.5340030789375305, 0.5455950498580933, 0.5502318143844604, 0.5548686385154724, 0.5293663144111633, 0.5324574708938599, 0.5463678240776062, 0.5533230304718018, 0.5486862659454346, 0.5463678240776062, 0.5517774224281311, 0.5564142465591431, 0.5610510110855103, 0.5672333836555481, 0.5695517659187317, 0.5625966191291809, 0.557959794998169, 0.5548686385154724, 0.5510046482086182, 0.5510046482086182], "all_token_val_accuracy": [0.4690881073474884, 0.5200927257537842, 0.5525502562522888, 0.5486862659454346, 0.5502318143844604, 0.5587326288223267, 0.5641421675682068, 0.557959794998169, 0.572642982006073, 0.5811437368392944, 0.5788253545761108, 0.5540958046913147, 0.541731059551239, 0.5479134321212769, 0.5540958046913147, 0.5749613642692566, 0.5077279806137085, 0.5123647451400757, 0.5231839418411255, 0.4969088137149811, 0.5340030789375305, 0.5455950498580933, 0.5502318143844604, 0.5548686385154724, 0.5293663144111633, 0.5324574708938599, 0.5463678240776062, 0.5533230304718018, 0.5486862659454346, 0.5463678240776062, 0.5517774224281311, 0.5564142465591431, 0.5610510110855103, 0.5672333836555481, 0.5695517659187317, 0.5625966191291809, 0.557959794998169, 0.5548686385154724, 0.5510046482086182, 0.5510046482086182]}}