{"scitail_b_train_4_128": {"num_of_epochs": 20, "learning_rate": 0.001, "training_ds_fpath": "_train_4_128", "first_token_val_accuracy": [0.5, 0.6236476302146912, 0.6414219737052917, 0.6213291883468628, 0.583462119102478, 0.58809894323349, 0.6282843947410583, 0.5927357077598572, 0.6120556592941284, 0.5023183822631836, 0.6653786897659302, 0.6599690914154053, 0.6074188351631165, 0.6777434349060059, 0.6089644432067871, 0.6190108060836792, 0.6166924238204956, 0.6221020221710205, 0.6228747963905334, 0.5780525207519531], "all_token_val_accuracy": [0.5, 0.6236476302146912, 0.6414219737052917, 0.6213291883468628, 0.583462119102478, 0.58809894323349, 0.6282843947410583, 0.5927357077598572, 0.6120556592941284, 0.5023183822631836, 0.6653786897659302, 0.6599690914154053, 0.6074188351631165, 0.6777434349060059, 0.6089644432067871, 0.6190108060836792, 0.6166924238204956, 0.6221020221710205, 0.6228747963905334, 0.5780525207519531]}}