{"scitail_b_train_7_128": {"num_of_epochs": 50, "learning_rate": 0.001, "training_ds_fpath": "_train_7_128", "first_token_val_accuracy": [0.5, 0.5, 0.5525502562522888, 0.5085007548332214, 0.6166924238204956, 0.5765069723129272, 0.5819165110588074, 0.6020092964172363, 0.599690854549408, 0.6375579833984375, 0.6089644432067871, 0.6267387866973877, 0.5850077271461487, 0.6166924238204956, 0.6190108060836792, 0.614374041557312, 0.6275116205215454, 0.598918080329895, 0.6174651980400085, 0.656877875328064, 0.6545594930648804, 0.6344667673110962, 0.5896444916725159, 0.5873261094093323, 0.6136012077331543, 0.6221020221710205, 0.6375579833984375, 0.6282843947410583, 0.5888717174530029, 0.5981453061103821, 0.6391035318374634, 0.6676970720291138, 0.6329211592674255, 0.6506955027580261, 0.599690854549408, 0.6522411108016968, 0.6282843947410583, 0.6367851495742798, 0.6491498947143555, 0.6615146994590759, 0.6445131301879883, 0.6267387866973877, 0.6607418656349182, 0.6591963171958923, 0.6506955027580261, 0.5602782368659973, 0.6445131301879883, 0.6661514639854431, 0.6197836399078369, 0.5865533351898193], "all_token_val_accuracy": [0.5, 0.5, 0.5525502562522888, 0.5085007548332214, 0.6166924238204956, 0.5765069723129272, 0.5819165110588074, 0.6020092964172363, 0.599690854549408, 0.6375579833984375, 0.6089644432067871, 0.6267387866973877, 0.5850077271461487, 0.6166924238204956, 0.6190108060836792, 0.614374041557312, 0.6275116205215454, 0.598918080329895, 0.6174651980400085, 0.656877875328064, 0.6545594930648804, 0.6344667673110962, 0.5896444916725159, 0.5873261094093323, 0.6136012077331543, 0.6221020221710205, 0.6375579833984375, 0.6282843947410583, 0.5888717174530029, 0.5981453061103821, 0.6391035318374634, 0.6676970720291138, 0.6329211592674255, 0.6506955027580261, 0.599690854549408, 0.6522411108016968, 0.6282843947410583, 0.6367851495742798, 0.6491498947143555, 0.6615146994590759, 0.6445131301879883, 0.6267387866973877, 0.6607418656349182, 0.6591963171958923, 0.6506955027580261, 0.5602782368659973, 0.6445131301879883, 0.6661514639854431, 0.6197836399078369, 0.5865533351898193]}}