{"scitail_b_train_8_8": {"num_of_epochs": 30, "learning_rate": 0.0001, "training_ds_fpath": "_train_8_8", "first_token_val_accuracy": [0.0, 0.0, 0.0007727975025773048, 0.11514683067798615, 0.2843894958496094, 0.3477588891983032, 0.41885626316070557, 0.4690881073474884, 0.49304482340812683, 0.49845439195632935, 0.5, 0.4976816177368164, 0.4914992153644562, 0.4459041655063629, 0.5007727742195129, 0.5038639903068542, 0.4914992153644562, 0.4667696952819824, 0.46754249930381775, 0.48068004846572876, 0.486862450838089, 0.4744976758956909, 0.4914992153644562, 0.4922720193862915, 0.5030912160873413, 0.5085007548332214, 0.5092735886573792, 0.5030912160873413, 0.5092735886573792, 0.510819137096405], "all_token_val_accuracy": [0.0, 0.0, 0.0007727975025773048, 0.11514683067798615, 0.2843894958496094, 0.3477588891983032, 0.41885626316070557, 0.4690881073474884, 0.49304482340812683, 0.49845439195632935, 0.5, 0.4976816177368164, 0.4914992153644562, 0.4459041655063629, 0.5007727742195129, 0.5038639903068542, 0.4914992153644562, 0.4667696952819824, 0.46754249930381775, 0.48068004846572876, 0.486862450838089, 0.4744976758956909, 0.4914992153644562, 0.4922720193862915, 0.5030912160873413, 0.5085007548332214, 0.5092735886573792, 0.5030912160873413, 0.5092735886573792, 0.510819137096405]}}