{"scitail_b_train_1_4": {"num_of_epochs": 30, "learning_rate": 0.0005, "training_ds_fpath": "_train_1_4", "first_token_val_accuracy": [0.0, 0.2952086627483368, 0.4227202534675598, 0.48068004846572876, 0.46754249930381775, 0.5123647451400757, 0.5023183822631836, 0.515455961227417, 0.5355486869812012, 0.5038639903068542, 0.5038639903068542, 0.5069552063941956, 0.5061823725700378, 0.5077279806137085, 0.5061823725700378, 0.5092735886573792, 0.5131375789642334, 0.5038639903068542, 0.5069552063941956, 0.510819137096405, 0.5224111080169678, 0.5255023241043091, 0.5247295498847961, 0.5239567160606384, 0.5255023241043091, 0.5208655595779419, 0.5200927257537842, 0.5224111080169678, 0.5200927257537842, 0.5193199515342712], "all_token_val_accuracy": [0.0, 0.29443585872650146, 0.4227202534675598, 0.48068004846572876, 0.46754249930381775, 0.5123647451400757, 0.5023183822631836, 0.515455961227417, 0.5355486869812012, 0.5038639903068542, 0.5038639903068542, 0.5069552063941956, 0.5061823725700378, 0.5077279806137085, 0.5061823725700378, 0.5092735886573792, 0.5131375789642334, 0.5038639903068542, 0.5069552063941956, 0.510819137096405, 0.5224111080169678, 0.5255023241043091, 0.5247295498847961, 0.5239567160606384, 0.5255023241043091, 0.5208655595779419, 0.5200927257537842, 0.5224111080169678, 0.5200927257537842, 0.5193199515342712]}}