{"scitail_b_train_4_4": {"num_of_epochs": 50, "learning_rate": 0.0005, "training_ds_fpath": "_train_4_4", "first_token_val_accuracy": [0.0, 0.16228747367858887, 0.3191653788089752, 0.22874806821346283, 0.27125194668769836, 0.4791344702243805, 0.4953632056713104, 0.526275098323822, 0.5115919709205627, 0.5023183822631836, 0.5085007548332214, 0.5270479321479797, 0.5525502562522888, 0.5332303047180176, 0.526275098323822, 0.5285934805870056, 0.5255023241043091, 0.5270479321479797, 0.530911922454834, 0.5394126772880554, 0.5370942950248718, 0.5463678240776062, 0.5355486869812012, 0.5425038933753967, 0.5494590401649475, 0.5548686385154724, 0.5533230304718018, 0.5602782368659973, 0.5602782368659973, 0.5633693933486938, 0.5618237853050232, 0.5641421675682068, 0.5633693933486938, 0.5633693933486938, 0.5625966191291809, 0.5664606094360352, 0.5656877756118774, 0.5641421675682068, 0.5649150013923645, 0.5641421675682068, 0.5587326288223267, 0.5533230304718018, 0.5533230304718018, 0.5517774224281311, 0.5540958046913147, 0.5510046482086182, 0.5486862659454346, 0.5525502562522888, 0.5525502562522888, 0.5517774224281311], "all_token_val_accuracy": [0.0, 0.16228747367858887, 0.3191653788089752, 0.22874806821346283, 0.27125194668769836, 0.4791344702243805, 0.4953632056713104, 0.526275098323822, 0.5115919709205627, 0.5023183822631836, 0.5085007548332214, 0.5270479321479797, 0.5525502562522888, 0.5332303047180176, 0.526275098323822, 0.5285934805870056, 0.5255023241043091, 0.5270479321479797, 0.530911922454834, 0.5394126772880554, 0.5370942950248718, 0.5463678240776062, 0.5355486869812012, 0.5425038933753967, 0.5494590401649475, 0.5548686385154724, 0.5533230304718018, 0.5602782368659973, 0.5602782368659973, 0.5633693933486938, 0.5618237853050232, 0.5641421675682068, 0.5633693933486938, 0.5633693933486938, 0.5625966191291809, 0.5664606094360352, 0.5656877756118774, 0.5641421675682068, 0.5649150013923645, 0.5641421675682068, 0.5587326288223267, 0.5533230304718018, 0.5533230304718018, 0.5517774224281311, 0.5540958046913147, 0.5510046482086182, 0.5486862659454346, 0.5525502562522888, 0.5525502562522888, 0.5517774224281311]}}