{"scitail_b_train_9_128": {"num_of_epochs": 10, "learning_rate": 1e-05, "training_ds_fpath": "_train_9_128", "first_token_val_accuracy": [0.0, 0.0, 0.4667696952819824, 0.46754249930381775, 0.4667696952819824, 0.4605873227119446, 0.46213293075561523, 0.47527047991752625, 0.5131375789642334, 0.5038639903068542], "all_token_val_accuracy": [0.0, 0.0, 0.4667696952819824, 0.46754249930381775, 0.4667696952819824, 0.4605873227119446, 0.46213293075561523, 0.47527047991752625, 0.5131375789642334, 0.5038639903068542]}}