{"scitail_b_train_1_32": {"num_of_epochs": 20, "learning_rate": 1e-05, "training_ds_fpath": "_train_1_32", "first_token_val_accuracy": [0.0, 0.0, 0.0, 0.0, 0.0, 0.0, 0.0, 0.0, 0.0, 0.0030911900103092194, 0.012364760041236877, 0.027047913521528244, 0.06414219737052917, 0.1166924238204956, 0.17542503774166107, 0.22411128878593445, 0.26584234833717346, 0.29366305470466614, 0.32225656509399414, 0.35394126176834106], "all_token_val_accuracy": [0.0, 0.0, 0.0, 0.0, 0.0, 0.0, 0.0, 0.0, 0.0, 0.0030911900103092194, 0.012364760041236877, 0.027047913521528244, 0.06414219737052917, 0.1166924238204956, 0.17542503774166107, 0.22411128878593445, 0.26584234833717346, 0.29366305470466614, 0.32225656509399414, 0.35394126176834106]}}