{"scitail_b_train_9_128": {"num_of_epochs": 40, "learning_rate": 1e-05, "training_ds_fpath": "_train_9_128", "first_token_val_accuracy": [0.0, 0.0, 0.47295209765434265, 0.49072644114494324, 0.4536321461200714, 0.4613601267337799, 0.4613601267337799, 0.5131375789642334, 0.484544038772583, 0.48531684279441833, 0.5247295498847961, 0.4945904314517975, 0.5533230304718018, 0.5432766675949097, 0.5316846966743469, 0.5324574708938599, 0.5394126772880554, 0.5587326288223267, 0.557187020778656, 0.5239567160606384, 0.5826893448829651, 0.557959794998169, 0.5687789916992188, 0.614374041557312, 0.614374041557312, 0.6074188351631165, 0.6089644432067871, 0.6221020221710205, 0.6367851495742798, 0.5958268642425537, 0.58809894323349, 0.6259660124778748, 0.6105100512504578, 0.6182380318641663, 0.6228747963905334, 0.6460587382316589, 0.6321483850479126, 0.6344667673110962, 0.6646058559417725, 0.6336939930915833], "all_token_val_accuracy": [0.0, 0.0, 0.47295209765434265, 0.49072644114494324, 0.4536321461200714, 0.4613601267337799, 0.4613601267337799, 0.5131375789642334, 0.484544038772583, 0.48531684279441833, 0.5247295498847961, 0.4945904314517975, 0.5533230304718018, 0.5432766675949097, 0.5316846966743469, 0.5324574708938599, 0.5394126772880554, 0.5587326288223267, 0.557187020778656, 0.5239567160606384, 0.5826893448829651, 0.557959794998169, 0.5687789916992188, 0.614374041557312, 0.614374041557312, 0.6074188351631165, 0.6089644432067871, 0.6221020221710205, 0.6367851495742798, 0.5958268642425537, 0.58809894323349, 0.6259660124778748, 0.6105100512504578, 0.6182380318641663, 0.6228747963905334, 0.6460587382316589, 0.6321483850479126, 0.6344667673110962, 0.6646058559417725, 0.6336939930915833]}}