{"scitail_b_train_3_32": {"num_of_epochs": 50, "learning_rate": 1e-05, "training_ds_fpath": "_train_3_32", "first_token_val_accuracy": [0.0, 0.0, 0.0, 0.0, 0.0, 0.0, 0.0, 0.0, 0.0007727975025773048, 0.0007727975025773048, 0.0023183925077319145, 0.007727975491434336, 0.022411128506064415, 0.0440494604408741, 0.0880989208817482, 0.14451313018798828, 0.1893353909254074, 0.22333848476409912, 0.25579598546028137, 0.2874806821346283, 0.3083462119102478, 0.33539411425590515, 0.35857805609703064, 0.39799073338508606, 0.42890262603759766, 0.4513137638568878, 0.4605873227119446, 0.4791344702243805, 0.4899536371231079, 0.49304482340812683, 0.4953632056713104, 0.4976816177368164, 0.4992271959781647, 0.4992271959781647, 0.5, 0.5, 0.4992271959781647, 0.4969088137149811, 0.49845439195632935, 0.49613600969314575, 0.48299846053123474, 0.4914992153644562, 0.4922720193862915, 0.49845439195632935, 0.5038639903068542, 0.5085007548332214, 0.5015456080436707, 0.5085007548332214, 0.5069552063941956, 0.5046367645263672], "all_token_val_accuracy": [0.0, 0.0, 0.0, 0.0, 0.0, 0.0, 0.0, 0.0, 0.0007727975025773048, 0.0007727975025773048, 0.0023183925077319145, 0.007727975491434336, 0.022411128506064415, 0.0440494604408741, 0.0880989208817482, 0.14451313018798828, 0.1893353909254074, 0.22333848476409912, 0.25579598546028137, 0.2874806821346283, 0.3083462119102478, 0.33539411425590515, 0.35857805609703064, 0.39799073338508606, 0.42890262603759766, 0.4513137638568878, 0.4605873227119446, 0.4791344702243805, 0.4899536371231079, 0.49304482340812683, 0.4953632056713104, 0.4976816177368164, 0.4992271959781647, 0.4992271959781647, 0.5, 0.5, 0.4992271959781647, 0.4969088137149811, 0.49845439195632935, 0.49613600969314575, 0.48299846053123474, 0.4914992153644562, 0.4922720193862915, 0.49845439195632935, 0.5038639903068542, 0.5085007548332214, 0.5015456080436707, 0.5085007548332214, 0.5069552063941956, 0.5046367645263672]}}