{"scitail_b_train_4_64": {"num_of_epochs": 10, "learning_rate": 0.001, "training_ds_fpath": "_train_4_64", "first_token_val_accuracy": [0.5023183822631836, 0.5, 0.5, 0.5857805013656616, 0.6429675221443176, 0.6190108060836792, 0.5873261094093323, 0.6182380318641663, 0.6290571689605713, 0.5757341384887695], "all_token_val_accuracy": [0.5023183822631836, 0.5, 0.5, 0.5857805013656616, 0.6429675221443176, 0.6190108060836792, 0.5873261094093323, 0.6182380318641663, 0.6290571689605713, 0.5757341384887695]}}