{"scitail_b_train_4_128": {"num_of_epochs": 40, "learning_rate": 1e-05, "training_ds_fpath": "_train_4_128", "first_token_val_accuracy": [0.0, 0.0, 0.4945904314517975, 0.4945904314517975, 0.44899535179138184, 0.4721792936325073, 0.4945904314517975, 0.4791344702243805, 0.4768160879611969, 0.5077279806137085, 0.47836166620254517, 0.5231839418411255, 0.5278207063674927, 0.5069552063941956, 0.5177743434906006, 0.5409582853317261, 0.5533230304718018, 0.5494590401649475, 0.5425038933753967, 0.49845439195632935, 0.5510046482086182, 0.5502318143844604, 0.5602782368659973, 0.5340030789375305, 0.5486862659454346, 0.5440494418144226, 0.572642982006073, 0.5656877756118774, 0.5316846966743469, 0.6282843947410583, 0.6383307576179504, 0.6136012077331543, 0.599690854549408, 0.6414219737052917, 0.6259660124778748, 0.6800618171691895, 0.682380199432373, 0.6607418656349182, 0.6800618171691895, 0.6630603075027466], "all_token_val_accuracy": [0.0, 0.0, 0.4945904314517975, 0.4945904314517975, 0.44899535179138184, 0.4721792936325073, 0.4945904314517975, 0.4791344702243805, 0.4768160879611969, 0.5077279806137085, 0.47836166620254517, 0.5231839418411255, 0.5278207063674927, 0.5069552063941956, 0.5177743434906006, 0.5409582853317261, 0.5533230304718018, 0.5494590401649475, 0.5425038933753967, 0.49845439195632935, 0.5510046482086182, 0.5502318143844604, 0.5602782368659973, 0.5340030789375305, 0.5486862659454346, 0.5440494418144226, 0.572642982006073, 0.5656877756118774, 0.5316846966743469, 0.6282843947410583, 0.6383307576179504, 0.6136012077331543, 0.599690854549408, 0.6414219737052917, 0.6259660124778748, 0.6800618171691895, 0.682380199432373, 0.6607418656349182, 0.6800618171691895, 0.6630603075027466]}}