{"scitail_b_train_9_32": {"num_of_epochs": 40, "learning_rate": 0.0001, "training_ds_fpath": "_train_9_32", "first_token_val_accuracy": [0.1375579535961151, 0.4536321461200714, 0.4969088137149811, 0.5, 0.4721792936325073, 0.4629057049751282, 0.5278207063674927, 0.5216383337974548, 0.5440494418144226, 0.5502318143844604, 0.5772797465324402, 0.5842349529266357, 0.5935084819793701, 0.6174651980400085, 0.6344667673110962, 0.6398763656616211, 0.6545594930648804, 0.672333836555481, 0.6259660124778748, 0.6839258074760437, 0.6738794445991516, 0.6862441897392273, 0.6939721703529358, 0.6630603075027466, 0.666924238204956, 0.6754250526428223, 0.6661514639854431, 0.6661514639854431, 0.6839258074760437, 0.6761978268623352, 0.682380199432373, 0.672333836555481, 0.666924238204956, 0.6553323268890381, 0.672333836555481, 0.6545594930648804, 0.687789797782898, 0.7248840928077698, 0.7024729251861572, 0.6962905526161194], "all_token_val_accuracy": [0.1375579535961151, 0.4536321461200714, 0.4969088137149811, 0.5, 0.4721792936325073, 0.4629057049751282, 0.5278207063674927, 0.5216383337974548, 0.5440494418144226, 0.5502318143844604, 0.5772797465324402, 0.5842349529266357, 0.5935084819793701, 0.6174651980400085, 0.6344667673110962, 0.6398763656616211, 0.6545594930648804, 0.672333836555481, 0.6259660124778748, 0.6839258074760437, 0.6738794445991516, 0.6862441897392273, 0.6939721703529358, 0.6630603075027466, 0.666924238204956, 0.6754250526428223, 0.6661514639854431, 0.6661514639854431, 0.6839258074760437, 0.6761978268623352, 0.682380199432373, 0.672333836555481, 0.666924238204956, 0.6553323268890381, 0.672333836555481, 0.6545594930648804, 0.687789797782898, 0.7248840928077698, 0.7024729251861572, 0.6962905526161194]}}