{"scitail_b_train_6_64": {"num_of_epochs": 30, "learning_rate": 0.0005, "training_ds_fpath": "_train_6_64", "first_token_val_accuracy": [0.5370942950248718, 0.5208655595779419, 0.5432766675949097, 0.5904173254966736, 0.5965996980667114, 0.5865533351898193, 0.5595054030418396, 0.6120556592941284, 0.6244204044342041, 0.5618237853050232, 0.5718701481819153, 0.599690854549408, 0.6012364625930786, 0.5888717174530029, 0.5981453061103821, 0.5896444916725159, 0.58809894323349, 0.5850077271461487, 0.5911900997161865, 0.5981453061103821, 0.5904173254966736, 0.5950540900230408, 0.5703245997428894, 0.5973724722862244, 0.5710973739624023, 0.5734157562255859, 0.5270479321479797, 0.5904173254966736, 0.5440494418144226, 0.5857805013656616], "all_token_val_accuracy": [0.5370942950248718, 0.5208655595779419, 0.5432766675949097, 0.5904173254966736, 0.5965996980667114, 0.5865533351898193, 0.5595054030418396, 0.6120556592941284, 0.6244204044342041, 0.5618237853050232, 0.5718701481819153, 0.599690854549408, 0.6012364625930786, 0.5888717174530029, 0.5981453061103821, 0.5896444916725159, 0.58809894323349, 0.5850077271461487, 0.5911900997161865, 0.5981453061103821, 0.5904173254966736, 0.5950540900230408, 0.5703245997428894, 0.5973724722862244, 0.5710973739624023, 0.5734157562255859, 0.5270479321479797, 0.5904173254966736, 0.5440494418144226, 0.5857805013656616]}}