{"scitail_b_train_6_32": {"num_of_epochs": 5, "learning_rate": 0.0005, "training_ds_fpath": "_train_6_32", "first_token_val_accuracy": [0.4459041655063629, 0.515455961227417, 0.515455961227417, 0.5757341384887695, 0.5772797465324402], "all_token_val_accuracy": [0.4459041655063629, 0.515455961227417, 0.515455961227417, 0.5757341384887695, 0.5772797465324402]}}