{"scitail_b_train_2_16": {"num_of_epochs": 30, "learning_rate": 0.0005, "training_ds_fpath": "_train_2_16", "first_token_val_accuracy": [0.3670788109302521, 0.49845439195632935, 0.5162287354469299, 0.5394126772880554, 0.5610510110855103, 0.5293663144111633, 0.5965996980667114, 0.5370942950248718, 0.5525502562522888, 0.6136012077331543, 0.6182380318641663, 0.5741885900497437, 0.5618237853050232, 0.5873261094093323, 0.6035548448562622, 0.6097372770309448, 0.599690854549408, 0.5857805013656616, 0.5811437368392944, 0.5757341384887695, 0.5803709626197815, 0.583462119102478, 0.58809894323349, 0.5896444916725159, 0.5888717174530029, 0.58809894323349, 0.5896444916725159, 0.5942813158035278, 0.5942813158035278, 0.598918080329895], "all_token_val_accuracy": [0.3670788109302521, 0.49845439195632935, 0.5162287354469299, 0.5394126772880554, 0.5610510110855103, 0.5293663144111633, 0.5965996980667114, 0.5370942950248718, 0.5525502562522888, 0.6136012077331543, 0.6182380318641663, 0.5741885900497437, 0.5618237853050232, 0.5873261094093323, 0.6035548448562622, 0.6097372770309448, 0.599690854549408, 0.5857805013656616, 0.5811437368392944, 0.5757341384887695, 0.5803709626197815, 0.583462119102478, 0.58809894323349, 0.5896444916725159, 0.5888717174530029, 0.58809894323349, 0.5896444916725159, 0.5942813158035278, 0.5942813158035278, 0.598918080329895]}}