{"scitail_b_train_4_128": {"num_of_epochs": 40, "learning_rate": 0.0005, "training_ds_fpath": "_train_4_128", "first_token_val_accuracy": [0.5324574708938599, 0.5610510110855103, 0.6862441897392273, 0.7318392395973206, 0.7627511620521545, 0.6321483850479126, 0.7241112589836121, 0.7024729251861572, 0.7403400540351868, 0.6901081800460815, 0.7071097493171692, 0.5896444916725159, 0.7272024750709534, 0.7333848476409912, 0.7341576218605042, 0.7063369154930115, 0.6939721703529358, 0.7333848476409912, 0.728748083114624, 0.7426584362983704, 0.7233384847640991, 0.6939721703529358, 0.6800618171691895, 0.6607418656349182, 0.6336939930915833, 0.6816074252128601, 0.6939721703529358, 0.7318392395973206, 0.7210201025009155, 0.7248840928077698, 0.7279752492904663, 0.7279752492904663, 0.7310664653778076, 0.7194744944572449, 0.7187017202377319, 0.7233384847640991, 0.7233384847640991, 0.7248840928077698, 0.7264297008514404, 0.7264297008514404], "all_token_val_accuracy": [0.5324574708938599, 0.5610510110855103, 0.6862441897392273, 0.7318392395973206, 0.7627511620521545, 0.6321483850479126, 0.7241112589836121, 0.7024729251861572, 0.7403400540351868, 0.6901081800460815, 0.7071097493171692, 0.5896444916725159, 0.7272024750709534, 0.7333848476409912, 0.7341576218605042, 0.7063369154930115, 0.6939721703529358, 0.7333848476409912, 0.728748083114624, 0.7426584362983704, 0.7233384847640991, 0.6939721703529358, 0.6800618171691895, 0.6607418656349182, 0.6336939930915833, 0.6816074252128601, 0.6939721703529358, 0.7318392395973206, 0.7210201025009155, 0.7248840928077698, 0.7279752492904663, 0.7279752492904663, 0.7310664653778076, 0.7194744944572449, 0.7187017202377319, 0.7233384847640991, 0.7233384847640991, 0.7248840928077698, 0.7264297008514404, 0.7264297008514404]}}