{"scitail_b_train_6_4": {"num_of_epochs": 50, "learning_rate": 0.0005, "training_ds_fpath": "_train_6_4", "first_token_val_accuracy": [0.003863987745717168, 0.23879443109035492, 0.41808345913887024, 0.4976816177368164, 0.4969088137149811, 0.45208656787872314, 0.5069552063941956, 0.4992271959781647, 0.5077279806137085, 0.5092735886573792, 0.47758886218070984, 0.4814528524875641, 0.47527047991752625, 0.47758886218070984, 0.4969088137149811, 0.5170015692710876, 0.526275098323822, 0.5270479321479797, 0.5432766675949097, 0.5394126772880554, 0.5432766675949097, 0.5455950498580933, 0.5425038933753967, 0.5370942950248718, 0.5432766675949097, 0.530911922454834, 0.526275098323822, 0.5255023241043091, 0.5247295498847961, 0.5216383337974548, 0.515455961227417, 0.5123647451400757, 0.5115919709205627, 0.5100463628768921, 0.510819137096405, 0.510819137096405, 0.510819137096405, 0.5131375789642334, 0.5139103531837463, 0.5146831274032593, 0.5146831274032593, 0.5139103531837463, 0.5139103531837463, 0.5139103531837463, 0.5131375789642334, 0.5146831274032593, 0.5162287354469299, 0.5162287354469299, 0.5170015692710876, 0.5146831274032593], "all_token_val_accuracy": [0.0030911900103092194, 0.23879443109035492, 0.41808345913887024, 0.4976816177368164, 0.4969088137149811, 0.45208656787872314, 0.5069552063941956, 0.4992271959781647, 0.5077279806137085, 0.5092735886573792, 0.47758886218070984, 0.4814528524875641, 0.47527047991752625, 0.47758886218070984, 0.4969088137149811, 0.5170015692710876, 0.526275098323822, 0.5270479321479797, 0.5432766675949097, 0.5394126772880554, 0.5432766675949097, 0.5455950498580933, 0.5425038933753967, 0.5370942950248718, 0.5432766675949097, 0.530911922454834, 0.526275098323822, 0.5255023241043091, 0.5247295498847961, 0.5216383337974548, 0.515455961227417, 0.5123647451400757, 0.5115919709205627, 0.5100463628768921, 0.510819137096405, 0.510819137096405, 0.510819137096405, 0.5131375789642334, 0.5139103531837463, 0.5146831274032593, 0.5146831274032593, 0.5139103531837463, 0.5139103531837463, 0.5139103531837463, 0.5131375789642334, 0.5146831274032593, 0.5162287354469299, 0.5162287354469299, 0.5170015692710876, 0.5146831274032593]}}