{"scitail_b_train_5_4": {"num_of_epochs": 5, "learning_rate": 0.0005, "training_ds_fpath": "_train_5_4", "first_token_val_accuracy": [0.0, 0.0007727975025773048, 0.3655332326889038, 0.45981451869010925, 0.4969088137149811], "all_token_val_accuracy": [0.0, 0.0007727975025773048, 0.3655332326889038, 0.45981451869010925, 0.4969088137149811]}}