{"scitail_b_train_0_8": {"num_of_epochs": 5, "learning_rate": 0.001, "training_ds_fpath": "_train_0_8", "first_token_val_accuracy": [0.4976816177368164, 0.5015456080436707, 0.515455961227417, 0.6205564141273499, 0.5850077271461487], "all_token_val_accuracy": [0.4976816177368164, 0.5015456080436707, 0.515455961227417, 0.6205564141273499, 0.5850077271461487]}}