{"scitail_b_train_4_4": {"num_of_epochs": 50, "learning_rate": 0.001, "training_ds_fpath": "_train_4_4", "first_token_val_accuracy": [0.0, 0.4304482340812683, 0.4922720193862915, 0.49845439195632935, 0.47295209765434265, 0.5085007548332214, 0.510819137096405, 0.48377126455307007, 0.4899536371231079, 0.4969088137149811, 0.4953632056713104, 0.4976816177368164, 0.5162287354469299, 0.5115919709205627, 0.5061823725700378, 0.5193199515342712, 0.5200927257537842, 0.5216383337974548, 0.5216383337974548, 0.5224111080169678, 0.5216383337974548, 0.5185471177101135, 0.5239567160606384, 0.5239567160606384, 0.5185471177101135, 0.5231839418411255, 0.5301390886306763, 0.5347759127616882, 0.5316846966743469, 0.5293663144111633, 0.5293663144111633, 0.5293663144111633, 0.5278207063674927, 0.5255023241043091, 0.5231839418411255, 0.5239567160606384, 0.5247295498847961, 0.5239567160606384, 0.526275098323822, 0.5231839418411255, 0.5231839418411255, 0.5247295498847961, 0.5231839418411255, 0.5247295498847961, 0.5239567160606384, 0.5239567160606384, 0.5231839418411255, 0.5224111080169678, 0.5216383337974548, 0.5224111080169678], "all_token_val_accuracy": [0.0, 0.4304482340812683, 0.4922720193862915, 0.49845439195632935, 0.47295209765434265, 0.5085007548332214, 0.510819137096405, 0.48377126455307007, 0.4899536371231079, 0.4969088137149811, 0.4953632056713104, 0.4976816177368164, 0.5162287354469299, 0.5115919709205627, 0.5061823725700378, 0.5193199515342712, 0.5200927257537842, 0.5216383337974548, 0.5216383337974548, 0.5224111080169678, 0.5216383337974548, 0.5185471177101135, 0.5239567160606384, 0.5239567160606384, 0.5185471177101135, 0.5231839418411255, 0.5301390886306763, 0.5347759127616882, 0.5316846966743469, 0.5293663144111633, 0.5293663144111633, 0.5293663144111633, 0.5278207063674927, 0.5255023241043091, 0.5231839418411255, 0.5239567160606384, 0.5247295498847961, 0.5239567160606384, 0.526275098323822, 0.5231839418411255, 0.5231839418411255, 0.5247295498847961, 0.5231839418411255, 0.5247295498847961, 0.5239567160606384, 0.5239567160606384, 0.5231839418411255, 0.5224111080169678, 0.5216383337974548, 0.5224111080169678]}}