{"scitail_b_train_5_32": {"num_of_epochs": 10, "learning_rate": 0.001, "training_ds_fpath": "_train_5_32", "first_token_val_accuracy": [0.49845439195632935, 0.49845439195632935, 0.5, 0.4992271959781647, 0.530911922454834, 0.5703245997428894, 0.5556414127349854, 0.5595054030418396, 0.5370942950248718, 0.5510046482086182], "all_token_val_accuracy": [0.49845439195632935, 0.49845439195632935, 0.5, 0.4992271959781647, 0.530911922454834, 0.5703245997428894, 0.5556414127349854, 0.5595054030418396, 0.5370942950248718, 0.5510046482086182]}}