{"scitail_b_train_3_16": {"num_of_epochs": 50, "learning_rate": 1e-05, "training_ds_fpath": "_train_3_16", "first_token_val_accuracy": [0.0, 0.0, 0.0, 0.0, 0.0, 0.0, 0.0, 0.0, 0.0, 0.0, 0.0, 0.0, 0.0, 0.0, 0.0, 0.0, 0.0, 0.0, 0.0007727975025773048, 0.0023183925077319145, 0.0023183925077319145, 0.004636785015463829, 0.006182380020618439, 0.017001545056700706, 0.023183925077319145, 0.028593508526682854, 0.03709428012371063, 0.04714065045118332, 0.06955178081989288, 0.08964451402425766, 0.11360123753547668, 0.13137558102607727, 0.16151468455791473, 0.18547140061855316, 0.20324574410915375, 0.22411128878593445, 0.23106646537780762, 0.24961359798908234, 0.2596599757671356, 0.2751159071922302, 0.2851622998714447, 0.30139103531837463, 0.3075734078884125, 0.31993818283081055, 0.3292117416858673, 0.3369397222995758, 0.3446677029132843, 0.35703244805336, 0.37171560525894165, 0.38253477215766907], "all_token_val_accuracy": [0.0, 0.0, 0.0, 0.0, 0.0, 0.0, 0.0, 0.0, 0.0, 0.0, 0.0, 0.0, 0.0, 0.0, 0.0, 0.0, 0.0, 0.0, 0.0007727975025773048, 0.0023183925077319145, 0.0023183925077319145, 0.004636785015463829, 0.006182380020618439, 0.017001545056700706, 0.023183925077319145, 0.028593508526682854, 0.03709428012371063, 0.04714065045118332, 0.06955178081989288, 0.08964451402425766, 0.11360123753547668, 0.13137558102607727, 0.16151468455791473, 0.18547140061855316, 0.20324574410915375, 0.22411128878593445, 0.23106646537780762, 0.24961359798908234, 0.2596599757671356, 0.2751159071922302, 0.2851622998714447, 0.30139103531837463, 0.3075734078884125, 0.31993818283081055, 0.3292117416858673, 0.3369397222995758, 0.3446677029132843, 0.35703244805336, 0.37171560525894165, 0.38253477215766907]}}