{"scitail_b_train_2_128": {"num_of_epochs": 5, "learning_rate": 0.0001, "training_ds_fpath": "_train_2_128", "first_token_val_accuracy": [0.5239567160606384, 0.557959794998169, 0.5927357077598572, 0.6205564141273499, 0.6661514639854431], "all_token_val_accuracy": [0.5239567160606384, 0.557959794998169, 0.5927357077598572, 0.6205564141273499, 0.6661514639854431]}}