{"scitail_b_train_3_8": {"num_of_epochs": 5, "learning_rate": 0.0005, "training_ds_fpath": "_train_3_8", "first_token_val_accuracy": [0.1452859342098236, 0.3106645941734314, 0.49845439195632935, 0.5015456080436707, 0.5030912160873413], "all_token_val_accuracy": [0.1452859342098236, 0.3106645941734314, 0.49845439195632935, 0.5015456080436707, 0.5030912160873413]}}