{"scitail_b_train_5_128": {"num_of_epochs": 10, "learning_rate": 1e-05, "training_ds_fpath": "_train_5_128", "first_token_val_accuracy": [0.0, 0.0, 0.4513137638568878, 0.4799072742462158, 0.4374034106731415, 0.4891808331012726, 0.4659969210624695, 0.4721792936325073, 0.5285934805870056, 0.5301390886306763], "all_token_val_accuracy": [0.0, 0.0, 0.4513137638568878, 0.4799072742462158, 0.4374034106731415, 0.4891808331012726, 0.4659969210624695, 0.4721792936325073, 0.5285934805870056, 0.5301390886306763]}}