{"scitail_b_train_5_128": {"num_of_epochs": 40, "learning_rate": 0.001, "training_ds_fpath": "_train_5_128", "first_token_val_accuracy": [0.5548686385154724, 0.5030912160873413, 0.5842349529266357, 0.5919629335403442, 0.6344667673110962, 0.6908810138702393, 0.6089644432067871, 0.5695517659187317, 0.6429675221443176, 0.6205564141273499, 0.672333836555481, 0.6707882285118103, 0.6785162091255188, 0.6839258074760437, 0.656877875328064, 0.6321483850479126, 0.656105101108551, 0.656877875328064, 0.6661514639854431, 0.6460587382316589, 0.6383307576179504, 0.6676970720291138, 0.6731066703796387, 0.6761978268623352, 0.6808346509933472, 0.6653786897659302, 0.6792890429496765, 0.6344667673110962, 0.6607418656349182, 0.666924238204956, 0.6746522188186646, 0.6646058559417725, 0.6653786897659302, 0.6700154542922974, 0.656877875328064, 0.6646058559417725, 0.6692426800727844, 0.6622874736785889, 0.6684698462486267, 0.666924238204956], "all_token_val_accuracy": [0.5548686385154724, 0.5030912160873413, 0.5842349529266357, 0.5919629335403442, 0.6344667673110962, 0.6908810138702393, 0.6089644432067871, 0.5695517659187317, 0.6429675221443176, 0.6205564141273499, 0.672333836555481, 0.6707882285118103, 0.6785162091255188, 0.6839258074760437, 0.656877875328064, 0.6321483850479126, 0.656105101108551, 0.656877875328064, 0.6661514639854431, 0.6460587382316589, 0.6383307576179504, 0.6676970720291138, 0.6731066703796387, 0.6761978268623352, 0.6808346509933472, 0.6653786897659302, 0.6792890429496765, 0.6344667673110962, 0.6607418656349182, 0.666924238204956, 0.6746522188186646, 0.6646058559417725, 0.6653786897659302, 0.6700154542922974, 0.656877875328064, 0.6646058559417725, 0.6692426800727844, 0.6622874736785889, 0.6684698462486267, 0.666924238204956]}}