{"scitail_b_train_9_32": {"num_of_epochs": 50, "learning_rate": 1e-05, "training_ds_fpath": "_train_9_32", "first_token_val_accuracy": [0.0, 0.0, 0.0, 0.0, 0.0, 0.0, 0.0, 0.0, 0.0, 0.0, 0.0023183925077319145, 0.003863987745717168, 0.014683152548968792, 0.03786708042025566, 0.07650695741176605, 0.12210200726985931, 0.1707882583141327, 0.207109734416008, 0.23724883794784546, 0.26043277978897095, 0.28902626037597656, 0.3106645941734314, 0.3315301537513733, 0.3500772714614868, 0.3670788109302521, 0.40030911564826965, 0.4242658317089081, 0.4451313614845276, 0.458268940448761, 0.4636785089969635, 0.4799072742462158, 0.4891808331012726, 0.4914992153644562, 0.49381762742996216, 0.4953632056713104, 0.4969088137149811, 0.4976816177368164, 0.4969088137149811, 0.4992271959781647, 0.5007727742195129, 0.4992271959781647, 0.5054095983505249, 0.5069552063941956, 0.5030912160873413, 0.4969088137149811, 0.49613600969314575, 0.4914992153644562, 0.49845439195632935, 0.5139103531837463, 0.515455961227417], "all_token_val_accuracy": [0.0, 0.0, 0.0, 0.0, 0.0, 0.0, 0.0, 0.0, 0.0, 0.0, 0.0023183925077319145, 0.003863987745717168, 0.014683152548968792, 0.03786708042025566, 0.07650695741176605, 0.12210200726985931, 0.1707882583141327, 0.207109734416008, 0.23724883794784546, 0.26043277978897095, 0.28902626037597656, 0.3106645941734314, 0.3315301537513733, 0.3500772714614868, 0.3670788109302521, 0.40030911564826965, 0.4242658317089081, 0.4451313614845276, 0.458268940448761, 0.4636785089969635, 0.4799072742462158, 0.4891808331012726, 0.4914992153644562, 0.49381762742996216, 0.4953632056713104, 0.4969088137149811, 0.4976816177368164, 0.4969088137149811, 0.4992271959781647, 0.5007727742195129, 0.4992271959781647, 0.5054095983505249, 0.5069552063941956, 0.5030912160873413, 0.4969088137149811, 0.49613600969314575, 0.4914992153644562, 0.49845439195632935, 0.5139103531837463, 0.515455961227417]}}