{"scitail_b_train_3_32": {"num_of_epochs": 40, "learning_rate": 1e-05, "training_ds_fpath": "_train_3_32", "first_token_val_accuracy": [0.0, 0.0, 0.0, 0.0, 0.0, 0.0, 0.0, 0.0, 0.0007727975025773048, 0.0030911900103092194, 0.010046367533504963, 0.027820710092782974, 0.06336940079927444, 0.10587326437234879, 0.16151468455791473, 0.20556414127349854, 0.24034002423286438, 0.2743431329727173, 0.30448222160339355, 0.3423492908477783, 0.36630603671073914, 0.401081919670105, 0.4304482340812683, 0.4505409598350525, 0.4667696952819824, 0.48299846053123474, 0.49304482340812683, 0.49381762742996216, 0.4969088137149811, 0.4992271959781647, 0.4992271959781647, 0.5, 0.4992271959781647, 0.4969088137149811, 0.49845439195632935, 0.49845439195632935, 0.48840802907943726, 0.48068004846572876, 0.48299846053123474, 0.4922720193862915], "all_token_val_accuracy": [0.0, 0.0, 0.0, 0.0, 0.0, 0.0, 0.0, 0.0, 0.0007727975025773048, 0.0030911900103092194, 0.010046367533504963, 0.027820710092782974, 0.06336940079927444, 0.10587326437234879, 0.16151468455791473, 0.20556414127349854, 0.24034002423286438, 0.2743431329727173, 0.30448222160339355, 0.3423492908477783, 0.36630603671073914, 0.401081919670105, 0.4304482340812683, 0.4505409598350525, 0.4667696952819824, 0.48299846053123474, 0.49304482340812683, 0.49381762742996216, 0.4969088137149811, 0.4992271959781647, 0.4992271959781647, 0.5, 0.4992271959781647, 0.4969088137149811, 0.49845439195632935, 0.49845439195632935, 0.48840802907943726, 0.48068004846572876, 0.48299846053123474, 0.4922720193862915]}}