{"scitail_b_train_1_16": {"num_of_epochs": 10, "learning_rate": 0.0005, "training_ds_fpath": "_train_1_16", "first_token_val_accuracy": [0.49304482340812683, 0.4992271959781647, 0.5038639903068542, 0.48531684279441833, 0.5015456080436707, 0.484544038772583, 0.5185471177101135, 0.5085007548332214, 0.5517774224281311, 0.5455950498580933], "all_token_val_accuracy": [0.49304482340812683, 0.4992271959781647, 0.5038639903068542, 0.48531684279441833, 0.5015456080436707, 0.484544038772583, 0.5185471177101135, 0.5085007548332214, 0.5517774224281311, 0.5455950498580933]}}