{"scitail_b_train_3_64": {"num_of_epochs": 30, "learning_rate": 0.001, "training_ds_fpath": "_train_3_64", "first_token_val_accuracy": [0.5, 0.5, 0.5633693933486938, 0.5, 0.5, 0.5394126772880554, 0.5, 0.5819165110588074, 0.5, 0.5, 0.5, 0.5, 0.5, 0.5741885900497437, 0.515455961227417, 0.5255023241043091, 0.5185471177101135, 0.5146831274032593, 0.5216383337974548, 0.5069552063941956, 0.5247295498847961, 0.5162287354469299, 0.5602782368659973, 0.5819165110588074, 0.49072644114494324, 0.5007727742195129, 0.5185471177101135, 0.5030912160873413, 0.5069552063941956, 0.5100463628768921], "all_token_val_accuracy": [0.5, 0.5, 0.5633693933486938, 0.5, 0.5, 0.5394126772880554, 0.5, 0.5819165110588074, 0.5, 0.5, 0.5, 0.5, 0.5, 0.5741885900497437, 0.515455961227417, 0.5255023241043091, 0.5185471177101135, 0.5146831274032593, 0.5216383337974548, 0.5069552063941956, 0.5247295498847961, 0.5162287354469299, 0.5602782368659973, 0.5819165110588074, 0.49072644114494324, 0.5007727742195129, 0.5185471177101135, 0.5030912160873413, 0.5069552063941956, 0.5100463628768921]}}