{"scitail_b_train_9_4": {"num_of_epochs": 40, "learning_rate": 0.0005, "training_ds_fpath": "_train_9_4", "first_token_val_accuracy": [0.0, 0.11823802441358566, 0.09273570030927658, 0.21174652874469757, 0.416537880897522, 0.45749613642692566, 0.4891808331012726, 0.49845439195632935, 0.4992271959781647, 0.5, 0.5023183822631836, 0.5123647451400757, 0.5162287354469299, 0.5077279806137085, 0.5131375789642334, 0.4992271959781647, 0.5030912160873413, 0.5054095983505249, 0.5185471177101135, 0.5139103531837463, 0.5224111080169678, 0.5270479321479797, 0.5185471177101135, 0.5208655595779419, 0.5224111080169678, 0.5270479321479797, 0.5278207063674927, 0.5255023241043091, 0.5270479321479797, 0.5278207063674927, 0.5216383337974548, 0.5177743434906006, 0.5185471177101135, 0.5208655595779419, 0.5200927257537842, 0.5208655595779419, 0.5224111080169678, 0.5224111080169678, 0.5278207063674927, 0.526275098323822], "all_token_val_accuracy": [0.0, 0.11823802441358566, 0.09273570030927658, 0.21174652874469757, 0.416537880897522, 0.45749613642692566, 0.4891808331012726, 0.49845439195632935, 0.4992271959781647, 0.5, 0.5023183822631836, 0.5123647451400757, 0.5162287354469299, 0.5077279806137085, 0.5131375789642334, 0.4992271959781647, 0.5030912160873413, 0.5054095983505249, 0.5185471177101135, 0.5139103531837463, 0.5224111080169678, 0.5270479321479797, 0.5185471177101135, 0.5208655595779419, 0.5224111080169678, 0.5270479321479797, 0.5278207063674927, 0.5255023241043091, 0.5270479321479797, 0.5278207063674927, 0.5216383337974548, 0.5177743434906006, 0.5185471177101135, 0.5208655595779419, 0.5200927257537842, 0.5208655595779419, 0.5224111080169678, 0.5224111080169678, 0.5278207063674927, 0.526275098323822]}}