{"scitail_b_train_0_128": {"num_of_epochs": 50, "learning_rate": 0.0005, "training_ds_fpath": "_train_0_128", "first_token_val_accuracy": [0.6004636883735657, 0.6622874736785889, 0.7063369154930115, 0.6955177783966064, 0.6993817687034607, 0.7743431329727173, 0.7735702991485596, 0.7364760637283325, 0.7697063088417053, 0.7743431329727173, 0.7187017202377319, 0.6267387866973877, 0.6499227285385132, 0.7094281315803528, 0.7187017202377319, 0.6622874736785889, 0.7194744944572449, 0.6854714155197144, 0.6429675221443176, 0.6785162091255188, 0.6862441897392273, 0.6970633864402771, 0.6785162091255188, 0.7179288864135742, 0.6885625720024109, 0.6931993961334229, 0.6939721703529358, 0.69783616065979, 0.69783616065979, 0.698608934879303, 0.6924265623092651, 0.6947450041770935, 0.6893354058265686, 0.6816074252128601, 0.687017023563385, 0.6885625720024109, 0.6885625720024109, 0.6885625720024109, 0.6916537880897522, 0.6924265623092651, 0.6924265623092651, 0.6924265623092651, 0.6931993961334229, 0.6854714155197144, 0.6885625720024109, 0.6901081800460815, 0.698608934879303, 0.6931993961334229, 0.6939721703529358, 0.6924265623092651], "all_token_val_accuracy": [0.6004636883735657, 0.6622874736785889, 0.7063369154930115, 0.6955177783966064, 0.6993817687034607, 0.7743431329727173, 0.7735702991485596, 0.7364760637283325, 0.7697063088417053, 0.7743431329727173, 0.7187017202377319, 0.6267387866973877, 0.6499227285385132, 0.7094281315803528, 0.7187017202377319, 0.6622874736785889, 0.7194744944572449, 0.6854714155197144, 0.6429675221443176, 0.6785162091255188, 0.6862441897392273, 0.6970633864402771, 0.6785162091255188, 0.7179288864135742, 0.6885625720024109, 0.6931993961334229, 0.6939721703529358, 0.69783616065979, 0.69783616065979, 0.698608934879303, 0.6924265623092651, 0.6947450041770935, 0.6893354058265686, 0.6816074252128601, 0.687017023563385, 0.6885625720024109, 0.6885625720024109, 0.6885625720024109, 0.6916537880897522, 0.6924265623092651, 0.6924265623092651, 0.6924265623092651, 0.6931993961334229, 0.6854714155197144, 0.6885625720024109, 0.6901081800460815, 0.698608934879303, 0.6931993961334229, 0.6939721703529358, 0.6924265623092651]}}