{"scitail_b_train_0_4": {"num_of_epochs": 50, "learning_rate": 0.0005, "training_ds_fpath": "_train_0_4", "first_token_val_accuracy": [0.0007727975025773048, 0.04791344702243805, 0.3941267430782318, 0.44744977355003357, 0.49072644114494324, 0.4945904314517975, 0.5007727742195129, 0.5069552063941956, 0.526275098323822, 0.5092735886573792, 0.5347759127616882, 0.583462119102478, 0.5741885900497437, 0.5540958046913147, 0.5525502562522888, 0.5664606094360352, 0.5973724722862244, 0.6190108060836792, 0.6182380318641663, 0.6120556592941284, 0.6105100512504578, 0.6112828254699707, 0.6120556592941284, 0.615146815776825, 0.615146815776825, 0.614374041557312, 0.6166924238204956, 0.615146815776825, 0.6112828254699707, 0.6136012077331543, 0.6128284335136414, 0.615146815776825, 0.614374041557312, 0.615146815776825, 0.6182380318641663, 0.6182380318641663, 0.6174651980400085, 0.6213291883468628, 0.6182380318641663, 0.6197836399078369, 0.6205564141273499, 0.6166924238204956, 0.6120556592941284, 0.5734157562255859, 0.5710973739624023, 0.568006157875061, 0.5911900997161865, 0.6221020221710205, 0.6313755512237549, 0.6336939930915833], "all_token_val_accuracy": [0.0, 0.04791344702243805, 0.3941267430782318, 0.44744977355003357, 0.49072644114494324, 0.4945904314517975, 0.5007727742195129, 0.5069552063941956, 0.526275098323822, 0.5092735886573792, 0.5347759127616882, 0.583462119102478, 0.5741885900497437, 0.5540958046913147, 0.5525502562522888, 0.5664606094360352, 0.5973724722862244, 0.6190108060836792, 0.6182380318641663, 0.6120556592941284, 0.6105100512504578, 0.6112828254699707, 0.6120556592941284, 0.615146815776825, 0.615146815776825, 0.614374041557312, 0.6166924238204956, 0.615146815776825, 0.6112828254699707, 0.6136012077331543, 0.6128284335136414, 0.615146815776825, 0.614374041557312, 0.615146815776825, 0.6182380318641663, 0.6182380318641663, 0.6174651980400085, 0.6213291883468628, 0.6182380318641663, 0.6197836399078369, 0.6205564141273499, 0.6166924238204956, 0.6120556592941284, 0.5734157562255859, 0.5710973739624023, 0.568006157875061, 0.5911900997161865, 0.6221020221710205, 0.6313755512237549, 0.6336939930915833]}}