{"scitail_b_train_3_32": {"num_of_epochs": 40, "learning_rate": 0.0005, "training_ds_fpath": "_train_3_32", "first_token_val_accuracy": [0.45517775416374207, 0.5015456080436707, 0.5, 0.5, 0.515455961227417, 0.5007727742195129, 0.5092735886573792, 0.510819137096405, 0.5239567160606384, 0.5587326288223267, 0.5425038933753967, 0.5278207063674927, 0.5216383337974548, 0.5170015692710876, 0.5085007548332214, 0.5077279806137085, 0.5046367645263672, 0.49381762742996216, 0.486862450838089, 0.4822256565093994, 0.4922720193862915, 0.4945904314517975, 0.49304482340812683, 0.4953632056713104, 0.4976816177368164, 0.5038639903068542, 0.5100463628768921, 0.49304482340812683, 0.49072644114494324, 0.49072644114494324, 0.4969088137149811, 0.49845439195632935, 0.5069552063941956, 0.5023183822631836, 0.5007727742195129, 0.49381762742996216, 0.5023183822631836, 0.49613600969314575, 0.49381762742996216, 0.4914992153644562], "all_token_val_accuracy": [0.45517775416374207, 0.5015456080436707, 0.5, 0.5, 0.515455961227417, 0.5007727742195129, 0.5092735886573792, 0.510819137096405, 0.5239567160606384, 0.5587326288223267, 0.5425038933753967, 0.5278207063674927, 0.5216383337974548, 0.5170015692710876, 0.5085007548332214, 0.5077279806137085, 0.5046367645263672, 0.49381762742996216, 0.486862450838089, 0.4822256565093994, 0.4922720193862915, 0.4945904314517975, 0.49304482340812683, 0.4953632056713104, 0.4976816177368164, 0.5038639903068542, 0.5100463628768921, 0.49304482340812683, 0.49072644114494324, 0.49072644114494324, 0.4969088137149811, 0.49845439195632935, 0.5069552063941956, 0.5023183822631836, 0.5007727742195129, 0.49381762742996216, 0.5023183822631836, 0.49613600969314575, 0.49381762742996216, 0.4914992153644562]}}