{"scitail_b_train_6_64": {"num_of_epochs": 40, "learning_rate": 0.0001, "training_ds_fpath": "_train_6_64", "first_token_val_accuracy": [0.5007727742195129, 0.5324574708938599, 0.4992271959781647, 0.5378670692443848, 0.5556414127349854, 0.5486862659454346, 0.6020092964172363, 0.5278207063674927, 0.5811437368392944, 0.6058732867240906, 0.6221020221710205, 0.6437403559684753, 0.6615146994590759, 0.6676970720291138, 0.6545594930648804, 0.6854714155197144, 0.6599690914154053, 0.6553323268890381, 0.6808346509933472, 0.6483771204948425, 0.6468315124511719, 0.6676970720291138, 0.6707882285118103, 0.6591963171958923, 0.6398763656616211, 0.6931993961334229, 0.6831530332565308, 0.6839258074760437, 0.6854714155197144, 0.6916537880897522, 0.6908810138702393, 0.6908810138702393, 0.6615146994590759, 0.6885625720024109, 0.6839258074760437, 0.7009273767471313, 0.6445131301879883, 0.629830002784729, 0.6831530332565308, 0.6661514639854431], "all_token_val_accuracy": [0.5007727742195129, 0.5324574708938599, 0.4992271959781647, 0.5378670692443848, 0.5556414127349854, 0.5486862659454346, 0.6020092964172363, 0.5278207063674927, 0.5811437368392944, 0.6058732867240906, 0.6221020221710205, 0.6437403559684753, 0.6615146994590759, 0.6676970720291138, 0.6545594930648804, 0.6854714155197144, 0.6599690914154053, 0.6553323268890381, 0.6808346509933472, 0.6483771204948425, 0.6445131301879883, 0.6676970720291138, 0.6707882285118103, 0.6591963171958923, 0.6398763656616211, 0.6931993961334229, 0.6831530332565308, 0.6839258074760437, 0.6854714155197144, 0.6916537880897522, 0.6908810138702393, 0.6908810138702393, 0.6615146994590759, 0.6885625720024109, 0.6839258074760437, 0.7009273767471313, 0.6445131301879883, 0.629830002784729, 0.6831530332565308, 0.6661514639854431]}}