{"scitail_b_train_8_64": {"num_of_epochs": 50, "learning_rate": 0.0005, "training_ds_fpath": "_train_8_64", "first_token_val_accuracy": [0.515455961227417, 0.5324574708938599, 0.5340030789375305, 0.5030912160873413, 0.5819165110588074, 0.5888717174530029, 0.614374041557312, 0.6066460609436035, 0.6159196496009827, 0.6097372770309448, 0.640649139881134, 0.6228747963905334, 0.6182380318641663, 0.6437403559684753, 0.6445131301879883, 0.6429675221443176, 0.6414219737052917, 0.640649139881134, 0.6306027770042419, 0.6391035318374634, 0.6421947479248047, 0.6367851495742798, 0.6414219737052917, 0.6367851495742798, 0.6360123753547668, 0.6437403559684753, 0.645285964012146, 0.6421947479248047, 0.6429675221443176, 0.6421947479248047, 0.6414219737052917, 0.6383307576179504, 0.6375579833984375, 0.6375579833984375, 0.6367851495742798, 0.6383307576179504, 0.6367851495742798, 0.6367851495742798, 0.6367851495742798, 0.6360123753547668, 0.6360123753547668, 0.6367851495742798, 0.6352395415306091, 0.6383307576179504, 0.6445131301879883, 0.6398763656616211, 0.6367851495742798, 0.6391035318374634, 0.640649139881134, 0.6360123753547668], "all_token_val_accuracy": [0.515455961227417, 0.5324574708938599, 0.5340030789375305, 0.5030912160873413, 0.5819165110588074, 0.5888717174530029, 0.614374041557312, 0.6066460609436035, 0.6159196496009827, 0.6097372770309448, 0.640649139881134, 0.6228747963905334, 0.6182380318641663, 0.6437403559684753, 0.6445131301879883, 0.6429675221443176, 0.6414219737052917, 0.640649139881134, 0.6306027770042419, 0.6391035318374634, 0.6421947479248047, 0.6367851495742798, 0.6414219737052917, 0.6367851495742798, 0.6360123753547668, 0.6437403559684753, 0.645285964012146, 0.6421947479248047, 0.6429675221443176, 0.6421947479248047, 0.6414219737052917, 0.6383307576179504, 0.6375579833984375, 0.6375579833984375, 0.6367851495742798, 0.6383307576179504, 0.6367851495742798, 0.6367851495742798, 0.6367851495742798, 0.6360123753547668, 0.6360123753547668, 0.6367851495742798, 0.6352395415306091, 0.6383307576179504, 0.6445131301879883, 0.6398763656616211, 0.6367851495742798, 0.6391035318374634, 0.640649139881134, 0.6360123753547668]}}