{"scitail_b_train_7_128": {"num_of_epochs": 5, "learning_rate": 0.0001, "training_ds_fpath": "_train_7_128", "first_token_val_accuracy": [0.5131375789642334, 0.5479134321212769, 0.5, 0.6058732867240906, 0.5363214612007141], "all_token_val_accuracy": [0.5131375789642334, 0.5479134321212769, 0.5, 0.6058732867240906, 0.5363214612007141]}}