{"scitail_b_train_8_8": {"num_of_epochs": 20, "learning_rate": 0.0001, "training_ds_fpath": "_train_8_8", "first_token_val_accuracy": [0.0, 0.0, 0.0, 0.017774343490600586, 0.1862442046403885, 0.22333848476409912, 0.2565687894821167, 0.30216383934020996, 0.3547140657901764, 0.40494590997695923, 0.4505409598350525, 0.47295209765434265, 0.49072644114494324, 0.49613600969314575, 0.4976816177368164, 0.5030912160873413, 0.4605873227119446, 0.4945904314517975, 0.4992271959781647, 0.5046367645263672], "all_token_val_accuracy": [0.0, 0.0, 0.0, 0.017774343490600586, 0.1862442046403885, 0.22333848476409912, 0.2565687894821167, 0.30216383934020996, 0.3547140657901764, 0.40494590997695923, 0.4505409598350525, 0.47295209765434265, 0.49072644114494324, 0.49613600969314575, 0.4976816177368164, 0.5030912160873413, 0.4605873227119446, 0.4945904314517975, 0.4992271959781647, 0.5046367645263672]}}