{"scitail_b_train_7_128": {"num_of_epochs": 50, "learning_rate": 1e-05, "training_ds_fpath": "_train_7_128", "first_token_val_accuracy": [0.0, 0.0, 0.484544038772583, 0.4914992153644562, 0.46213293075561523, 0.45440495014190674, 0.4613601267337799, 0.4969088137149811, 0.5054095983505249, 0.5370942950248718, 0.48377126455307007, 0.5401854515075684, 0.49845439195632935, 0.5030912160873413, 0.5054095983505249, 0.515455961227417, 0.5092735886573792, 0.541731059551239, 0.5540958046913147, 0.5656877756118774, 0.5386399030685425, 0.5370942950248718, 0.5556414127349854, 0.5525502562522888, 0.5587326288223267, 0.5494590401649475, 0.5255023241043091, 0.598918080329895, 0.6112828254699707, 0.5819165110588074, 0.6205564141273499, 0.6020092964172363, 0.6398763656616211, 0.6522411108016968, 0.6599690914154053, 0.6692426800727844, 0.672333836555481, 0.6785162091255188, 0.7086553573608398, 0.6367851495742798, 0.7318392395973206, 0.7078825235366821, 0.6769706606864929, 0.7187017202377319, 0.7488408088684082, 0.7612055540084839, 0.7642967700958252, 0.7519319653511047, 0.7851622700691223, 0.7519319653511047], "all_token_val_accuracy": [0.0, 0.0, 0.484544038772583, 0.4914992153644562, 0.46213293075561523, 0.45440495014190674, 0.4613601267337799, 0.4969088137149811, 0.5054095983505249, 0.5370942950248718, 0.48377126455307007, 0.5401854515075684, 0.49845439195632935, 0.5030912160873413, 0.5054095983505249, 0.515455961227417, 0.5092735886573792, 0.541731059551239, 0.5540958046913147, 0.5656877756118774, 0.5386399030685425, 0.5370942950248718, 0.5556414127349854, 0.5525502562522888, 0.5587326288223267, 0.5494590401649475, 0.5255023241043091, 0.598918080329895, 0.6112828254699707, 0.5819165110588074, 0.6205564141273499, 0.6020092964172363, 0.6398763656616211, 0.6522411108016968, 0.6599690914154053, 0.6692426800727844, 0.672333836555481, 0.6785162091255188, 0.7086553573608398, 0.6367851495742798, 0.7318392395973206, 0.7078825235366821, 0.6769706606864929, 0.7187017202377319, 0.7488408088684082, 0.7612055540084839, 0.7642967700958252, 0.7519319653511047, 0.7851622700691223, 0.7519319653511047]}}