{"scitail_b_train_5_16": {"num_of_epochs": 10, "learning_rate": 0.001, "training_ds_fpath": "_train_5_16", "first_token_val_accuracy": [0.5, 0.530911922454834, 0.5363214612007141, 0.5077279806137085, 0.5332303047180176, 0.5324574708938599, 0.5324574708938599, 0.5510046482086182, 0.5656877756118774, 0.5556414127349854], "all_token_val_accuracy": [0.5, 0.530911922454834, 0.5363214612007141, 0.5077279806137085, 0.5332303047180176, 0.5324574708938599, 0.5324574708938599, 0.5510046482086182, 0.5656877756118774, 0.5556414127349854]}}