{"scitail_b_train_3_16": {"num_of_epochs": 20, "learning_rate": 1e-05, "training_ds_fpath": "_train_3_16", "first_token_val_accuracy": [0.0, 0.0, 0.0, 0.0, 0.0, 0.0, 0.0, 0.0, 0.0, 0.0, 0.0, 0.0, 0.0, 0.0, 0.0, 0.0, 0.0015455950051546097, 0.003863987745717168, 0.0069551775231957436, 0.017774343490600586], "all_token_val_accuracy": [0.0, 0.0, 0.0, 0.0, 0.0, 0.0, 0.0, 0.0, 0.0, 0.0, 0.0, 0.0, 0.0, 0.0, 0.0, 0.0, 0.0015455950051546097, 0.003863987745717168, 0.0069551775231957436, 0.017774343490600586]}}