{"scitail_b_train_2_32": {"num_of_epochs": 10, "learning_rate": 0.001, "training_ds_fpath": "_train_2_32", "first_token_val_accuracy": [0.5, 0.4976816177368164, 0.5208655595779419, 0.5370942950248718, 0.5425038933753967, 0.5819165110588074, 0.5795981287956238, 0.614374041557312, 0.5981453061103821, 0.5896444916725159], "all_token_val_accuracy": [0.5, 0.4976816177368164, 0.5208655595779419, 0.5370942950248718, 0.5425038933753967, 0.5819165110588074, 0.5795981287956238, 0.614374041557312, 0.5981453061103821, 0.5896444916725159]}}