{"scitail_b_train_6_64": {"num_of_epochs": 50, "learning_rate": 0.0005, "training_ds_fpath": "_train_6_64", "first_token_val_accuracy": [0.5, 0.5015456080436707, 0.5085007548332214, 0.6128284335136414, 0.5780525207519531, 0.6537867188453674, 0.629830002784729, 0.656877875328064, 0.6213291883468628, 0.5850077271461487, 0.614374041557312, 0.599690854549408, 0.6066460609436035, 0.6329211592674255, 0.6259660124778748, 0.640649139881134, 0.6344667673110962, 0.6360123753547668, 0.6290571689605713, 0.6321483850479126, 0.6360123753547668, 0.6414219737052917, 0.6375579833984375, 0.6375579833984375, 0.6375579833984375, 0.6398763656616211, 0.6437403559684753, 0.6437403559684753, 0.6360123753547668, 0.6468315124511719, 0.6483771204948425, 0.6483771204948425, 0.6483771204948425, 0.6421947479248047, 0.645285964012146, 0.6476043462753296, 0.6499227285385132, 0.6584234833717346, 0.6576507091522217, 0.6591963171958923, 0.6599690914154053, 0.6607418656349182, 0.6591963171958923, 0.6584234833717346, 0.6591963171958923, 0.6591963171958923, 0.6591963171958923, 0.6599690914154053, 0.6684698462486267, 0.6661514639854431], "all_token_val_accuracy": [0.5, 0.5015456080436707, 0.5085007548332214, 0.6128284335136414, 0.5780525207519531, 0.6537867188453674, 0.629830002784729, 0.656877875328064, 0.6213291883468628, 0.5850077271461487, 0.614374041557312, 0.599690854549408, 0.6066460609436035, 0.6329211592674255, 0.6259660124778748, 0.640649139881134, 0.6344667673110962, 0.6360123753547668, 0.6290571689605713, 0.6321483850479126, 0.6360123753547668, 0.6414219737052917, 0.6375579833984375, 0.6375579833984375, 0.6375579833984375, 0.6398763656616211, 0.6437403559684753, 0.6437403559684753, 0.6360123753547668, 0.6468315124511719, 0.6483771204948425, 0.6483771204948425, 0.6483771204948425, 0.6421947479248047, 0.645285964012146, 0.6476043462753296, 0.6499227285385132, 0.6584234833717346, 0.6576507091522217, 0.6591963171958923, 0.6599690914154053, 0.6607418656349182, 0.6591963171958923, 0.6584234833717346, 0.6591963171958923, 0.6591963171958923, 0.6591963171958923, 0.6599690914154053, 0.6684698462486267, 0.6661514639854431]}}