{"scitail_b_train_8_128": {"num_of_epochs": 30, "learning_rate": 0.001, "training_ds_fpath": "_train_8_128", "first_token_val_accuracy": [0.5, 0.5100463628768921, 0.6367851495742798, 0.5046367645263672, 0.6684698462486267, 0.6530138850212097, 0.6329211592674255, 0.5270479321479797, 0.672333836555481, 0.6506955027580261, 0.6267387866973877, 0.6221020221710205, 0.6437403559684753, 0.6491498947143555, 0.6174651980400085, 0.6460587382316589, 0.6414219737052917, 0.6205564141273499, 0.5718701481819153, 0.6692426800727844, 0.6051004528999329, 0.572642982006073, 0.6159196496009827, 0.5973724722862244, 0.5741885900497437, 0.5718701481819153, 0.5548686385154724, 0.5656877756118774, 0.5826893448829651, 0.5803709626197815], "all_token_val_accuracy": [0.5, 0.5100463628768921, 0.6367851495742798, 0.5046367645263672, 0.6684698462486267, 0.6530138850212097, 0.6329211592674255, 0.5270479321479797, 0.672333836555481, 0.6506955027580261, 0.6267387866973877, 0.6221020221710205, 0.6437403559684753, 0.6491498947143555, 0.6174651980400085, 0.6460587382316589, 0.6414219737052917, 0.6205564141273499, 0.5718701481819153, 0.6692426800727844, 0.6051004528999329, 0.572642982006073, 0.6159196496009827, 0.5973724722862244, 0.5741885900497437, 0.5718701481819153, 0.5548686385154724, 0.5656877756118774, 0.5826893448829651, 0.5803709626197815]}}