{"scitail_b_train_6_16": {"num_of_epochs": 30, "learning_rate": 0.0001, "training_ds_fpath": "_train_6_16", "first_token_val_accuracy": [0.0, 0.011591962538659573, 0.21174652874469757, 0.3547140657901764, 0.47758886218070984, 0.4992271959781647, 0.4945904314517975, 0.4513137638568878, 0.5123647451400757, 0.5054095983505249, 0.5061823725700378, 0.4891808331012726, 0.5, 0.5077279806137085, 0.515455961227417, 0.5200927257537842, 0.5216383337974548, 0.5255023241043091, 0.5332303047180176, 0.5401854515075684, 0.5386399030685425, 0.5486862659454346, 0.557959794998169, 0.5525502562522888, 0.5401854515075684, 0.5340030789375305, 0.5440494418144226, 0.5602782368659973, 0.5556414127349854, 0.5765069723129272], "all_token_val_accuracy": [0.0, 0.011591962538659573, 0.21174652874469757, 0.3547140657901764, 0.47758886218070984, 0.4992271959781647, 0.4945904314517975, 0.4513137638568878, 0.5123647451400757, 0.5054095983505249, 0.5061823725700378, 0.4891808331012726, 0.5, 0.5077279806137085, 0.515455961227417, 0.5200927257537842, 0.5216383337974548, 0.5255023241043091, 0.5332303047180176, 0.5401854515075684, 0.5386399030685425, 0.5486862659454346, 0.557959794998169, 0.5525502562522888, 0.5401854515075684, 0.5340030789375305, 0.5440494418144226, 0.5602782368659973, 0.5556414127349854, 0.5765069723129272]}}