{"scitail_b_train_6_32": {"num_of_epochs": 40, "learning_rate": 0.0005, "training_ds_fpath": "_train_6_32", "first_token_val_accuracy": [0.42581143975257874, 0.5, 0.5139103531837463, 0.5440494418144226, 0.5734157562255859, 0.5556414127349854, 0.5919629335403442, 0.5942813158035278, 0.6120556592941284, 0.6197836399078369, 0.6236476302146912, 0.629830002784729, 0.6112828254699707, 0.6383307576179504, 0.6213291883468628, 0.6190108060836792, 0.6197836399078369, 0.6051004528999329, 0.58809894323349, 0.5687789916992188, 0.5911900997161865, 0.6105100512504578, 0.5710973739624023, 0.6267387866973877, 0.6043276786804199, 0.6097372770309448, 0.6205564141273499, 0.6051004528999329, 0.6043276786804199, 0.6081916689872742, 0.6105100512504578, 0.6105100512504578, 0.6089644432067871, 0.6136012077331543, 0.6120556592941284, 0.6074188351631165, 0.6120556592941284, 0.6166924238204956, 0.614374041557312, 0.6182380318641663], "all_token_val_accuracy": [0.42581143975257874, 0.5, 0.5139103531837463, 0.5440494418144226, 0.5734157562255859, 0.5556414127349854, 0.5919629335403442, 0.5942813158035278, 0.6120556592941284, 0.6197836399078369, 0.6236476302146912, 0.629830002784729, 0.6112828254699707, 0.6383307576179504, 0.6213291883468628, 0.6190108060836792, 0.6197836399078369, 0.6051004528999329, 0.58809894323349, 0.5687789916992188, 0.5911900997161865, 0.6105100512504578, 0.5710973739624023, 0.6267387866973877, 0.6043276786804199, 0.6097372770309448, 0.6205564141273499, 0.6051004528999329, 0.6043276786804199, 0.6081916689872742, 0.6105100512504578, 0.6105100512504578, 0.6089644432067871, 0.6136012077331543, 0.6120556592941284, 0.6074188351631165, 0.6120556592941284, 0.6166924238204956, 0.614374041557312, 0.6182380318641663]}}