{"scitail_b_train_1_64": {"num_of_epochs": 50, "learning_rate": 1e-05, "training_ds_fpath": "_train_1_64", "first_token_val_accuracy": [0.0, 0.0, 0.0, 0.0, 0.0007727975025773048, 0.41112828254699707, 0.4922720193862915, 0.48068004846572876, 0.44744977355003357, 0.44976815581321716, 0.4590417444705963, 0.4505409598350525, 0.46754249930381775, 0.49613600969314575, 0.486862450838089, 0.49381762742996216, 0.5046367645263672, 0.4969088137149811, 0.5115919709205627, 0.5100463628768921, 0.5069552063941956, 0.5193199515342712, 0.5324574708938599, 0.5216383337974548, 0.5324574708938599, 0.5200927257537842, 0.5247295498847961, 0.5255023241043091, 0.5247295498847961, 0.5200927257537842, 0.5293663144111633, 0.5185471177101135, 0.5378670692443848, 0.5340030789375305, 0.5471406579017639, 0.5270479321479797, 0.5602782368659973, 0.5216383337974548, 0.5270479321479797, 0.5162287354469299, 0.5378670692443848, 0.557959794998169, 0.541731059551239, 0.5185471177101135, 0.5177743434906006, 0.5247295498847961, 0.526275098323822, 0.5231839418411255, 0.5324574708938599, 0.568006157875061], "all_token_val_accuracy": [0.0, 0.0, 0.0, 0.0, 0.0007727975025773048, 0.41112828254699707, 0.4922720193862915, 0.48068004846572876, 0.44744977355003357, 0.44976815581321716, 0.4590417444705963, 0.4505409598350525, 0.46754249930381775, 0.49613600969314575, 0.486862450838089, 0.49381762742996216, 0.5046367645263672, 0.4969088137149811, 0.5115919709205627, 0.5100463628768921, 0.5069552063941956, 0.5193199515342712, 0.5324574708938599, 0.5216383337974548, 0.5324574708938599, 0.5200927257537842, 0.5247295498847961, 0.5255023241043091, 0.5247295498847961, 0.5200927257537842, 0.5293663144111633, 0.5185471177101135, 0.5378670692443848, 0.5340030789375305, 0.5471406579017639, 0.5270479321479797, 0.5602782368659973, 0.5216383337974548, 0.5270479321479797, 0.5162287354469299, 0.5378670692443848, 0.557959794998169, 0.541731059551239, 0.5185471177101135, 0.5177743434906006, 0.5247295498847961, 0.526275098323822, 0.5231839418411255, 0.5324574708938599, 0.568006157875061]}}