{"scitail_b_train_0_8": {"num_of_epochs": 30, "learning_rate": 0.0001, "training_ds_fpath": "_train_0_8", "first_token_val_accuracy": [0.0, 0.0, 0.0, 0.0007727975025773048, 0.007727975491434336, 0.04868624359369278, 0.20324574410915375, 0.3207109868526459, 0.3802163898944855, 0.4227202534675598, 0.45208656787872314, 0.4683153033256531, 0.4814528524875641, 0.4899536371231079, 0.49845439195632935, 0.4667696952819824, 0.4814528524875641, 0.5177743434906006, 0.5170015692710876, 0.5185471177101135, 0.5293663144111633, 0.5193199515342712, 0.5085007548332214, 0.5123647451400757, 0.5185471177101135, 0.5162287354469299, 0.5285934805870056, 0.5401854515075684, 0.541731059551239, 0.5471406579017639], "all_token_val_accuracy": [0.0, 0.0, 0.0, 0.0007727975025773048, 0.007727975491434336, 0.04868624359369278, 0.20324574410915375, 0.3207109868526459, 0.3802163898944855, 0.4227202534675598, 0.45208656787872314, 0.4683153033256531, 0.4814528524875641, 0.4899536371231079, 0.49845439195632935, 0.4667696952819824, 0.4814528524875641, 0.5177743434906006, 0.5170015692710876, 0.5185471177101135, 0.5293663144111633, 0.5193199515342712, 0.5085007548332214, 0.5123647451400757, 0.5185471177101135, 0.5162287354469299, 0.5285934805870056, 0.5401854515075684, 0.541731059551239, 0.5471406579017639]}}