{"scitail_b_train_5_4": {"num_of_epochs": 30, "learning_rate": 0.0005, "training_ds_fpath": "_train_5_4", "first_token_val_accuracy": [0.0, 0.12751159071922302, 0.32998454570770264, 0.442812979221344, 0.4173106551170349, 0.46986088156700134, 0.49845439195632935, 0.4992271959781647, 0.4992271959781647, 0.5, 0.5502318143844604, 0.5386399030685425, 0.5324574708938599, 0.5471406579017639, 0.5641421675682068, 0.5100463628768921, 0.5123647451400757, 0.5170015692710876, 0.5177743434906006, 0.5316846966743469, 0.5602782368659973, 0.5425038933753967, 0.5278207063674927, 0.5255023241043091, 0.5270479321479797, 0.5247295498847961, 0.5247295498847961, 0.5255023241043091, 0.5301390886306763, 0.5332303047180176], "all_token_val_accuracy": [0.0, 0.12751159071922302, 0.32998454570770264, 0.442812979221344, 0.4173106551170349, 0.46986088156700134, 0.49845439195632935, 0.4992271959781647, 0.4992271959781647, 0.5, 0.5502318143844604, 0.5386399030685425, 0.5324574708938599, 0.5471406579017639, 0.5641421675682068, 0.5100463628768921, 0.5123647451400757, 0.5170015692710876, 0.5177743434906006, 0.5316846966743469, 0.5602782368659973, 0.5425038933753967, 0.5278207063674927, 0.5255023241043091, 0.5270479321479797, 0.5247295498847961, 0.5247295498847961, 0.5255023241043091, 0.5301390886306763, 0.5332303047180176]}}