{"scitail_b_train_8_128": {"num_of_epochs": 50, "learning_rate": 0.001, "training_ds_fpath": "_train_8_128", "first_token_val_accuracy": [0.5340030789375305, 0.6329211592674255, 0.6275116205215454, 0.5850077271461487, 0.5958268642425537, 0.6375579833984375, 0.6468315124511719, 0.6058732867240906, 0.6321483850479126, 0.6027820706367493, 0.5965996980667114, 0.583462119102478, 0.5803709626197815, 0.5911900997161865, 0.6352395415306091, 0.6159196496009827, 0.6058732867240906, 0.6120556592941284, 0.6128284335136414, 0.6112828254699707, 0.6159196496009827, 0.6120556592941284, 0.6112828254699707, 0.6089644432067871, 0.5649150013923645, 0.599690854549408, 0.5741885900497437, 0.5656877756118774, 0.6089644432067871, 0.5904173254966736, 0.6012364625930786, 0.6020092964172363, 0.557959794998169, 0.557959794998169, 0.568006157875061, 0.5981453061103821, 0.5865533351898193, 0.6066460609436035, 0.5973724722862244, 0.5803709626197815, 0.6012364625930786, 0.5610510110855103, 0.5703245997428894, 0.5981453061103821, 0.5973724722862244, 0.5950540900230408, 0.6089644432067871, 0.5950540900230408, 0.5973724722862244, 0.5007727742195129], "all_token_val_accuracy": [0.5340030789375305, 0.6329211592674255, 0.6275116205215454, 0.5850077271461487, 0.5958268642425537, 0.6375579833984375, 0.6468315124511719, 0.6058732867240906, 0.6321483850479126, 0.6027820706367493, 0.5965996980667114, 0.583462119102478, 0.5803709626197815, 0.5911900997161865, 0.6352395415306091, 0.6159196496009827, 0.6058732867240906, 0.6120556592941284, 0.6128284335136414, 0.6112828254699707, 0.6159196496009827, 0.6120556592941284, 0.6112828254699707, 0.6089644432067871, 0.5649150013923645, 0.599690854549408, 0.5741885900497437, 0.5656877756118774, 0.6089644432067871, 0.5904173254966736, 0.6012364625930786, 0.6020092964172363, 0.557959794998169, 0.557959794998169, 0.568006157875061, 0.5981453061103821, 0.5865533351898193, 0.6066460609436035, 0.5973724722862244, 0.5803709626197815, 0.6012364625930786, 0.5610510110855103, 0.5703245997428894, 0.5981453061103821, 0.5973724722862244, 0.5950540900230408, 0.6089644432067871, 0.5950540900230408, 0.5973724722862244, 0.5007727742195129]}}