{"scitail_b_train_0_16": {"num_of_epochs": 30, "learning_rate": 0.001, "training_ds_fpath": "_train_0_16", "first_token_val_accuracy": [0.4899536371231079, 0.5193199515342712, 0.5061823725700378, 0.5595054030418396, 0.510819137096405, 0.5819165110588074, 0.5695517659187317, 0.5208655595779419, 0.5324574708938599, 0.5425038933753967, 0.5394126772880554, 0.5401854515075684, 0.5394126772880554, 0.5340030789375305, 0.5355486869812012, 0.5324574708938599, 0.5448222756385803, 0.5471406579017639, 0.5455950498580933, 0.5448222756385803, 0.541731059551239, 0.5347759127616882, 0.5324574708938599, 0.5370942950248718, 0.5355486869812012, 0.5355486869812012, 0.5355486869812012, 0.5340030789375305, 0.5355486869812012, 0.5355486869812012], "all_token_val_accuracy": [0.4899536371231079, 0.5193199515342712, 0.5061823725700378, 0.5595054030418396, 0.510819137096405, 0.5819165110588074, 0.5695517659187317, 0.5208655595779419, 0.5324574708938599, 0.5425038933753967, 0.5394126772880554, 0.5401854515075684, 0.5394126772880554, 0.5340030789375305, 0.5355486869812012, 0.5324574708938599, 0.5448222756385803, 0.5471406579017639, 0.5455950498580933, 0.5448222756385803, 0.541731059551239, 0.5347759127616882, 0.5324574708938599, 0.5370942950248718, 0.5355486869812012, 0.5355486869812012, 0.5355486869812012, 0.5340030789375305, 0.5355486869812012, 0.5355486869812012]}}