{"scitail_b_train_1_64": {"num_of_epochs": 20, "learning_rate": 0.0001, "training_ds_fpath": "_train_1_64", "first_token_val_accuracy": [0.4945904314517975, 0.48531684279441833, 0.5471406579017639, 0.5278207063674927, 0.5641421675682068, 0.5100463628768921, 0.5216383337974548, 0.5231839418411255, 0.5502318143844604, 0.6360123753547668, 0.6182380318641663, 0.6321483850479126, 0.6004636883735657, 0.6491498947143555, 0.5904173254966736, 0.5741885900497437, 0.6437403559684753, 0.5610510110855103, 0.6159196496009827, 0.6383307576179504], "all_token_val_accuracy": [0.4945904314517975, 0.48531684279441833, 0.5471406579017639, 0.5278207063674927, 0.5641421675682068, 0.5100463628768921, 0.5216383337974548, 0.5231839418411255, 0.5502318143844604, 0.6360123753547668, 0.6182380318641663, 0.6321483850479126, 0.6004636883735657, 0.6491498947143555, 0.5904173254966736, 0.5741885900497437, 0.6437403559684753, 0.5610510110855103, 0.6159196496009827, 0.6383307576179504]}}