{"scitail_b_train_7_32": {"num_of_epochs": 5, "learning_rate": 0.0005, "training_ds_fpath": "_train_7_32", "first_token_val_accuracy": [0.4659969210624695, 0.5038639903068542, 0.5324574708938599, 0.5177743434906006, 0.572642982006073], "all_token_val_accuracy": [0.4659969210624695, 0.5038639903068542, 0.5324574708938599, 0.5177743434906006, 0.572642982006073]}}