{"scitail_b_train_4_32": {"num_of_epochs": 30, "learning_rate": 0.0001, "training_ds_fpath": "_train_4_32", "first_token_val_accuracy": [0.13523957133293152, 0.48608964681625366, 0.5, 0.5, 0.49381762742996216, 0.49304482340812683, 0.5030912160873413, 0.5200927257537842, 0.5255023241043091, 0.5370942950248718, 0.5455950498580933, 0.5517774224281311, 0.5672333836555481, 0.5749613642692566, 0.5757341384887695, 0.5803709626197815, 0.5857805013656616, 0.6043276786804199, 0.5942813158035278, 0.6105100512504578, 0.5973724722862244, 0.6020092964172363, 0.6027820706367493, 0.5904173254966736, 0.5942813158035278, 0.5973724722862244, 0.598918080329895, 0.6174651980400085, 0.5927357077598572, 0.6267387866973877], "all_token_val_accuracy": [0.13523957133293152, 0.48608964681625366, 0.5, 0.5, 0.49381762742996216, 0.49304482340812683, 0.5030912160873413, 0.5200927257537842, 0.5255023241043091, 0.5370942950248718, 0.5455950498580933, 0.5517774224281311, 0.5672333836555481, 0.5749613642692566, 0.5757341384887695, 0.5803709626197815, 0.5857805013656616, 0.6043276786804199, 0.5942813158035278, 0.6105100512504578, 0.5973724722862244, 0.6020092964172363, 0.6027820706367493, 0.5904173254966736, 0.5942813158035278, 0.5973724722862244, 0.598918080329895, 0.6174651980400085, 0.5927357077598572, 0.6267387866973877]}}