{"scitail_b_train_3_16": {"num_of_epochs": 30, "learning_rate": 0.001, "training_ds_fpath": "_train_3_16", "first_token_val_accuracy": [0.5023183822631836, 0.49381762742996216, 0.5030912160873413, 0.5455950498580933, 0.5494590401649475, 0.541731059551239, 0.5162287354469299, 0.5587326288223267, 0.5293663144111633, 0.5270479321479797, 0.5355486869812012, 0.541731059551239, 0.5425038933753967, 0.5432766675949097, 0.541731059551239, 0.5448222756385803, 0.5479134321212769, 0.5525502562522888, 0.5510046482086182, 0.5463678240776062, 0.5479134321212769, 0.5440494418144226, 0.5170015692710876, 0.5633693933486938, 0.5463678240776062, 0.5432766675949097, 0.5664606094360352, 0.557959794998169, 0.5556414127349854, 0.5656877756118774], "all_token_val_accuracy": [0.5023183822631836, 0.49381762742996216, 0.5030912160873413, 0.5455950498580933, 0.5494590401649475, 0.541731059551239, 0.5162287354469299, 0.5587326288223267, 0.5293663144111633, 0.5270479321479797, 0.5355486869812012, 0.541731059551239, 0.5425038933753967, 0.5432766675949097, 0.541731059551239, 0.5448222756385803, 0.5479134321212769, 0.5525502562522888, 0.5510046482086182, 0.5463678240776062, 0.5479134321212769, 0.5440494418144226, 0.5170015692710876, 0.5633693933486938, 0.5463678240776062, 0.5432766675949097, 0.5664606094360352, 0.557959794998169, 0.5556414127349854, 0.5656877756118774]}}