{"scitail_b_train_7_128": {"num_of_epochs": 10, "learning_rate": 0.0001, "training_ds_fpath": "_train_7_128", "first_token_val_accuracy": [0.49304482340812683, 0.5139103531837463, 0.5069552063941956, 0.6306027770042419, 0.6012364625930786, 0.7063369154930115, 0.6931993961334229, 0.7426584362983704, 0.7009273767471313, 0.7040185332298279], "all_token_val_accuracy": [0.49304482340812683, 0.5139103531837463, 0.5069552063941956, 0.6306027770042419, 0.6012364625930786, 0.7063369154930115, 0.6931993961334229, 0.7426584362983704, 0.7009273767471313, 0.7040185332298279]}}