{"scitail_b_train_6_64": {"num_of_epochs": 30, "learning_rate": 0.001, "training_ds_fpath": "_train_6_64", "first_token_val_accuracy": [0.5965996980667114, 0.5092735886573792, 0.5850077271461487, 0.6221020221710205, 0.6259660124778748, 0.6066460609436035, 0.6398763656616211, 0.6035548448562622, 0.5826893448829651, 0.5432766675949097, 0.5370942950248718, 0.5641421675682068, 0.5564142465591431, 0.583462119102478, 0.583462119102478, 0.5826893448829651, 0.583462119102478, 0.5795981287956238, 0.5788253545761108, 0.5811437368392944, 0.5780525207519531, 0.5857805013656616, 0.557187020778656, 0.5625966191291809, 0.5911900997161865, 0.5888717174530029, 0.5927357077598572, 0.5896444916725159, 0.5896444916725159, 0.5896444916725159], "all_token_val_accuracy": [0.5965996980667114, 0.5092735886573792, 0.5850077271461487, 0.6221020221710205, 0.6259660124778748, 0.6066460609436035, 0.6398763656616211, 0.6035548448562622, 0.5826893448829651, 0.5432766675949097, 0.5370942950248718, 0.5641421675682068, 0.5564142465591431, 0.583462119102478, 0.583462119102478, 0.5826893448829651, 0.583462119102478, 0.5795981287956238, 0.5788253545761108, 0.5811437368392944, 0.5780525207519531, 0.5857805013656616, 0.557187020778656, 0.5625966191291809, 0.5911900997161865, 0.5888717174530029, 0.5927357077598572, 0.5896444916725159, 0.5896444916725159, 0.5896444916725159]}}