{"scitail_b_train_9_32": {"num_of_epochs": 50, "learning_rate": 0.0005, "training_ds_fpath": "_train_9_32", "first_token_val_accuracy": [0.5069552063941956, 0.5007727742195129, 0.5734157562255859, 0.5734157562255859, 0.5069552063941956, 0.5, 0.5, 0.5, 0.4992271959781647, 0.4992271959781647, 0.4992271959781647, 0.4992271959781647, 0.5, 0.4992271959781647, 0.5092735886573792, 0.4992271959781647, 0.49381762742996216, 0.5, 0.5, 0.5, 0.4992271959781647, 0.5, 0.4953632056713104, 0.5, 0.4969088137149811, 0.5007727742195129, 0.5, 0.5, 0.5030912160873413, 0.4899536371231079, 0.4976816177368164, 0.5023183822631836, 0.5030912160873413, 0.49845439195632935, 0.5, 0.5, 0.5, 0.5, 0.5, 0.5, 0.5, 0.5, 0.5, 0.5, 0.5, 0.49845439195632935, 0.49613600969314575, 0.5, 0.5, 0.5], "all_token_val_accuracy": [0.5069552063941956, 0.5007727742195129, 0.5734157562255859, 0.5734157562255859, 0.5069552063941956, 0.5, 0.5, 0.5, 0.4992271959781647, 0.4992271959781647, 0.4992271959781647, 0.4992271959781647, 0.5, 0.4992271959781647, 0.5092735886573792, 0.4992271959781647, 0.49381762742996216, 0.5, 0.5, 0.5, 0.4992271959781647, 0.5, 0.4953632056713104, 0.5, 0.4969088137149811, 0.5007727742195129, 0.5, 0.5, 0.5030912160873413, 0.4899536371231079, 0.4976816177368164, 0.5023183822631836, 0.5030912160873413, 0.49845439195632935, 0.5, 0.5, 0.5, 0.5, 0.5, 0.5, 0.5, 0.5, 0.5, 0.5, 0.5, 0.49845439195632935, 0.49613600969314575, 0.5, 0.5, 0.5]}}