{"scitail_b_train_4_8": {"num_of_epochs": 50, "learning_rate": 0.0005, "training_ds_fpath": "_train_4_8", "first_token_val_accuracy": [0.09428130090236664, 0.2457496076822281, 0.4219474494457245, 0.5054095983505249, 0.5123647451400757, 0.4690881073474884, 0.47295209765434265, 0.486862450838089, 0.4799072742462158, 0.47295209765434265, 0.471406489610672, 0.4768160879611969, 0.4690881073474884, 0.471406489610672, 0.47836166620254517, 0.4799072742462158, 0.47527047991752625, 0.4799072742462158, 0.47295209765434265, 0.46445131301879883, 0.4667696952819824, 0.46754249930381775, 0.4667696952819824, 0.46445131301879883, 0.46213293075561523, 0.458268940448761, 0.4605873227119446, 0.4636785089969635, 0.4683153033256531, 0.4744976758956909, 0.4744976758956909, 0.4768160879611969, 0.4760432839393616, 0.47295209765434265, 0.47527047991752625, 0.46986088156700134, 0.46986088156700134, 0.47063368558883667, 0.471406489610672, 0.4690881073474884, 0.4737248718738556, 0.4768160879611969, 0.47836166620254517, 0.4768160879611969, 0.4721792936325073, 0.4737248718738556, 0.4744976758956909, 0.4791344702243805, 0.4744976758956909, 0.47758886218070984], "all_token_val_accuracy": [0.09428130090236664, 0.2457496076822281, 0.4219474494457245, 0.5054095983505249, 0.5123647451400757, 0.4690881073474884, 0.47295209765434265, 0.486862450838089, 0.4799072742462158, 0.47295209765434265, 0.471406489610672, 0.4768160879611969, 0.4690881073474884, 0.471406489610672, 0.47836166620254517, 0.4799072742462158, 0.47527047991752625, 0.4799072742462158, 0.47295209765434265, 0.46445131301879883, 0.4667696952819824, 0.46754249930381775, 0.4667696952819824, 0.46445131301879883, 0.46213293075561523, 0.458268940448761, 0.4605873227119446, 0.4636785089969635, 0.4683153033256531, 0.4744976758956909, 0.4744976758956909, 0.4768160879611969, 0.4760432839393616, 0.47295209765434265, 0.47527047991752625, 0.46986088156700134, 0.46986088156700134, 0.47063368558883667, 0.471406489610672, 0.4690881073474884, 0.4737248718738556, 0.4768160879611969, 0.47836166620254517, 0.4768160879611969, 0.4721792936325073, 0.4737248718738556, 0.4744976758956909, 0.4791344702243805, 0.4744976758956909, 0.47758886218070984]}}