{"scitail_b_train_9_64": {"num_of_epochs": 10, "learning_rate": 0.001, "training_ds_fpath": "_train_9_64", "first_token_val_accuracy": [0.5, 0.5, 0.4922720193862915, 0.48531684279441833, 0.5425038933753967, 0.5, 0.5, 0.5, 0.5, 0.5], "all_token_val_accuracy": [0.5, 0.5, 0.4922720193862915, 0.48531684279441833, 0.5425038933753967, 0.5, 0.5, 0.5, 0.5, 0.5]}}