{"scitail_b_train_2_4": {"num_of_epochs": 50, "learning_rate": 0.001, "training_ds_fpath": "_train_2_4", "first_token_val_accuracy": [0.14837712049484253, 0.455950528383255, 0.4992271959781647, 0.49381762742996216, 0.5, 0.5, 0.4969088137149811, 0.48531684279441833, 0.4799072742462158, 0.48763522505760193, 0.47295209765434265, 0.4945904314517975, 0.4914992153644562, 0.4899536371231079, 0.48840802907943726, 0.484544038772583, 0.48608964681625366, 0.4891808331012726, 0.486862450838089, 0.48531684279441833, 0.48840802907943726, 0.49304482340812683, 0.4914992153644562, 0.4899536371231079, 0.49304482340812683, 0.49381762742996216, 0.4945904314517975, 0.4922720193862915, 0.49381762742996216, 0.4922720193862915, 0.4914992153644562, 0.4914992153644562, 0.4899536371231079, 0.4891808331012726, 0.4899536371231079, 0.48840802907943726, 0.4891808331012726, 0.4922720193862915, 0.48840802907943726, 0.484544038772583, 0.484544038772583, 0.484544038772583, 0.484544038772583, 0.48531684279441833, 0.48531684279441833, 0.48608964681625366, 0.48299846053123474, 0.48608964681625366, 0.4814528524875641, 0.48068004846572876], "all_token_val_accuracy": [0.14837712049484253, 0.455950528383255, 0.4992271959781647, 0.49381762742996216, 0.5, 0.5, 0.4969088137149811, 0.48531684279441833, 0.4799072742462158, 0.48763522505760193, 0.47295209765434265, 0.4945904314517975, 0.4914992153644562, 0.4899536371231079, 0.48840802907943726, 0.484544038772583, 0.48608964681625366, 0.4891808331012726, 0.486862450838089, 0.48531684279441833, 0.48840802907943726, 0.49304482340812683, 0.4914992153644562, 0.4899536371231079, 0.49304482340812683, 0.49381762742996216, 0.4945904314517975, 0.4922720193862915, 0.49381762742996216, 0.4922720193862915, 0.4914992153644562, 0.4914992153644562, 0.4899536371231079, 0.4891808331012726, 0.4899536371231079, 0.48840802907943726, 0.4891808331012726, 0.4922720193862915, 0.48840802907943726, 0.484544038772583, 0.484544038772583, 0.484544038772583, 0.484544038772583, 0.48531684279441833, 0.48531684279441833, 0.48608964681625366, 0.48299846053123474, 0.48608964681625366, 0.4814528524875641, 0.48068004846572876]}}