{"scitail_b_train_9_8": {"num_of_epochs": 30, "learning_rate": 0.0005, "training_ds_fpath": "_train_9_8", "first_token_val_accuracy": [0.06259659677743912, 0.4350849986076355, 0.5030912160873413, 0.5054095983505249, 0.49845439195632935, 0.5270479321479797, 0.5023183822631836, 0.5200927257537842, 0.5255023241043091, 0.5425038933753967, 0.5432766675949097, 0.5610510110855103, 0.5556414127349854, 0.5332303047180176, 0.5479134321212769, 0.5625966191291809, 0.5641421675682068, 0.5641421675682068, 0.5502318143844604, 0.5896444916725159, 0.5865533351898193, 0.5672333836555481, 0.5687789916992188, 0.6058732867240906, 0.6066460609436035, 0.6027820706367493, 0.5896444916725159, 0.5973724722862244, 0.5927357077598572, 0.5942813158035278], "all_token_val_accuracy": [0.06027820706367493, 0.4350849986076355, 0.5030912160873413, 0.5054095983505249, 0.49845439195632935, 0.5270479321479797, 0.5023183822631836, 0.5200927257537842, 0.5255023241043091, 0.5425038933753967, 0.5432766675949097, 0.5610510110855103, 0.5556414127349854, 0.5332303047180176, 0.5479134321212769, 0.5625966191291809, 0.5641421675682068, 0.5641421675682068, 0.5502318143844604, 0.5896444916725159, 0.5865533351898193, 0.5672333836555481, 0.5687789916992188, 0.6058732867240906, 0.6066460609436035, 0.6027820706367493, 0.5896444916725159, 0.5973724722862244, 0.5927357077598572, 0.5942813158035278]}}