{"scitail_b_train_6_4": {"num_of_epochs": 5, "learning_rate": 0.001, "training_ds_fpath": "_train_6_4", "first_token_val_accuracy": [0.0015455950051546097, 0.31452858448028564, 0.47527047991752625, 0.5, 0.5077279806137085], "all_token_val_accuracy": [0.0015455950051546097, 0.31452858448028564, 0.47527047991752625, 0.5, 0.5077279806137085]}}