{"scitail_b_train_9_8": {"num_of_epochs": 20, "learning_rate": 0.001, "training_ds_fpath": "_train_9_8", "first_token_val_accuracy": [0.35394126176834106, 0.4992271959781647, 0.5, 0.5030912160873413, 0.5, 0.5046367645263672, 0.5061823725700378, 0.5085007548332214, 0.5193199515342712, 0.48763522505760193, 0.5610510110855103, 0.5316846966743469, 0.5510046482086182, 0.5409582853317261, 0.5332303047180176, 0.5455950498580933, 0.5293663144111633, 0.5556414127349854, 0.5486862659454346, 0.5486862659454346], "all_token_val_accuracy": [0.35394126176834106, 0.4992271959781647, 0.5, 0.5030912160873413, 0.5, 0.5046367645263672, 0.5061823725700378, 0.5085007548332214, 0.5193199515342712, 0.48763522505760193, 0.5610510110855103, 0.5316846966743469, 0.5510046482086182, 0.5409582853317261, 0.5332303047180176, 0.5455950498580933, 0.5293663144111633, 0.5556414127349854, 0.5486862659454346, 0.5486862659454346]}}