{"scitail_b_train_2_64": {"num_of_epochs": 40, "learning_rate": 1e-05, "training_ds_fpath": "_train_2_64", "first_token_val_accuracy": [0.0, 0.0, 0.0, 0.0, 0.0015455950051546097, 0.442812979221344, 0.49304482340812683, 0.4922720193862915, 0.4799072742462158, 0.4482225775718689, 0.45749613642692566, 0.4536321461200714, 0.46213293075561523, 0.4636785089969635, 0.4690881073474884, 0.48068004846572876, 0.4737248718738556, 0.4721792936325073, 0.4799072742462158, 0.48531684279441833, 0.48531684279441833, 0.5270479321479797, 0.5355486869812012, 0.5332303047180176, 0.5162287354469299, 0.48377126455307007, 0.5425038933753967, 0.515455961227417, 0.5486862659454346, 0.5440494418144226, 0.5324574708938599, 0.5170015692710876, 0.5146831274032593, 0.5355486869812012, 0.4992271959781647, 0.5177743434906006, 0.5285934805870056, 0.5185471177101135, 0.5139103531837463, 0.5077279806137085], "all_token_val_accuracy": [0.0, 0.0, 0.0, 0.0, 0.0015455950051546097, 0.442812979221344, 0.49304482340812683, 0.4922720193862915, 0.4799072742462158, 0.4482225775718689, 0.45749613642692566, 0.4536321461200714, 0.46213293075561523, 0.4636785089969635, 0.4690881073474884, 0.48068004846572876, 0.4737248718738556, 0.4721792936325073, 0.4799072742462158, 0.48531684279441833, 0.48531684279441833, 0.5270479321479797, 0.5355486869812012, 0.5332303047180176, 0.5162287354469299, 0.48377126455307007, 0.5425038933753967, 0.515455961227417, 0.5486862659454346, 0.5440494418144226, 0.5324574708938599, 0.5170015692710876, 0.5146831274032593, 0.5355486869812012, 0.4992271959781647, 0.5177743434906006, 0.5285934805870056, 0.5185471177101135, 0.5139103531837463, 0.5077279806137085]}}