{"scitail_b_train_8_32": {"num_of_epochs": 5, "learning_rate": 0.0001, "training_ds_fpath": "_train_8_32", "first_token_val_accuracy": [0.0007727975025773048, 0.3315301537513733, 0.4976816177368164, 0.5092735886573792, 0.4976816177368164], "all_token_val_accuracy": [0.0007727975025773048, 0.3315301537513733, 0.4976816177368164, 0.5092735886573792, 0.4976816177368164]}}