{"scitail_b_train_7_16": {"num_of_epochs": 20, "learning_rate": 0.0005, "training_ds_fpath": "_train_7_16", "first_token_val_accuracy": [0.46986088156700134, 0.5, 0.5146831274032593, 0.5378670692443848, 0.572642982006073, 0.5463678240776062, 0.5803709626197815, 0.5510046482086182, 0.572642982006073, 0.5765069723129272, 0.5656877756118774, 0.5641421675682068, 0.5540958046913147, 0.5695517659187317, 0.568006157875061, 0.572642982006073, 0.5510046482086182, 0.5556414127349854, 0.5695517659187317, 0.5819165110588074], "all_token_val_accuracy": [0.46986088156700134, 0.5, 0.5146831274032593, 0.5378670692443848, 0.572642982006073, 0.5463678240776062, 0.5803709626197815, 0.5510046482086182, 0.572642982006073, 0.5765069723129272, 0.5656877756118774, 0.5641421675682068, 0.5540958046913147, 0.5695517659187317, 0.568006157875061, 0.572642982006073, 0.5510046482086182, 0.5556414127349854, 0.5695517659187317, 0.5819165110588074]}}