{"scitail_b_train_2_8": {"num_of_epochs": 20, "learning_rate": 0.0005, "training_ds_fpath": "_train_2_8", "first_token_val_accuracy": [0.0958268940448761, 0.4350849986076355, 0.4404945969581604, 0.47063368558883667, 0.49304482340812683, 0.4899536371231079, 0.4976816177368164, 0.4891808331012726, 0.4922720193862915, 0.4891808331012726, 0.47836166620254517, 0.47758886218070984, 0.47295209765434265, 0.4799072742462158, 0.4744976758956909, 0.47758886218070984, 0.48068004846572876, 0.47836166620254517, 0.47295209765434265, 0.47063368558883667], "all_token_val_accuracy": [0.09505409747362137, 0.4350849986076355, 0.4404945969581604, 0.47063368558883667, 0.49304482340812683, 0.4899536371231079, 0.4976816177368164, 0.4891808331012726, 0.4922720193862915, 0.4891808331012726, 0.47836166620254517, 0.47758886218070984, 0.47295209765434265, 0.4799072742462158, 0.4744976758956909, 0.47758886218070984, 0.48068004846572876, 0.47836166620254517, 0.47295209765434265, 0.47063368558883667]}}