{"scitail_b_train_3_8": {"num_of_epochs": 5, "learning_rate": 0.0001, "training_ds_fpath": "_train_3_8", "first_token_val_accuracy": [0.0, 0.0, 0.0, 0.0015455950051546097, 0.4945904314517975], "all_token_val_accuracy": [0.0, 0.0, 0.0, 0.0015455950051546097, 0.4945904314517975]}}