{"scitail_b_train_6_32": {"num_of_epochs": 30, "learning_rate": 1e-05, "training_ds_fpath": "_train_6_32", "first_token_val_accuracy": [0.0, 0.0, 0.0, 0.0, 0.0, 0.0, 0.0, 0.0, 0.0015455950051546097, 0.017001545056700706, 0.0440494604408741, 0.09041731059551239, 0.13523957133293152, 0.1684698611497879, 0.20401854813098907, 0.23879443109035492, 0.25579598546028137, 0.2843894958496094, 0.3037094175815582, 0.33307573199272156, 0.3601236343383789, 0.39258113503456116, 0.42812982201576233, 0.44744977355003357, 0.47063368558883667, 0.48531684279441833, 0.49072644114494324, 0.49381762742996216, 0.4953632056713104, 0.49613600969314575], "all_token_val_accuracy": [0.0, 0.0, 0.0, 0.0, 0.0, 0.0, 0.0, 0.0, 0.0015455950051546097, 0.017001545056700706, 0.0440494604408741, 0.09041731059551239, 0.13523957133293152, 0.1684698611497879, 0.20401854813098907, 0.23879443109035492, 0.25579598546028137, 0.2843894958496094, 0.3037094175815582, 0.33307573199272156, 0.3601236343383789, 0.39258113503456116, 0.42812982201576233, 0.44744977355003357, 0.47063368558883667, 0.48531684279441833, 0.49072644114494324, 0.49381762742996216, 0.4953632056713104, 0.49613600969314575]}}