{"scitail_b_train_7_128": {"num_of_epochs": 30, "learning_rate": 1e-05, "training_ds_fpath": "_train_7_128", "first_token_val_accuracy": [0.0, 0.0, 0.4945904314517975, 0.47527047991752625, 0.47063368558883667, 0.5170015692710876, 0.48377126455307007, 0.5046367645263672, 0.5100463628768921, 0.541731059551239, 0.5324574708938599, 0.5378670692443848, 0.5100463628768921, 0.4899536371231079, 0.5115919709205627, 0.515455961227417, 0.5741885900497437, 0.5324574708938599, 0.5193199515342712, 0.5850077271461487, 0.5131375789642334, 0.6066460609436035, 0.5718701481819153, 0.5919629335403442, 0.5865533351898193, 0.5973724722862244, 0.6020092964172363, 0.6058732867240906, 0.598918080329895, 0.6081916689872742], "all_token_val_accuracy": [0.0, 0.0, 0.4945904314517975, 0.47527047991752625, 0.47063368558883667, 0.5170015692710876, 0.48377126455307007, 0.5046367645263672, 0.5100463628768921, 0.541731059551239, 0.5324574708938599, 0.5378670692443848, 0.5100463628768921, 0.4899536371231079, 0.5115919709205627, 0.515455961227417, 0.5741885900497437, 0.5324574708938599, 0.5193199515342712, 0.5850077271461487, 0.5131375789642334, 0.6066460609436035, 0.5718701481819153, 0.5919629335403442, 0.5865533351898193, 0.5973724722862244, 0.6020092964172363, 0.6058732867240906, 0.598918080329895, 0.6081916689872742]}}