{"scitail_b_train_3_64": {"num_of_epochs": 50, "learning_rate": 1e-05, "training_ds_fpath": "_train_3_64", "first_token_val_accuracy": [0.0, 0.0, 0.0, 0.0, 0.09814528375864029, 0.4914992153644562, 0.48763522505760193, 0.4891808331012726, 0.45749613642692566, 0.442812979221344, 0.44976815581321716, 0.4605873227119446, 0.471406489610672, 0.471406489610672, 0.4953632056713104, 0.5054095983505249, 0.5069552063941956, 0.5092735886573792, 0.5146831274032593, 0.5170015692710876, 0.5177743434906006, 0.5224111080169678, 0.5255023241043091, 0.5255023241043091, 0.5301390886306763, 0.5293663144111633, 0.5316846966743469, 0.5463678240776062, 0.530911922454834, 0.5378670692443848, 0.5340030789375305, 0.5363214612007141, 0.5355486869812012, 0.5378670692443848, 0.5355486869812012, 0.5378670692443848, 0.5486862659454346, 0.5672333836555481, 0.5363214612007141, 0.5556414127349854, 0.5935084819793701, 0.5540958046913147, 0.568006157875061, 0.5741885900497437, 0.5687789916992188, 0.5718701481819153, 0.5695517659187317, 0.5548686385154724, 0.5780525207519531, 0.515455961227417], "all_token_val_accuracy": [0.0, 0.0, 0.0, 0.0, 0.09814528375864029, 0.4914992153644562, 0.48763522505760193, 0.4891808331012726, 0.45749613642692566, 0.442812979221344, 0.44976815581321716, 0.4605873227119446, 0.471406489610672, 0.471406489610672, 0.4953632056713104, 0.5054095983505249, 0.5069552063941956, 0.5092735886573792, 0.5146831274032593, 0.5170015692710876, 0.5177743434906006, 0.5224111080169678, 0.5255023241043091, 0.5255023241043091, 0.5301390886306763, 0.5293663144111633, 0.5316846966743469, 0.5463678240776062, 0.530911922454834, 0.5378670692443848, 0.5340030789375305, 0.5363214612007141, 0.5355486869812012, 0.5378670692443848, 0.5355486869812012, 0.5378670692443848, 0.5486862659454346, 0.5672333836555481, 0.5363214612007141, 0.5556414127349854, 0.5935084819793701, 0.5540958046913147, 0.568006157875061, 0.5741885900497437, 0.5687789916992188, 0.5718701481819153, 0.5695517659187317, 0.5548686385154724, 0.5780525207519531, 0.515455961227417]}}