{"scitail_b_train_0_4": {"num_of_epochs": 40, "learning_rate": 0.001, "training_ds_fpath": "_train_0_4", "first_token_val_accuracy": [0.0, 0.4350849986076355, 0.486862450838089, 0.4969088137149811, 0.5077279806137085, 0.5494590401649475, 0.5023183822631836, 0.49845439195632935, 0.5185471177101135, 0.5162287354469299, 0.5517774224281311, 0.557187020778656, 0.5533230304718018, 0.541731059551239, 0.5270479321479797, 0.5208655595779419, 0.5185471177101135, 0.5208655595779419, 0.5255023241043091, 0.5386399030685425, 0.5486862659454346, 0.5378670692443848, 0.5432766675949097, 0.5332303047180176, 0.5200927257537842, 0.515455961227417, 0.5139103531837463, 0.5170015692710876, 0.5177743434906006, 0.5255023241043091, 0.5355486869812012, 0.541731059551239, 0.5463678240776062, 0.5525502562522888, 0.5533230304718018, 0.5602782368659973, 0.5595054030418396, 0.5556414127349854, 0.5533230304718018, 0.5525502562522888], "all_token_val_accuracy": [0.0, 0.4350849986076355, 0.486862450838089, 0.4969088137149811, 0.5077279806137085, 0.5494590401649475, 0.5023183822631836, 0.49845439195632935, 0.5185471177101135, 0.5162287354469299, 0.5517774224281311, 0.557187020778656, 0.5533230304718018, 0.541731059551239, 0.5270479321479797, 0.5208655595779419, 0.5185471177101135, 0.5208655595779419, 0.5255023241043091, 0.5386399030685425, 0.5486862659454346, 0.5378670692443848, 0.5432766675949097, 0.5332303047180176, 0.5200927257537842, 0.515455961227417, 0.5139103531837463, 0.5170015692710876, 0.5177743434906006, 0.5255023241043091, 0.5355486869812012, 0.541731059551239, 0.5463678240776062, 0.5525502562522888, 0.5533230304718018, 0.5602782368659973, 0.5595054030418396, 0.5556414127349854, 0.5533230304718018, 0.5525502562522888]}}