{"scitail_b_train_1_8": {"num_of_epochs": 30, "learning_rate": 0.0001, "training_ds_fpath": "_train_1_8", "first_token_val_accuracy": [0.0, 0.0, 0.0015455950051546097, 0.013910355046391487, 0.06259659677743912, 0.21097372472286224, 0.30139103531837463, 0.3624420464038849, 0.4119010865688324, 0.4536321461200714, 0.48299846053123474, 0.49304482340812683, 0.4976816177368164, 0.4969088137149811, 0.49304482340812683, 0.4822256565093994, 0.4976816177368164, 0.5030912160873413, 0.5046367645263672, 0.5100463628768921, 0.5115919709205627, 0.5293663144111633, 0.5432766675949097, 0.5455950498580933, 0.5533230304718018, 0.5533230304718018, 0.5548686385154724, 0.5525502562522888, 0.5533230304718018, 0.5548686385154724], "all_token_val_accuracy": [0.0, 0.0, 0.0015455950051546097, 0.013910355046391487, 0.06259659677743912, 0.21097372472286224, 0.30139103531837463, 0.3624420464038849, 0.4119010865688324, 0.4536321461200714, 0.48299846053123474, 0.49304482340812683, 0.4976816177368164, 0.4969088137149811, 0.49304482340812683, 0.4822256565093994, 0.4976816177368164, 0.5030912160873413, 0.5046367645263672, 0.5100463628768921, 0.5115919709205627, 0.5293663144111633, 0.5432766675949097, 0.5455950498580933, 0.5533230304718018, 0.5533230304718018, 0.5548686385154724, 0.5525502562522888, 0.5533230304718018, 0.5548686385154724]}}