{"scitail_b_train_7_16": {"num_of_epochs": 30, "learning_rate": 0.0001, "training_ds_fpath": "_train_7_16", "first_token_val_accuracy": [0.0, 0.061823803931474686, 0.2047913372516632, 0.3006182312965393, 0.45208656787872314, 0.4976816177368164, 0.4969088137149811, 0.471406489610672, 0.5054095983505249, 0.5046367645263672, 0.5046367645263672, 0.5216383337974548, 0.5085007548332214, 0.5208655595779419, 0.5054095983505249, 0.5231839418411255, 0.5316846966743469, 0.5301390886306763, 0.5386399030685425, 0.5533230304718018, 0.5510046482086182, 0.5540958046913147, 0.5633693933486938, 0.5757341384887695, 0.5757341384887695, 0.5533230304718018, 0.5757341384887695, 0.5950540900230408, 0.5965996980667114, 0.598918080329895], "all_token_val_accuracy": [0.0, 0.061823803931474686, 0.2047913372516632, 0.3006182312965393, 0.45208656787872314, 0.4976816177368164, 0.4969088137149811, 0.471406489610672, 0.5054095983505249, 0.5046367645263672, 0.5046367645263672, 0.5216383337974548, 0.5085007548332214, 0.5208655595779419, 0.5054095983505249, 0.5231839418411255, 0.5316846966743469, 0.5301390886306763, 0.5386399030685425, 0.5533230304718018, 0.5510046482086182, 0.5540958046913147, 0.5633693933486938, 0.5757341384887695, 0.5757341384887695, 0.5533230304718018, 0.5757341384887695, 0.5950540900230408, 0.5965996980667114, 0.598918080329895]}}