{"scitail_b_train_8_16": {"num_of_epochs": 40, "learning_rate": 1e-05, "training_ds_fpath": "_train_8_16", "first_token_val_accuracy": [0.0, 0.0, 0.0, 0.0, 0.0, 0.0, 0.0, 0.0, 0.0, 0.0, 0.0, 0.0, 0.0, 0.0, 0.0007727975025773048, 0.0, 0.0023183925077319145, 0.0030911900103092194, 0.004636785015463829, 0.009273570030927658, 0.017774343490600586, 0.03245749697089195, 0.04327666014432907, 0.0672333836555481, 0.09350850433111191, 0.11360123753547668, 0.13292117416858673, 0.15610510110855103, 0.19088098406791687, 0.21947449445724487, 0.2434312254190445, 0.2588871717453003, 0.2766615152359009, 0.29134467244148254, 0.3060278296470642, 0.31530138850212097, 0.3315301537513733, 0.3423492908477783, 0.35394126176834106, 0.3670788109302521], "all_token_val_accuracy": [0.0, 0.0, 0.0, 0.0, 0.0, 0.0, 0.0, 0.0, 0.0, 0.0, 0.0, 0.0, 0.0, 0.0, 0.0007727975025773048, 0.0, 0.0023183925077319145, 0.0030911900103092194, 0.004636785015463829, 0.009273570030927658, 0.017774343490600586, 0.03245749697089195, 0.04327666014432907, 0.0672333836555481, 0.09350850433111191, 0.11360123753547668, 0.13292117416858673, 0.15610510110855103, 0.19088098406791687, 0.21947449445724487, 0.2434312254190445, 0.2588871717453003, 0.2766615152359009, 0.29134467244148254, 0.3060278296470642, 0.31530138850212097, 0.3315301537513733, 0.3423492908477783, 0.35394126176834106, 0.3670788109302521]}}