{"scitail_b_train_6_32": {"num_of_epochs": 10, "learning_rate": 0.0005, "training_ds_fpath": "_train_6_32", "first_token_val_accuracy": [0.5007727742195129, 0.5, 0.5687789916992188, 0.5911900997161865, 0.5857805013656616, 0.5973724722862244, 0.625193178653717, 0.615146815776825, 0.6205564141273499, 0.6136012077331543], "all_token_val_accuracy": [0.5007727742195129, 0.5, 0.5687789916992188, 0.5911900997161865, 0.5857805013656616, 0.5973724722862244, 0.625193178653717, 0.615146815776825, 0.6205564141273499, 0.6136012077331543]}}