{"scitail_b_train_7_4": {"num_of_epochs": 50, "learning_rate": 0.0005, "training_ds_fpath": "_train_7_4", "first_token_val_accuracy": [0.0, 0.0015455950051546097, 0.22720247507095337, 0.2689335346221924, 0.3601236343383789, 0.4374034106731415, 0.4791344702243805, 0.471406489610672, 0.48608964681625366, 0.4721792936325073, 0.48531684279441833, 0.4737248718738556, 0.471406489610672, 0.4737248718738556, 0.4605873227119446, 0.46213293075561523, 0.45981451869010925, 0.4536321461200714, 0.44976815581321716, 0.4505409598350525, 0.4528593420982361, 0.4482225775718689, 0.44667696952819824, 0.44899535179138184, 0.45517775416374207, 0.4590417444705963, 0.45981451869010925, 0.458268940448761, 0.45749613642692566, 0.458268940448761, 0.458268940448761, 0.45672333240509033, 0.45208656787872314, 0.442812979221344, 0.4435857832431793, 0.44204017519950867, 0.4397217929363251, 0.4381761848926544, 0.4374034106731415, 0.43894898891448975, 0.4374034106731415, 0.4404945969581604, 0.442812979221344, 0.4397217929363251, 0.4374034106731415, 0.4358578026294708, 0.4381761848926544, 0.44204017519950867, 0.4459041655063629, 0.44899535179138184], "all_token_val_accuracy": [0.0, 0.0015455950051546097, 0.22720247507095337, 0.2689335346221924, 0.3601236343383789, 0.4374034106731415, 0.4791344702243805, 0.471406489610672, 0.48608964681625366, 0.4721792936325073, 0.48531684279441833, 0.4737248718738556, 0.471406489610672, 0.4737248718738556, 0.4605873227119446, 0.46213293075561523, 0.45981451869010925, 0.4536321461200714, 0.44976815581321716, 0.4505409598350525, 0.4528593420982361, 0.4482225775718689, 0.44667696952819824, 0.44899535179138184, 0.45517775416374207, 0.4590417444705963, 0.45981451869010925, 0.458268940448761, 0.45749613642692566, 0.458268940448761, 0.458268940448761, 0.45672333240509033, 0.45208656787872314, 0.442812979221344, 0.4435857832431793, 0.44204017519950867, 0.4397217929363251, 0.4381761848926544, 0.4374034106731415, 0.43894898891448975, 0.4374034106731415, 0.4404945969581604, 0.442812979221344, 0.4397217929363251, 0.4374034106731415, 0.4358578026294708, 0.4381761848926544, 0.44204017519950867, 0.4459041655063629, 0.44899535179138184]}}