{"scitail_b_train_8_4": {"num_of_epochs": 40, "learning_rate": 0.0005, "training_ds_fpath": "_train_8_4", "first_token_val_accuracy": [0.0007727975025773048, 0.16228747367858887, 0.24652241170406342, 0.4327666163444519, 0.48531684279441833, 0.5007727742195129, 0.5293663144111633, 0.515455961227417, 0.5255023241043091, 0.5061823725700378, 0.5054095983505249, 0.5100463628768921, 0.5069552063941956, 0.5015456080436707, 0.5007727742195129, 0.5061823725700378, 0.5139103531837463, 0.5255023241043091, 0.530911922454834, 0.5401854515075684, 0.5386399030685425, 0.5425038933753967, 0.5394126772880554, 0.5293663144111633, 0.5247295498847961, 0.5255023241043091, 0.5247295498847961, 0.526275098323822, 0.5293663144111633, 0.530911922454834, 0.5363214612007141, 0.5370942950248718, 0.5355486869812012, 0.5386399030685425, 0.5440494418144226, 0.5448222756385803, 0.5440494418144226, 0.5440494418144226, 0.5394126772880554, 0.5347759127616882], "all_token_val_accuracy": [0.0, 0.16151468455791473, 0.24652241170406342, 0.4327666163444519, 0.48531684279441833, 0.5007727742195129, 0.5293663144111633, 0.515455961227417, 0.5255023241043091, 0.5061823725700378, 0.5054095983505249, 0.5100463628768921, 0.5069552063941956, 0.5015456080436707, 0.5007727742195129, 0.5061823725700378, 0.5139103531837463, 0.5255023241043091, 0.530911922454834, 0.5401854515075684, 0.5386399030685425, 0.5425038933753967, 0.5394126772880554, 0.5293663144111633, 0.5247295498847961, 0.5255023241043091, 0.5247295498847961, 0.526275098323822, 0.5293663144111633, 0.530911922454834, 0.5363214612007141, 0.5370942950248718, 0.5355486869812012, 0.5386399030685425, 0.5440494418144226, 0.5448222756385803, 0.5440494418144226, 0.5440494418144226, 0.5394126772880554, 0.5347759127616882]}}