{"scitail_b_train_6_8": {"num_of_epochs": 5, "learning_rate": 0.0005, "training_ds_fpath": "_train_6_8", "first_token_val_accuracy": [0.003863987745717168, 0.38253477215766907, 0.4768160879611969, 0.5015456080436707, 0.5054095983505249], "all_token_val_accuracy": [0.003863987745717168, 0.38253477215766907, 0.4768160879611969, 0.5015456080436707, 0.5054095983505249]}}