{"scitail_b_train_2_16": {"num_of_epochs": 30, "learning_rate": 1e-05, "training_ds_fpath": "_train_2_16", "first_token_val_accuracy": [0.0, 0.0, 0.0, 0.0, 0.0, 0.0, 0.0, 0.0, 0.0, 0.0, 0.0, 0.0, 0.0, 0.0, 0.0, 0.0, 0.0, 0.0015455950051546097, 0.0030911900103092194, 0.009273570030927658, 0.014683152548968792, 0.025502318516373634, 0.03786708042025566, 0.06027820706367493, 0.08114373683929443, 0.10664606094360352, 0.13833075761795044, 0.17542503774166107, 0.20247295498847961, 0.2225656807422638], "all_token_val_accuracy": [0.0, 0.0, 0.0, 0.0, 0.0, 0.0, 0.0, 0.0, 0.0, 0.0, 0.0, 0.0, 0.0, 0.0, 0.0, 0.0, 0.0, 0.0015455950051546097, 0.0030911900103092194, 0.009273570030927658, 0.014683152548968792, 0.025502318516373634, 0.03786708042025566, 0.06027820706367493, 0.08114373683929443, 0.10664606094360352, 0.13833075761795044, 0.17542503774166107, 0.20247295498847961, 0.2225656807422638]}}