{"scitail_b_train_4_16": {"num_of_epochs": 5, "learning_rate": 0.0005, "training_ds_fpath": "_train_4_16", "first_token_val_accuracy": [0.48763522505760193, 0.5, 0.5085007548332214, 0.5139103531837463, 0.5502318143844604], "all_token_val_accuracy": [0.48763522505760193, 0.5, 0.5085007548332214, 0.5139103531837463, 0.5502318143844604]}}