{"scitail_b_train_4_32": {"num_of_epochs": 20, "learning_rate": 0.0001, "training_ds_fpath": "_train_4_32", "first_token_val_accuracy": [0.10819165408611298, 0.3678516149520874, 0.49845439195632935, 0.5007727742195129, 0.5038639903068542, 0.5123647451400757, 0.5440494418144226, 0.557959794998169, 0.5749613642692566, 0.5556414127349854, 0.5904173254966736, 0.5927357077598572, 0.5896444916725159, 0.5780525207519531, 0.6066460609436035, 0.5981453061103821, 0.5950540900230408, 0.5911900997161865, 0.6074188351631165, 0.5958268642425537], "all_token_val_accuracy": [0.10819165408611298, 0.3678516149520874, 0.49845439195632935, 0.5007727742195129, 0.5038639903068542, 0.5123647451400757, 0.5440494418144226, 0.557959794998169, 0.5749613642692566, 0.5556414127349854, 0.5904173254966736, 0.5927357077598572, 0.5896444916725159, 0.5780525207519531, 0.6066460609436035, 0.5981453061103821, 0.5950540900230408, 0.5911900997161865, 0.6074188351631165, 0.5958268642425537]}}