{"scitail_b_train_6_16": {"num_of_epochs": 20, "learning_rate": 0.0005, "training_ds_fpath": "_train_6_16", "first_token_val_accuracy": [0.48299846053123474, 0.4899536371231079, 0.5425038933753967, 0.5324574708938599, 0.5370942950248718, 0.5656877756118774, 0.5734157562255859, 0.5455950498580933, 0.5788253545761108, 0.5842349529266357, 0.5795981287956238, 0.5765069723129272, 0.58809894323349, 0.5865533351898193, 0.5896444916725159, 0.5911900997161865, 0.5873261094093323, 0.5873261094093323, 0.5919629335403442, 0.5927357077598572], "all_token_val_accuracy": [0.48299846053123474, 0.4899536371231079, 0.5425038933753967, 0.5324574708938599, 0.5370942950248718, 0.5656877756118774, 0.5734157562255859, 0.5455950498580933, 0.5788253545761108, 0.5842349529266357, 0.5795981287956238, 0.5765069723129272, 0.58809894323349, 0.5865533351898193, 0.5896444916725159, 0.5911900997161865, 0.5873261094093323, 0.5873261094093323, 0.5919629335403442, 0.5927357077598572]}}