{"scitail_b_train_1_64": {"num_of_epochs": 5, "learning_rate": 0.0001, "training_ds_fpath": "_train_1_64", "first_token_val_accuracy": [0.4690881073474884, 0.4953632056713104, 0.5239567160606384, 0.5270479321479797, 0.5409582853317261], "all_token_val_accuracy": [0.4690881073474884, 0.4953632056713104, 0.5239567160606384, 0.5270479321479797, 0.5409582853317261]}}