{"scitail_b_train_6_64": {"num_of_epochs": 20, "learning_rate": 0.0005, "training_ds_fpath": "_train_6_64", "first_token_val_accuracy": [0.5, 0.4992271959781647, 0.5850077271461487, 0.5857805013656616, 0.5633693933486938, 0.5602782368659973, 0.6004636883735657, 0.6020092964172363, 0.6128284335136414, 0.6012364625930786, 0.6012364625930786, 0.6159196496009827, 0.6097372770309448, 0.6205564141273499, 0.6182380318641663, 0.6190108060836792, 0.6136012077331543, 0.6105100512504578, 0.6089644432067871, 0.6066460609436035], "all_token_val_accuracy": [0.5, 0.4992271959781647, 0.5850077271461487, 0.5857805013656616, 0.5633693933486938, 0.5602782368659973, 0.6004636883735657, 0.6020092964172363, 0.6128284335136414, 0.6012364625930786, 0.6012364625930786, 0.6159196496009827, 0.6097372770309448, 0.6205564141273499, 0.6182380318641663, 0.6190108060836792, 0.6136012077331543, 0.6105100512504578, 0.6089644432067871, 0.6066460609436035]}}