{"conll_c_train_9_16": {"num_of_epochs": 40, "learning_rate": 0.0001, "training_ds_fpath": "_train_9_16", "first_token_val_accuracy": [0.0, 0.1754603385925293, 0.2999291718006134, 0.2503541111946106, 0.2756727933883667, 0.3484419286251068, 0.34596318006515503, 0.4035056531429291, 0.3764164447784424, 0.39447590708732605, 0.4729107618331909, 0.4261685609817505, 0.5, 0.5485127568244934, 0.5168201327323914, 0.5400141477584839, 0.5587818622589111, 0.5571883916854858, 0.5610835552215576, 0.6120750904083252, 0.5902974605560303, 0.5768413543701172, 0.6395184397697449, 0.6416430473327637, 0.6609418988227844, 0.676699697971344, 0.6743980050086975, 0.6728045344352722, 0.6568697094917297, 0.6743980050086975, 0.6552761793136597, 0.6637747883796692, 0.6710339784622192, 0.6814801692962646, 0.663066565990448, 0.7122875452041626, 0.6875, 0.7048512697219849, 0.7036119103431702, 0.6944050788879395], "all_token_val_accuracy": [0.0, 0.1751062273979187, 0.2993980050086975, 0.2503541111946106, 0.2756727933883667, 0.3484419286251068, 0.34596318006515503, 0.4035056531429291, 0.3764164447784424, 0.39447590708732605, 0.4729107618331909, 0.4261685609817505, 0.5, 0.5485127568244934, 0.5168201327323914, 0.5400141477584839, 0.5587818622589111, 0.5571883916854858, 0.5610835552215576, 0.6120750904083252, 0.5902974605560303, 0.5768413543701172, 0.6395184397697449, 0.6416430473327637, 0.6609418988227844, 0.676699697971344, 0.6743980050086975, 0.6728045344352722, 0.6568697094917297, 0.6743980050086975, 0.6552761793136597, 0.6637747883796692, 0.6710339784622192, 0.6814801692962646, 0.663066565990448, 0.7122875452041626, 0.6875, 0.7048512697219849, 0.7036119103431702, 0.6944050788879395]}}