{"conll_c_train_5_4": {"num_of_epochs": 20, "learning_rate": 0.0005, "training_ds_fpath": "_train_5_4", "first_token_val_accuracy": [0.0, 0.2979815900325775, 0.31940510869026184, 0.13987252116203308, 0.3227691352367401, 0.3480878174304962, 0.2960340082645416, 0.29125353693962097, 0.3464943468570709, 0.413066565990448, 0.42174220085144043, 0.39606940746307373, 0.3227691352367401, 0.29497167468070984, 0.34330737590789795, 0.3900495767593384, 0.4118272066116333, 0.4120042622089386, 0.4107648730278015, 0.4112960398197174], "all_token_val_accuracy": [0.0, 0.2979815900325775, 0.31940510869026184, 0.13987252116203308, 0.3227691352367401, 0.3480878174304962, 0.2960340082645416, 0.29125353693962097, 0.3464943468570709, 0.413066565990448, 0.42174220085144043, 0.39606940746307373, 0.3227691352367401, 0.29497167468070984, 0.34330737590789795, 0.3900495767593384, 0.4118272066116333, 0.4120042622089386, 0.4107648730278015, 0.4112960398197174]}}