{"conll_c_train_6_32": {"num_of_epochs": 40, "learning_rate": 0.0001, "training_ds_fpath": "_train_6_32", "first_token_val_accuracy": [0.2900141775608063, 0.29125353693962097, 0.26805949211120605, 0.3502124547958374, 0.29479461908340454, 0.35906514525413513, 0.40456798672676086, 0.4737960398197174, 0.5428470373153687, 0.5446175932884216, 0.6060552597045898, 0.6575779318809509, 0.6687322854995728, 0.6565155982971191, 0.7114022374153137, 0.6244688630104065, 0.7142351269721985, 0.7271600365638733, 0.7204319834709167, 0.7179532647132874, 0.7278682589530945, 0.7558428049087524, 0.75, 0.759029746055603, 0.7544263601303101, 0.772662878036499, 0.7446883916854858, 0.7379603385925293, 0.7641643285751343, 0.7411472797393799, 0.7723087668418884, 0.7604461908340454, 0.7760269045829773, 0.7439801692962646, 0.7631019949913025, 0.769830048084259, 0.7652266025543213, 0.769830048084259, 0.7666430473327637, 0.7468130588531494], "all_token_val_accuracy": [0.2900141775608063, 0.29125353693962097, 0.26805949211120605, 0.3502124547958374, 0.29479461908340454, 0.35906514525413513, 0.40456798672676086, 0.4737960398197174, 0.5428470373153687, 0.5446175932884216, 0.6058781743049622, 0.6575779318809509, 0.6687322854995728, 0.6565155982971191, 0.7114022374153137, 0.6244688630104065, 0.7142351269721985, 0.7271600365638733, 0.7204319834709167, 0.7179532647132874, 0.7278682589530945, 0.7558428049087524, 0.75, 0.759029746055603, 0.7544263601303101, 0.772662878036499, 0.7446883916854858, 0.7379603385925293, 0.7641643285751343, 0.7411472797393799, 0.7723087668418884, 0.7604461908340454, 0.7760269045829773, 0.7439801692962646, 0.7631019949913025, 0.769830048084259, 0.7652266025543213, 0.769830048084259, 0.7666430473327637, 0.7468130588531494]}}