{"conll_c_train_8_32": {"num_of_epochs": 40, "learning_rate": 0.0001, "training_ds_fpath": "_train_8_32", "first_token_val_accuracy": [0.33233001828193665, 0.30789661407470703, 0.309313029050827, 0.3744688332080841, 0.4615793228149414, 0.5288597941398621, 0.5527620315551758, 0.6352691054344177, 0.654036819934845, 0.7030807137489319, 0.7271600365638733, 0.6765226721763611, 0.7592067718505859, 0.7407932281494141, 0.748229444026947, 0.7282223701477051, 0.7450425028800964, 0.678470253944397, 0.7152974605560303, 0.7475212216377258, 0.7351274490356445, 0.7243272066116333, 0.7407932281494141, 0.7567280530929565, 0.7025495767593384, 0.7914305925369263, 0.7885977625846863, 0.7797450423240662, 0.7910764813423157, 0.7785056829452515, 0.8002833127975464, 0.7946175932884216, 0.7781515717506409, 0.7308781743049622, 0.7974504232406616, 0.8024079203605652, 0.7997521162033081, 0.8048866987228394, 0.8093130588531494, 0.7932011485099792], "all_token_val_accuracy": [0.33197590708732605, 0.30789661407470703, 0.309313029050827, 0.3744688332080841, 0.4615793228149414, 0.5288597941398621, 0.5527620315551758, 0.6352691054344177, 0.654036819934845, 0.7030807137489319, 0.7271600365638733, 0.6765226721763611, 0.7592067718505859, 0.7407932281494141, 0.748229444026947, 0.7282223701477051, 0.7450425028800964, 0.678470253944397, 0.7152974605560303, 0.7475212216377258, 0.7351274490356445, 0.7243272066116333, 0.7407932281494141, 0.7567280530929565, 0.7025495767593384, 0.7914305925369263, 0.7885977625846863, 0.7797450423240662, 0.7910764813423157, 0.7785056829452515, 0.8002833127975464, 0.7946175932884216, 0.7781515717506409, 0.7308781743049622, 0.7974504232406616, 0.8024079203605652, 0.7997521162033081, 0.8048866987228394, 0.8093130588531494, 0.7932011485099792]}}