{"conll_c_train_7_8": {"num_of_epochs": 5, "learning_rate": 0.001, "training_ds_fpath": "_train_7_8", "first_token_val_accuracy": [0.29567989706993103, 0.303470253944397, 0.29390934109687805, 0.3852691352367401, 0.4500708281993866], "all_token_val_accuracy": [0.29567989706993103, 0.303470253944397, 0.29390934109687805, 0.3852691352367401, 0.4500708281993866]}}