{"conll_c_train_2_8": {"num_of_epochs": 5, "learning_rate": 0.001, "training_ds_fpath": "_train_2_8", "first_token_val_accuracy": [0.29125353693962097, 0.2739022672176361, 0.3496813178062439, 0.29550284147262573, 0.44192636013031006], "all_token_val_accuracy": [0.29125353693962097, 0.2739022672176361, 0.3496813178062439, 0.29550284147262573, 0.44192636013031006]}}