{"conll_c_train_7_16": {"num_of_epochs": 40, "learning_rate": 0.0001, "training_ds_fpath": "_train_7_16", "first_token_val_accuracy": [0.0, 0.3125, 0.3153328597545624, 0.15368272364139557, 0.2236189842224121, 0.31905099749565125, 0.38013455271720886, 0.3610127568244934, 0.4467068016529083, 0.4752124547958374, 0.44157224893569946, 0.48016998171806335, 0.48300284147262573, 0.5223087668418884, 0.5015934705734253, 0.529036819934845, 0.5623229742050171, 0.5495750904083252, 0.5780807137489319, 0.5699362754821777, 0.5842776298522949, 0.5619688630104065, 0.5791430473327637, 0.5830382704734802, 0.5713527202606201, 0.5784348249435425, 0.5970255136489868, 0.5931302905082703, 0.5864022374153137, 0.6074716448783875, 0.6080028414726257, 0.6228753328323364, 0.6349149942398071, 0.591536819934845, 0.6049929261207581, 0.6049929261207581, 0.5993272066116333, 0.6046388149261475, 0.6028682589530945, 0.618626058101654], "all_token_val_accuracy": [0.0, 0.3121458888053894, 0.3153328597545624, 0.15368272364139557, 0.2236189842224121, 0.31905099749565125, 0.38013455271720886, 0.3610127568244934, 0.446529746055603, 0.4743272066116333, 0.44086402654647827, 0.47928470373153687, 0.48211756348609924, 0.5214235186576843, 0.5007082223892212, 0.5281515717506409, 0.5614376664161682, 0.5486897826194763, 0.5771954655647278, 0.5690509676933289, 0.5842776298522949, 0.5619688630104065, 0.5791430473327637, 0.5830382704734802, 0.5713527202606201, 0.5784348249435425, 0.5970255136489868, 0.5931302905082703, 0.5864022374153137, 0.6074716448783875, 0.6080028414726257, 0.6228753328323364, 0.6349149942398071, 0.591536819934845, 0.6049929261207581, 0.6049929261207581, 0.5993272066116333, 0.6046388149261475, 0.6028682589530945, 0.618626058101654]}}