{"conll_c_train_0_32": {"num_of_epochs": 40, "learning_rate": 0.0001, "training_ds_fpath": "_train_0_32", "first_token_val_accuracy": [0.29355522990226746, 0.224858358502388, 0.1866147369146347, 0.31604108214378357, 0.3139164447784424, 0.39412182569503784, 0.6028682589530945, 0.6798866987228394, 0.6818342804908752, 0.6922804713249207, 0.698300302028656, 0.7044971585273743, 0.7623937726020813, 0.7618626356124878, 0.7848796248435974, 0.7554886937141418, 0.7992209792137146, 0.7914305925369263, 0.7264518141746521, 0.7785056829452515, 0.8020538091659546, 0.8018767833709717, 0.7861189842224121, 0.7978045344352722, 0.7979815602302551, 0.8001062273979187, 0.817103385925293, 0.7930240631103516, 0.7986897826194763, 0.8036472797393799, 0.8038243651390076, 0.7891288995742798, 0.8008144497871399, 0.7903682589530945, 0.8025850057601929, 0.8112606406211853, 0.8073654174804688, 0.8066571950912476, 0.8066571950912476, 0.8119688630104065], "all_token_val_accuracy": [0.29355522990226746, 0.224858358502388, 0.1866147369146347, 0.31604108214378357, 0.3139164447784424, 0.39412182569503784, 0.6028682589530945, 0.6798866987228394, 0.6818342804908752, 0.6922804713249207, 0.698300302028656, 0.7044971585273743, 0.7623937726020813, 0.7618626356124878, 0.7848796248435974, 0.7554886937141418, 0.7992209792137146, 0.7914305925369263, 0.7264518141746521, 0.7785056829452515, 0.8020538091659546, 0.8018767833709717, 0.7861189842224121, 0.7978045344352722, 0.7979815602302551, 0.8001062273979187, 0.817103385925293, 0.7930240631103516, 0.7986897826194763, 0.8036472797393799, 0.8038243651390076, 0.7891288995742798, 0.8008144497871399, 0.7903682589530945, 0.8025850057601929, 0.8112606406211853, 0.8073654174804688, 0.8066571950912476, 0.8066571950912476, 0.8119688630104065]}}