{"conll_c_train_8_16": {"num_of_epochs": 5, "learning_rate": 0.001, "training_ds_fpath": "_train_8_16", "first_token_val_accuracy": [0.25, 0.3031161427497864, 0.39252832531929016, 0.44440510869026184, 0.5077903866767883], "all_token_val_accuracy": [0.25, 0.3031161427497864, 0.39252832531929016, 0.44440510869026184, 0.5077903866767883]}}