{"conll_c_train_9_32": {"num_of_epochs": 5, "learning_rate": 0.001, "training_ds_fpath": "_train_9_32", "first_token_val_accuracy": [0.1255311667919159, 0.5008852481842041, 0.5821529626846313, 0.7098087668418884, 0.740970253944397], "all_token_val_accuracy": [0.1255311667919159, 0.5008852481842041, 0.5821529626846313, 0.7098087668418884, 0.740970253944397]}}