{"conll_c_train_3_4": {"num_of_epochs": 5, "learning_rate": 0.001, "training_ds_fpath": "_train_3_4", "first_token_val_accuracy": [0.008498583920300007, 0.30736544728279114, 0.3348087966442108, 0.3394121825695038, 0.24628186225891113], "all_token_val_accuracy": [0.008498583920300007, 0.30736544728279114, 0.3348087966442108, 0.3394121825695038, 0.24628186225891113]}}