{"conll_c_train_2_4": {"num_of_epochs": 20, "learning_rate": 0.0005, "training_ds_fpath": "_train_2_4", "first_token_val_accuracy": [0.0, 0.16731587052345276, 0.2730169892311096, 0.29479461908340454, 0.3121458888053894, 0.3250708281993866, 0.31816571950912476, 0.3633144497871399, 0.37092775106430054, 0.36898016929626465, 0.39606940746307373, 0.3732294738292694, 0.3535764813423157, 0.3503895103931427, 0.34472379088401794, 0.3742917776107788, 0.388633131980896, 0.39111191034317017, 0.3884560763835907, 0.3879249393939972], "all_token_val_accuracy": [0.0, 0.16731587052345276, 0.2730169892311096, 0.29479461908340454, 0.3121458888053894, 0.3250708281993866, 0.31816571950912476, 0.3633144497871399, 0.37092775106430054, 0.36898016929626465, 0.39606940746307373, 0.3732294738292694, 0.3535764813423157, 0.3503895103931427, 0.34472379088401794, 0.3742917776107788, 0.388633131980896, 0.39111191034317017, 0.3884560763835907, 0.3879249393939972]}}