{"conll_c_train_6_4": {"num_of_epochs": 5, "learning_rate": 0.001, "training_ds_fpath": "_train_6_4", "first_token_val_accuracy": [0.2969192564487457, 0.2981586456298828, 0.40598443150520325, 0.4486543834209442, 0.3624291718006134], "all_token_val_accuracy": [0.2969192564487457, 0.2981586456298828, 0.40598443150520325, 0.4486543834209442, 0.3624291718006134]}}