{"conll_c_train_3_4": {"num_of_epochs": 20, "learning_rate": 0.0005, "training_ds_fpath": "_train_3_4", "first_token_val_accuracy": [0.0, 0.2997521162033081, 0.2857648730278015, 0.16430595517158508, 0.3135623335838318, 0.3464943468570709, 0.387216717004776, 0.31993627548217773, 0.3868626058101654, 0.3482648730278015, 0.3461402356624603, 0.39341360330581665, 0.3732294738292694, 0.39093485474586487, 0.40934842824935913, 0.40651556849479675, 0.40704673528671265, 0.4035056531429291, 0.4022662937641144, 0.40722379088401794], "all_token_val_accuracy": [0.0, 0.2997521162033081, 0.2857648730278015, 0.16430595517158508, 0.3135623335838318, 0.3464943468570709, 0.387216717004776, 0.31993627548217773, 0.3868626058101654, 0.3482648730278015, 0.3461402356624603, 0.39341360330581665, 0.3732294738292694, 0.39093485474586487, 0.40934842824935913, 0.40651556849479675, 0.40704673528671265, 0.4035056531429291, 0.4022662937641144, 0.40722379088401794]}}