{"amazon_electronics_c_train_1_32": {"num_of_epochs": 30, "learning_rate": 1e-05, "training_ds_fpath": "_train_1_32", "first_token_val_accuracy": [0.0, 0.0, 0.0, 0.0, 0.0, 0.0, 0.0, 0.0, 0.0, 0.0, 0.0, 0.009999999776482582, 0.05000000074505806, 0.18000000715255737, 0.44999998807907104, 0.6100000143051147, 0.6399999856948853, 0.6700000166893005, 0.6850000023841858, 0.6899999976158142, 0.699999988079071, 0.7149999737739563, 0.7350000143051147, 0.7699999809265137, 0.7900000214576721, 0.7900000214576721, 0.7850000262260437, 0.800000011920929, 0.800000011920929, 0.7850000262260437], "all_token_val_accuracy": [0.0, 0.0, 0.0, 0.0, 0.0, 0.0, 0.0, 0.0, 0.0, 0.0, 0.0, 0.009999999776482582, 0.05000000074505806, 0.18000000715255737, 0.44999998807907104, 0.6100000143051147, 0.6399999856948853, 0.6700000166893005, 0.6850000023841858, 0.6899999976158142, 0.699999988079071, 0.7149999737739563, 0.7350000143051147, 0.7699999809265137, 0.7900000214576721, 0.7900000214576721, 0.7850000262260437, 0.800000011920929, 0.800000011920929, 0.7850000262260437]}}