{"amazon_electronics_c_train_3_16": {"num_of_epochs": 5, "learning_rate": 0.0005, "training_ds_fpath": "_train_3_16", "first_token_val_accuracy": [0.7350000143051147, 0.75, 0.824999988079071, 0.8100000023841858, 0.8100000023841858], "all_token_val_accuracy": [0.7350000143051147, 0.75, 0.824999988079071, 0.8100000023841858, 0.8100000023841858]}}