{"amazon_electronics_c_train_5_32": {"num_of_epochs": 40, "learning_rate": 0.001, "training_ds_fpath": "_train_5_32", "first_token_val_accuracy": [0.6650000214576721, 0.6299999952316284, 0.6700000166893005, 0.7049999833106995, 0.8199999928474426, 0.8149999976158142, 0.8299999833106995, 0.8149999976158142, 0.8050000071525574, 0.8349999785423279, 0.7799999713897705, 0.6299999952316284, 0.824999988079071, 0.75, 0.824999988079071, 0.8100000023841858, 0.7149999737739563, 0.7599999904632568, 0.7649999856948853, 0.7749999761581421, 0.7649999856948853, 0.7699999809265137, 0.7649999856948853, 0.7649999856948853, 0.7649999856948853, 0.7649999856948853, 0.7649999856948853, 0.7649999856948853, 0.7649999856948853, 0.7799999713897705, 0.7749999761581421, 0.7749999761581421, 0.7749999761581421, 0.7799999713897705, 0.7799999713897705, 0.7799999713897705, 0.7749999761581421, 0.7749999761581421, 0.7749999761581421, 0.7749999761581421], "all_token_val_accuracy": [0.6650000214576721, 0.6299999952316284, 0.6700000166893005, 0.7049999833106995, 0.8199999928474426, 0.8149999976158142, 0.8299999833106995, 0.8149999976158142, 0.8050000071525574, 0.8349999785423279, 0.7799999713897705, 0.6299999952316284, 0.824999988079071, 0.75, 0.824999988079071, 0.8100000023841858, 0.7149999737739563, 0.7599999904632568, 0.7649999856948853, 0.7749999761581421, 0.7649999856948853, 0.7699999809265137, 0.7649999856948853, 0.7649999856948853, 0.7649999856948853, 0.7649999856948853, 0.7649999856948853, 0.7649999856948853, 0.7649999856948853, 0.7799999713897705, 0.7749999761581421, 0.7749999761581421, 0.7749999761581421, 0.7799999713897705, 0.7799999713897705, 0.7799999713897705, 0.7749999761581421, 0.7749999761581421, 0.7749999761581421, 0.7749999761581421]}}