{"amazon_electronics_c_train_5_32": {"num_of_epochs": 5, "learning_rate": 0.0005, "training_ds_fpath": "_train_5_32", "first_token_val_accuracy": [0.6850000023841858, 0.8349999785423279, 0.7950000166893005, 0.8550000190734863, 0.8450000286102295], "all_token_val_accuracy": [0.6850000023841858, 0.8349999785423279, 0.7950000166893005, 0.8550000190734863, 0.8450000286102295]}}