{"amazon_electronics_c_train_8_4": {"num_of_epochs": 30, "learning_rate": 0.0005, "training_ds_fpath": "_train_8_4", "first_token_val_accuracy": [0.0, 0.014999999664723873, 0.6650000214576721, 0.7099999785423279, 0.7250000238418579, 0.6700000166893005, 0.6600000262260437, 0.6650000214576721, 0.675000011920929, 0.6850000023841858, 0.7149999737739563, 0.7250000238418579, 0.7200000286102295, 0.699999988079071, 0.6850000023841858, 0.6850000023841858, 0.6899999976158142, 0.7049999833106995, 0.7149999737739563, 0.7149999737739563, 0.7049999833106995, 0.7049999833106995, 0.7049999833106995, 0.7049999833106995, 0.699999988079071, 0.6949999928474426, 0.6949999928474426, 0.7749999761581421, 0.7749999761581421, 0.7850000262260437], "all_token_val_accuracy": [0.0, 0.014999999664723873, 0.6650000214576721, 0.7099999785423279, 0.7250000238418579, 0.6700000166893005, 0.6600000262260437, 0.6650000214576721, 0.675000011920929, 0.6850000023841858, 0.7149999737739563, 0.7250000238418579, 0.7200000286102295, 0.699999988079071, 0.6850000023841858, 0.6850000023841858, 0.6899999976158142, 0.7049999833106995, 0.7149999737739563, 0.7149999737739563, 0.7049999833106995, 0.7049999833106995, 0.7049999833106995, 0.7049999833106995, 0.699999988079071, 0.6949999928474426, 0.6949999928474426, 0.7749999761581421, 0.7749999761581421, 0.7850000262260437]}}