{"amazon_electronics_c_train_9_4": {"num_of_epochs": 10, "learning_rate": 0.0001, "training_ds_fpath": "_train_9_4", "first_token_val_accuracy": [0.0, 0.0, 0.0, 0.0, 0.0, 0.0, 0.0, 0.004999999888241291, 0.07500000298023224, 0.27000001072883606], "all_token_val_accuracy": [0.0, 0.0, 0.0, 0.0, 0.0, 0.0, 0.0, 0.004999999888241291, 0.06499999761581421, 0.25999999046325684]}}