{"amazon_electronics_c_train_9_8": {"num_of_epochs": 50, "learning_rate": 0.001, "training_ds_fpath": "_train_9_8", "first_token_val_accuracy": [0.7450000047683716, 0.8100000023841858, 0.824999988079071, 0.8149999976158142, 0.8199999928474426, 0.824999988079071, 0.8199999928474426, 0.8149999976158142, 0.8199999928474426, 0.8199999928474426, 0.8199999928474426, 0.8149999976158142, 0.8149999976158142, 0.8199999928474426, 0.8199999928474426, 0.824999988079071, 0.824999988079071, 0.8199999928474426, 0.8199999928474426, 0.8199999928474426, 0.8199999928474426, 0.8199999928474426, 0.8299999833106995, 0.8299999833106995, 0.8299999833106995, 0.8299999833106995, 0.8299999833106995, 0.8299999833106995, 0.824999988079071, 0.8100000023841858, 0.8149999976158142, 0.8100000023841858, 0.8100000023841858, 0.8100000023841858, 0.8100000023841858, 0.8100000023841858, 0.8100000023841858, 0.8100000023841858, 0.8100000023841858, 0.8100000023841858, 0.8100000023841858, 0.8100000023841858, 0.8100000023841858, 0.8100000023841858, 0.8100000023841858, 0.8100000023841858, 0.8100000023841858, 0.8100000023841858, 0.8100000023841858, 0.8100000023841858], "all_token_val_accuracy": [0.7450000047683716, 0.8100000023841858, 0.824999988079071, 0.8149999976158142, 0.8199999928474426, 0.824999988079071, 0.8199999928474426, 0.8149999976158142, 0.8199999928474426, 0.8199999928474426, 0.8199999928474426, 0.8149999976158142, 0.8149999976158142, 0.8199999928474426, 0.8199999928474426, 0.824999988079071, 0.824999988079071, 0.8199999928474426, 0.8199999928474426, 0.8199999928474426, 0.8199999928474426, 0.8199999928474426, 0.8299999833106995, 0.8299999833106995, 0.8299999833106995, 0.8299999833106995, 0.8299999833106995, 0.8299999833106995, 0.824999988079071, 0.8100000023841858, 0.8149999976158142, 0.8100000023841858, 0.8100000023841858, 0.8100000023841858, 0.8100000023841858, 0.8100000023841858, 0.8100000023841858, 0.8100000023841858, 0.8100000023841858, 0.8100000023841858, 0.8100000023841858, 0.8100000023841858, 0.8100000023841858, 0.8100000023841858, 0.8100000023841858, 0.8100000023841858, 0.8100000023841858, 0.8100000023841858, 0.8100000023841858, 0.8100000023841858]}}