{"amazon_electronics_c_train_2_32": {"num_of_epochs": 30, "learning_rate": 0.001, "training_ds_fpath": "_train_2_32", "first_token_val_accuracy": [0.7649999856948853, 0.8399999737739563, 0.824999988079071, 0.8149999976158142, 0.8100000023841858, 0.7250000238418579, 0.75, 0.6899999976158142, 0.8100000023841858, 0.7599999904632568, 0.7749999761581421, 0.7950000166893005, 0.7850000262260437, 0.7599999904632568, 0.7649999856948853, 0.7649999856948853, 0.7699999809265137, 0.7900000214576721, 0.7749999761581421, 0.7699999809265137, 0.7749999761581421, 0.7649999856948853, 0.7599999904632568, 0.7649999856948853, 0.7649999856948853, 0.7649999856948853, 0.7599999904632568, 0.7549999952316284, 0.7599999904632568, 0.7599999904632568], "all_token_val_accuracy": [0.7649999856948853, 0.8399999737739563, 0.824999988079071, 0.8149999976158142, 0.8100000023841858, 0.7250000238418579, 0.75, 0.6899999976158142, 0.8100000023841858, 0.7599999904632568, 0.7749999761581421, 0.7950000166893005, 0.7850000262260437, 0.7599999904632568, 0.7649999856948853, 0.7649999856948853, 0.7699999809265137, 0.7900000214576721, 0.7749999761581421, 0.7699999809265137, 0.7749999761581421, 0.7649999856948853, 0.7599999904632568, 0.7649999856948853, 0.7649999856948853, 0.7649999856948853, 0.7599999904632568, 0.7549999952316284, 0.7599999904632568, 0.7599999904632568]}}