{"amazon_electronics_c_train_7_16": {"num_of_epochs": 5, "learning_rate": 0.0005, "training_ds_fpath": "_train_7_16", "first_token_val_accuracy": [0.699999988079071, 0.7950000166893005, 0.8550000190734863, 0.8450000286102295, 0.875], "all_token_val_accuracy": [0.699999988079071, 0.7950000166893005, 0.8550000190734863, 0.8450000286102295, 0.875]}}