{"amazon_electronics_c_train_4_32": {"num_of_epochs": 10, "learning_rate": 0.0005, "training_ds_fpath": "_train_4_32", "first_token_val_accuracy": [0.8299999833106995, 0.824999988079071, 0.824999988079071, 0.824999988079071, 0.824999988079071, 0.7749999761581421, 0.8199999928474426, 0.8149999976158142, 0.8100000023841858, 0.8149999976158142], "all_token_val_accuracy": [0.8299999833106995, 0.824999988079071, 0.824999988079071, 0.824999988079071, 0.824999988079071, 0.7749999761581421, 0.8199999928474426, 0.8149999976158142, 0.8100000023841858, 0.8149999976158142]}}