{"amazon_electronics_c_train_5_32": {"num_of_epochs": 5, "learning_rate": 0.0001, "training_ds_fpath": "_train_5_32", "first_token_val_accuracy": [0.0, 0.7450000047683716, 0.8100000023841858, 0.8149999976158142, 0.824999988079071], "all_token_val_accuracy": [0.0, 0.7450000047683716, 0.8100000023841858, 0.8149999976158142, 0.824999988079071]}}