{"amazon_electronics_c_train_6_4": {"num_of_epochs": 5, "learning_rate": 0.0005, "training_ds_fpath": "_train_6_4", "first_token_val_accuracy": [0.0, 0.11500000208616257, 0.7099999785423279, 0.7549999952316284, 0.8149999976158142], "all_token_val_accuracy": [0.0, 0.11500000208616257, 0.7099999785423279, 0.7549999952316284, 0.8149999976158142]}}