{"amazon_electronics_c_train_7_16": {"num_of_epochs": 20, "learning_rate": 0.0005, "training_ds_fpath": "_train_7_16", "first_token_val_accuracy": [0.7400000095367432, 0.824999988079071, 0.8650000095367432, 0.8650000095367432, 0.8650000095367432, 0.8650000095367432, 0.8650000095367432, 0.8650000095367432, 0.8650000095367432, 0.8650000095367432, 0.8650000095367432, 0.8650000095367432, 0.8650000095367432, 0.8650000095367432, 0.8600000143051147, 0.8600000143051147, 0.8650000095367432, 0.8650000095367432, 0.8600000143051147, 0.8600000143051147], "all_token_val_accuracy": [0.7400000095367432, 0.824999988079071, 0.8650000095367432, 0.8650000095367432, 0.8650000095367432, 0.8650000095367432, 0.8650000095367432, 0.8650000095367432, 0.8650000095367432, 0.8650000095367432, 0.8650000095367432, 0.8650000095367432, 0.8650000095367432, 0.8650000095367432, 0.8600000143051147, 0.8600000143051147, 0.8650000095367432, 0.8650000095367432, 0.8600000143051147, 0.8600000143051147]}}