{"amazon_electronics_c_train_1_8": {"num_of_epochs": 5, "learning_rate": 0.001, "training_ds_fpath": "_train_1_8", "first_token_val_accuracy": [0.7900000214576721, 0.7350000143051147, 0.7799999713897705, 0.7950000166893005, 0.8100000023841858], "all_token_val_accuracy": [0.699999988079071, 0.7350000143051147, 0.7799999713897705, 0.7950000166893005, 0.8100000023841858]}}