{"amazon_electronics_c_train_8_8": {"num_of_epochs": 5, "learning_rate": 0.001, "training_ds_fpath": "_train_8_8", "first_token_val_accuracy": [0.800000011920929, 0.8199999928474426, 0.8199999928474426, 0.8100000023841858, 0.8500000238418579], "all_token_val_accuracy": [0.800000011920929, 0.8199999928474426, 0.8199999928474426, 0.8100000023841858, 0.8500000238418579]}}