{"amazon_electronics_c_train_6_32": {"num_of_epochs": 20, "learning_rate": 0.0001, "training_ds_fpath": "_train_6_32", "first_token_val_accuracy": [0.0, 0.7649999856948853, 0.7900000214576721, 0.8349999785423279, 0.8399999737739563, 0.8550000190734863, 0.8700000047683716, 0.875, 0.8799999952316284, 0.8799999952316284, 0.8849999904632568, 0.8849999904632568, 0.875, 0.875, 0.8799999952316284, 0.8849999904632568, 0.875, 0.8849999904632568, 0.8849999904632568, 0.8849999904632568], "all_token_val_accuracy": [0.0, 0.7649999856948853, 0.7900000214576721, 0.8349999785423279, 0.8399999737739563, 0.8550000190734863, 0.8700000047683716, 0.875, 0.8799999952316284, 0.8799999952316284, 0.8849999904632568, 0.8849999904632568, 0.875, 0.875, 0.8799999952316284, 0.8849999904632568, 0.875, 0.8849999904632568, 0.8849999904632568, 0.8849999904632568]}}