{"amazon_electronics_c_train_7_16": {"num_of_epochs": 30, "learning_rate": 0.0005, "training_ds_fpath": "_train_7_16", "first_token_val_accuracy": [0.6499999761581421, 0.7649999856948853, 0.8050000071525574, 0.800000011920929, 0.8100000023841858, 0.8149999976158142, 0.8199999928474426, 0.8299999833106995, 0.8100000023841858, 0.8149999976158142, 0.8100000023841858, 0.8349999785423279, 0.8399999737739563, 0.8399999737739563, 0.8299999833106995, 0.8299999833106995, 0.8299999833106995, 0.8299999833106995, 0.8299999833106995, 0.8349999785423279, 0.8349999785423279, 0.8349999785423279, 0.8399999737739563, 0.8399999737739563, 0.8349999785423279, 0.8349999785423279, 0.8349999785423279, 0.8349999785423279, 0.8399999737739563, 0.8399999737739563], "all_token_val_accuracy": [0.6499999761581421, 0.7649999856948853, 0.8050000071525574, 0.800000011920929, 0.8100000023841858, 0.8149999976158142, 0.8199999928474426, 0.8299999833106995, 0.8100000023841858, 0.8149999976158142, 0.8100000023841858, 0.8349999785423279, 0.8399999737739563, 0.8399999737739563, 0.8299999833106995, 0.8299999833106995, 0.8299999833106995, 0.8299999833106995, 0.8299999833106995, 0.8349999785423279, 0.8349999785423279, 0.8349999785423279, 0.8399999737739563, 0.8399999737739563, 0.8349999785423279, 0.8349999785423279, 0.8349999785423279, 0.8349999785423279, 0.8399999737739563, 0.8399999737739563]}}