{"amazon_electronics_c_train_9_4": {"num_of_epochs": 50, "learning_rate": 0.0001, "training_ds_fpath": "_train_9_4", "first_token_val_accuracy": [0.0, 0.0, 0.0, 0.0, 0.0, 0.0, 0.0, 0.004999999888241291, 0.06499999761581421, 0.3100000023841858, 0.5600000023841858, 0.6349999904632568, 0.6299999952316284, 0.6499999761581421, 0.6850000023841858, 0.7450000047683716, 0.7749999761581421, 0.800000011920929, 0.7950000166893005, 0.800000011920929, 0.8199999928474426, 0.824999988079071, 0.8349999785423279, 0.8399999737739563, 0.8299999833106995, 0.8299999833106995, 0.8299999833106995, 0.824999988079071, 0.824999988079071, 0.8299999833106995, 0.8299999833106995, 0.824999988079071, 0.8299999833106995, 0.8299999833106995, 0.8299999833106995, 0.824999988079071, 0.8149999976158142, 0.8149999976158142, 0.8199999928474426, 0.8149999976158142, 0.8149999976158142, 0.824999988079071, 0.824999988079071, 0.8199999928474426, 0.8199999928474426, 0.824999988079071, 0.824999988079071, 0.824999988079071, 0.824999988079071, 0.824999988079071], "all_token_val_accuracy": [0.0, 0.0, 0.0, 0.0, 0.0, 0.0, 0.0, 0.004999999888241291, 0.06499999761581421, 0.3100000023841858, 0.5600000023841858, 0.6349999904632568, 0.6299999952316284, 0.6499999761581421, 0.6850000023841858, 0.7450000047683716, 0.7749999761581421, 0.800000011920929, 0.7950000166893005, 0.800000011920929, 0.8199999928474426, 0.824999988079071, 0.8349999785423279, 0.8399999737739563, 0.8299999833106995, 0.8299999833106995, 0.8299999833106995, 0.824999988079071, 0.824999988079071, 0.8299999833106995, 0.8299999833106995, 0.824999988079071, 0.8299999833106995, 0.8299999833106995, 0.8299999833106995, 0.824999988079071, 0.8149999976158142, 0.8149999976158142, 0.8199999928474426, 0.8149999976158142, 0.8149999976158142, 0.824999988079071, 0.824999988079071, 0.8199999928474426, 0.8199999928474426, 0.824999988079071, 0.824999988079071, 0.824999988079071, 0.824999988079071, 0.824999988079071]}}