{"amazon_electronics_c_train_8_8": {"num_of_epochs": 50, "learning_rate": 0.001, "training_ds_fpath": "_train_8_8", "first_token_val_accuracy": [0.7950000166893005, 0.8100000023841858, 0.8100000023841858, 0.7649999856948853, 0.800000011920929, 0.8050000071525574, 0.7950000166893005, 0.7950000166893005, 0.7900000214576721, 0.7900000214576721, 0.7950000166893005, 0.8050000071525574, 0.8050000071525574, 0.8050000071525574, 0.8050000071525574, 0.8100000023841858, 0.8100000023841858, 0.8100000023841858, 0.8100000023841858, 0.8100000023841858, 0.8050000071525574, 0.8050000071525574, 0.8100000023841858, 0.8100000023841858, 0.8050000071525574, 0.8050000071525574, 0.8050000071525574, 0.8050000071525574, 0.8050000071525574, 0.8050000071525574, 0.8149999976158142, 0.8149999976158142, 0.8149999976158142, 0.8149999976158142, 0.8149999976158142, 0.8149999976158142, 0.8149999976158142, 0.8149999976158142, 0.8100000023841858, 0.8100000023841858, 0.8050000071525574, 0.8050000071525574, 0.800000011920929, 0.800000011920929, 0.800000011920929, 0.800000011920929, 0.8050000071525574, 0.800000011920929, 0.800000011920929, 0.800000011920929], "all_token_val_accuracy": [0.7950000166893005, 0.8100000023841858, 0.8100000023841858, 0.7649999856948853, 0.800000011920929, 0.8050000071525574, 0.7950000166893005, 0.7950000166893005, 0.7900000214576721, 0.7900000214576721, 0.7950000166893005, 0.8050000071525574, 0.8050000071525574, 0.8050000071525574, 0.8050000071525574, 0.8100000023841858, 0.8100000023841858, 0.8100000023841858, 0.8100000023841858, 0.8100000023841858, 0.8050000071525574, 0.8050000071525574, 0.8100000023841858, 0.8100000023841858, 0.8050000071525574, 0.8050000071525574, 0.8050000071525574, 0.8050000071525574, 0.8050000071525574, 0.8050000071525574, 0.8149999976158142, 0.8149999976158142, 0.8149999976158142, 0.8149999976158142, 0.8149999976158142, 0.8149999976158142, 0.8149999976158142, 0.8149999976158142, 0.8100000023841858, 0.8100000023841858, 0.8050000071525574, 0.8050000071525574, 0.800000011920929, 0.800000011920929, 0.800000011920929, 0.800000011920929, 0.8050000071525574, 0.800000011920929, 0.800000011920929, 0.800000011920929]}}