{"amazon_electronics_c_train_4_16": {"num_of_epochs": 30, "learning_rate": 1e-05, "training_ds_fpath": "_train_4_16", "first_token_val_accuracy": [0.0, 0.0, 0.0, 0.0, 0.0, 0.0, 0.0, 0.0, 0.0, 0.0, 0.0, 0.0, 0.0, 0.0, 0.0, 0.0, 0.0, 0.0, 0.0, 0.0, 0.0, 0.004999999888241291, 0.009999999776482582, 0.029999999329447746, 0.08500000089406967, 0.14499999582767487, 0.30000001192092896, 0.44999998807907104, 0.5649999976158142, 0.6050000190734863], "all_token_val_accuracy": [0.0, 0.0, 0.0, 0.0, 0.0, 0.0, 0.0, 0.0, 0.0, 0.0, 0.0, 0.0, 0.0, 0.0, 0.0, 0.0, 0.0, 0.0, 0.0, 0.0, 0.0, 0.004999999888241291, 0.009999999776482582, 0.029999999329447746, 0.08500000089406967, 0.14499999582767487, 0.30000001192092896, 0.44999998807907104, 0.5649999976158142, 0.6050000190734863]}}