{"amazon_electronics_c_train_7_16": {"num_of_epochs": 10, "learning_rate": 0.001, "training_ds_fpath": "_train_7_16", "first_token_val_accuracy": [0.8500000238418579, 0.8349999785423279, 0.8600000143051147, 0.8650000095367432, 0.8500000238418579, 0.8450000286102295, 0.8500000238418579, 0.8550000190734863, 0.8550000190734863, 0.8550000190734863], "all_token_val_accuracy": [0.8500000238418579, 0.8349999785423279, 0.8600000143051147, 0.8650000095367432, 0.8500000238418579, 0.8450000286102295, 0.8500000238418579, 0.8550000190734863, 0.8550000190734863, 0.8550000190734863]}}