{"amazon_electronics_c_train_7_8": {"num_of_epochs": 50, "learning_rate": 0.0001, "training_ds_fpath": "_train_7_8", "first_token_val_accuracy": [0.0, 0.0, 0.0, 0.0, 0.19499999284744263, 0.6499999761581421, 0.7300000190734863, 0.7400000095367432, 0.7400000095367432, 0.7200000286102295, 0.7099999785423279, 0.6949999928474426, 0.6899999976158142, 0.675000011920929, 0.6700000166893005, 0.6600000262260437, 0.6600000262260437, 0.6600000262260437, 0.6949999928474426, 0.699999988079071, 0.699999988079071, 0.6949999928474426, 0.6949999928474426, 0.6949999928474426, 0.6949999928474426, 0.699999988079071, 0.699999988079071, 0.699999988079071, 0.6949999928474426, 0.6949999928474426, 0.6949999928474426, 0.6899999976158142, 0.6899999976158142, 0.6949999928474426, 0.6899999976158142, 0.6850000023841858, 0.6800000071525574, 0.6800000071525574, 0.6800000071525574, 0.6800000071525574, 0.6800000071525574, 0.6850000023841858, 0.6899999976158142, 0.6800000071525574, 0.6899999976158142, 0.6899999976158142, 0.6899999976158142, 0.6850000023841858, 0.6850000023841858, 0.6850000023841858], "all_token_val_accuracy": [0.0, 0.0, 0.0, 0.0, 0.19499999284744263, 0.6449999809265137, 0.7200000286102295, 0.7300000190734863, 0.7250000238418579, 0.7049999833106995, 0.6949999928474426, 0.6949999928474426, 0.6899999976158142, 0.675000011920929, 0.6700000166893005, 0.6600000262260437, 0.6600000262260437, 0.6600000262260437, 0.6949999928474426, 0.699999988079071, 0.699999988079071, 0.6949999928474426, 0.6949999928474426, 0.6949999928474426, 0.6949999928474426, 0.699999988079071, 0.699999988079071, 0.699999988079071, 0.6949999928474426, 0.6949999928474426, 0.6949999928474426, 0.6899999976158142, 0.6899999976158142, 0.6949999928474426, 0.6899999976158142, 0.6850000023841858, 0.6800000071525574, 0.6800000071525574, 0.6800000071525574, 0.6800000071525574, 0.6800000071525574, 0.6850000023841858, 0.6899999976158142, 0.6800000071525574, 0.6899999976158142, 0.6899999976158142, 0.6899999976158142, 0.6850000023841858, 0.6850000023841858, 0.6850000023841858]}}