{"amazon_electronics_c_train_8_4": {"num_of_epochs": 50, "learning_rate": 0.0005, "training_ds_fpath": "_train_8_4", "first_token_val_accuracy": [0.0, 0.0, 0.699999988079071, 0.6850000023841858, 0.6949999928474426, 0.7250000238418579, 0.699999988079071, 0.7400000095367432, 0.7799999713897705, 0.7900000214576721, 0.8050000071525574, 0.8100000023841858, 0.8100000023841858, 0.8149999976158142, 0.8100000023841858, 0.8100000023841858, 0.8100000023841858, 0.8100000023841858, 0.8050000071525574, 0.7950000166893005, 0.7699999809265137, 0.7699999809265137, 0.7749999761581421, 0.800000011920929, 0.7850000262260437, 0.7900000214576721, 0.7950000166893005, 0.7950000166893005, 0.800000011920929, 0.800000011920929, 0.7950000166893005, 0.800000011920929, 0.8050000071525574, 0.800000011920929, 0.7950000166893005, 0.800000011920929, 0.800000011920929, 0.8050000071525574, 0.8050000071525574, 0.800000011920929, 0.800000011920929, 0.800000011920929, 0.800000011920929, 0.800000011920929, 0.800000011920929, 0.8050000071525574, 0.8050000071525574, 0.8050000071525574, 0.8050000071525574, 0.800000011920929], "all_token_val_accuracy": [0.0, 0.0, 0.699999988079071, 0.6850000023841858, 0.6949999928474426, 0.7250000238418579, 0.699999988079071, 0.7400000095367432, 0.7799999713897705, 0.7900000214576721, 0.8050000071525574, 0.8100000023841858, 0.8100000023841858, 0.8149999976158142, 0.8100000023841858, 0.8100000023841858, 0.8100000023841858, 0.8100000023841858, 0.8050000071525574, 0.7950000166893005, 0.7699999809265137, 0.7699999809265137, 0.7749999761581421, 0.800000011920929, 0.7850000262260437, 0.7900000214576721, 0.7950000166893005, 0.7950000166893005, 0.800000011920929, 0.800000011920929, 0.7950000166893005, 0.800000011920929, 0.8050000071525574, 0.800000011920929, 0.7950000166893005, 0.800000011920929, 0.800000011920929, 0.8050000071525574, 0.8050000071525574, 0.800000011920929, 0.800000011920929, 0.800000011920929, 0.800000011920929, 0.800000011920929, 0.800000011920929, 0.8050000071525574, 0.8050000071525574, 0.8050000071525574, 0.8050000071525574, 0.800000011920929]}}