{"amazon_electronics_c_train_3_16": {"num_of_epochs": 20, "learning_rate": 0.0001, "training_ds_fpath": "_train_3_16", "first_token_val_accuracy": [0.0, 0.0, 0.7250000238418579, 0.7850000262260437, 0.7850000262260437, 0.7799999713897705, 0.7749999761581421, 0.800000011920929, 0.800000011920929, 0.8050000071525574, 0.800000011920929, 0.7900000214576721, 0.800000011920929, 0.8050000071525574, 0.8050000071525574, 0.800000011920929, 0.800000011920929, 0.8050000071525574, 0.8050000071525574, 0.7950000166893005], "all_token_val_accuracy": [0.0, 0.0, 0.7250000238418579, 0.7850000262260437, 0.7850000262260437, 0.7799999713897705, 0.7749999761581421, 0.800000011920929, 0.800000011920929, 0.8050000071525574, 0.800000011920929, 0.7900000214576721, 0.800000011920929, 0.8050000071525574, 0.8050000071525574, 0.800000011920929, 0.800000011920929, 0.8050000071525574, 0.8050000071525574, 0.7950000166893005]}}