{"amazon_electronics_c_train_5_8": {"num_of_epochs": 20, "learning_rate": 0.001, "training_ds_fpath": "_train_5_8", "first_token_val_accuracy": [0.7749999761581421, 0.7149999737739563, 0.7549999952316284, 0.675000011920929, 0.7049999833106995, 0.7599999904632568, 0.75, 0.699999988079071, 0.7049999833106995, 0.7049999833106995, 0.699999988079071, 0.6949999928474426, 0.6899999976158142, 0.699999988079071, 0.699999988079071, 0.6949999928474426, 0.699999988079071, 0.699999988079071, 0.7049999833106995, 0.699999988079071], "all_token_val_accuracy": [0.6600000262260437, 0.7149999737739563, 0.7549999952316284, 0.675000011920929, 0.7049999833106995, 0.7599999904632568, 0.75, 0.699999988079071, 0.7049999833106995, 0.7049999833106995, 0.699999988079071, 0.6949999928474426, 0.6899999976158142, 0.699999988079071, 0.699999988079071, 0.6949999928474426, 0.699999988079071, 0.699999988079071, 0.7049999833106995, 0.699999988079071]}}