{"amazon_electronics_c_train_2_16": {"num_of_epochs": 5, "learning_rate": 0.0005, "training_ds_fpath": "_train_2_16", "first_token_val_accuracy": [0.7049999833106995, 0.7350000143051147, 0.800000011920929, 0.8149999976158142, 0.800000011920929], "all_token_val_accuracy": [0.7049999833106995, 0.7350000143051147, 0.800000011920929, 0.8149999976158142, 0.800000011920929]}}