{"amazon_electronics_c_train_6_16": {"num_of_epochs": 10, "learning_rate": 0.0001, "training_ds_fpath": "_train_6_16", "first_token_val_accuracy": [0.0, 0.0, 0.5649999976158142, 0.699999988079071, 0.7450000047683716, 0.7850000262260437, 0.7900000214576721, 0.8149999976158142, 0.824999988079071, 0.8299999833106995], "all_token_val_accuracy": [0.0, 0.0, 0.5649999976158142, 0.699999988079071, 0.7450000047683716, 0.7850000262260437, 0.7900000214576721, 0.8149999976158142, 0.824999988079071, 0.8299999833106995]}}