{"amazon_electronics_c_train_0_16": {"num_of_epochs": 10, "learning_rate": 0.0005, "training_ds_fpath": "_train_0_16", "first_token_val_accuracy": [0.6899999976158142, 0.8149999976158142, 0.7900000214576721, 0.7850000262260437, 0.7850000262260437, 0.7950000166893005, 0.7850000262260437, 0.7900000214576721, 0.7749999761581421, 0.7749999761581421], "all_token_val_accuracy": [0.6899999976158142, 0.8149999976158142, 0.7900000214576721, 0.7850000262260437, 0.7850000262260437, 0.7950000166893005, 0.7850000262260437, 0.7900000214576721, 0.7749999761581421, 0.7749999761581421]}}