{"amazon_electronics_c_train_7_32": {"num_of_epochs": 30, "learning_rate": 0.001, "training_ds_fpath": "_train_7_32", "first_token_val_accuracy": [0.6050000190734863, 0.8450000286102295, 0.8050000071525574, 0.7250000238418579, 0.8050000071525574, 0.8050000071525574, 0.8199999928474426, 0.8100000023841858, 0.8199999928474426, 0.7200000286102295, 0.7850000262260437, 0.7749999761581421, 0.7900000214576721, 0.75, 0.75, 0.7549999952316284, 0.6949999928474426, 0.7799999713897705, 0.7799999713897705, 0.7900000214576721, 0.6600000262260437, 0.7900000214576721, 0.7149999737739563, 0.6899999976158142, 0.7250000238418579, 0.75, 0.7450000047683716, 0.7549999952316284, 0.75, 0.75], "all_token_val_accuracy": [0.6050000190734863, 0.8450000286102295, 0.8050000071525574, 0.7250000238418579, 0.8050000071525574, 0.8050000071525574, 0.8199999928474426, 0.8100000023841858, 0.8199999928474426, 0.7200000286102295, 0.7850000262260437, 0.7749999761581421, 0.7900000214576721, 0.75, 0.75, 0.7549999952316284, 0.6949999928474426, 0.7799999713897705, 0.7799999713897705, 0.7900000214576721, 0.6600000262260437, 0.7900000214576721, 0.7149999737739563, 0.6899999976158142, 0.7250000238418579, 0.75, 0.7450000047683716, 0.7549999952316284, 0.75, 0.75]}}