{"amazon_electronics_c_train_7_8": {"num_of_epochs": 50, "learning_rate": 0.0005, "training_ds_fpath": "_train_7_8", "first_token_val_accuracy": [0.07000000029802322, 0.7549999952316284, 0.6650000214576721, 0.6449999809265137, 0.6650000214576721, 0.6600000262260437, 0.625, 0.6150000095367432, 0.6150000095367432, 0.625, 0.6499999761581421, 0.6650000214576721, 0.6700000166893005, 0.675000011920929, 0.6800000071525574, 0.675000011920929, 0.6700000166893005, 0.6700000166893005, 0.6700000166893005, 0.6700000166893005, 0.6650000214576721, 0.6650000214576721, 0.6700000166893005, 0.675000011920929, 0.6800000071525574, 0.6800000071525574, 0.6800000071525574, 0.6800000071525574, 0.675000011920929, 0.675000011920929, 0.675000011920929, 0.675000011920929, 0.675000011920929, 0.675000011920929, 0.675000011920929, 0.675000011920929, 0.675000011920929, 0.6800000071525574, 0.6800000071525574, 0.6800000071525574, 0.6800000071525574, 0.6800000071525574, 0.6800000071525574, 0.6800000071525574, 0.6800000071525574, 0.6850000023841858, 0.6800000071525574, 0.6800000071525574, 0.6800000071525574, 0.6800000071525574], "all_token_val_accuracy": [0.07000000029802322, 0.7549999952316284, 0.6650000214576721, 0.6449999809265137, 0.6650000214576721, 0.6600000262260437, 0.625, 0.6150000095367432, 0.6150000095367432, 0.625, 0.6499999761581421, 0.6650000214576721, 0.6700000166893005, 0.675000011920929, 0.6800000071525574, 0.675000011920929, 0.6700000166893005, 0.6700000166893005, 0.6700000166893005, 0.6700000166893005, 0.6650000214576721, 0.6650000214576721, 0.6700000166893005, 0.675000011920929, 0.6800000071525574, 0.6800000071525574, 0.6800000071525574, 0.6800000071525574, 0.675000011920929, 0.675000011920929, 0.675000011920929, 0.675000011920929, 0.675000011920929, 0.675000011920929, 0.675000011920929, 0.675000011920929, 0.675000011920929, 0.6800000071525574, 0.6800000071525574, 0.6800000071525574, 0.6800000071525574, 0.6800000071525574, 0.6800000071525574, 0.6800000071525574, 0.6800000071525574, 0.6850000023841858, 0.6800000071525574, 0.6800000071525574, 0.6800000071525574, 0.6800000071525574]}}