{"amazon_electronics_c_train_8_8": {"num_of_epochs": 10, "learning_rate": 0.001, "training_ds_fpath": "_train_8_8", "first_token_val_accuracy": [0.824999988079071, 0.8399999737739563, 0.7049999833106995, 0.7950000166893005, 0.8050000071525574, 0.8199999928474426, 0.8100000023841858, 0.8100000023841858, 0.8149999976158142, 0.8149999976158142], "all_token_val_accuracy": [0.8199999928474426, 0.8349999785423279, 0.7049999833106995, 0.7950000166893005, 0.8050000071525574, 0.8199999928474426, 0.8100000023841858, 0.8100000023841858, 0.8149999976158142, 0.8149999976158142]}}