{"amazon_electronics_c_train_4_4": {"num_of_epochs": 40, "learning_rate": 0.0005, "training_ds_fpath": "_train_4_4", "first_token_val_accuracy": [0.0, 0.04500000178813934, 0.7200000286102295, 0.7599999904632568, 0.7850000262260437, 0.800000011920929, 0.7799999713897705, 0.800000011920929, 0.8199999928474426, 0.8399999737739563, 0.8500000238418579, 0.8550000190734863, 0.8500000238418579, 0.8550000190734863, 0.8450000286102295, 0.8500000238418579, 0.8450000286102295, 0.8399999737739563, 0.8399999737739563, 0.8500000238418579, 0.8550000190734863, 0.8500000238418579, 0.8550000190734863, 0.8500000238418579, 0.8500000238418579, 0.8500000238418579, 0.8500000238418579, 0.8500000238418579, 0.8450000286102295, 0.8450000286102295, 0.8450000286102295, 0.8450000286102295, 0.8500000238418579, 0.8500000238418579, 0.8500000238418579, 0.8500000238418579, 0.8450000286102295, 0.8399999737739563, 0.8399999737739563, 0.8399999737739563], "all_token_val_accuracy": [0.0, 0.04500000178813934, 0.7200000286102295, 0.7599999904632568, 0.7850000262260437, 0.800000011920929, 0.7799999713897705, 0.800000011920929, 0.8199999928474426, 0.8399999737739563, 0.8500000238418579, 0.8550000190734863, 0.8500000238418579, 0.8550000190734863, 0.8450000286102295, 0.8500000238418579, 0.8450000286102295, 0.8399999737739563, 0.8399999737739563, 0.8500000238418579, 0.8550000190734863, 0.8500000238418579, 0.8550000190734863, 0.8500000238418579, 0.8500000238418579, 0.8500000238418579, 0.8500000238418579, 0.8500000238418579, 0.8450000286102295, 0.8450000286102295, 0.8450000286102295, 0.8450000286102295, 0.8500000238418579, 0.8500000238418579, 0.8500000238418579, 0.8500000238418579, 0.8450000286102295, 0.8399999737739563, 0.8399999737739563, 0.8399999737739563]}}