{"amazon_electronics_c_train_5_16": {"num_of_epochs": 30, "learning_rate": 0.001, "training_ds_fpath": "_train_5_16", "first_token_val_accuracy": [0.7400000095367432, 0.7749999761581421, 0.6299999952316284, 0.6800000071525574, 0.7900000214576721, 0.7649999856948853, 0.7749999761581421, 0.7900000214576721, 0.7950000166893005, 0.7850000262260437, 0.7850000262260437, 0.7850000262260437, 0.7799999713897705, 0.7799999713897705, 0.7799999713897705, 0.7799999713897705, 0.7799999713897705, 0.7850000262260437, 0.7850000262260437, 0.7850000262260437, 0.7099999785423279, 0.7549999952316284, 0.75, 0.7350000143051147, 0.7350000143051147, 0.7549999952316284, 0.7649999856948853, 0.7649999856948853, 0.7649999856948853, 0.7649999856948853], "all_token_val_accuracy": [0.7400000095367432, 0.7749999761581421, 0.6299999952316284, 0.6800000071525574, 0.7900000214576721, 0.7649999856948853, 0.7749999761581421, 0.7900000214576721, 0.7950000166893005, 0.7850000262260437, 0.7850000262260437, 0.7850000262260437, 0.7799999713897705, 0.7799999713897705, 0.7799999713897705, 0.7799999713897705, 0.7799999713897705, 0.7850000262260437, 0.7850000262260437, 0.7850000262260437, 0.7099999785423279, 0.7549999952316284, 0.75, 0.7350000143051147, 0.7350000143051147, 0.7549999952316284, 0.7649999856948853, 0.7649999856948853, 0.7649999856948853, 0.7649999856948853]}}