{"amazon_electronics_c_train_5_4": {"num_of_epochs": 5, "learning_rate": 0.001, "training_ds_fpath": "_train_5_4", "first_token_val_accuracy": [0.05000000074505806, 0.7799999713897705, 0.7649999856948853, 0.7749999761581421, 0.8399999737739563], "all_token_val_accuracy": [0.05000000074505806, 0.7799999713897705, 0.7649999856948853, 0.7749999761581421, 0.8399999737739563]}}