{"amazon_electronics_c_train_5_8": {"num_of_epochs": 5, "learning_rate": 0.0005, "training_ds_fpath": "_train_5_8", "first_token_val_accuracy": [0.004999999888241291, 0.7699999809265137, 0.7400000095367432, 0.7450000047683716, 0.8050000071525574], "all_token_val_accuracy": [0.004999999888241291, 0.7649999856948853, 0.7250000238418579, 0.7400000095367432, 0.8050000071525574]}}