{"amazon_electronics_c_train_2_4": {"num_of_epochs": 50, "learning_rate": 0.001, "training_ds_fpath": "_train_2_4", "first_token_val_accuracy": [0.11999999731779099, 0.7549999952316284, 0.7749999761581421, 0.7099999785423279, 0.7350000143051147, 0.7850000262260437, 0.7649999856948853, 0.7200000286102295, 0.7250000238418579, 0.75, 0.7549999952316284, 0.800000011920929, 0.7950000166893005, 0.7900000214576721, 0.7950000166893005, 0.7900000214576721, 0.7799999713897705, 0.7900000214576721, 0.7850000262260437, 0.7749999761581421, 0.7749999761581421, 0.7749999761581421, 0.7749999761581421, 0.7749999761581421, 0.7799999713897705, 0.7749999761581421, 0.7749999761581421, 0.7749999761581421, 0.7749999761581421, 0.7749999761581421, 0.7749999761581421, 0.7749999761581421, 0.7749999761581421, 0.7749999761581421, 0.7749999761581421, 0.7749999761581421, 0.7749999761581421, 0.7749999761581421, 0.7749999761581421, 0.7749999761581421, 0.7749999761581421, 0.7749999761581421, 0.7749999761581421, 0.7749999761581421, 0.7699999809265137, 0.7749999761581421, 0.7749999761581421, 0.7749999761581421, 0.7799999713897705, 0.800000011920929], "all_token_val_accuracy": [0.11999999731779099, 0.7350000143051147, 0.7749999761581421, 0.7099999785423279, 0.7350000143051147, 0.7850000262260437, 0.7649999856948853, 0.7200000286102295, 0.7250000238418579, 0.75, 0.7549999952316284, 0.800000011920929, 0.7950000166893005, 0.7900000214576721, 0.7950000166893005, 0.7900000214576721, 0.7799999713897705, 0.7900000214576721, 0.7850000262260437, 0.7749999761581421, 0.7749999761581421, 0.7749999761581421, 0.7749999761581421, 0.7749999761581421, 0.7799999713897705, 0.7749999761581421, 0.7749999761581421, 0.7749999761581421, 0.7749999761581421, 0.7749999761581421, 0.7749999761581421, 0.7749999761581421, 0.7749999761581421, 0.7749999761581421, 0.7749999761581421, 0.7749999761581421, 0.7749999761581421, 0.7749999761581421, 0.7749999761581421, 0.7749999761581421, 0.7749999761581421, 0.7749999761581421, 0.7749999761581421, 0.7749999761581421, 0.7699999809265137, 0.7749999761581421, 0.7749999761581421, 0.7749999761581421, 0.7799999713897705, 0.800000011920929]}}