{"amazon_electronics_c_train_9_4": {"num_of_epochs": 30, "learning_rate": 0.0001, "training_ds_fpath": "_train_9_4", "first_token_val_accuracy": [0.0, 0.0, 0.0, 0.0, 0.0, 0.0, 0.0, 0.004999999888241291, 0.125, 0.4449999928474426, 0.625, 0.7099999785423279, 0.7200000286102295, 0.7250000238418579, 0.7400000095367432, 0.7450000047683716, 0.7699999809265137, 0.7900000214576721, 0.8149999976158142, 0.8050000071525574, 0.8050000071525574, 0.8100000023841858, 0.8050000071525574, 0.8199999928474426, 0.8299999833106995, 0.8399999737739563, 0.8399999737739563, 0.8450000286102295, 0.8450000286102295, 0.8450000286102295], "all_token_val_accuracy": [0.0, 0.0, 0.0, 0.0, 0.0, 0.0, 0.0, 0.004999999888241291, 0.125, 0.4449999928474426, 0.625, 0.7099999785423279, 0.7200000286102295, 0.7250000238418579, 0.7400000095367432, 0.7450000047683716, 0.7699999809265137, 0.7900000214576721, 0.8149999976158142, 0.8050000071525574, 0.8050000071525574, 0.8100000023841858, 0.8050000071525574, 0.8199999928474426, 0.8299999833106995, 0.8399999737739563, 0.8399999737739563, 0.8450000286102295, 0.8450000286102295, 0.8450000286102295]}}