{"amazon_electronics_c_train_8_8": {"num_of_epochs": 40, "learning_rate": 0.0001, "training_ds_fpath": "_train_8_8", "first_token_val_accuracy": [0.0, 0.0, 0.0, 0.0, 0.1599999964237213, 0.6449999809265137, 0.6899999976158142, 0.7200000286102295, 0.7749999761581421, 0.7749999761581421, 0.800000011920929, 0.7900000214576721, 0.7850000262260437, 0.7900000214576721, 0.7900000214576721, 0.7900000214576721, 0.800000011920929, 0.7950000166893005, 0.7900000214576721, 0.7900000214576721, 0.800000011920929, 0.7900000214576721, 0.7950000166893005, 0.7950000166893005, 0.8050000071525574, 0.8050000071525574, 0.8100000023841858, 0.800000011920929, 0.8100000023841858, 0.8100000023841858, 0.8050000071525574, 0.8149999976158142, 0.8050000071525574, 0.800000011920929, 0.7950000166893005, 0.7950000166893005, 0.7950000166893005, 0.7900000214576721, 0.7900000214576721, 0.7950000166893005], "all_token_val_accuracy": [0.0, 0.0, 0.0, 0.0, 0.15000000596046448, 0.6299999952316284, 0.675000011920929, 0.7049999833106995, 0.7649999856948853, 0.7649999856948853, 0.800000011920929, 0.7900000214576721, 0.7850000262260437, 0.7900000214576721, 0.7900000214576721, 0.7900000214576721, 0.800000011920929, 0.7950000166893005, 0.7900000214576721, 0.7900000214576721, 0.800000011920929, 0.7900000214576721, 0.7950000166893005, 0.7900000214576721, 0.800000011920929, 0.800000011920929, 0.8050000071525574, 0.7900000214576721, 0.800000011920929, 0.800000011920929, 0.7950000166893005, 0.800000011920929, 0.7900000214576721, 0.7850000262260437, 0.7950000166893005, 0.7950000166893005, 0.7950000166893005, 0.7900000214576721, 0.7900000214576721, 0.7950000166893005]}}