{"amazon_electronics_c_train_5_32": {"num_of_epochs": 5, "learning_rate": 0.001, "training_ds_fpath": "_train_5_32", "first_token_val_accuracy": [0.7350000143051147, 0.7950000166893005, 0.7850000262260437, 0.7400000095367432, 0.7099999785423279], "all_token_val_accuracy": [0.7350000143051147, 0.7950000166893005, 0.7850000262260437, 0.7400000095367432, 0.7099999785423279]}}