{"amazon_electronics_c_train_4_4": {"num_of_epochs": 5, "learning_rate": 0.0005, "training_ds_fpath": "_train_4_4", "first_token_val_accuracy": [0.0, 0.14499999582767487, 0.7350000143051147, 0.75, 0.7450000047683716], "all_token_val_accuracy": [0.0, 0.14499999582767487, 0.7350000143051147, 0.75, 0.7450000047683716]}}