{"amazon_electronics_c_train_3_16": {"num_of_epochs": 10, "learning_rate": 0.0005, "training_ds_fpath": "_train_3_16", "first_token_val_accuracy": [0.7900000214576721, 0.7799999713897705, 0.7900000214576721, 0.8100000023841858, 0.8199999928474426, 0.8199999928474426, 0.8199999928474426, 0.8199999928474426, 0.8199999928474426, 0.8199999928474426], "all_token_val_accuracy": [0.7900000214576721, 0.7799999713897705, 0.7900000214576721, 0.8100000023841858, 0.8199999928474426, 0.8199999928474426, 0.8199999928474426, 0.8199999928474426, 0.8199999928474426, 0.8199999928474426]}}