{"amazon_electronics_c_train_6_8": {"num_of_epochs": 5, "learning_rate": 0.0005, "training_ds_fpath": "_train_6_8", "first_token_val_accuracy": [0.08500000089406967, 0.7900000214576721, 0.7900000214576721, 0.800000011920929, 0.824999988079071], "all_token_val_accuracy": [0.08500000089406967, 0.7900000214576721, 0.7900000214576721, 0.800000011920929, 0.824999988079071]}}