{"amazon_electronics_c_train_1_16": {"num_of_epochs": 5, "learning_rate": 0.0001, "training_ds_fpath": "_train_1_16", "first_token_val_accuracy": [0.0, 0.0, 0.6299999952316284, 0.7149999737739563, 0.6650000214576721], "all_token_val_accuracy": [0.0, 0.0, 0.6000000238418579, 0.6949999928474426, 0.6600000262260437]}}