{"amazon_electronics_c_train_0_16": {"num_of_epochs": 30, "learning_rate": 0.0001, "training_ds_fpath": "_train_0_16", "first_token_val_accuracy": [0.0, 0.004999999888241291, 0.6600000262260437, 0.7250000238418579, 0.7749999761581421, 0.7699999809265137, 0.800000011920929, 0.8149999976158142, 0.800000011920929, 0.7950000166893005, 0.8050000071525574, 0.8050000071525574, 0.7900000214576721, 0.8050000071525574, 0.800000011920929, 0.7900000214576721, 0.8050000071525574, 0.8100000023841858, 0.8050000071525574, 0.8100000023841858, 0.8149999976158142, 0.8100000023841858, 0.8100000023841858, 0.8149999976158142, 0.824999988079071, 0.824999988079071, 0.8299999833106995, 0.8199999928474426, 0.8050000071525574, 0.8050000071525574], "all_token_val_accuracy": [0.0, 0.004999999888241291, 0.6600000262260437, 0.7250000238418579, 0.7749999761581421, 0.7699999809265137, 0.800000011920929, 0.8149999976158142, 0.800000011920929, 0.7950000166893005, 0.8050000071525574, 0.8050000071525574, 0.7900000214576721, 0.8050000071525574, 0.800000011920929, 0.7900000214576721, 0.8050000071525574, 0.8100000023841858, 0.8050000071525574, 0.8100000023841858, 0.8149999976158142, 0.8100000023841858, 0.8100000023841858, 0.8149999976158142, 0.824999988079071, 0.824999988079071, 0.8299999833106995, 0.8199999928474426, 0.8050000071525574, 0.8050000071525574]}}