{"amazon_electronics_c_train_6_16": {"num_of_epochs": 50, "learning_rate": 0.0005, "training_ds_fpath": "_train_6_16", "first_token_val_accuracy": [0.7049999833106995, 0.8199999928474426, 0.8550000190734863, 0.7450000047683716, 0.824999988079071, 0.8050000071525574, 0.8100000023841858, 0.7950000166893005, 0.800000011920929, 0.7950000166893005, 0.7900000214576721, 0.800000011920929, 0.7950000166893005, 0.8500000238418579, 0.824999988079071, 0.8199999928474426, 0.8199999928474426, 0.8149999976158142, 0.8199999928474426, 0.800000011920929, 0.800000011920929, 0.800000011920929, 0.7950000166893005, 0.7900000214576721, 0.7850000262260437, 0.7900000214576721, 0.7900000214576721, 0.7900000214576721, 0.800000011920929, 0.8050000071525574, 0.8050000071525574, 0.8050000071525574, 0.8050000071525574, 0.8050000071525574, 0.8050000071525574, 0.8050000071525574, 0.8050000071525574, 0.800000011920929, 0.800000011920929, 0.7950000166893005, 0.800000011920929, 0.7900000214576721, 0.7900000214576721, 0.7950000166893005, 0.7200000286102295, 0.8349999785423279, 0.7649999856948853, 0.7250000238418579, 0.7099999785423279, 0.7850000262260437], "all_token_val_accuracy": [0.7049999833106995, 0.8199999928474426, 0.8550000190734863, 0.7450000047683716, 0.824999988079071, 0.8050000071525574, 0.8100000023841858, 0.7950000166893005, 0.800000011920929, 0.7950000166893005, 0.7900000214576721, 0.800000011920929, 0.7950000166893005, 0.8500000238418579, 0.824999988079071, 0.8199999928474426, 0.8199999928474426, 0.8149999976158142, 0.8199999928474426, 0.800000011920929, 0.800000011920929, 0.800000011920929, 0.7950000166893005, 0.7900000214576721, 0.7850000262260437, 0.7900000214576721, 0.7900000214576721, 0.7900000214576721, 0.800000011920929, 0.8050000071525574, 0.8050000071525574, 0.8050000071525574, 0.8050000071525574, 0.8050000071525574, 0.8050000071525574, 0.8050000071525574, 0.8050000071525574, 0.800000011920929, 0.800000011920929, 0.7950000166893005, 0.800000011920929, 0.7900000214576721, 0.7900000214576721, 0.7950000166893005, 0.7200000286102295, 0.8349999785423279, 0.7649999856948853, 0.7250000238418579, 0.7099999785423279, 0.7850000262260437]}}