{"amazon_electronics_c_train_8_32": {"num_of_epochs": 50, "learning_rate": 0.0001, "training_ds_fpath": "_train_8_32", "first_token_val_accuracy": [0.0, 0.6050000190734863, 0.75, 0.800000011920929, 0.7900000214576721, 0.8149999976158142, 0.8199999928474426, 0.8600000143051147, 0.824999988079071, 0.8349999785423279, 0.8700000047683716, 0.8450000286102295, 0.8700000047683716, 0.8650000095367432, 0.8849999904632568, 0.8849999904632568, 0.8799999952316284, 0.8700000047683716, 0.8999999761581421, 0.8949999809265137, 0.8899999856948853, 0.8849999904632568, 0.8949999809265137, 0.8949999809265137, 0.8700000047683716, 0.875, 0.8899999856948853, 0.8949999809265137, 0.8550000190734863, 0.8650000095367432, 0.8600000143051147, 0.8700000047683716, 0.8650000095367432, 0.8700000047683716, 0.8650000095367432, 0.875, 0.8849999904632568, 0.8849999904632568, 0.8899999856948853, 0.8849999904632568, 0.8849999904632568, 0.8849999904632568, 0.8849999904632568, 0.8849999904632568, 0.8899999856948853, 0.8899999856948853, 0.8899999856948853, 0.8849999904632568, 0.8849999904632568, 0.8849999904632568], "all_token_val_accuracy": [0.0, 0.6000000238418579, 0.75, 0.800000011920929, 0.7900000214576721, 0.8149999976158142, 0.8199999928474426, 0.8600000143051147, 0.824999988079071, 0.8349999785423279, 0.8700000047683716, 0.8450000286102295, 0.8700000047683716, 0.8650000095367432, 0.8849999904632568, 0.8849999904632568, 0.8799999952316284, 0.8700000047683716, 0.8999999761581421, 0.8949999809265137, 0.8899999856948853, 0.8849999904632568, 0.8949999809265137, 0.8949999809265137, 0.8700000047683716, 0.875, 0.8899999856948853, 0.8949999809265137, 0.8550000190734863, 0.8650000095367432, 0.8600000143051147, 0.8700000047683716, 0.8650000095367432, 0.8700000047683716, 0.8650000095367432, 0.875, 0.8849999904632568, 0.8849999904632568, 0.8899999856948853, 0.8849999904632568, 0.8849999904632568, 0.8849999904632568, 0.8849999904632568, 0.8849999904632568, 0.8899999856948853, 0.8899999856948853, 0.8899999856948853, 0.8849999904632568, 0.8849999904632568, 0.8849999904632568]}}