{"amazon_books_t_train_6_16": {"num_of_epochs": 50, "learning_rate": 0.0001, "training_ds_fpath": "_train_6_16", "first_token_val_accuracy": [0.0, 0.0, 0.2590000033378601, 0.6930000185966492, 0.7559999823570251, 0.7730000019073486, 0.7730000019073486, 0.7870000004768372, 0.7879999876022339, 0.7879999876022339, 0.7900000214576721, 0.7979999780654907, 0.7929999828338623, 0.800000011920929, 0.7960000038146973, 0.7960000038146973, 0.7979999780654907, 0.800000011920929, 0.796999990940094, 0.800000011920929, 0.7990000247955322, 0.8009999990463257, 0.8009999990463257, 0.800000011920929, 0.7990000247955322, 0.8009999990463257, 0.7990000247955322, 0.7979999780654907, 0.7990000247955322, 0.800000011920929, 0.800000011920929, 0.8009999990463257, 0.8009999990463257, 0.796999990940094, 0.7960000038146973, 0.7960000038146973, 0.7979999780654907, 0.8019999861717224, 0.8029999732971191, 0.8040000200271606, 0.8029999732971191, 0.8019999861717224, 0.7990000247955322, 0.8040000200271606, 0.800000011920929, 0.7990000247955322, 0.7990000247955322, 0.8009999990463257, 0.7990000247955322, 0.8009999990463257], "all_token_val_accuracy": [0.0, 0.0, 0.2590000033378601, 0.6919999718666077, 0.7540000081062317, 0.7689999938011169, 0.7689999938011169, 0.7839999794960022, 0.7870000004768372, 0.7870000004768372, 0.7889999747276306, 0.796999990940094, 0.7919999957084656, 0.7990000247955322, 0.7950000166893005, 0.7950000166893005, 0.796999990940094, 0.7990000247955322, 0.7960000038146973, 0.7990000247955322, 0.7979999780654907, 0.800000011920929, 0.800000011920929, 0.7990000247955322, 0.7979999780654907, 0.800000011920929, 0.7979999780654907, 0.796999990940094, 0.7979999780654907, 0.7990000247955322, 0.7990000247955322, 0.800000011920929, 0.8009999990463257, 0.796999990940094, 0.7960000038146973, 0.7960000038146973, 0.7979999780654907, 0.8019999861717224, 0.8029999732971191, 0.8040000200271606, 0.8029999732971191, 0.8019999861717224, 0.7990000247955322, 0.8040000200271606, 0.800000011920929, 0.7990000247955322, 0.7990000247955322, 0.8009999990463257, 0.7990000247955322, 0.8009999990463257]}}