{"amazon_books_t_train_5_16": {"num_of_epochs": 50, "learning_rate": 0.0001, "training_ds_fpath": "_train_5_16", "first_token_val_accuracy": [0.0, 0.0, 0.2070000022649765, 0.7360000014305115, 0.7670000195503235, 0.7820000052452087, 0.7860000133514404, 0.7889999747276306, 0.7889999747276306, 0.7919999957084656, 0.7900000214576721, 0.7919999957084656, 0.7910000085830688, 0.7919999957084656, 0.7940000295639038, 0.7950000166893005, 0.7940000295639038, 0.7960000038146973, 0.7910000085830688, 0.796999990940094, 0.7979999780654907, 0.7950000166893005, 0.7950000166893005, 0.7990000247955322, 0.7900000214576721, 0.7910000085830688, 0.7919999957084656, 0.7919999957084656, 0.7979999780654907, 0.8050000071525574, 0.8050000071525574, 0.8080000281333923, 0.8069999814033508, 0.8059999942779541, 0.8009999990463257, 0.7940000295639038, 0.7979999780654907, 0.7990000247955322, 0.8050000071525574, 0.8050000071525574, 0.8069999814033508, 0.8040000200271606, 0.8050000071525574, 0.8019999861717224, 0.8029999732971191, 0.8040000200271606, 0.8059999942779541, 0.8050000071525574, 0.800000011920929, 0.8009999990463257], "all_token_val_accuracy": [0.0, 0.0, 0.2070000022649765, 0.7360000014305115, 0.765999972820282, 0.7799999713897705, 0.7839999794960022, 0.7870000004768372, 0.7870000004768372, 0.7900000214576721, 0.7889999747276306, 0.7910000085830688, 0.7900000214576721, 0.7910000085830688, 0.7929999828338623, 0.7940000295639038, 0.7929999828338623, 0.7950000166893005, 0.7900000214576721, 0.7960000038146973, 0.796999990940094, 0.7940000295639038, 0.7950000166893005, 0.7990000247955322, 0.7900000214576721, 0.7910000085830688, 0.7919999957084656, 0.7919999957084656, 0.7979999780654907, 0.8050000071525574, 0.8050000071525574, 0.8080000281333923, 0.8069999814033508, 0.8059999942779541, 0.8009999990463257, 0.7940000295639038, 0.7979999780654907, 0.7990000247955322, 0.8050000071525574, 0.8050000071525574, 0.8069999814033508, 0.8040000200271606, 0.8050000071525574, 0.8019999861717224, 0.8029999732971191, 0.8040000200271606, 0.8059999942779541, 0.8050000071525574, 0.800000011920929, 0.8009999990463257]}}