{"amazon_books_t_train_8_32": {"num_of_epochs": 50, "learning_rate": 0.0001, "training_ds_fpath": "_train_8_32", "first_token_val_accuracy": [0.0, 0.7360000014305115, 0.777999997138977, 0.800000011920929, 0.8040000200271606, 0.8130000233650208, 0.8119999766349792, 0.8190000057220459, 0.8230000138282776, 0.8259999752044678, 0.8270000219345093, 0.8330000042915344, 0.8320000171661377, 0.8309999704360962, 0.8199999928474426, 0.8259999752044678, 0.8270000219345093, 0.8270000219345093, 0.8159999847412109, 0.8259999752044678, 0.8259999752044678, 0.8289999961853027, 0.8240000009536743, 0.8240000009536743, 0.8240000009536743, 0.828000009059906, 0.8289999961853027, 0.824999988079071, 0.8230000138282776, 0.8230000138282776, 0.824999988079071, 0.8240000009536743, 0.8220000267028809, 0.8230000138282776, 0.8220000267028809, 0.824999988079071, 0.8240000009536743, 0.8230000138282776, 0.824999988079071, 0.8220000267028809, 0.824999988079071, 0.8240000009536743, 0.8240000009536743, 0.8230000138282776, 0.8240000009536743, 0.8240000009536743, 0.8259999752044678, 0.824999988079071, 0.8259999752044678, 0.8240000009536743], "all_token_val_accuracy": [0.0, 0.7350000143051147, 0.7770000100135803, 0.7990000247955322, 0.8029999732971191, 0.8119999766349792, 0.8109999895095825, 0.8190000057220459, 0.8230000138282776, 0.8259999752044678, 0.8270000219345093, 0.8330000042915344, 0.8320000171661377, 0.8309999704360962, 0.8199999928474426, 0.8259999752044678, 0.8270000219345093, 0.8270000219345093, 0.8159999847412109, 0.8259999752044678, 0.8259999752044678, 0.8289999961853027, 0.8240000009536743, 0.8240000009536743, 0.8240000009536743, 0.828000009059906, 0.8289999961853027, 0.824999988079071, 0.8230000138282776, 0.8230000138282776, 0.824999988079071, 0.8240000009536743, 0.8220000267028809, 0.8230000138282776, 0.8220000267028809, 0.824999988079071, 0.8240000009536743, 0.8230000138282776, 0.824999988079071, 0.8220000267028809, 0.824999988079071, 0.8240000009536743, 0.8240000009536743, 0.8230000138282776, 0.8240000009536743, 0.8240000009536743, 0.8259999752044678, 0.824999988079071, 0.8259999752044678, 0.8240000009536743]}}