{"amazon_books_t_train_1_32": {"num_of_epochs": 50, "learning_rate": 0.0001, "training_ds_fpath": "_train_1_32", "first_token_val_accuracy": [0.0, 0.7269999980926514, 0.781000018119812, 0.7960000038146973, 0.8019999861717224, 0.8050000071525574, 0.8059999942779541, 0.8029999732971191, 0.8019999861717224, 0.8009999990463257, 0.7929999828338623, 0.7960000038146973, 0.8019999861717224, 0.8059999942779541, 0.8119999766349792, 0.8080000281333923, 0.796999990940094, 0.7940000295639038, 0.7979999780654907, 0.8069999814033508, 0.7979999780654907, 0.7990000247955322, 0.7950000166893005, 0.7960000038146973, 0.7960000038146973, 0.7960000038146973, 0.7960000038146973, 0.796999990940094, 0.7960000038146973, 0.7979999780654907, 0.7929999828338623, 0.7910000085830688, 0.7929999828338623, 0.781000018119812, 0.7799999713897705, 0.7829999923706055, 0.7820000052452087, 0.7680000066757202, 0.7720000147819519, 0.7760000228881836, 0.7770000100135803, 0.7799999713897705, 0.781000018119812, 0.7829999923706055, 0.7799999713897705, 0.7789999842643738, 0.781000018119812, 0.7839999794960022, 0.7839999794960022, 0.7839999794960022], "all_token_val_accuracy": [0.0, 0.7269999980926514, 0.7799999713897705, 0.7960000038146973, 0.8019999861717224, 0.8050000071525574, 0.8059999942779541, 0.8029999732971191, 0.8019999861717224, 0.8009999990463257, 0.7929999828338623, 0.7960000038146973, 0.8019999861717224, 0.8059999942779541, 0.8119999766349792, 0.8080000281333923, 0.796999990940094, 0.7940000295639038, 0.7979999780654907, 0.8069999814033508, 0.7979999780654907, 0.7990000247955322, 0.7950000166893005, 0.7960000038146973, 0.7960000038146973, 0.7960000038146973, 0.7960000038146973, 0.796999990940094, 0.7960000038146973, 0.7979999780654907, 0.7929999828338623, 0.7910000085830688, 0.7929999828338623, 0.781000018119812, 0.7799999713897705, 0.7829999923706055, 0.7820000052452087, 0.7680000066757202, 0.7720000147819519, 0.7760000228881836, 0.7770000100135803, 0.7799999713897705, 0.781000018119812, 0.7829999923706055, 0.7799999713897705, 0.7789999842643738, 0.781000018119812, 0.7839999794960022, 0.7839999794960022, 0.7839999794960022]}}