{"amazon_books_t_train_3_16": {"num_of_epochs": 50, "learning_rate": 0.0001, "training_ds_fpath": "_train_3_16", "first_token_val_accuracy": [0.0, 0.0, 0.38999998569488525, 0.746999979019165, 0.7870000004768372, 0.7929999828338623, 0.7960000038146973, 0.800000011920929, 0.7940000295639038, 0.8009999990463257, 0.8009999990463257, 0.8040000200271606, 0.8040000200271606, 0.8040000200271606, 0.8029999732971191, 0.8059999942779541, 0.8050000071525574, 0.8050000071525574, 0.8069999814033508, 0.8009999990463257, 0.8029999732971191, 0.8009999990463257, 0.8019999861717224, 0.8050000071525574, 0.8040000200271606, 0.8019999861717224, 0.8050000071525574, 0.8040000200271606, 0.8019999861717224, 0.8009999990463257, 0.8029999732971191, 0.8029999732971191, 0.8019999861717224, 0.8029999732971191, 0.8059999942779541, 0.8059999942779541, 0.8050000071525574, 0.800000011920929, 0.7990000247955322, 0.8009999990463257, 0.800000011920929, 0.8009999990463257, 0.8019999861717224, 0.800000011920929, 0.800000011920929, 0.8009999990463257, 0.7990000247955322, 0.796999990940094, 0.7960000038146973, 0.796999990940094], "all_token_val_accuracy": [0.0, 0.0, 0.38999998569488525, 0.7459999918937683, 0.7850000262260437, 0.7910000085830688, 0.7950000166893005, 0.7990000247955322, 0.7929999828338623, 0.800000011920929, 0.800000011920929, 0.8029999732971191, 0.8029999732971191, 0.8029999732971191, 0.8019999861717224, 0.8050000071525574, 0.8040000200271606, 0.8040000200271606, 0.8059999942779541, 0.800000011920929, 0.8019999861717224, 0.800000011920929, 0.8009999990463257, 0.8040000200271606, 0.8029999732971191, 0.8009999990463257, 0.8040000200271606, 0.8029999732971191, 0.8009999990463257, 0.8009999990463257, 0.8029999732971191, 0.8029999732971191, 0.8019999861717224, 0.8029999732971191, 0.8059999942779541, 0.8059999942779541, 0.8050000071525574, 0.800000011920929, 0.7990000247955322, 0.8009999990463257, 0.800000011920929, 0.8009999990463257, 0.8019999861717224, 0.800000011920929, 0.800000011920929, 0.8009999990463257, 0.7990000247955322, 0.796999990940094, 0.7960000038146973, 0.796999990940094]}}