{"amazon_books_t_train_0_32": {"num_of_epochs": 50, "learning_rate": 0.0001, "training_ds_fpath": "_train_0_32", "first_token_val_accuracy": [0.0, 0.7200000286102295, 0.7979999780654907, 0.8019999861717224, 0.8090000152587891, 0.8069999814033508, 0.8100000023841858, 0.8059999942779541, 0.8059999942779541, 0.8080000281333923, 0.8069999814033508, 0.8090000152587891, 0.8040000200271606, 0.8100000023841858, 0.8069999814033508, 0.8040000200271606, 0.8059999942779541, 0.8080000281333923, 0.8100000023841858, 0.8130000233650208, 0.8109999895095825, 0.8100000023841858, 0.8109999895095825, 0.8080000281333923, 0.8080000281333923, 0.8090000152587891, 0.8109999895095825, 0.8130000233650208, 0.8100000023841858, 0.8140000104904175, 0.8140000104904175, 0.8159999847412109, 0.8140000104904175, 0.8130000233650208, 0.8140000104904175, 0.8149999976158142, 0.8130000233650208, 0.8119999766349792, 0.8119999766349792, 0.8130000233650208, 0.8130000233650208, 0.7900000214576721, 0.7990000247955322, 0.8100000023841858, 0.8130000233650208, 0.8140000104904175, 0.8119999766349792, 0.8130000233650208, 0.8140000104904175, 0.8140000104904175], "all_token_val_accuracy": [0.0, 0.7200000286102295, 0.7950000166893005, 0.7990000247955322, 0.8090000152587891, 0.8069999814033508, 0.8100000023841858, 0.8059999942779541, 0.8059999942779541, 0.8080000281333923, 0.8069999814033508, 0.8090000152587891, 0.8040000200271606, 0.8100000023841858, 0.8069999814033508, 0.8040000200271606, 0.8059999942779541, 0.8080000281333923, 0.8100000023841858, 0.8130000233650208, 0.8109999895095825, 0.8100000023841858, 0.8109999895095825, 0.8080000281333923, 0.8080000281333923, 0.8090000152587891, 0.8109999895095825, 0.8130000233650208, 0.8100000023841858, 0.8140000104904175, 0.8140000104904175, 0.8159999847412109, 0.8140000104904175, 0.8130000233650208, 0.8140000104904175, 0.8149999976158142, 0.8130000233650208, 0.8119999766349792, 0.8119999766349792, 0.8130000233650208, 0.8130000233650208, 0.7900000214576721, 0.7990000247955322, 0.8100000023841858, 0.8130000233650208, 0.8140000104904175, 0.8119999766349792, 0.8130000233650208, 0.8140000104904175, 0.8140000104904175]}}