{"amazon_books_t_train_3_4": {"num_of_epochs": 20, "learning_rate": 0.0005, "training_ds_fpath": "_train_3_4", "first_token_val_accuracy": [0.0, 0.003000000026077032, 0.6790000200271606, 0.7749999761581421, 0.777999997138977, 0.765999972820282, 0.7689999938011169, 0.7699999809265137, 0.7730000019073486, 0.7799999713897705, 0.7850000262260437, 0.7879999876022339, 0.7870000004768372, 0.7879999876022339, 0.7889999747276306, 0.7900000214576721, 0.7879999876022339, 0.7900000214576721, 0.7900000214576721, 0.7900000214576721], "all_token_val_accuracy": [0.0, 0.003000000026077032, 0.6779999732971191, 0.7670000195503235, 0.7670000195503235, 0.7549999952316284, 0.7580000162124634, 0.7680000066757202, 0.7730000019073486, 0.7799999713897705, 0.7850000262260437, 0.7879999876022339, 0.7870000004768372, 0.7879999876022339, 0.7889999747276306, 0.7900000214576721, 0.7879999876022339, 0.7900000214576721, 0.7900000214576721, 0.7900000214576721]}}