{"amazon_books_t_train_4_32": {"num_of_epochs": 50, "learning_rate": 0.0001, "training_ds_fpath": "_train_4_32", "first_token_val_accuracy": [0.0, 0.7329999804496765, 0.7870000004768372, 0.7990000247955322, 0.800000011920929, 0.7990000247955322, 0.8019999861717224, 0.8069999814033508, 0.8019999861717224, 0.8019999861717224, 0.7960000038146973, 0.7960000038146973, 0.7929999828338623, 0.7960000038146973, 0.7940000295639038, 0.7950000166893005, 0.7929999828338623, 0.7900000214576721, 0.7940000295639038, 0.7960000038146973, 0.7910000085830688, 0.7900000214576721, 0.7910000085830688, 0.7910000085830688, 0.7919999957084656, 0.7910000085830688, 0.7900000214576721, 0.7889999747276306, 0.7870000004768372, 0.7889999747276306, 0.7889999747276306, 0.7900000214576721, 0.7910000085830688, 0.7889999747276306, 0.7879999876022339, 0.7919999957084656, 0.7889999747276306, 0.7919999957084656, 0.7929999828338623, 0.7919999957084656, 0.7919999957084656, 0.7919999957084656, 0.7919999957084656, 0.7879999876022339, 0.7879999876022339, 0.7870000004768372, 0.7850000262260437, 0.7860000133514404, 0.7850000262260437, 0.7850000262260437], "all_token_val_accuracy": [0.0, 0.7329999804496765, 0.7839999794960022, 0.7990000247955322, 0.800000011920929, 0.7990000247955322, 0.8019999861717224, 0.8069999814033508, 0.8019999861717224, 0.8019999861717224, 0.7960000038146973, 0.7960000038146973, 0.7929999828338623, 0.7960000038146973, 0.7940000295639038, 0.7950000166893005, 0.7929999828338623, 0.7900000214576721, 0.7940000295639038, 0.7960000038146973, 0.7910000085830688, 0.7900000214576721, 0.7910000085830688, 0.7910000085830688, 0.7919999957084656, 0.7910000085830688, 0.7900000214576721, 0.7889999747276306, 0.7870000004768372, 0.7889999747276306, 0.7889999747276306, 0.7900000214576721, 0.7910000085830688, 0.7889999747276306, 0.7879999876022339, 0.7919999957084656, 0.7889999747276306, 0.7919999957084656, 0.7929999828338623, 0.7919999957084656, 0.7919999957084656, 0.7919999957084656, 0.7919999957084656, 0.7879999876022339, 0.7879999876022339, 0.7870000004768372, 0.7850000262260437, 0.7860000133514404, 0.7850000262260437, 0.7850000262260437]}}