{"amazon_books_t_train_8_4": {"num_of_epochs": 20, "learning_rate": 0.0005, "training_ds_fpath": "_train_8_4", "first_token_val_accuracy": [0.0, 0.0, 0.07100000232458115, 0.7120000123977661, 0.7599999904632568, 0.7609999775886536, 0.7789999842643738, 0.781000018119812, 0.7829999923706055, 0.7900000214576721, 0.7910000085830688, 0.7910000085830688, 0.7900000214576721, 0.7850000262260437, 0.7910000085830688, 0.7900000214576721, 0.7870000004768372, 0.7879999876022339, 0.7879999876022339, 0.7910000085830688], "all_token_val_accuracy": [0.0, 0.0, 0.07100000232458115, 0.7120000123977661, 0.7599999904632568, 0.7609999775886536, 0.7789999842643738, 0.781000018119812, 0.7829999923706055, 0.7900000214576721, 0.7910000085830688, 0.7910000085830688, 0.7900000214576721, 0.7850000262260437, 0.7910000085830688, 0.7900000214576721, 0.7870000004768372, 0.7879999876022339, 0.7879999876022339, 0.7910000085830688]}}