{"amazon_books_t_train_1_8": {"num_of_epochs": 50, "learning_rate": 0.0001, "training_ds_fpath": "_train_1_8", "first_token_val_accuracy": [0.0, 0.0, 0.0, 0.0, 0.0, 0.09300000220537186, 0.49900001287460327, 0.6949999928474426, 0.734000027179718, 0.7540000081062317, 0.7549999952316284, 0.7599999904632568, 0.7680000066757202, 0.7720000147819519, 0.777999997138977, 0.7799999713897705, 0.7789999842643738, 0.7789999842643738, 0.7829999923706055, 0.781000018119812, 0.7799999713897705, 0.7799999713897705, 0.781000018119812, 0.7799999713897705, 0.7799999713897705, 0.7789999842643738, 0.777999997138977, 0.7770000100135803, 0.777999997138977, 0.7760000228881836, 0.7749999761581421, 0.7730000019073486, 0.7730000019073486, 0.7730000019073486, 0.7710000276565552, 0.7730000019073486, 0.7720000147819519, 0.7720000147819519, 0.7720000147819519, 0.7730000019073486, 0.7739999890327454, 0.7760000228881836, 0.7760000228881836, 0.7770000100135803, 0.7760000228881836, 0.7760000228881836, 0.7749999761581421, 0.7739999890327454, 0.7739999890327454, 0.7749999761581421], "all_token_val_accuracy": [0.0, 0.0, 0.0, 0.0, 0.0, 0.09300000220537186, 0.49900001287460327, 0.6949999928474426, 0.7329999804496765, 0.753000020980835, 0.7540000081062317, 0.7590000033378601, 0.7670000195503235, 0.7710000276565552, 0.7770000100135803, 0.7789999842643738, 0.777999997138977, 0.777999997138977, 0.7820000052452087, 0.781000018119812, 0.7799999713897705, 0.7799999713897705, 0.781000018119812, 0.7799999713897705, 0.7799999713897705, 0.7789999842643738, 0.777999997138977, 0.7770000100135803, 0.777999997138977, 0.7760000228881836, 0.7749999761581421, 0.7730000019073486, 0.7730000019073486, 0.7730000019073486, 0.7710000276565552, 0.7730000019073486, 0.7720000147819519, 0.7720000147819519, 0.7720000147819519, 0.7730000019073486, 0.7739999890327454, 0.7760000228881836, 0.7760000228881836, 0.7770000100135803, 0.7760000228881836, 0.7760000228881836, 0.7749999761581421, 0.7739999890327454, 0.7739999890327454, 0.7749999761581421]}}