{"emotion_new_train_4_32": {"num_of_epochs": 50, "learning_rate": 0.0001, "training_ds_fpath": "_train_4_32", "first_token_val_accuracy": [0.006800000090152025, 0.11924999952316284, 0.10369999706745148, 0.14695000648498535, 0.16590000689029694, 0.1465499997138977, 0.1665000021457672, 0.19939999282360077, 0.20424999296665192, 0.17489999532699585, 0.19449999928474426, 0.15365000069141388, 0.1826999932527542, 0.19580000638961792, 0.18815000355243683, 0.17874999344348907, 0.18414999544620514, 0.17820000648498535, 0.20319999754428864, 0.16654999554157257, 0.17384999990463257, 0.17434999346733093, 0.18809999525547028, 0.17649999260902405, 0.17374999821186066, 0.17935000360012054, 0.1757500022649765, 0.18584999442100525, 0.19789999723434448, 0.18404999375343323, 0.17710000276565552, 0.17204999923706055, 0.17509999871253967, 0.20160000026226044, 0.17900000512599945, 0.186599999666214, 0.16255000233650208, 0.19290000200271606, 0.1720999926328659, 0.17425000667572021, 0.1889999955892563, 0.18745000660419464, 0.19709999859333038, 0.16865000128746033, 0.18735000491142273, 0.17739999294281006, 0.17624999582767487, 0.1826999932527542, 0.1696999967098236, 0.17100000381469727], "all_token_val_accuracy": [0.006750000175088644, 0.11924999952316284, 0.10369999706745148, 0.14695000648498535, 0.16590000689029694, 0.1465499997138977, 0.1665000021457672, 0.19939999282360077, 0.20424999296665192, 0.17489999532699585, 0.19449999928474426, 0.15365000069141388, 0.1826999932527542, 0.19580000638961792, 0.18815000355243683, 0.17874999344348907, 0.18414999544620514, 0.17820000648498535, 0.20319999754428864, 0.16654999554157257, 0.17384999990463257, 0.17434999346733093, 0.18809999525547028, 0.17649999260902405, 0.17374999821186066, 0.17935000360012054, 0.1757500022649765, 0.18584999442100525, 0.19789999723434448, 0.18404999375343323, 0.17710000276565552, 0.17204999923706055, 0.17509999871253967, 0.20160000026226044, 0.17900000512599945, 0.186599999666214, 0.16255000233650208, 0.19290000200271606, 0.1720999926328659, 0.17425000667572021, 0.1889999955892563, 0.18745000660419464, 0.19709999859333038, 0.16865000128746033, 0.18735000491142273, 0.17739999294281006, 0.17624999582767487, 0.1826999932527542, 0.1696999967098236, 0.17100000381469727]}}