{"emotion_new_train_8_8": {"num_of_epochs": 50, "learning_rate": 0.0001, "training_ds_fpath": "_train_8_8", "first_token_val_accuracy": [0.0, 0.00039999998989515007, 0.0012499999720603228, 0.011699999682605267, 0.034699998795986176, 0.07569999992847443, 0.11174999922513962, 0.12575000524520874, 0.12385000288486481, 0.1148499995470047, 0.11140000075101852, 0.12849999964237213, 0.12880000472068787, 0.11465000361204147, 0.12565000355243683, 0.14515000581741333, 0.14020000398159027, 0.1347000002861023, 0.12635000050067902, 0.13875000178813934, 0.13259999454021454, 0.1311500072479248, 0.14270000159740448, 0.12985000014305115, 0.14579999446868896, 0.13204999268054962, 0.14110000431537628, 0.15344999730587006, 0.1492999941110611, 0.1454000025987625, 0.14569999277591705, 0.13744999468326569, 0.13770000636577606, 0.14630000293254852, 0.14554999768733978, 0.1481499969959259, 0.1416500061750412, 0.13169999420642853, 0.13384999334812164, 0.14249999821186066, 0.14444999396800995, 0.1460999995470047, 0.14010000228881836, 0.14139999449253082, 0.1404000073671341, 0.1386999934911728, 0.14409999549388885, 0.14704999327659607, 0.1497499942779541, 0.14845000207424164], "all_token_val_accuracy": [0.0, 0.0003000000142492354, 0.0012000000569969416, 0.01140000019222498, 0.03435000032186508, 0.07569999992847443, 0.11174999922513962, 0.12575000524520874, 0.12385000288486481, 0.1148499995470047, 0.11140000075101852, 0.12845000624656677, 0.12880000472068787, 0.11465000361204147, 0.12565000355243683, 0.14515000581741333, 0.14020000398159027, 0.1347000002861023, 0.12635000050067902, 0.13875000178813934, 0.13255000114440918, 0.1311500072479248, 0.14264999330043793, 0.12985000014305115, 0.14579999446868896, 0.13204999268054962, 0.14104999601840973, 0.15344999730587006, 0.1492999941110611, 0.1454000025987625, 0.14569999277591705, 0.13744999468326569, 0.13770000636577606, 0.14630000293254852, 0.14554999768733978, 0.1481499969959259, 0.1416500061750412, 0.13169999420642853, 0.13384999334812164, 0.14249999821186066, 0.14444999396800995, 0.1460999995470047, 0.14010000228881836, 0.14139999449253082, 0.1404000073671341, 0.1386999934911728, 0.14409999549388885, 0.14704999327659607, 0.14970000088214874, 0.14845000207424164]}}