{"emotion_new_train_3_4": {"num_of_epochs": 20, "learning_rate": 0.0005, "training_ds_fpath": "_train_3_4", "first_token_val_accuracy": [0.0003499999875202775, 0.024900000542402267, 0.12354999780654907, 0.13324999809265137, 0.10999999940395355, 0.14190000295639038, 0.13420000672340393, 0.14640000462532043, 0.12314999848604202, 0.1160999983549118, 0.15330000221729279, 0.16975000500679016, 0.15164999663829803, 0.14055000245571136, 0.11879999935626984, 0.12364999949932098, 0.1281999945640564, 0.13414999842643738, 0.1352500021457672, 0.12835000455379486], "all_token_val_accuracy": [0.0003499999875202775, 0.024900000542402267, 0.12354999780654907, 0.13324999809265137, 0.10999999940395355, 0.14190000295639038, 0.13420000672340393, 0.14640000462532043, 0.12314999848604202, 0.1160999983549118, 0.15330000221729279, 0.16975000500679016, 0.15164999663829803, 0.14055000245571136, 0.11879999935626984, 0.12364999949932098, 0.1281999945640564, 0.13414999842643738, 0.1352500021457672, 0.12835000455379486]}}