{"emotion_new_train_9_32": {"num_of_epochs": 50, "learning_rate": 0.0001, "training_ds_fpath": "_train_9_32", "first_token_val_accuracy": [0.008100000210106373, 0.14470000565052032, 0.09284999966621399, 0.13030000030994415, 0.12604999542236328, 0.15330000221729279, 0.16234999895095825, 0.15755000710487366, 0.1712999939918518, 0.17135000228881836, 0.17274999618530273, 0.15639999508857727, 0.17640000581741333, 0.1577499955892563, 0.16429999470710754, 0.18825000524520874, 0.17599999904632568, 0.15279999375343323, 0.17024999856948853, 0.16204999387264252, 0.16699999570846558, 0.16854999959468842, 0.18115000426769257, 0.1636500060558319, 0.1668500006198883, 0.17270000278949738, 0.1871500015258789, 0.1738000065088272, 0.18485000729560852, 0.1551000028848648, 0.15324999392032623, 0.17080000042915344, 0.16975000500679016, 0.164450004696846, 0.16775000095367432, 0.15530000627040863, 0.164000004529953, 0.17599999904632568, 0.15729999542236328, 0.1716500073671341, 0.17284999787807465, 0.17215000092983246, 0.16580000519752502, 0.16050000488758087, 0.14785000681877136, 0.17800000309944153, 0.17100000381469727, 0.15379999577999115, 0.1692499965429306, 0.15604999661445618], "all_token_val_accuracy": [0.008100000210106373, 0.14470000565052032, 0.09284999966621399, 0.13030000030994415, 0.12604999542236328, 0.15330000221729279, 0.16234999895095825, 0.15755000710487366, 0.1712999939918518, 0.17135000228881836, 0.17274999618530273, 0.15639999508857727, 0.17640000581741333, 0.1577499955892563, 0.16429999470710754, 0.18825000524520874, 0.17599999904632568, 0.15279999375343323, 0.17024999856948853, 0.16204999387264252, 0.16699999570846558, 0.16854999959468842, 0.18115000426769257, 0.1636500060558319, 0.1668500006198883, 0.17270000278949738, 0.1871500015258789, 0.1738000065088272, 0.18485000729560852, 0.1551000028848648, 0.15324999392032623, 0.17080000042915344, 0.16975000500679016, 0.164450004696846, 0.16775000095367432, 0.15530000627040863, 0.164000004529953, 0.17599999904632568, 0.15729999542236328, 0.1716500073671341, 0.17284999787807465, 0.17215000092983246, 0.16580000519752502, 0.16050000488758087, 0.14785000681877136, 0.17800000309944153, 0.17100000381469727, 0.15379999577999115, 0.1692499965429306, 0.15604999661445618]}}