{"emotion_new_train_7_16": {"num_of_epochs": 50, "learning_rate": 0.0001, "training_ds_fpath": "_train_7_16", "first_token_val_accuracy": [0.0003000000142492354, 0.006399999838322401, 0.07109999656677246, 0.13144999742507935, 0.13369999825954437, 0.1302500069141388, 0.13920000195503235, 0.1636500060558319, 0.17479999363422394, 0.17284999787807465, 0.1835000067949295, 0.17784999310970306, 0.1720000058412552, 0.17759999632835388, 0.1651500016450882, 0.16494999825954437, 0.17364999651908875, 0.16805000603199005, 0.16744999587535858, 0.16830000281333923, 0.17614999413490295, 0.16854999959468842, 0.1692499965429306, 0.17274999618530273, 0.17100000381469727, 0.17710000276565552, 0.18060000240802765, 0.1712999939918518, 0.18154999613761902, 0.18015000224113464, 0.17730000615119934, 0.17135000228881836, 0.18209999799728394, 0.15379999577999115, 0.15489999949932098, 0.17065000534057617, 0.17960000038146973, 0.18035000562667847, 0.17219999432563782, 0.16670000553131104, 0.16494999825954437, 0.16050000488758087, 0.15230000019073486, 0.16865000128746033, 0.16785000264644623, 0.1749500036239624, 0.16535000503063202, 0.1680999994277954, 0.15880000591278076, 0.1624000072479248], "all_token_val_accuracy": [9.999999747378752e-05, 0.006399999838322401, 0.07109999656677246, 0.13144999742507935, 0.13369999825954437, 0.1302500069141388, 0.13920000195503235, 0.1636500060558319, 0.17479999363422394, 0.17284999787807465, 0.1835000067949295, 0.17784999310970306, 0.1720000058412552, 0.17759999632835388, 0.1651500016450882, 0.16494999825954437, 0.17364999651908875, 0.16805000603199005, 0.16744999587535858, 0.16830000281333923, 0.17614999413490295, 0.16854999959468842, 0.1692499965429306, 0.17274999618530273, 0.17100000381469727, 0.17710000276565552, 0.18060000240802765, 0.1712999939918518, 0.18154999613761902, 0.18015000224113464, 0.17730000615119934, 0.17135000228881836, 0.18209999799728394, 0.15379999577999115, 0.15489999949932098, 0.17065000534057617, 0.17960000038146973, 0.18035000562667847, 0.17219999432563782, 0.16670000553131104, 0.16494999825954437, 0.16050000488758087, 0.15230000019073486, 0.16865000128746033, 0.16785000264644623, 0.1749500036239624, 0.16535000503063202, 0.1680999994277954, 0.15880000591278076, 0.1624000072479248]}}