{"emotion_new_train_5_16": {"num_of_epochs": 50, "learning_rate": 0.0001, "training_ds_fpath": "_train_5_16", "first_token_val_accuracy": [0.0003000000142492354, 0.00774999987334013, 0.06395000219345093, 0.12710000574588776, 0.11214999854564667, 0.10859999805688858, 0.12635000050067902, 0.14554999768733978, 0.1537500023841858, 0.14470000565052032, 0.1529500037431717, 0.15974999964237213, 0.16885000467300415, 0.16259999573230743, 0.17409999668598175, 0.1636500060558319, 0.15639999508857727, 0.1559000015258789, 0.18314999341964722, 0.1687999963760376, 0.1639000028371811, 0.16500000655651093, 0.17425000667572021, 0.1660500019788742, 0.14480000734329224, 0.17595000565052032, 0.15244999527931213, 0.15594999492168427, 0.1559000015258789, 0.16064999997615814, 0.17024999856948853, 0.14425000548362732, 0.15205000340938568, 0.15485000610351562, 0.1460999995470047, 0.15125000476837158, 0.15414999425411224, 0.157150000333786, 0.15530000627040863, 0.1628500074148178, 0.16455000638961792, 0.16255000233650208, 0.15710000693798065, 0.15494999289512634, 0.16410000622272491, 0.15970000624656677, 0.16564999520778656, 0.15520000457763672, 0.15974999964237213, 0.16030000150203705], "all_token_val_accuracy": [0.0003000000142492354, 0.00774999987334013, 0.06395000219345093, 0.12710000574588776, 0.11214999854564667, 0.10859999805688858, 0.12635000050067902, 0.14554999768733978, 0.1537500023841858, 0.14470000565052032, 0.1529500037431717, 0.15974999964237213, 0.16885000467300415, 0.16259999573230743, 0.17409999668598175, 0.1636500060558319, 0.15639999508857727, 0.1559000015258789, 0.18314999341964722, 0.1687999963760376, 0.1639000028371811, 0.16500000655651093, 0.17425000667572021, 0.16599999368190765, 0.14480000734329224, 0.17595000565052032, 0.15240000188350677, 0.1559000015258789, 0.15584999322891235, 0.16064999997615814, 0.17024999856948853, 0.14425000548362732, 0.15205000340938568, 0.15479999780654907, 0.1460999995470047, 0.15125000476837158, 0.15414999425411224, 0.157150000333786, 0.15530000627040863, 0.1628500074148178, 0.16455000638961792, 0.16255000233650208, 0.15710000693798065, 0.15494999289512634, 0.16410000622272491, 0.15970000624656677, 0.16564999520778656, 0.15520000457763672, 0.15974999964237213, 0.16030000150203705]}}