{"emotion_new_train_2_16": {"num_of_epochs": 50, "learning_rate": 0.0001, "training_ds_fpath": "_train_2_16", "first_token_val_accuracy": [0.0002500000118743628, 0.012299999594688416, 0.0815500020980835, 0.13064999878406525, 0.12915000319480896, 0.1368499994277954, 0.13774999976158142, 0.14904999732971191, 0.17454999685287476, 0.15805000066757202, 0.1704999953508377, 0.1521500051021576, 0.19099999964237213, 0.1700499951839447, 0.1817999929189682, 0.1741500049829483, 0.1720999926328659, 0.16670000553131104, 0.1668500006198883, 0.1793999969959259, 0.15160000324249268, 0.16644999384880066, 0.16019999980926514, 0.1800999939441681, 0.16075000166893005, 0.16345000267028809, 0.1772499978542328, 0.17839999496936798, 0.1729000061750412, 0.1809999942779541, 0.17239999771118164, 0.17964999377727509, 0.1761000007390976, 0.16990000009536743, 0.17910000681877136, 0.17479999363422394, 0.1703999936580658, 0.17945000529289246, 0.17190000414848328, 0.17820000648498535, 0.15780000388622284, 0.16734999418258667, 0.16904999315738678, 0.16840000450611115, 0.1673000007867813, 0.17030000686645508, 0.1749500036239624, 0.18279999494552612, 0.1894499957561493, 0.18479999899864197], "all_token_val_accuracy": [0.00019999999494757503, 0.012249999679625034, 0.0815500020980835, 0.13064999878406525, 0.12915000319480896, 0.1368499994277954, 0.13774999976158142, 0.14904999732971191, 0.17454999685287476, 0.15805000066757202, 0.1704999953508377, 0.1521500051021576, 0.19099999964237213, 0.1700499951839447, 0.1817999929189682, 0.1741500049829483, 0.1720999926328659, 0.16670000553131104, 0.1668500006198883, 0.1793999969959259, 0.15160000324249268, 0.16644999384880066, 0.16019999980926514, 0.1800999939441681, 0.16075000166893005, 0.16345000267028809, 0.1772499978542328, 0.17839999496936798, 0.1729000061750412, 0.1809999942779541, 0.17239999771118164, 0.17964999377727509, 0.1761000007390976, 0.16990000009536743, 0.17910000681877136, 0.17479999363422394, 0.1703999936580658, 0.17945000529289246, 0.17190000414848328, 0.17820000648498535, 0.15780000388622284, 0.16734999418258667, 0.16904999315738678, 0.16840000450611115, 0.1673000007867813, 0.17030000686645508, 0.1749500036239624, 0.18279999494552612, 0.1894499957561493, 0.18479999899864197]}}