{"amazon_kitchen_t_train_9_4": {"num_of_epochs": 20, "learning_rate": 0.0005, "training_ds_fpath": "_train_9_4", "first_token_val_accuracy": [0.0, 0.01600000075995922, 0.6499999761581421, 0.7799999713897705, 0.7889999747276306, 0.8029999732971191, 0.8100000023841858, 0.8159999847412109, 0.8109999895095825, 0.8050000071525574, 0.8050000071525574, 0.8059999942779541, 0.8050000071525574, 0.8080000281333923, 0.8100000023841858, 0.8100000023841858, 0.8100000023841858, 0.8090000152587891, 0.8090000152587891, 0.8109999895095825], "all_token_val_accuracy": [0.0, 0.01600000075995922, 0.6499999761581421, 0.7799999713897705, 0.7889999747276306, 0.8029999732971191, 0.8100000023841858, 0.8159999847412109, 0.8109999895095825, 0.8050000071525574, 0.8050000071525574, 0.8059999942779541, 0.8050000071525574, 0.8080000281333923, 0.8100000023841858, 0.8100000023841858, 0.8100000023841858, 0.8090000152587891, 0.8090000152587891, 0.8109999895095825]}}