{"amazon_kitchen_t_train_8_32": {"num_of_epochs": 50, "learning_rate": 0.0001, "training_ds_fpath": "_train_8_32", "first_token_val_accuracy": [0.0, 0.652999997138977, 0.7799999713897705, 0.7990000247955322, 0.8149999976158142, 0.8140000104904175, 0.8240000009536743, 0.8209999799728394, 0.828000009059906, 0.8259999752044678, 0.8270000219345093, 0.8289999961853027, 0.8289999961853027, 0.824999988079071, 0.824999988079071, 0.8209999799728394, 0.8220000267028809, 0.8289999961853027, 0.8330000042915344, 0.8289999961853027, 0.828000009059906, 0.8230000138282776, 0.8240000009536743, 0.8230000138282776, 0.8259999752044678, 0.824999988079071, 0.824999988079071, 0.8230000138282776, 0.8220000267028809, 0.8230000138282776, 0.8240000009536743, 0.828000009059906, 0.8299999833106995, 0.8309999704360962, 0.8270000219345093, 0.8270000219345093, 0.828000009059906, 0.8270000219345093, 0.828000009059906, 0.8259999752044678, 0.8270000219345093, 0.8230000138282776, 0.824999988079071, 0.8240000009536743, 0.8240000009536743, 0.8240000009536743, 0.8220000267028809, 0.8220000267028809, 0.8220000267028809, 0.8230000138282776], "all_token_val_accuracy": [0.0, 0.652999997138977, 0.7799999713897705, 0.7990000247955322, 0.8149999976158142, 0.8140000104904175, 0.8240000009536743, 0.8209999799728394, 0.828000009059906, 0.8259999752044678, 0.8270000219345093, 0.8289999961853027, 0.8289999961853027, 0.824999988079071, 0.824999988079071, 0.8209999799728394, 0.8220000267028809, 0.8289999961853027, 0.8330000042915344, 0.8289999961853027, 0.828000009059906, 0.8230000138282776, 0.8240000009536743, 0.8230000138282776, 0.8259999752044678, 0.824999988079071, 0.824999988079071, 0.8230000138282776, 0.8220000267028809, 0.8230000138282776, 0.8240000009536743, 0.828000009059906, 0.8299999833106995, 0.8309999704360962, 0.8270000219345093, 0.8270000219345093, 0.828000009059906, 0.8270000219345093, 0.828000009059906, 0.8259999752044678, 0.8270000219345093, 0.8230000138282776, 0.824999988079071, 0.8240000009536743, 0.8240000009536743, 0.8240000009536743, 0.8220000267028809, 0.8220000267028809, 0.8220000267028809, 0.8230000138282776]}}