{"amazon_kitchen_t_train_6_32": {"num_of_epochs": 50, "learning_rate": 0.0001, "training_ds_fpath": "_train_6_32", "first_token_val_accuracy": [0.0, 0.7120000123977661, 0.7950000166893005, 0.8029999732971191, 0.8090000152587891, 0.8190000057220459, 0.8240000009536743, 0.8299999833106995, 0.8349999785423279, 0.8349999785423279, 0.8410000205039978, 0.8420000076293945, 0.8460000157356262, 0.8460000157356262, 0.8450000286102295, 0.8450000286102295, 0.8450000286102295, 0.8420000076293945, 0.8429999947547913, 0.8410000205039978, 0.8389999866485596, 0.8379999995231628, 0.8360000252723694, 0.8360000252723694, 0.8330000042915344, 0.8339999914169312, 0.8399999737739563, 0.8399999737739563, 0.8330000042915344, 0.8299999833106995, 0.8289999961853027, 0.8399999737739563, 0.8410000205039978, 0.8399999737739563, 0.8399999737739563, 0.8399999737739563, 0.8420000076293945, 0.8450000286102295, 0.8450000286102295, 0.843999981880188, 0.843999981880188, 0.8330000042915344, 0.796999990940094, 0.8199999928474426, 0.8420000076293945, 0.8420000076293945, 0.8389999866485596, 0.8389999866485596, 0.843999981880188, 0.843999981880188], "all_token_val_accuracy": [0.0, 0.7120000123977661, 0.7950000166893005, 0.8029999732971191, 0.8090000152587891, 0.8190000057220459, 0.8240000009536743, 0.8299999833106995, 0.8349999785423279, 0.8349999785423279, 0.8410000205039978, 0.8420000076293945, 0.8460000157356262, 0.8460000157356262, 0.8450000286102295, 0.8450000286102295, 0.8450000286102295, 0.8420000076293945, 0.8429999947547913, 0.8410000205039978, 0.8389999866485596, 0.8379999995231628, 0.8360000252723694, 0.8360000252723694, 0.8330000042915344, 0.8339999914169312, 0.8399999737739563, 0.8399999737739563, 0.8330000042915344, 0.8299999833106995, 0.8289999961853027, 0.8399999737739563, 0.8410000205039978, 0.8399999737739563, 0.8399999737739563, 0.8399999737739563, 0.8420000076293945, 0.8450000286102295, 0.8450000286102295, 0.843999981880188, 0.843999981880188, 0.8330000042915344, 0.796999990940094, 0.8199999928474426, 0.8420000076293945, 0.8420000076293945, 0.8389999866485596, 0.8389999866485596, 0.843999981880188, 0.843999981880188]}}