{"amazon_kitchen_t_train_7_8": {"num_of_epochs": 50, "learning_rate": 0.0001, "training_ds_fpath": "_train_7_8", "first_token_val_accuracy": [0.0, 0.0, 0.0, 0.0, 0.01899999938905239, 0.2549999952316284, 0.5839999914169312, 0.7049999833106995, 0.7570000290870667, 0.7829999923706055, 0.7860000133514404, 0.7789999842643738, 0.7799999713897705, 0.777999997138977, 0.781000018119812, 0.7850000262260437, 0.7850000262260437, 0.7850000262260437, 0.7839999794960022, 0.7889999747276306, 0.7870000004768372, 0.7889999747276306, 0.796999990940094, 0.796999990940094, 0.7960000038146973, 0.7960000038146973, 0.7950000166893005, 0.7940000295639038, 0.7940000295639038, 0.7940000295639038, 0.7940000295639038, 0.7950000166893005, 0.7950000166893005, 0.796999990940094, 0.796999990940094, 0.796999990940094, 0.796999990940094, 0.7979999780654907, 0.7979999780654907, 0.796999990940094, 0.7990000247955322, 0.8009999990463257, 0.8029999732971191, 0.8029999732971191, 0.8029999732971191, 0.8029999732971191, 0.8019999861717224, 0.8040000200271606, 0.8009999990463257, 0.8019999861717224], "all_token_val_accuracy": [0.0, 0.0, 0.0, 0.0, 0.017999999225139618, 0.2540000081062317, 0.5809999704360962, 0.699999988079071, 0.7490000128746033, 0.7829999923706055, 0.7860000133514404, 0.7789999842643738, 0.7799999713897705, 0.777999997138977, 0.781000018119812, 0.7850000262260437, 0.7850000262260437, 0.7850000262260437, 0.7839999794960022, 0.7889999747276306, 0.7870000004768372, 0.7889999747276306, 0.796999990940094, 0.796999990940094, 0.7960000038146973, 0.7960000038146973, 0.7950000166893005, 0.7940000295639038, 0.7940000295639038, 0.7940000295639038, 0.7940000295639038, 0.7950000166893005, 0.7950000166893005, 0.796999990940094, 0.796999990940094, 0.796999990940094, 0.796999990940094, 0.7979999780654907, 0.7979999780654907, 0.796999990940094, 0.7990000247955322, 0.8009999990463257, 0.8029999732971191, 0.8029999732971191, 0.8029999732971191, 0.8029999732971191, 0.8019999861717224, 0.8040000200271606, 0.8009999990463257, 0.8019999861717224]}}