{"amazon_kitchen_t_train_3_16": {"num_of_epochs": 50, "learning_rate": 0.0001, "training_ds_fpath": "_train_3_16", "first_token_val_accuracy": [0.0, 0.0, 0.10499999672174454, 0.6629999876022339, 0.7590000033378601, 0.7860000133514404, 0.7929999828338623, 0.7990000247955322, 0.8050000071525574, 0.8050000071525574, 0.8080000281333923, 0.8140000104904175, 0.8159999847412109, 0.8180000185966492, 0.8199999928474426, 0.8199999928474426, 0.8240000009536743, 0.8230000138282776, 0.8259999752044678, 0.8309999704360962, 0.8330000042915344, 0.8259999752044678, 0.828000009059906, 0.8299999833106995, 0.8299999833106995, 0.828000009059906, 0.8240000009536743, 0.8209999799728394, 0.8309999704360962, 0.8309999704360962, 0.8330000042915344, 0.8339999914169312, 0.8349999785423279, 0.8349999785423279, 0.8299999833106995, 0.8379999995231628, 0.8370000123977661, 0.8379999995231628, 0.8370000123977661, 0.8379999995231628, 0.8389999866485596, 0.8379999995231628, 0.8379999995231628, 0.8349999785423279, 0.8309999704360962, 0.8349999785423279, 0.8349999785423279, 0.8349999785423279, 0.8360000252723694, 0.8360000252723694], "all_token_val_accuracy": [0.0, 0.0, 0.10499999672174454, 0.6610000133514404, 0.753000020980835, 0.7799999713897705, 0.7870000004768372, 0.7940000295639038, 0.800000011920929, 0.800000011920929, 0.8029999732971191, 0.8090000152587891, 0.8109999895095825, 0.8130000233650208, 0.8149999976158142, 0.8149999976158142, 0.8190000057220459, 0.8180000185966492, 0.8259999752044678, 0.8309999704360962, 0.8330000042915344, 0.8259999752044678, 0.828000009059906, 0.8299999833106995, 0.8299999833106995, 0.828000009059906, 0.8240000009536743, 0.8209999799728394, 0.8309999704360962, 0.8309999704360962, 0.8330000042915344, 0.8339999914169312, 0.8349999785423279, 0.8349999785423279, 0.8299999833106995, 0.8379999995231628, 0.8370000123977661, 0.8379999995231628, 0.8370000123977661, 0.8379999995231628, 0.8389999866485596, 0.8379999995231628, 0.8379999995231628, 0.8349999785423279, 0.8309999704360962, 0.8349999785423279, 0.8349999785423279, 0.8349999785423279, 0.8360000252723694, 0.8360000252723694]}}