{"amazon_kitchen_t_train_5_4": {"num_of_epochs": 20, "learning_rate": 0.0005, "training_ds_fpath": "_train_5_4", "first_token_val_accuracy": [0.0, 0.004999999888241291, 0.6779999732971191, 0.7889999747276306, 0.7900000214576721, 0.7879999876022339, 0.8029999732971191, 0.8040000200271606, 0.8040000200271606, 0.8019999861717224, 0.800000011920929, 0.7979999780654907, 0.7979999780654907, 0.7940000295639038, 0.7879999876022339, 0.7870000004768372, 0.7860000133514404, 0.7860000133514404, 0.7860000133514404, 0.7850000262260437], "all_token_val_accuracy": [0.0, 0.004999999888241291, 0.6779999732971191, 0.7889999747276306, 0.7900000214576721, 0.7879999876022339, 0.8029999732971191, 0.8040000200271606, 0.8040000200271606, 0.8019999861717224, 0.800000011920929, 0.7979999780654907, 0.7979999780654907, 0.7940000295639038, 0.7879999876022339, 0.7870000004768372, 0.7860000133514404, 0.7860000133514404, 0.7860000133514404, 0.7850000262260437]}}