{"amazon_kitchen_t_train_3_4": {"num_of_epochs": 20, "learning_rate": 0.0005, "training_ds_fpath": "_train_3_4", "first_token_val_accuracy": [0.0, 0.0, 0.2590000033378601, 0.734000027179718, 0.777999997138977, 0.7760000228881836, 0.7400000095367432, 0.7200000286102295, 0.7279999852180481, 0.7350000143051147, 0.7450000047683716, 0.75, 0.7519999742507935, 0.7490000128746033, 0.7450000047683716, 0.7429999709129333, 0.7429999709129333, 0.7400000095367432, 0.7409999966621399, 0.7419999837875366], "all_token_val_accuracy": [0.0, 0.0, 0.2590000033378601, 0.7319999933242798, 0.7760000228881836, 0.7739999890327454, 0.7379999756813049, 0.7179999947547913, 0.7260000109672546, 0.7329999804496765, 0.7429999709129333, 0.7480000257492065, 0.75, 0.7459999918937683, 0.7419999837875366, 0.7400000095367432, 0.7400000095367432, 0.7369999885559082, 0.7379999756813049, 0.7400000095367432]}}