{"scitail_b_train_6_4": {"num_of_epochs": 50, "learning_rate": 0.001, "training_ds_fpath": "_train_6_4", "first_token_val_accuracy": [0.3493044674396515, 0.5, 0.5, 0.5, 0.5015456080436707, 0.4992271959781647, 0.5, 0.4976816177368164, 0.4922720193862915, 0.48299846053123474, 0.4969088137149811, 0.4914992153644562, 0.471406489610672, 0.4922720193862915, 0.5038639903068542, 0.5061823725700378, 0.5077279806137085, 0.5061823725700378, 0.5, 0.5046367645263672, 0.4922720193862915, 0.48840802907943726, 0.48299846053123474, 0.4822256565093994, 0.4814528524875641, 0.48377126455307007, 0.48068004846572876, 0.48068004846572876, 0.48531684279441833, 0.48840802907943726, 0.4891808331012726, 0.4945904314517975, 0.4945904314517975, 0.4914992153644562, 0.49304482340812683, 0.4922720193862915, 0.5023183822631836, 0.4041731059551239, 0.5278207063674927, 0.5185471177101135, 0.5, 0.49072644114494324, 0.4899536371231079, 0.5, 0.5015456080436707, 0.4969088137149811, 0.5030912160873413, 0.5092735886573792, 0.5092735886573792, 0.5077279806137085], "all_token_val_accuracy": [0.3493044674396515, 0.5, 0.5, 0.5, 0.5015456080436707, 0.4992271959781647, 0.5, 0.4976816177368164, 0.4922720193862915, 0.48299846053123474, 0.4969088137149811, 0.4914992153644562, 0.471406489610672, 0.4922720193862915, 0.5038639903068542, 0.5061823725700378, 0.5077279806137085, 0.5061823725700378, 0.5, 0.5046367645263672, 0.4922720193862915, 0.48840802907943726, 0.48299846053123474, 0.4822256565093994, 0.4814528524875641, 0.48377126455307007, 0.48068004846572876, 0.48068004846572876, 0.48531684279441833, 0.48840802907943726, 0.4891808331012726, 0.4945904314517975, 0.4945904314517975, 0.4914992153644562, 0.49304482340812683, 0.4922720193862915, 0.5023183822631836, 0.4041731059551239, 0.5278207063674927, 0.5185471177101135, 0.5, 0.49072644114494324, 0.4899536371231079, 0.5, 0.5015456080436707, 0.4969088137149811, 0.5030912160873413, 0.5092735886573792, 0.5092735886573792, 0.5077279806137085]}}