{"scitail_b_train_3_16": {"num_of_epochs": 20, "learning_rate": 1e-05, "training_ds_fpath": "_train_3_16", "first_token_val_accuracy": [0.0, 0.0, 0.0, 0.0, 0.0, 0.0, 0.0, 0.0, 0.0, 0.0007727975025773048, 0.0030911900103092194, 0.008500772528350353, 0.024729520082473755, 0.04482225701212883, 0.08114373683929443, 0.10819165408611298, 0.1584234982728958, 0.1916537880897522, 0.21715611219406128, 0.23647604882717133], "all_token_val_accuracy": [0.0, 0.0, 0.0, 0.0, 0.0, 0.0, 0.0, 0.0, 0.0, 0.0007727975025773048, 0.0030911900103092194, 0.008500772528350353, 0.024729520082473755, 0.04482225701212883, 0.08114373683929443, 0.10819165408611298, 0.1584234982728958, 0.1916537880897522, 0.21715611219406128, 0.23647604882717133]}}