{"scitail_b_train_6_8": {"num_of_epochs": 10, "learning_rate": 0.0001, "training_ds_fpath": "_train_6_8", "first_token_val_accuracy": [0.0, 0.0, 0.11591962724924088, 0.27820712327957153, 0.385625958442688, 0.471406489610672, 0.49845439195632935, 0.4992271959781647, 0.486862450838089, 0.4891808331012726], "all_token_val_accuracy": [0.0, 0.0, 0.11591962724924088, 0.27820712327957153, 0.385625958442688, 0.471406489610672, 0.49845439195632935, 0.4992271959781647, 0.486862450838089, 0.4891808331012726]}}