{"scitail_b_train_3_8": {"num_of_epochs": 5, "learning_rate": 0.001, "training_ds_fpath": "_train_3_8", "first_token_val_accuracy": [0.4945904314517975, 0.5030912160873413, 0.5, 0.5301390886306763, 0.5401854515075684], "all_token_val_accuracy": [0.4945904314517975, 0.5030912160873413, 0.5, 0.5301390886306763, 0.5401854515075684]}}