{"scitail_b_train_3_32": {"num_of_epochs": 30, "learning_rate": 0.0005, "training_ds_fpath": "_train_3_32", "first_token_val_accuracy": [0.5, 0.5092735886573792, 0.5200927257537842, 0.5193199515342712, 0.5440494418144226, 0.5293663144111633, 0.5664606094360352, 0.5540958046913147, 0.5440494418144226, 0.5448222756385803, 0.5386399030685425, 0.5278207063674927, 0.5448222756385803, 0.5293663144111633, 0.5440494418144226, 0.5363214612007141, 0.5355486869812012, 0.530911922454834, 0.530911922454834, 0.5301390886306763, 0.5224111080169678, 0.5293663144111633, 0.5270479321479797, 0.5401854515075684, 0.5270479321479797, 0.530911922454834, 0.5293663144111633, 0.5239567160606384, 0.5370942950248718, 0.5340030789375305], "all_token_val_accuracy": [0.5, 0.5092735886573792, 0.5200927257537842, 0.5193199515342712, 0.5440494418144226, 0.5293663144111633, 0.5664606094360352, 0.5540958046913147, 0.5440494418144226, 0.5448222756385803, 0.5386399030685425, 0.5278207063674927, 0.5448222756385803, 0.5293663144111633, 0.5440494418144226, 0.5363214612007141, 0.5355486869812012, 0.530911922454834, 0.530911922454834, 0.5301390886306763, 0.5224111080169678, 0.5293663144111633, 0.5270479321479797, 0.5401854515075684, 0.5270479321479797, 0.530911922454834, 0.5293663144111633, 0.5239567160606384, 0.5370942950248718, 0.5340030789375305]}}