{"scitail_b_train_1_4": {"num_of_epochs": 40, "learning_rate": 0.0001, "training_ds_fpath": "_train_1_4", "first_token_val_accuracy": [0.0, 0.0, 0.0, 0.0030911900103092194, 0.05641422048211098, 0.17156104743480682, 0.20324574410915375, 0.24188563227653503, 0.2982998490333557, 0.3624420464038849, 0.4219474494457245, 0.4536321461200714, 0.47527047991752625, 0.48763522505760193, 0.4891808331012726, 0.4768160879611969, 0.46522411704063416, 0.49072644114494324, 0.5023183822631836, 0.5054095983505249, 0.5085007548332214, 0.5054095983505249, 0.4976816177368164, 0.4976816177368164, 0.471406489610672, 0.4721792936325073, 0.48377126455307007, 0.48068004846572876, 0.4791344702243805, 0.48377126455307007, 0.484544038772583, 0.484544038772583, 0.48531684279441833, 0.486862450838089, 0.484544038772583, 0.48608964681625366, 0.486862450838089, 0.4899536371231079, 0.4899536371231079, 0.4899536371231079], "all_token_val_accuracy": [0.0, 0.0, 0.0, 0.0030911900103092194, 0.05641422048211098, 0.17156104743480682, 0.20324574410915375, 0.24188563227653503, 0.2982998490333557, 0.3624420464038849, 0.4219474494457245, 0.4536321461200714, 0.47527047991752625, 0.48763522505760193, 0.4891808331012726, 0.4768160879611969, 0.46522411704063416, 0.49072644114494324, 0.5023183822631836, 0.5054095983505249, 0.5085007548332214, 0.5054095983505249, 0.4976816177368164, 0.4976816177368164, 0.471406489610672, 0.4721792936325073, 0.48377126455307007, 0.48068004846572876, 0.4791344702243805, 0.48377126455307007, 0.484544038772583, 0.484544038772583, 0.48531684279441833, 0.486862450838089, 0.484544038772583, 0.48608964681625366, 0.486862450838089, 0.4899536371231079, 0.4899536371231079, 0.4899536371231079]}}