{"scitail_b_train_4_32": {"num_of_epochs": 10, "learning_rate": 1e-05, "training_ds_fpath": "_train_4_32", "first_token_val_accuracy": [0.0, 0.0, 0.0, 0.0, 0.0007727975025773048, 0.005409582518041134, 0.07187017053365707, 0.20556414127349854, 0.3338485360145569, 0.41112828254699707], "all_token_val_accuracy": [0.0, 0.0, 0.0, 0.0, 0.0007727975025773048, 0.005409582518041134, 0.07187017053365707, 0.20556414127349854, 0.3338485360145569, 0.41112828254699707]}}