{"scitail_b_train_1_32": {"num_of_epochs": 20, "learning_rate": 0.0005, "training_ds_fpath": "_train_1_32", "first_token_val_accuracy": [0.5208655595779419, 0.5200927257537842, 0.5193199515342712, 0.5850077271461487, 0.6043276786804199, 0.6081916689872742, 0.629830002784729, 0.6460587382316589, 0.6306027770042419, 0.6437403559684753, 0.6522411108016968, 0.6584234833717346, 0.640649139881134, 0.6445131301879883, 0.6429675221443176, 0.6537867188453674, 0.6530138850212097, 0.6553323268890381, 0.6537867188453674, 0.656105101108551], "all_token_val_accuracy": [0.5208655595779419, 0.5200927257537842, 0.5193199515342712, 0.5850077271461487, 0.6043276786804199, 0.6081916689872742, 0.629830002784729, 0.6460587382316589, 0.6306027770042419, 0.6437403559684753, 0.6522411108016968, 0.6584234833717346, 0.640649139881134, 0.6445131301879883, 0.6429675221443176, 0.6537867188453674, 0.6530138850212097, 0.6553323268890381, 0.6537867188453674, 0.656105101108551]}}