{"scitail_b_train_3_8": {"num_of_epochs": 40, "learning_rate": 0.0001, "training_ds_fpath": "_train_3_8", "first_token_val_accuracy": [0.0, 0.0007727975025773048, 0.08423493057489395, 0.2952086627483368, 0.39026275277137756, 0.4791344702243805, 0.4969088137149811, 0.4922720193862915, 0.5085007548332214, 0.5170015692710876, 0.5224111080169678, 0.5239567160606384, 0.5293663144111633, 0.5455950498580933, 0.5386399030685425, 0.5432766675949097, 0.5510046482086182, 0.5587326288223267, 0.5455950498580933, 0.5440494418144226, 0.5517774224281311, 0.557959794998169, 0.5533230304718018, 0.5556414127349854, 0.5486862659454346, 0.5440494418144226, 0.5502318143844604, 0.5633693933486938, 0.5587326288223267, 0.5610510110855103, 0.5656877756118774, 0.5772797465324402, 0.557187020778656, 0.5556414127349854, 0.5610510110855103, 0.5610510110855103, 0.5618237853050232, 0.5602782368659973, 0.568006157875061, 0.5695517659187317], "all_token_val_accuracy": [0.0, 0.0007727975025773048, 0.08423493057489395, 0.2952086627483368, 0.39026275277137756, 0.4791344702243805, 0.4969088137149811, 0.4922720193862915, 0.5085007548332214, 0.5170015692710876, 0.5224111080169678, 0.5239567160606384, 0.5293663144111633, 0.5455950498580933, 0.5386399030685425, 0.5432766675949097, 0.5510046482086182, 0.557187020778656, 0.5440494418144226, 0.5432766675949097, 0.5517774224281311, 0.557959794998169, 0.5533230304718018, 0.5556414127349854, 0.5486862659454346, 0.5440494418144226, 0.5502318143844604, 0.5633693933486938, 0.5587326288223267, 0.5610510110855103, 0.5656877756118774, 0.5772797465324402, 0.557187020778656, 0.5556414127349854, 0.5610510110855103, 0.5610510110855103, 0.5618237853050232, 0.5602782368659973, 0.568006157875061, 0.5695517659187317]}}