{"scitail_b_train_8_16": {"num_of_epochs": 40, "learning_rate": 1e-05, "training_ds_fpath": "_train_8_16", "first_token_val_accuracy": [0.0, 0.0, 0.0, 0.0, 0.0, 0.0, 0.0, 0.0, 0.0, 0.0007727975025773048, 0.0015455950051546097, 0.004636785015463829, 0.012364760041236877, 0.027047913521528244, 0.06336940079927444, 0.10123647749423981, 0.14683152735233307, 0.21020092070102692, 0.24034002423286438, 0.26506954431533813, 0.30216383934020996, 0.3392581045627594, 0.36398762464523315, 0.38253477215766907, 0.40262749791145325, 0.42349305748939514, 0.43663060665130615, 0.4505409598350525, 0.4605873227119446, 0.46986088156700134, 0.4799072742462158, 0.4922720193862915, 0.4953632056713104, 0.49613600969314575, 0.4992271959781647, 0.4992271959781647, 0.5, 0.5, 0.5, 0.5], "all_token_val_accuracy": [0.0, 0.0, 0.0, 0.0, 0.0, 0.0, 0.0, 0.0, 0.0, 0.0007727975025773048, 0.0015455950051546097, 0.004636785015463829, 0.012364760041236877, 0.027047913521528244, 0.06336940079927444, 0.10123647749423981, 0.14683152735233307, 0.21020092070102692, 0.24034002423286438, 0.26506954431533813, 0.30216383934020996, 0.3392581045627594, 0.36398762464523315, 0.38253477215766907, 0.40262749791145325, 0.42349305748939514, 0.43663060665130615, 0.4505409598350525, 0.4605873227119446, 0.46986088156700134, 0.4799072742462158, 0.4922720193862915, 0.4953632056713104, 0.49613600969314575, 0.4992271959781647, 0.4992271959781647, 0.5, 0.5, 0.5, 0.5]}}