{"scitail_b_train_7_16": {"num_of_epochs": 5, "learning_rate": 0.0001, "training_ds_fpath": "_train_7_16", "first_token_val_accuracy": [0.0, 0.2766615152359009, 0.4914992153644562, 0.5, 0.49613600969314575], "all_token_val_accuracy": [0.0, 0.2766615152359009, 0.4914992153644562, 0.5, 0.49613600969314575]}}