{"scitail_b_train_1_8": {"num_of_epochs": 40, "learning_rate": 1e-05, "training_ds_fpath": "_train_1_8", "first_token_val_accuracy": [0.0, 0.0, 0.0, 0.0, 0.0, 0.0, 0.0, 0.0, 0.0, 0.0, 0.0, 0.0, 0.0, 0.0, 0.0, 0.0, 0.0, 0.0, 0.0007727975025773048, 0.0015455950051546097, 0.0023183925077319145, 0.004636785015463829, 0.005409582518041134, 0.009273570030927658, 0.014683152548968792, 0.026275115087628365, 0.027820710092782974, 0.03168470039963722, 0.04327666014432907, 0.05023184046149254, 0.05641422048211098, 0.06877897679805756, 0.08346213400363922, 0.09659969061613083, 0.1112828403711319, 0.1267388015985489, 0.13910356163978577, 0.16537867486476898, 0.19397218525409698, 0.21406491100788116], "all_token_val_accuracy": [0.0, 0.0, 0.0, 0.0, 0.0, 0.0, 0.0, 0.0, 0.0, 0.0, 0.0, 0.0, 0.0, 0.0, 0.0, 0.0, 0.0, 0.0, 0.0007727975025773048, 0.0015455950051546097, 0.0023183925077319145, 0.004636785015463829, 0.004636785015463829, 0.008500772528350353, 0.013910355046391487, 0.025502318516373634, 0.027047913521528244, 0.03168470039963722, 0.04327666014432907, 0.05023184046149254, 0.05641422048211098, 0.06877897679805756, 0.08346213400363922, 0.09659969061613083, 0.1112828403711319, 0.1267388015985489, 0.13910356163978577, 0.16537867486476898, 0.19397218525409698, 0.21406491100788116]}}