{"scitail_b_train_8_32": {"num_of_epochs": 20, "learning_rate": 1e-05, "training_ds_fpath": "_train_8_32", "first_token_val_accuracy": [0.0, 0.0, 0.0, 0.0, 0.0, 0.0023183925077319145, 0.008500772528350353, 0.06646058708429337, 0.13523957133293152, 0.22720247507095337, 0.2982998490333557, 0.34544050693511963, 0.3941267430782318, 0.4404945969581604, 0.4737248718738556, 0.4914992153644562, 0.49613600969314575, 0.4992271959781647, 0.5, 0.5], "all_token_val_accuracy": [0.0, 0.0, 0.0, 0.0, 0.0, 0.0023183925077319145, 0.008500772528350353, 0.06646058708429337, 0.13523957133293152, 0.22720247507095337, 0.2982998490333557, 0.34544050693511963, 0.3941267430782318, 0.4404945969581604, 0.4737248718738556, 0.4914992153644562, 0.49613600969314575, 0.4992271959781647, 0.5, 0.5]}}