{"scitail_b_train_3_32": {"num_of_epochs": 5, "learning_rate": 0.0005, "training_ds_fpath": "_train_3_32", "first_token_val_accuracy": [0.5007727742195129, 0.5332303047180176, 0.5765069723129272, 0.5409582853317261, 0.6244204044342041], "all_token_val_accuracy": [0.5007727742195129, 0.5332303047180176, 0.5765069723129272, 0.5409582853317261, 0.6244204044342041]}}