{"scitail_b_train_9_16": {"num_of_epochs": 5, "learning_rate": 0.0005, "training_ds_fpath": "_train_9_16", "first_token_val_accuracy": [0.49304482340812683, 0.5115919709205627, 0.5224111080169678, 0.515455961227417, 0.5293663144111633], "all_token_val_accuracy": [0.49304482340812683, 0.5115919709205627, 0.5224111080169678, 0.515455961227417, 0.5293663144111633]}}