{"scitail_b_train_9_16": {"num_of_epochs": 20, "learning_rate": 1e-05, "training_ds_fpath": "_train_9_16", "first_token_val_accuracy": [0.0, 0.0, 0.0, 0.0, 0.0, 0.0, 0.0, 0.0, 0.0, 0.0, 0.0030911900103092194, 0.010046367533504963, 0.0363214835524559, 0.07727975398302078, 0.1398763507604599, 0.1916537880897522, 0.2225656807422638, 0.25502318143844604, 0.28593507409095764, 0.31452858448028564], "all_token_val_accuracy": [0.0, 0.0, 0.0, 0.0, 0.0, 0.0, 0.0, 0.0, 0.0, 0.0, 0.0030911900103092194, 0.010046367533504963, 0.0363214835524559, 0.07727975398302078, 0.1398763507604599, 0.1916537880897522, 0.2225656807422638, 0.25502318143844604, 0.28593507409095764, 0.31452858448028564]}}