{"scitail_b_train_4_32": {"num_of_epochs": 5, "learning_rate": 0.0005, "training_ds_fpath": "_train_4_32", "first_token_val_accuracy": [0.49613600969314575, 0.5231839418411255, 0.5842349529266357, 0.5927357077598572, 0.6414219737052917], "all_token_val_accuracy": [0.49613600969314575, 0.5231839418411255, 0.5842349529266357, 0.5927357077598572, 0.6414219737052917]}}