{"scitail_b_train_4_32": {"num_of_epochs": 30, "learning_rate": 1e-05, "training_ds_fpath": "_train_4_32", "first_token_val_accuracy": [0.0, 0.0, 0.0, 0.0, 0.0, 0.0007727975025773048, 0.005409582518041134, 0.03863987699151039, 0.1375579535961151, 0.28129830956459045, 0.3763523995876312, 0.44667696952819824, 0.48068004846572876, 0.49304482340812683, 0.49613600969314575, 0.4992271959781647, 0.5, 0.5, 0.5, 0.4992271959781647, 0.49072644114494324, 0.4791344702243805, 0.4822256565093994, 0.4976816177368164, 0.49845439195632935, 0.49304482340812683, 0.49845439195632935, 0.4976816177368164, 0.49845439195632935, 0.5007727742195129], "all_token_val_accuracy": [0.0, 0.0, 0.0, 0.0, 0.0, 0.0007727975025773048, 0.005409582518041134, 0.03863987699151039, 0.1375579535961151, 0.28129830956459045, 0.3763523995876312, 0.44667696952819824, 0.48068004846572876, 0.49304482340812683, 0.49613600969314575, 0.4992271959781647, 0.5, 0.5, 0.5, 0.4992271959781647, 0.49072644114494324, 0.4791344702243805, 0.4822256565093994, 0.4976816177368164, 0.49845439195632935, 0.49304482340812683, 0.49845439195632935, 0.4976816177368164, 0.49845439195632935, 0.5007727742195129]}}