{"scitail_b_train_0_16": {"num_of_epochs": 50, "learning_rate": 1e-05, "training_ds_fpath": "_train_0_16", "first_token_val_accuracy": [0.0, 0.0, 0.0, 0.0, 0.0, 0.0, 0.0, 0.0, 0.0, 0.0, 0.0, 0.0015455950051546097, 0.003863987745717168, 0.014683152548968792, 0.030139103531837463, 0.061823803931474686, 0.1112828403711319, 0.15610510110855103, 0.19551777839660645, 0.22488407790660858, 0.2743431329727173, 0.3106645941734314, 0.3446677029132843, 0.3701700270175934, 0.3918083608150482, 0.414219468832016, 0.4327666163444519, 0.4412674009799957, 0.45517775416374207, 0.4629057049751282, 0.47295209765434265, 0.484544038772583, 0.4899536371231079, 0.4922720193862915, 0.49304482340812683, 0.4945904314517975, 0.49613600969314575, 0.4969088137149811, 0.4969088137149811, 0.4976816177368164, 0.4992271959781647, 0.4992271959781647, 0.5, 0.4992271959781647, 0.4992271959781647, 0.4992271959781647, 0.49845439195632935, 0.4992271959781647, 0.5023183822631836, 0.5046367645263672], "all_token_val_accuracy": [0.0, 0.0, 0.0, 0.0, 0.0, 0.0, 0.0, 0.0, 0.0, 0.0, 0.0, 0.0015455950051546097, 0.003863987745717168, 0.014683152548968792, 0.030139103531837463, 0.061823803931474686, 0.1112828403711319, 0.15610510110855103, 0.19551777839660645, 0.22488407790660858, 0.2743431329727173, 0.3106645941734314, 0.3446677029132843, 0.3701700270175934, 0.3918083608150482, 0.414219468832016, 0.4327666163444519, 0.4412674009799957, 0.45517775416374207, 0.4629057049751282, 0.47295209765434265, 0.484544038772583, 0.4899536371231079, 0.4922720193862915, 0.49304482340812683, 0.4945904314517975, 0.49613600969314575, 0.4969088137149811, 0.4969088137149811, 0.4976816177368164, 0.4992271959781647, 0.4992271959781647, 0.5, 0.4992271959781647, 0.4992271959781647, 0.4992271959781647, 0.49845439195632935, 0.4992271959781647, 0.5023183822631836, 0.5046367645263672]}}