{"scitail_b_train_0_8": {"num_of_epochs": 50, "learning_rate": 0.001, "training_ds_fpath": "_train_0_8", "first_token_val_accuracy": [0.1584234982728958, 0.5007727742195129, 0.49304482340812683, 0.5069552063941956, 0.5131375789642334, 0.5115919709205627, 0.5301390886306763, 0.5409582853317261, 0.5278207063674927, 0.5146831274032593, 0.5193199515342712, 0.5146831274032593, 0.5200927257537842, 0.5146831274032593, 0.5162287354469299, 0.5224111080169678, 0.5200927257537842, 0.5216383337974548, 0.5185471177101135, 0.5170015692710876, 0.5162287354469299, 0.5162287354469299, 0.5193199515342712, 0.5200927257537842, 0.5193199515342712, 0.5216383337974548, 0.5193199515342712, 0.5193199515342712, 0.5193199515342712, 0.5231839418411255, 0.530911922454834, 0.5347759127616882, 0.526275098323822, 0.5170015692710876, 0.5115919709205627, 0.5131375789642334, 0.5123647451400757, 0.5115919709205627, 0.5100463628768921, 0.5092735886573792, 0.5085007548332214, 0.510819137096405, 0.5092735886573792, 0.5092735886573792, 0.5115919709205627, 0.510819137096405, 0.5100463628768921, 0.5092735886573792, 0.5100463628768921, 0.5100463628768921], "all_token_val_accuracy": [0.1584234982728958, 0.5007727742195129, 0.49304482340812683, 0.5069552063941956, 0.5131375789642334, 0.5115919709205627, 0.5301390886306763, 0.5409582853317261, 0.5278207063674927, 0.5146831274032593, 0.5193199515342712, 0.5146831274032593, 0.5200927257537842, 0.5146831274032593, 0.5162287354469299, 0.5224111080169678, 0.5200927257537842, 0.5216383337974548, 0.5185471177101135, 0.5170015692710876, 0.5162287354469299, 0.5162287354469299, 0.5193199515342712, 0.5200927257537842, 0.5193199515342712, 0.5216383337974548, 0.5193199515342712, 0.5193199515342712, 0.5193199515342712, 0.5231839418411255, 0.530911922454834, 0.5347759127616882, 0.526275098323822, 0.5170015692710876, 0.5115919709205627, 0.5131375789642334, 0.5123647451400757, 0.5115919709205627, 0.5100463628768921, 0.5092735886573792, 0.5085007548332214, 0.510819137096405, 0.5092735886573792, 0.5092735886573792, 0.5115919709205627, 0.510819137096405, 0.5100463628768921, 0.5092735886573792, 0.5100463628768921, 0.5100463628768921]}}