{"scitail_b_train_0_8": {"num_of_epochs": 40, "learning_rate": 1e-05, "training_ds_fpath": "_train_0_8", "first_token_val_accuracy": [0.0, 0.0, 0.0, 0.0, 0.0, 0.0, 0.0, 0.0, 0.0, 0.0, 0.0, 0.0, 0.0, 0.0, 0.0, 0.0, 0.0, 0.0, 0.0, 0.0, 0.0, 0.0, 0.0, 0.0, 0.0007727975025773048, 0.0015455950051546097, 0.003863987745717168, 0.0069551775231957436, 0.013137557543814182, 0.020092735067009926, 0.03554868698120117, 0.04250386357307434, 0.05873261019587517, 0.08500772714614868, 0.10278207063674927, 0.13137558102607727, 0.15687790513038635, 0.19088098406791687, 0.22720247507095337, 0.24729521572589874], "all_token_val_accuracy": [0.0, 0.0, 0.0, 0.0, 0.0, 0.0, 0.0, 0.0, 0.0, 0.0, 0.0, 0.0, 0.0, 0.0, 0.0, 0.0, 0.0, 0.0, 0.0, 0.0, 0.0, 0.0, 0.0, 0.0, 0.0007727975025773048, 0.0015455950051546097, 0.003863987745717168, 0.0069551775231957436, 0.013137557543814182, 0.020092735067009926, 0.03554868698120117, 0.04250386357307434, 0.05873261019587517, 0.08500772714614868, 0.10278207063674927, 0.13137558102607727, 0.15687790513038635, 0.19088098406791687, 0.22720247507095337, 0.24729521572589874]}}