{"scitail_b_train_3_32": {"num_of_epochs": 30, "learning_rate": 0.001, "training_ds_fpath": "_train_3_32", "first_token_val_accuracy": [0.5007727742195129, 0.5162287354469299, 0.5193199515342712, 0.5162287354469299, 0.5185471177101135, 0.5115919709205627, 0.5239567160606384, 0.5224111080169678, 0.5285934805870056, 0.47836166620254517, 0.5278207063674927, 0.5301390886306763, 0.5355486869812012, 0.5370942950248718, 0.5355486869812012, 0.5231839418411255, 0.5324574708938599, 0.5177743434906006, 0.5177743434906006, 0.515455961227417, 0.5146831274032593, 0.5162287354469299, 0.5185471177101135, 0.5162287354469299, 0.5231839418411255, 0.5200927257537842, 0.5208655595779419, 0.5193199515342712, 0.5193199515342712, 0.5193199515342712], "all_token_val_accuracy": [0.5007727742195129, 0.5162287354469299, 0.5193199515342712, 0.5162287354469299, 0.5185471177101135, 0.5115919709205627, 0.5239567160606384, 0.5224111080169678, 0.5285934805870056, 0.47836166620254517, 0.5278207063674927, 0.5301390886306763, 0.5355486869812012, 0.5370942950248718, 0.5355486869812012, 0.5231839418411255, 0.5324574708938599, 0.5177743434906006, 0.5177743434906006, 0.515455961227417, 0.5146831274032593, 0.5162287354469299, 0.5185471177101135, 0.5162287354469299, 0.5231839418411255, 0.5200927257537842, 0.5208655595779419, 0.5193199515342712, 0.5193199515342712, 0.5193199515342712]}}