{"scitail_b_train_5_8": {"num_of_epochs": 40, "learning_rate": 1e-05, "training_ds_fpath": "_train_5_8", "first_token_val_accuracy": [0.0, 0.0, 0.0, 0.0, 0.0, 0.0, 0.0, 0.0, 0.0, 0.0, 0.0, 0.0, 0.0, 0.0, 0.0, 0.0, 0.0, 0.0, 0.0007727975025773048, 0.0015455950051546097, 0.0030911900103092194, 0.006182380020618439, 0.017001545056700706, 0.018547140061855316, 0.025502318516373634, 0.03168470039963722, 0.0440494604408741, 0.05795981362462044, 0.06955178081989288, 0.08655332028865814, 0.10046368092298508, 0.11978361755609512, 0.14683152735233307, 0.1707882583141327, 0.18778979778289795, 0.2047913372516632, 0.2179289013147354, 0.22952087223529816, 0.2411128282546997, 0.2488408088684082], "all_token_val_accuracy": [0.0, 0.0, 0.0, 0.0, 0.0, 0.0, 0.0, 0.0, 0.0, 0.0, 0.0, 0.0, 0.0, 0.0, 0.0, 0.0, 0.0, 0.0, 0.0007727975025773048, 0.0015455950051546097, 0.0030911900103092194, 0.005409582518041134, 0.014683152548968792, 0.017001545056700706, 0.023183925077319145, 0.029366305097937584, 0.04095827043056488, 0.05564142018556595, 0.06800618022680283, 0.08500772714614868, 0.09969088435173035, 0.11823802441358566, 0.14605873823165894, 0.16924266517162323, 0.1862442046403885, 0.20324574410915375, 0.21638330817222595, 0.2279752641916275, 0.24034002423286438, 0.24806800484657288]}}