{"scitail_b_train_4_32": {"num_of_epochs": 50, "learning_rate": 0.001, "training_ds_fpath": "_train_4_32", "first_token_val_accuracy": [0.5602782368659973, 0.5610510110855103, 0.557187020778656, 0.5842349529266357, 0.5633693933486938, 0.5888717174530029, 0.5695517659187317, 0.6182380318641663, 0.6182380318641663, 0.541731059551239, 0.5811437368392944, 0.5710973739624023, 0.5788253545761108, 0.5795981287956238, 0.5772797465324402, 0.583462119102478, 0.5811437368392944, 0.5795981287956238, 0.5888717174530029, 0.5896444916725159, 0.6043276786804199, 0.6012364625930786, 0.5958268642425537, 0.5888717174530029, 0.5865533351898193, 0.5850077271461487, 0.5123647451400757, 0.530911922454834, 0.5687789916992188, 0.5649150013923645, 0.5919629335403442, 0.5857805013656616, 0.5803709626197815, 0.5795981287956238, 0.5819165110588074, 0.5826893448829651, 0.5826893448829651, 0.5819165110588074, 0.5765069723129272, 0.5687789916992188, 0.5695517659187317, 0.5672333836555481, 0.5687789916992188, 0.5687789916992188, 0.5672333836555481, 0.5672333836555481, 0.5672333836555481, 0.5656877756118774, 0.5656877756118774, 0.5664606094360352], "all_token_val_accuracy": [0.5602782368659973, 0.5610510110855103, 0.557187020778656, 0.5842349529266357, 0.5633693933486938, 0.5888717174530029, 0.5695517659187317, 0.6182380318641663, 0.6182380318641663, 0.541731059551239, 0.5811437368392944, 0.5710973739624023, 0.5788253545761108, 0.5795981287956238, 0.5772797465324402, 0.583462119102478, 0.5811437368392944, 0.5795981287956238, 0.5888717174530029, 0.5896444916725159, 0.6043276786804199, 0.6012364625930786, 0.5958268642425537, 0.5888717174530029, 0.5865533351898193, 0.5850077271461487, 0.5123647451400757, 0.530911922454834, 0.5687789916992188, 0.5649150013923645, 0.5919629335403442, 0.5857805013656616, 0.5803709626197815, 0.5795981287956238, 0.5819165110588074, 0.5826893448829651, 0.5826893448829651, 0.5819165110588074, 0.5765069723129272, 0.5687789916992188, 0.5695517659187317, 0.5672333836555481, 0.5687789916992188, 0.5687789916992188, 0.5672333836555481, 0.5672333836555481, 0.5672333836555481, 0.5656877756118774, 0.5656877756118774, 0.5664606094360352]}}