{"scitail_b_train_0_32": {"num_of_epochs": 50, "learning_rate": 0.0005, "training_ds_fpath": "_train_0_32", "first_token_val_accuracy": [0.49845439195632935, 0.5208655595779419, 0.5564142465591431, 0.5, 0.5123647451400757, 0.5695517659187317, 0.6051004528999329, 0.6066460609436035, 0.5896444916725159, 0.629830002784729, 0.599690854549408, 0.6004636883735657, 0.5911900997161865, 0.5765069723129272, 0.6012364625930786, 0.6197836399078369, 0.6190108060836792, 0.6197836399078369, 0.625193178653717, 0.6197836399078369, 0.6074188351631165, 0.6128284335136414, 0.6159196496009827, 0.6128284335136414, 0.6120556592941284, 0.6213291883468628, 0.6190108060836792, 0.6205564141273499, 0.6190108060836792, 0.6051004528999329, 0.6352395415306091, 0.6336939930915833, 0.6344667673110962, 0.6383307576179504, 0.6375579833984375, 0.6375579833984375, 0.6375579833984375, 0.6336939930915833, 0.6344667673110962, 0.629830002784729, 0.6329211592674255, 0.6344667673110962, 0.6391035318374634, 0.6352395415306091, 0.6336939930915833, 0.5842349529266357, 0.58809894323349, 0.5687789916992188, 0.5239567160606384, 0.5927357077598572], "all_token_val_accuracy": [0.49845439195632935, 0.5208655595779419, 0.5564142465591431, 0.5, 0.5123647451400757, 0.5695517659187317, 0.6051004528999329, 0.6066460609436035, 0.5896444916725159, 0.629830002784729, 0.599690854549408, 0.6004636883735657, 0.5911900997161865, 0.5765069723129272, 0.6012364625930786, 0.6197836399078369, 0.6190108060836792, 0.6197836399078369, 0.625193178653717, 0.6197836399078369, 0.6074188351631165, 0.6128284335136414, 0.6159196496009827, 0.6128284335136414, 0.6120556592941284, 0.6213291883468628, 0.6190108060836792, 0.6205564141273499, 0.6190108060836792, 0.6051004528999329, 0.6352395415306091, 0.6336939930915833, 0.6344667673110962, 0.6383307576179504, 0.6375579833984375, 0.6375579833984375, 0.6375579833984375, 0.6336939930915833, 0.6344667673110962, 0.629830002784729, 0.6329211592674255, 0.6344667673110962, 0.6391035318374634, 0.6352395415306091, 0.6336939930915833, 0.5842349529266357, 0.58809894323349, 0.5687789916992188, 0.5239567160606384, 0.5927357077598572]}}