{"scitail_b_train_7_4": {"num_of_epochs": 20, "learning_rate": 0.0001, "training_ds_fpath": "_train_7_4", "first_token_val_accuracy": [0.0, 0.0, 0.0, 0.017774343490600586, 0.1375579535961151, 0.17233385145664215, 0.19551777839660645, 0.2797527015209198, 0.35703244805336, 0.41885626316070557, 0.4590417444705963, 0.486862450838089, 0.49304482340812683, 0.49845439195632935, 0.49845439195632935, 0.4992271959781647, 0.49613600969314575, 0.4760432839393616, 0.4374034106731415, 0.4064914882183075], "all_token_val_accuracy": [0.0, 0.0, 0.0, 0.017774343490600586, 0.1375579535961151, 0.17233385145664215, 0.19551777839660645, 0.2797527015209198, 0.35703244805336, 0.41885626316070557, 0.4590417444705963, 0.486862450838089, 0.49304482340812683, 0.49845439195632935, 0.49845439195632935, 0.4992271959781647, 0.49613600969314575, 0.4760432839393616, 0.4374034106731415, 0.4064914882183075]}}