{"scitail_b_train_0_32": {"num_of_epochs": 20, "learning_rate": 1e-05, "training_ds_fpath": "_train_0_32", "first_token_val_accuracy": [0.0, 0.0, 0.0, 0.0, 0.0, 0.0007727975025773048, 0.006182380020618439, 0.023183925077319145, 0.08268933743238449, 0.16383308172225952, 0.2333848476409912, 0.2874806821346283, 0.32998454570770264, 0.3547140657901764, 0.40803709626197815, 0.4381761848926544, 0.455950528383255, 0.47527047991752625, 0.4914992153644562, 0.49381762742996216], "all_token_val_accuracy": [0.0, 0.0, 0.0, 0.0, 0.0, 0.0007727975025773048, 0.006182380020618439, 0.023183925077319145, 0.08268933743238449, 0.16383308172225952, 0.2333848476409912, 0.2874806821346283, 0.32998454570770264, 0.3547140657901764, 0.40803709626197815, 0.4381761848926544, 0.455950528383255, 0.47527047991752625, 0.4914992153644562, 0.49381762742996216]}}