{"scitail_b_train_2_16": {"num_of_epochs": 40, "learning_rate": 0.0001, "training_ds_fpath": "_train_2_16", "first_token_val_accuracy": [0.0015455950051546097, 0.2642967402935028, 0.4126738905906677, 0.48840802907943726, 0.4891808331012726, 0.5054095983505249, 0.5038639903068542, 0.4814528524875641, 0.5162287354469299, 0.5401854515075684, 0.5355486869812012, 0.5162287354469299, 0.5401854515075684, 0.5479134321212769, 0.5332303047180176, 0.5394126772880554, 0.5463678240776062, 0.5378670692443848, 0.5355486869812012, 0.5340030789375305, 0.5455950498580933, 0.5672333836555481, 0.5672333836555481, 0.5285934805870056, 0.5494590401649475, 0.5455950498580933, 0.5378670692443848, 0.5517774224281311, 0.5564142465591431, 0.557959794998169, 0.5548686385154724, 0.5556414127349854, 0.5602782368659973, 0.5618237853050232, 0.5633693933486938, 0.5710973739624023, 0.5772797465324402, 0.5819165110588074, 0.598918080329895, 0.6058732867240906], "all_token_val_accuracy": [0.0007727975025773048, 0.2642967402935028, 0.4126738905906677, 0.48840802907943726, 0.4891808331012726, 0.5054095983505249, 0.5038639903068542, 0.4814528524875641, 0.5162287354469299, 0.5401854515075684, 0.5355486869812012, 0.5162287354469299, 0.5401854515075684, 0.5479134321212769, 0.5332303047180176, 0.5394126772880554, 0.5463678240776062, 0.5378670692443848, 0.5355486869812012, 0.5340030789375305, 0.5455950498580933, 0.5672333836555481, 0.5672333836555481, 0.5285934805870056, 0.5494590401649475, 0.5455950498580933, 0.5378670692443848, 0.5517774224281311, 0.5564142465591431, 0.557959794998169, 0.5548686385154724, 0.5556414127349854, 0.5602782368659973, 0.5618237853050232, 0.5633693933486938, 0.5710973739624023, 0.5772797465324402, 0.5819165110588074, 0.598918080329895, 0.6058732867240906]}}