{"scitail_b_train_0_4": {"num_of_epochs": 30, "learning_rate": 0.001, "training_ds_fpath": "_train_0_4", "first_token_val_accuracy": [0.4768160879611969, 0.4513137638568878, 0.5015456080436707, 0.5432766675949097, 0.5363214612007141, 0.541731059551239, 0.5618237853050232, 0.5139103531837463, 0.5340030789375305, 0.5479134321212769, 0.5239567160606384, 0.5741885900497437, 0.5958268642425537, 0.5656877756118774, 0.557187020778656, 0.5548686385154724, 0.5533230304718018, 0.5556414127349854, 0.5533230304718018, 0.5703245997428894, 0.5703245997428894, 0.5795981287956238, 0.5687789916992188, 0.5641421675682068, 0.5625966191291809, 0.5633693933486938, 0.5618237853050232, 0.5695517659187317, 0.5757341384887695, 0.5865533351898193], "all_token_val_accuracy": [0.4768160879611969, 0.4513137638568878, 0.5015456080436707, 0.5432766675949097, 0.5363214612007141, 0.541731059551239, 0.5618237853050232, 0.5139103531837463, 0.5340030789375305, 0.5479134321212769, 0.5239567160606384, 0.5741885900497437, 0.5958268642425537, 0.5656877756118774, 0.557187020778656, 0.5548686385154724, 0.5533230304718018, 0.5556414127349854, 0.5533230304718018, 0.5703245997428894, 0.5703245997428894, 0.5795981287956238, 0.5687789916992188, 0.5641421675682068, 0.5625966191291809, 0.5633693933486938, 0.5618237853050232, 0.5695517659187317, 0.5757341384887695, 0.5865533351898193]}}