{"scitail_b_train_1_32": {"num_of_epochs": 10, "learning_rate": 0.0001, "training_ds_fpath": "_train_1_32", "first_token_val_accuracy": [0.27588871121406555, 0.49613600969314575, 0.5092735886573792, 0.49072644114494324, 0.48840802907943726, 0.5054095983505249, 0.5440494418144226, 0.5301390886306763, 0.5301390886306763, 0.5695517659187317], "all_token_val_accuracy": [0.27588871121406555, 0.49613600969314575, 0.5092735886573792, 0.49072644114494324, 0.48840802907943726, 0.5054095983505249, 0.5440494418144226, 0.5301390886306763, 0.5301390886306763, 0.5695517659187317]}}