{"scitail_b_train_5_4": {"num_of_epochs": 30, "learning_rate": 0.001, "training_ds_fpath": "_train_5_4", "first_token_val_accuracy": [0.06259659677743912, 0.5, 0.5, 0.5471406579017639, 0.5, 0.5077279806137085, 0.5734157562255859, 0.5556414127349854, 0.5896444916725159, 0.5757341384887695, 0.5927357077598572, 0.5857805013656616, 0.6027820706367493, 0.5780525207519531, 0.5556414127349854, 0.6043276786804199, 0.6120556592941284, 0.5981453061103821, 0.5911900997161865, 0.5981453061103821, 0.6290571689605713, 0.6236476302146912, 0.6228747963905334, 0.6221020221710205, 0.599690854549408, 0.6051004528999329, 0.6058732867240906, 0.6004636883735657, 0.5888717174530029, 0.5819165110588074], "all_token_val_accuracy": [0.06259659677743912, 0.5, 0.5, 0.5471406579017639, 0.36166924238204956, 0.5077279806137085, 0.5734157562255859, 0.5556414127349854, 0.5896444916725159, 0.5757341384887695, 0.5927357077598572, 0.5857805013656616, 0.6027820706367493, 0.5780525207519531, 0.5556414127349854, 0.6043276786804199, 0.6120556592941284, 0.5981453061103821, 0.5911900997161865, 0.5981453061103821, 0.6290571689605713, 0.6236476302146912, 0.6228747963905334, 0.6221020221710205, 0.599690854549408, 0.6051004528999329, 0.6058732867240906, 0.6004636883735657, 0.5888717174530029, 0.5819165110588074]}}