{"scitail_b_train_3_4": {"num_of_epochs": 30, "learning_rate": 0.0001, "training_ds_fpath": "_train_3_4", "first_token_val_accuracy": [0.0, 0.0, 0.0, 0.005409582518041134, 0.05332303047180176, 0.18547140061855316, 0.26506954431533813, 0.29675424098968506, 0.33539411425590515, 0.3778979778289795, 0.40494590997695923, 0.4412674009799957, 0.4605873227119446, 0.47527047991752625, 0.48608964681625366, 0.48763522505760193, 0.4737248718738556, 0.46986088156700134, 0.46445131301879883, 0.48068004846572876, 0.4822256565093994, 0.48608964681625366, 0.48840802907943726, 0.4760432839393616, 0.4737248718738556, 0.484544038772583, 0.4891808331012726, 0.4976816177368164, 0.5007727742195129, 0.5038639903068542], "all_token_val_accuracy": [0.0, 0.0, 0.0, 0.005409582518041134, 0.05332303047180176, 0.18547140061855316, 0.26506954431533813, 0.29675424098968506, 0.33539411425590515, 0.3778979778289795, 0.40494590997695923, 0.4412674009799957, 0.4605873227119446, 0.47527047991752625, 0.48608964681625366, 0.48763522505760193, 0.4737248718738556, 0.46986088156700134, 0.46445131301879883, 0.48068004846572876, 0.4822256565093994, 0.48608964681625366, 0.48840802907943726, 0.4760432839393616, 0.4737248718738556, 0.484544038772583, 0.4891808331012726, 0.4976816177368164, 0.5007727742195129, 0.5038639903068542]}}