{"scitail_b_train_4_32": {"num_of_epochs": 20, "learning_rate": 0.001, "training_ds_fpath": "_train_4_32", "first_token_val_accuracy": [0.5, 0.49845439195632935, 0.4992271959781647, 0.5440494418144226, 0.5278207063674927, 0.5772797465324402, 0.526275098323822, 0.5741885900497437, 0.5618237853050232, 0.5703245997428894, 0.5695517659187317, 0.5695517659187317, 0.5819165110588074, 0.5865533351898193, 0.583462119102478, 0.5857805013656616, 0.5942813158035278, 0.583462119102478, 0.58809894323349, 0.5911900997161865], "all_token_val_accuracy": [0.5, 0.49845439195632935, 0.4992271959781647, 0.5440494418144226, 0.5278207063674927, 0.5772797465324402, 0.526275098323822, 0.5741885900497437, 0.5618237853050232, 0.5703245997428894, 0.5695517659187317, 0.5695517659187317, 0.5819165110588074, 0.5865533351898193, 0.583462119102478, 0.5857805013656616, 0.5942813158035278, 0.583462119102478, 0.58809894323349, 0.5911900997161865]}}