{"scitail_b_train_9_32": {"num_of_epochs": 30, "learning_rate": 1e-05, "training_ds_fpath": "_train_9_32", "first_token_val_accuracy": [0.0, 0.0, 0.0, 0.0, 0.0, 0.0, 0.0030911900103092194, 0.010046367533504963, 0.0363214835524559, 0.10046368092298508, 0.18469861149787903, 0.2542503774166107, 0.30680060386657715, 0.34544050693511963, 0.3732612133026123, 0.41344666481018066, 0.4358578026294708, 0.45672333240509033, 0.4760432839393616, 0.4891808331012726, 0.4945904314517975, 0.4953632056713104, 0.49845439195632935, 0.4992271959781647, 0.49845439195632935, 0.5007727742195129, 0.5038639903068542, 0.5, 0.48763522505760193, 0.4945904314517975], "all_token_val_accuracy": [0.0, 0.0, 0.0, 0.0, 0.0, 0.0, 0.0030911900103092194, 0.010046367533504963, 0.0363214835524559, 0.10046368092298508, 0.18469861149787903, 0.2542503774166107, 0.30680060386657715, 0.34544050693511963, 0.3732612133026123, 0.41344666481018066, 0.4358578026294708, 0.45672333240509033, 0.4760432839393616, 0.4891808331012726, 0.4945904314517975, 0.4953632056713104, 0.49845439195632935, 0.4992271959781647, 0.49845439195632935, 0.5007727742195129, 0.5038639903068542, 0.5, 0.48763522505760193, 0.4945904314517975]}}