{"scitail_b_train_6_32": {"num_of_epochs": 20, "learning_rate": 1e-05, "training_ds_fpath": "_train_6_32", "first_token_val_accuracy": [0.0, 0.0, 0.0, 0.0, 0.0, 0.0069551775231957436, 0.0440494604408741, 0.09969088435173035, 0.17310664057731628, 0.2612055540084839, 0.32534775137901306, 0.36630603671073914, 0.41035547852516174, 0.45440495014190674, 0.4814528524875641, 0.49304482340812683, 0.4953632056713104, 0.49845439195632935, 0.49845439195632935, 0.4976816177368164], "all_token_val_accuracy": [0.0, 0.0, 0.0, 0.0, 0.0, 0.0069551775231957436, 0.0440494604408741, 0.09969088435173035, 0.17310664057731628, 0.2612055540084839, 0.32534775137901306, 0.36630603671073914, 0.41035547852516174, 0.45440495014190674, 0.4814528524875641, 0.49304482340812683, 0.4953632056713104, 0.49845439195632935, 0.49845439195632935, 0.4976816177368164]}}