{"scitail_b_train_9_4": {"num_of_epochs": 40, "learning_rate": 0.001, "training_ds_fpath": "_train_9_4", "first_token_val_accuracy": [0.38176196813583374, 0.5030912160873413, 0.5170015692710876, 0.5007727742195129, 0.45517775416374207, 0.5092735886573792, 0.5115919709205627, 0.510819137096405, 0.5054095983505249, 0.5030912160873413, 0.5085007548332214, 0.4992271959781647, 0.5, 0.5046367645263672, 0.5023183822631836, 0.5170015692710876, 0.5007727742195129, 0.49304482340812683, 0.5, 0.4953632056713104, 0.5046367645263672, 0.5123647451400757, 0.5030912160873413, 0.4914992153644562, 0.4969088137149811, 0.49613600969314575, 0.48840802907943726, 0.486862450838089, 0.484544038772583, 0.4891808331012726, 0.5007727742195129, 0.5030912160873413, 0.5030912160873413, 0.5007727742195129, 0.5007727742195129, 0.5030912160873413, 0.5007727742195129, 0.5015456080436707, 0.5007727742195129, 0.5007727742195129], "all_token_val_accuracy": [0.38176196813583374, 0.5030912160873413, 0.5170015692710876, 0.5007727742195129, 0.45517775416374207, 0.5092735886573792, 0.5115919709205627, 0.510819137096405, 0.5054095983505249, 0.5030912160873413, 0.5085007548332214, 0.4992271959781647, 0.5, 0.5046367645263672, 0.5023183822631836, 0.5170015692710876, 0.5007727742195129, 0.49304482340812683, 0.5, 0.4953632056713104, 0.5046367645263672, 0.5123647451400757, 0.5030912160873413, 0.4914992153644562, 0.4969088137149811, 0.49613600969314575, 0.48840802907943726, 0.486862450838089, 0.484544038772583, 0.4891808331012726, 0.5007727742195129, 0.5030912160873413, 0.5030912160873413, 0.5007727742195129, 0.5007727742195129, 0.5030912160873413, 0.5007727742195129, 0.5015456080436707, 0.5007727742195129, 0.5007727742195129]}}