{"scitail_b_train_5_8": {"num_of_epochs": 40, "learning_rate": 0.0001, "training_ds_fpath": "_train_5_8", "first_token_val_accuracy": [0.0, 0.0015455950051546097, 0.07882534712553024, 0.2766615152359009, 0.37171560525894165, 0.4412674009799957, 0.4760432839393616, 0.49613600969314575, 0.5007727742195129, 0.5007727742195129, 0.5216383337974548, 0.5115919709205627, 0.5370942950248718, 0.5587326288223267, 0.5378670692443848, 0.5432766675949097, 0.5440494418144226, 0.5602782368659973, 0.5672333836555481, 0.5795981287956238, 0.5826893448829651, 0.5826893448829651, 0.5942813158035278, 0.6012364625930786, 0.6035548448562622, 0.614374041557312, 0.6205564141273499, 0.6074188351631165, 0.6089644432067871, 0.5942813158035278, 0.6043276786804199, 0.6166924238204956, 0.6128284335136414, 0.6205564141273499, 0.6197836399078369, 0.6190108060836792, 0.6267387866973877, 0.629830002784729, 0.598918080329895, 0.625193178653717], "all_token_val_accuracy": [0.0, 0.0015455950051546097, 0.07882534712553024, 0.2766615152359009, 0.37171560525894165, 0.4412674009799957, 0.4760432839393616, 0.49613600969314575, 0.5007727742195129, 0.5007727742195129, 0.5216383337974548, 0.5115919709205627, 0.5370942950248718, 0.5587326288223267, 0.5378670692443848, 0.5432766675949097, 0.5440494418144226, 0.5602782368659973, 0.5672333836555481, 0.5795981287956238, 0.5826893448829651, 0.5826893448829651, 0.5942813158035278, 0.6012364625930786, 0.6035548448562622, 0.614374041557312, 0.6205564141273499, 0.6074188351631165, 0.6089644432067871, 0.5942813158035278, 0.6043276786804199, 0.6166924238204956, 0.6128284335136414, 0.6205564141273499, 0.6197836399078369, 0.6190108060836792, 0.6267387866973877, 0.629830002784729, 0.598918080329895, 0.625193178653717]}}