{"scitail_b_train_1_16": {"num_of_epochs": 10, "learning_rate": 0.0001, "training_ds_fpath": "_train_1_16", "first_token_val_accuracy": [0.0007727975025773048, 0.32766616344451904, 0.4814528524875641, 0.4945904314517975, 0.5054095983505249, 0.4945904314517975, 0.5131375789642334, 0.5200927257537842, 0.5061823725700378, 0.5301390886306763], "all_token_val_accuracy": [0.0007727975025773048, 0.32766616344451904, 0.4814528524875641, 0.4945904314517975, 0.5054095983505249, 0.4945904314517975, 0.5131375789642334, 0.5200927257537842, 0.5061823725700378, 0.5301390886306763]}}