{"scitail_b_train_1_8": {"num_of_epochs": 20, "learning_rate": 0.0001, "training_ds_fpath": "_train_1_8", "first_token_val_accuracy": [0.0, 0.013910355046391487, 0.19088098406791687, 0.27820712327957153, 0.3778979778289795, 0.44899535179138184, 0.4814528524875641, 0.4945904314517975, 0.4922720193862915, 0.5085007548332214, 0.5123647451400757, 0.5247295498847961, 0.5231839418411255, 0.5239567160606384, 0.5278207063674927, 0.5432766675949097, 0.5687789916992188, 0.5703245997428894, 0.541731059551239, 0.5479134321212769], "all_token_val_accuracy": [0.0, 0.013910355046391487, 0.19088098406791687, 0.27820712327957153, 0.3778979778289795, 0.44899535179138184, 0.4814528524875641, 0.4945904314517975, 0.4922720193862915, 0.5085007548332214, 0.5123647451400757, 0.5247295498847961, 0.5231839418411255, 0.5239567160606384, 0.5278207063674927, 0.5432766675949097, 0.5687789916992188, 0.5703245997428894, 0.541731059551239, 0.5479134321212769]}}