{"scitail_b_train_9_8": {"num_of_epochs": 20, "learning_rate": 0.0001, "training_ds_fpath": "_train_9_8", "first_token_val_accuracy": [0.0, 0.05100463703274727, 0.21638330817222595, 0.29443585872650146, 0.372488409280777, 0.44435858726501465, 0.4744976758956909, 0.48068004846572876, 0.4435857832431793, 0.486862450838089, 0.4976816177368164, 0.49613600969314575, 0.48840802907943726, 0.471406489610672, 0.4822256565093994, 0.4814528524875641, 0.48531684279441833, 0.4799072742462158, 0.4799072742462158, 0.4976816177368164], "all_token_val_accuracy": [0.0, 0.05023184046149254, 0.21638330817222595, 0.29443585872650146, 0.372488409280777, 0.44435858726501465, 0.4744976758956909, 0.48068004846572876, 0.4435857832431793, 0.486862450838089, 0.4976816177368164, 0.49613600969314575, 0.48840802907943726, 0.471406489610672, 0.4822256565093994, 0.4814528524875641, 0.48531684279441833, 0.4799072742462158, 0.4799072742462158, 0.4976816177368164]}}