{"scitail_b_train_9_4": {"num_of_epochs": 10, "learning_rate": 0.001, "training_ds_fpath": "_train_9_4", "first_token_val_accuracy": [0.46213293075561523, 0.5, 0.4605873227119446, 0.4605873227119446, 0.486862450838089, 0.4969088137149811, 0.49845439195632935, 0.48299846053123474, 0.4799072742462158, 0.4822256565093994], "all_token_val_accuracy": [0.46213293075561523, 0.5, 0.4605873227119446, 0.4605873227119446, 0.486862450838089, 0.4969088137149811, 0.49845439195632935, 0.48299846053123474, 0.4799072742462158, 0.4822256565093994]}}