{"scitail_b_train_7_32": {"num_of_epochs": 5, "learning_rate": 0.001, "training_ds_fpath": "_train_7_32", "first_token_val_accuracy": [0.5146831274032593, 0.5301390886306763, 0.530911922454834, 0.5, 0.4953632056713104], "all_token_val_accuracy": [0.5146831274032593, 0.5301390886306763, 0.530911922454834, 0.5, 0.4953632056713104]}}