{"scitail_b_train_5_8": {"num_of_epochs": 20, "learning_rate": 0.001, "training_ds_fpath": "_train_5_8", "first_token_val_accuracy": [0.4613601267337799, 0.5224111080169678, 0.5533230304718018, 0.568006157875061, 0.5355486869812012, 0.5950540900230408, 0.6066460609436035, 0.568006157875061, 0.572642982006073, 0.6004636883735657, 0.5772797465324402, 0.5610510110855103, 0.5718701481819153, 0.5865533351898193, 0.5942813158035278, 0.5981453061103821, 0.5919629335403442, 0.58809894323349, 0.5958268642425537, 0.5927357077598572], "all_token_val_accuracy": [0.4613601267337799, 0.5224111080169678, 0.5533230304718018, 0.568006157875061, 0.5355486869812012, 0.5950540900230408, 0.6066460609436035, 0.568006157875061, 0.572642982006073, 0.6004636883735657, 0.5772797465324402, 0.5610510110855103, 0.5718701481819153, 0.5865533351898193, 0.5942813158035278, 0.5981453061103821, 0.5919629335403442, 0.58809894323349, 0.5958268642425537, 0.5927357077598572]}}