{"scitail_b_train_4_8": {"num_of_epochs": 50, "learning_rate": 1e-05, "training_ds_fpath": "_train_4_8", "first_token_val_accuracy": [0.0, 0.0, 0.0, 0.0, 0.0, 0.0, 0.0, 0.0, 0.0, 0.0, 0.0, 0.0, 0.0, 0.0, 0.0, 0.0, 0.0, 0.0, 0.0, 0.0, 0.0, 0.0, 0.0, 0.0, 0.0007727975025773048, 0.0023183925077319145, 0.003863987745717168, 0.004636785015463829, 0.006182380020618439, 0.010819165036082268, 0.017774343490600586, 0.023956723511219025, 0.030139103531837463, 0.03554868698120117, 0.04559505358338356, 0.06646058708429337, 0.09196290373802185, 0.10819165408611298, 0.12287480384111404, 0.14605873823165894, 0.17001545429229736, 0.19783616065979004, 0.22102008759975433, 0.2434312254190445, 0.2666151523590088, 0.28361669182777405, 0.30216383934020996, 0.31221020221710205, 0.32534775137901306, 0.3338485360145569], "all_token_val_accuracy": [0.0, 0.0, 0.0, 0.0, 0.0, 0.0, 0.0, 0.0, 0.0, 0.0, 0.0, 0.0, 0.0, 0.0, 0.0, 0.0, 0.0, 0.0, 0.0, 0.0, 0.0, 0.0, 0.0, 0.0, 0.0007727975025773048, 0.0023183925077319145, 0.003863987745717168, 0.004636785015463829, 0.006182380020618439, 0.010819165036082268, 0.017774343490600586, 0.023956723511219025, 0.030139103531837463, 0.03554868698120117, 0.04559505358338356, 0.06646058708429337, 0.09196290373802185, 0.10819165408611298, 0.12287480384111404, 0.14605873823165894, 0.17001545429229736, 0.19783616065979004, 0.22102008759975433, 0.2434312254190445, 0.2666151523590088, 0.28361669182777405, 0.30216383934020996, 0.31221020221710205, 0.32534775137901306, 0.3338485360145569]}}