{"scitail_b_train_5_4": {"num_of_epochs": 20, "learning_rate": 0.001, "training_ds_fpath": "_train_5_4", "first_token_val_accuracy": [0.3670788109302521, 0.48608964681625366, 0.5, 0.4891808331012726, 0.49613600969314575, 0.510819137096405, 0.5208655595779419, 0.5100463628768921, 0.4992271959781647, 0.49613600969314575, 0.4969088137149811, 0.484544038772583, 0.484544038772583, 0.48068004846572876, 0.48068004846572876, 0.4822256565093994, 0.49072644114494324, 0.4914992153644562, 0.49613600969314575, 0.49072644114494324], "all_token_val_accuracy": [0.3670788109302521, 0.48608964681625366, 0.5, 0.4891808331012726, 0.49613600969314575, 0.510819137096405, 0.5208655595779419, 0.5100463628768921, 0.4992271959781647, 0.49613600969314575, 0.4969088137149811, 0.484544038772583, 0.484544038772583, 0.48068004846572876, 0.48068004846572876, 0.4822256565093994, 0.49072644114494324, 0.4914992153644562, 0.49613600969314575, 0.49072644114494324]}}