{"scitail_b_train_8_16": {"num_of_epochs": 40, "learning_rate": 0.0001, "training_ds_fpath": "_train_8_16", "first_token_val_accuracy": [0.027820710092782974, 0.3083462119102478, 0.45440495014190674, 0.4976816177368164, 0.5, 0.4922720193862915, 0.5386399030685425, 0.5270479321479797, 0.5440494418144226, 0.5850077271461487, 0.5401854515075684, 0.5448222756385803, 0.5664606094360352, 0.541731059551239, 0.5610510110855103, 0.5757341384887695, 0.5757341384887695, 0.5803709626197815, 0.5873261094093323, 0.5888717174530029, 0.5981453061103821, 0.5896444916725159, 0.5942813158035278, 0.5850077271461487, 0.5981453061103821, 0.583462119102478, 0.6066460609436035, 0.58809894323349, 0.5927357077598572, 0.5950540900230408, 0.5888717174530029, 0.6058732867240906, 0.6035548448562622, 0.5904173254966736, 0.6097372770309448, 0.6058732867240906, 0.583462119102478, 0.5741885900497437, 0.6058732867240906, 0.5718701481819153], "all_token_val_accuracy": [0.027047913521528244, 0.3083462119102478, 0.45440495014190674, 0.4976816177368164, 0.5, 0.4922720193862915, 0.5386399030685425, 0.5270479321479797, 0.5440494418144226, 0.5850077271461487, 0.5401854515075684, 0.5448222756385803, 0.5664606094360352, 0.541731059551239, 0.5610510110855103, 0.5757341384887695, 0.5757341384887695, 0.5803709626197815, 0.5873261094093323, 0.5888717174530029, 0.5981453061103821, 0.5896444916725159, 0.5942813158035278, 0.5850077271461487, 0.5981453061103821, 0.583462119102478, 0.6066460609436035, 0.58809894323349, 0.5927357077598572, 0.5950540900230408, 0.5888717174530029, 0.6058732867240906, 0.6035548448562622, 0.5904173254966736, 0.6097372770309448, 0.6058732867240906, 0.583462119102478, 0.5741885900497437, 0.6058732867240906, 0.5718701481819153]}}