{"scitail_b_train_9_8": {"num_of_epochs": 30, "learning_rate": 0.0005, "training_ds_fpath": "_train_9_8", "first_token_val_accuracy": [0.343894898891449, 0.49381762742996216, 0.4976816177368164, 0.45981451869010925, 0.49613600969314575, 0.48068004846572876, 0.5038639903068542, 0.4891808331012726, 0.5085007548332214, 0.5208655595779419, 0.5100463628768921, 0.5386399030685425, 0.5077279806137085, 0.5185471177101135, 0.5363214612007141, 0.5340030789375305, 0.5432766675949097, 0.5270479321479797, 0.5162287354469299, 0.5177743434906006, 0.5216383337974548, 0.526275098323822, 0.5224111080169678, 0.5231839418411255, 0.5231839418411255, 0.5193199515342712, 0.5224111080169678, 0.5231839418411255, 0.5216383337974548, 0.5193199515342712], "all_token_val_accuracy": [0.343894898891449, 0.49381762742996216, 0.4976816177368164, 0.45981451869010925, 0.49613600969314575, 0.48068004846572876, 0.5038639903068542, 0.4891808331012726, 0.5085007548332214, 0.5208655595779419, 0.5100463628768921, 0.5386399030685425, 0.5077279806137085, 0.5185471177101135, 0.5363214612007141, 0.5340030789375305, 0.5432766675949097, 0.5270479321479797, 0.5162287354469299, 0.5177743434906006, 0.5216383337974548, 0.526275098323822, 0.5224111080169678, 0.5231839418411255, 0.5231839418411255, 0.5193199515342712, 0.5224111080169678, 0.5231839418411255, 0.5216383337974548, 0.5193199515342712]}}