{"scitail_b_train_3_4": {"num_of_epochs": 5, "learning_rate": 0.001, "training_ds_fpath": "_train_3_4", "first_token_val_accuracy": [0.37403401732444763, 0.4891808331012726, 0.5038639903068542, 0.5023183822631836, 0.49613600969314575], "all_token_val_accuracy": [0.37403401732444763, 0.4891808331012726, 0.5038639903068542, 0.5023183822631836, 0.49613600969314575]}}