{"scitail_b_train_0_4": {"num_of_epochs": 40, "learning_rate": 0.0001, "training_ds_fpath": "_train_0_4", "first_token_val_accuracy": [0.0, 0.0, 0.0, 0.0007727975025773048, 0.0007727975025773048, 0.016228748485445976, 0.14142194390296936, 0.34621328115463257, 0.40494590997695923, 0.442812979221344, 0.4613601267337799, 0.48068004846572876, 0.49381762742996216, 0.4969088137149811, 0.4992271959781647, 0.5, 0.5, 0.4992271959781647, 0.4914992153644562, 0.4969088137149811, 0.5092735886573792, 0.510819137096405, 0.5054095983505249, 0.5023183822631836, 0.5030912160873413, 0.5054095983505249, 0.5077279806137085, 0.5100463628768921, 0.5115919709205627, 0.515455961227417, 0.5146831274032593, 0.515455961227417, 0.5131375789642334, 0.5139103531837463, 0.515455961227417, 0.5224111080169678, 0.5247295498847961, 0.5340030789375305, 0.5370942950248718, 0.5340030789375305], "all_token_val_accuracy": [0.0, 0.0, 0.0, 0.0007727975025773048, 0.0007727975025773048, 0.016228748485445976, 0.14142194390296936, 0.34621328115463257, 0.40494590997695923, 0.442812979221344, 0.4613601267337799, 0.48068004846572876, 0.49381762742996216, 0.4969088137149811, 0.4992271959781647, 0.5, 0.5, 0.4992271959781647, 0.4914992153644562, 0.4969088137149811, 0.5092735886573792, 0.510819137096405, 0.5054095983505249, 0.5023183822631836, 0.5030912160873413, 0.5054095983505249, 0.5077279806137085, 0.5100463628768921, 0.5115919709205627, 0.515455961227417, 0.5146831274032593, 0.515455961227417, 0.5131375789642334, 0.5139103531837463, 0.515455961227417, 0.5224111080169678, 0.5247295498847961, 0.5340030789375305, 0.5370942950248718, 0.5340030789375305]}}