{"scitail_b_train_7_8": {"num_of_epochs": 40, "learning_rate": 0.0001, "training_ds_fpath": "_train_7_8", "first_token_val_accuracy": [0.0, 0.0007727975025773048, 0.1190108209848404, 0.2411128282546997, 0.33771252632141113, 0.4513137638568878, 0.49072644114494324, 0.4945904314517975, 0.442812979221344, 0.5085007548332214, 0.5015456080436707, 0.5208655595779419, 0.5255023241043091, 0.5115919709205627, 0.5046367645263672, 0.5355486869812012, 0.5510046482086182, 0.5502318143844604, 0.5525502562522888, 0.5564142465591431, 0.5525502562522888, 0.5540958046913147, 0.5540958046913147, 0.5510046482086182, 0.5463678240776062, 0.5556414127349854, 0.5479134321212769, 0.5440494418144226, 0.5479134321212769, 0.5502318143844604, 0.557959794998169, 0.5602782368659973, 0.5687789916992188, 0.572642982006073, 0.568006157875061, 0.5641421675682068, 0.5602782368659973, 0.5641421675682068, 0.568006157875061, 0.5749613642692566], "all_token_val_accuracy": [0.0, 0.0007727975025773048, 0.1190108209848404, 0.2411128282546997, 0.33771252632141113, 0.4513137638568878, 0.49072644114494324, 0.4945904314517975, 0.442812979221344, 0.5085007548332214, 0.5015456080436707, 0.5208655595779419, 0.5255023241043091, 0.5115919709205627, 0.5046367645263672, 0.5355486869812012, 0.5510046482086182, 0.5502318143844604, 0.5525502562522888, 0.5564142465591431, 0.5525502562522888, 0.5540958046913147, 0.5540958046913147, 0.5510046482086182, 0.5463678240776062, 0.5556414127349854, 0.5479134321212769, 0.5440494418144226, 0.5479134321212769, 0.5502318143844604, 0.557959794998169, 0.5602782368659973, 0.5687789916992188, 0.572642982006073, 0.568006157875061, 0.5641421675682068, 0.5602782368659973, 0.5641421675682068, 0.568006157875061, 0.5749613642692566]}}