{"scitail_b_train_7_4": {"num_of_epochs": 50, "learning_rate": 0.0005, "training_ds_fpath": "_train_7_4", "first_token_val_accuracy": [0.012364760041236877, 0.3037094175815582, 0.3624420464038849, 0.4250386357307434, 0.4814528524875641, 0.5061823725700378, 0.49613600969314575, 0.5208655595779419, 0.5370942950248718, 0.530911922454834, 0.5270479321479797, 0.5525502562522888, 0.5502318143844604, 0.5479134321212769, 0.5448222756385803, 0.5432766675949097, 0.5340030789375305, 0.530911922454834, 0.5370942950248718, 0.5370942950248718, 0.5355486869812012, 0.5370942950248718, 0.526275098323822, 0.5007727742195129, 0.4953632056713104, 0.48763522505760193, 0.48068004846572876, 0.4969088137149811, 0.5054095983505249, 0.5015456080436707, 0.4992271959781647, 0.4969088137149811, 0.5061823725700378, 0.510819137096405, 0.5092735886573792, 0.5085007548332214, 0.5100463628768921, 0.5100463628768921, 0.5115919709205627, 0.5162287354469299, 0.5092735886573792, 0.5015456080436707, 0.4976816177368164, 0.4992271959781647, 0.4992271959781647, 0.4976816177368164, 0.4945904314517975, 0.5007727742195129, 0.4945904314517975, 0.49845439195632935], "all_token_val_accuracy": [0.010819165036082268, 0.3037094175815582, 0.3624420464038849, 0.4250386357307434, 0.4814528524875641, 0.5061823725700378, 0.49613600969314575, 0.5208655595779419, 0.5370942950248718, 0.530911922454834, 0.5270479321479797, 0.5525502562522888, 0.5502318143844604, 0.5479134321212769, 0.5448222756385803, 0.5432766675949097, 0.5340030789375305, 0.530911922454834, 0.5370942950248718, 0.5370942950248718, 0.5355486869812012, 0.5370942950248718, 0.526275098323822, 0.5007727742195129, 0.4953632056713104, 0.48763522505760193, 0.48068004846572876, 0.4969088137149811, 0.5054095983505249, 0.5015456080436707, 0.4992271959781647, 0.4969088137149811, 0.5061823725700378, 0.510819137096405, 0.5092735886573792, 0.5085007548332214, 0.5100463628768921, 0.5100463628768921, 0.5115919709205627, 0.5162287354469299, 0.5092735886573792, 0.5015456080436707, 0.4976816177368164, 0.4992271959781647, 0.4992271959781647, 0.4976816177368164, 0.4945904314517975, 0.5007727742195129, 0.4945904314517975, 0.49845439195632935]}}