{"scitail_b_train_7_32": {"num_of_epochs": 20, "learning_rate": 0.001, "training_ds_fpath": "_train_7_32", "first_token_val_accuracy": [0.4992271959781647, 0.5255023241043091, 0.5200927257537842, 0.5293663144111633, 0.5224111080169678, 0.5540958046913147, 0.5517774224281311, 0.5, 0.5030912160873413, 0.5370942950248718, 0.5185471177101135, 0.5239567160606384, 0.5301390886306763, 0.5386399030685425, 0.4976816177368164, 0.5100463628768921, 0.5177743434906006, 0.4899536371231079, 0.5046367645263672, 0.515455961227417], "all_token_val_accuracy": [0.4992271959781647, 0.5255023241043091, 0.5200927257537842, 0.5293663144111633, 0.5224111080169678, 0.5540958046913147, 0.5517774224281311, 0.5, 0.5030912160873413, 0.5370942950248718, 0.5185471177101135, 0.5239567160606384, 0.5301390886306763, 0.5386399030685425, 0.4976816177368164, 0.5100463628768921, 0.5177743434906006, 0.4899536371231079, 0.5046367645263672, 0.515455961227417]}}