{"scitail_b_train_5_4": {"num_of_epochs": 30, "learning_rate": 0.0005, "training_ds_fpath": "_train_5_4", "first_token_val_accuracy": [0.0023183925077319145, 0.49072644114494324, 0.49381762742996216, 0.5, 0.5, 0.5054095983505249, 0.5054095983505249, 0.48840802907943726, 0.4945904314517975, 0.49381762742996216, 0.5324574708938599, 0.5231839418411255, 0.5170015692710876, 0.5216383337974548, 0.5270479321479797, 0.5255023241043091, 0.5316846966743469, 0.530911922454834, 0.526275098323822, 0.5208655595779419, 0.5208655595779419, 0.5231839418411255, 0.5347759127616882, 0.5285934805870056, 0.526275098323822, 0.5316846966743469, 0.5316846966743469, 0.5316846966743469, 0.5332303047180176, 0.5324574708938599], "all_token_val_accuracy": [0.0023183925077319145, 0.49072644114494324, 0.49381762742996216, 0.5, 0.5, 0.5054095983505249, 0.5054095983505249, 0.48840802907943726, 0.4945904314517975, 0.49381762742996216, 0.5324574708938599, 0.5231839418411255, 0.5170015692710876, 0.5216383337974548, 0.5270479321479797, 0.5255023241043091, 0.5316846966743469, 0.530911922454834, 0.526275098323822, 0.5208655595779419, 0.5208655595779419, 0.5231839418411255, 0.5347759127616882, 0.5285934805870056, 0.526275098323822, 0.5316846966743469, 0.5316846966743469, 0.5316846966743469, 0.5332303047180176, 0.5324574708938599]}}