{"scitail_b_train_4_32": {"num_of_epochs": 10, "learning_rate": 0.0005, "training_ds_fpath": "_train_4_32", "first_token_val_accuracy": [0.5, 0.5, 0.5, 0.5, 0.5208655595779419, 0.5386399030685425, 0.572642982006073, 0.5741885900497437, 0.5950540900230408, 0.5595054030418396], "all_token_val_accuracy": [0.5, 0.5, 0.5, 0.5, 0.5208655595779419, 0.5386399030685425, 0.572642982006073, 0.5741885900497437, 0.5950540900230408, 0.5595054030418396]}}