{"scitail_b_train_7_4": {"num_of_epochs": 50, "learning_rate": 0.001, "training_ds_fpath": "_train_7_4", "first_token_val_accuracy": [0.4126738905906677, 0.4064914882183075, 0.5, 0.4899536371231079, 0.4953632056713104, 0.48531684279441833, 0.484544038772583, 0.4737248718738556, 0.4690881073474884, 0.44899535179138184, 0.42349305748939514, 0.4219474494457245, 0.429675430059433, 0.43353942036628723, 0.4350849986076355, 0.442812979221344, 0.4404945969581604, 0.4381761848926544, 0.4412674009799957, 0.4435857832431793, 0.4397217929363251, 0.44667696952819824, 0.4459041655063629, 0.4381761848926544, 0.43353942036628723, 0.4374034106731415, 0.4358578026294708, 0.442812979221344, 0.4435857832431793, 0.442812979221344, 0.44204017519950867, 0.4412674009799957, 0.44204017519950867, 0.44204017519950867, 0.44204017519950867, 0.44204017519950867, 0.44204017519950867, 0.44204017519950867, 0.44204017519950867, 0.44204017519950867, 0.4459041655063629, 0.4459041655063629, 0.4404945969581604, 0.43894898891448975, 0.4374034106731415, 0.43894898891448975, 0.43894898891448975, 0.4404945969581604, 0.4412674009799957, 0.442812979221344], "all_token_val_accuracy": [0.4126738905906677, 0.4064914882183075, 0.5, 0.4899536371231079, 0.4953632056713104, 0.48531684279441833, 0.484544038772583, 0.4737248718738556, 0.4690881073474884, 0.44899535179138184, 0.42349305748939514, 0.4219474494457245, 0.429675430059433, 0.43353942036628723, 0.4350849986076355, 0.442812979221344, 0.4404945969581604, 0.4381761848926544, 0.4412674009799957, 0.4435857832431793, 0.4397217929363251, 0.44667696952819824, 0.4459041655063629, 0.4381761848926544, 0.43353942036628723, 0.4374034106731415, 0.4358578026294708, 0.442812979221344, 0.4435857832431793, 0.442812979221344, 0.44204017519950867, 0.4412674009799957, 0.44204017519950867, 0.44204017519950867, 0.44204017519950867, 0.44204017519950867, 0.44204017519950867, 0.44204017519950867, 0.44204017519950867, 0.44204017519950867, 0.4459041655063629, 0.4459041655063629, 0.4404945969581604, 0.43894898891448975, 0.4374034106731415, 0.43894898891448975, 0.43894898891448975, 0.4404945969581604, 0.4412674009799957, 0.442812979221344]}}