{"scitail_b_train_2_4": {"num_of_epochs": 40, "learning_rate": 0.0001, "training_ds_fpath": "_train_2_4", "first_token_val_accuracy": [0.0, 0.0, 0.0, 0.0007727975025773048, 0.018547140061855316, 0.20788253843784332, 0.2905718684196472, 0.2959814667701721, 0.33307573199272156, 0.3918083608150482, 0.4459041655063629, 0.46754249930381775, 0.48531684279441833, 0.49304482340812683, 0.4953632056713104, 0.4953632056713104, 0.486862450838089, 0.4891808331012726, 0.48068004846572876, 0.4659969210624695, 0.4760432839393616, 0.47836166620254517, 0.48299846053123474, 0.46986088156700134, 0.4760432839393616, 0.48299846053123474, 0.49613600969314575, 0.4914992153644562, 0.49072644114494324, 0.4922720193862915, 0.48531684279441833, 0.486862450838089, 0.486862450838089, 0.49072644114494324, 0.4922720193862915, 0.4922720193862915, 0.49304482340812683, 0.49613600969314575, 0.4953632056713104, 0.49304482340812683], "all_token_val_accuracy": [0.0, 0.0, 0.0, 0.0007727975025773048, 0.018547140061855316, 0.20788253843784332, 0.2905718684196472, 0.2959814667701721, 0.33307573199272156, 0.3918083608150482, 0.4459041655063629, 0.46754249930381775, 0.48531684279441833, 0.49304482340812683, 0.4953632056713104, 0.4953632056713104, 0.486862450838089, 0.4891808331012726, 0.48068004846572876, 0.4659969210624695, 0.4760432839393616, 0.47836166620254517, 0.48299846053123474, 0.46986088156700134, 0.4760432839393616, 0.48299846053123474, 0.49613600969314575, 0.4914992153644562, 0.49072644114494324, 0.4922720193862915, 0.48531684279441833, 0.486862450838089, 0.486862450838089, 0.49072644114494324, 0.4922720193862915, 0.4922720193862915, 0.49304482340812683, 0.49613600969314575, 0.4953632056713104, 0.49304482340812683]}}