{"scitail_b_train_8_8": {"num_of_epochs": 50, "learning_rate": 0.0005, "training_ds_fpath": "_train_8_8", "first_token_val_accuracy": [0.07959814369678497, 0.37480679154396057, 0.5, 0.49613600969314575, 0.4922720193862915, 0.5038639903068542, 0.5077279806137085, 0.5463678240776062, 0.5224111080169678, 0.526275098323822, 0.5448222756385803, 0.5850077271461487, 0.5448222756385803, 0.5664606094360352, 0.5656877756118774, 0.5741885900497437, 0.5772797465324402, 0.5811437368392944, 0.5749613642692566, 0.5718701481819153, 0.5741885900497437, 0.5795981287956238, 0.5795981287956238, 0.5772797465324402, 0.5703245997428894, 0.5672333836555481, 0.568006157875061, 0.568006157875061, 0.5765069723129272, 0.5819165110588074, 0.583462119102478, 0.5888717174530029, 0.5919629335403442, 0.5958268642425537, 0.5965996980667114, 0.5950540900230408, 0.5958268642425537, 0.5965996980667114, 0.5965996980667114, 0.598918080329895, 0.5958268642425537, 0.5942813158035278, 0.5958268642425537, 0.5958268642425537, 0.5958268642425537, 0.5981453061103821, 0.598918080329895, 0.599690854549408, 0.6020092964172363, 0.6074188351631165], "all_token_val_accuracy": [0.07959814369678497, 0.37480679154396057, 0.5, 0.49613600969314575, 0.4922720193862915, 0.5038639903068542, 0.5077279806137085, 0.5463678240776062, 0.5224111080169678, 0.526275098323822, 0.5448222756385803, 0.5850077271461487, 0.5448222756385803, 0.5664606094360352, 0.5656877756118774, 0.5741885900497437, 0.5772797465324402, 0.5811437368392944, 0.5749613642692566, 0.5718701481819153, 0.5741885900497437, 0.5795981287956238, 0.5795981287956238, 0.5772797465324402, 0.5703245997428894, 0.5672333836555481, 0.568006157875061, 0.568006157875061, 0.5765069723129272, 0.5819165110588074, 0.583462119102478, 0.5888717174530029, 0.5919629335403442, 0.5958268642425537, 0.5965996980667114, 0.5950540900230408, 0.5958268642425537, 0.5965996980667114, 0.5965996980667114, 0.598918080329895, 0.5958268642425537, 0.5942813158035278, 0.5958268642425537, 0.5958268642425537, 0.5958268642425537, 0.5981453061103821, 0.598918080329895, 0.599690854549408, 0.6020092964172363, 0.6074188351631165]}}