{"scitail_b_train_0_8": {"num_of_epochs": 10, "learning_rate": 0.0005, "training_ds_fpath": "_train_0_8", "first_token_val_accuracy": [0.48531684279441833, 0.5, 0.5, 0.5, 0.4992271959781647, 0.484544038772583, 0.48608964681625366, 0.5193199515342712, 0.5085007548332214, 0.541731059551239], "all_token_val_accuracy": [0.48531684279441833, 0.5, 0.5, 0.5, 0.4992271959781647, 0.484544038772583, 0.48608964681625366, 0.5193199515342712, 0.5085007548332214, 0.541731059551239]}}