{"scitail_b_train_2_8": {"num_of_epochs": 40, "learning_rate": 1e-05, "training_ds_fpath": "_train_2_8", "first_token_val_accuracy": [0.0, 0.0, 0.0, 0.0, 0.0, 0.0, 0.0, 0.0, 0.0, 0.0, 0.0, 0.0, 0.0, 0.0, 0.0, 0.0, 0.0, 0.0, 0.0, 0.0, 0.0, 0.0, 0.0, 0.0, 0.0, 0.0, 0.0015455950051546097, 0.0023183925077319145, 0.003863987745717168, 0.004636785015463829, 0.006182380020618439, 0.014683152548968792, 0.020865533500909805, 0.023183925077319145, 0.029366305097937584, 0.03477589040994644, 0.04327666014432907, 0.05409582704305649, 0.06027820706367493, 0.0726429671049118], "all_token_val_accuracy": [0.0, 0.0, 0.0, 0.0, 0.0, 0.0, 0.0, 0.0, 0.0, 0.0, 0.0, 0.0, 0.0, 0.0, 0.0, 0.0, 0.0, 0.0, 0.0, 0.0, 0.0, 0.0, 0.0, 0.0, 0.0, 0.0, 0.0015455950051546097, 0.0023183925077319145, 0.003863987745717168, 0.004636785015463829, 0.006182380020618439, 0.013910355046391487, 0.020092735067009926, 0.022411128506064415, 0.028593508526682854, 0.03477589040994644, 0.04327666014432907, 0.05409582704305649, 0.06027820706367493, 0.0726429671049118]}}