{"scitail_b_train_1_4": {"num_of_epochs": 30, "learning_rate": 0.0001, "training_ds_fpath": "_train_1_4", "first_token_val_accuracy": [0.0, 0.0, 0.0007727975025773048, 0.0007727975025773048, 0.06414219737052917, 0.19319938123226166, 0.2279752641916275, 0.27357032895088196, 0.3183925747871399, 0.3755795955657959, 0.42040184140205383, 0.4613601267337799, 0.484544038772583, 0.4899536371231079, 0.48608964681625366, 0.4899536371231079, 0.46754249930381775, 0.48531684279441833, 0.5038639903068542, 0.5170015692710876, 0.5208655595779419, 0.510819137096405, 0.5046367645263672, 0.49304482340812683, 0.49304482340812683, 0.4799072742462158, 0.4760432839393616, 0.47836166620254517, 0.4760432839393616, 0.4737248718738556], "all_token_val_accuracy": [0.0, 0.0, 0.0007727975025773048, 0.0007727975025773048, 0.06414219737052917, 0.19319938123226166, 0.2279752641916275, 0.27357032895088196, 0.3183925747871399, 0.3755795955657959, 0.42040184140205383, 0.4613601267337799, 0.484544038772583, 0.4899536371231079, 0.48608964681625366, 0.4899536371231079, 0.46754249930381775, 0.48531684279441833, 0.5038639903068542, 0.5170015692710876, 0.5208655595779419, 0.510819137096405, 0.5046367645263672, 0.49304482340812683, 0.49304482340812683, 0.4799072742462158, 0.4760432839393616, 0.47836166620254517, 0.4760432839393616, 0.4737248718738556]}}