{"scitail_b_train_7_4": {"num_of_epochs": 20, "learning_rate": 0.0005, "training_ds_fpath": "_train_7_4", "first_token_val_accuracy": [0.0, 0.38717156648635864, 0.48840802907943726, 0.4953632056713104, 0.46522411704063416, 0.4605873227119446, 0.4799072742462158, 0.46754249930381775, 0.4667696952819824, 0.4605873227119446, 0.471406489610672, 0.47063368558883667, 0.4690881073474884, 0.4613601267337799, 0.4636785089969635, 0.4667696952819824, 0.4659969210624695, 0.4659969210624695, 0.4636785089969635, 0.46522411704063416], "all_token_val_accuracy": [0.0, 0.38717156648635864, 0.48840802907943726, 0.4953632056713104, 0.46522411704063416, 0.4605873227119446, 0.4799072742462158, 0.46754249930381775, 0.4667696952819824, 0.4605873227119446, 0.471406489610672, 0.47063368558883667, 0.4690881073474884, 0.4613601267337799, 0.4636785089969635, 0.4667696952819824, 0.4659969210624695, 0.4659969210624695, 0.4636785089969635, 0.46522411704063416]}}