{"scitail_b_train_8_16": {"num_of_epochs": 40, "learning_rate": 0.0005, "training_ds_fpath": "_train_8_16", "first_token_val_accuracy": [0.5, 0.5077279806137085, 0.5023183822631836, 0.5347759127616882, 0.5115919709205627, 0.5401854515075684, 0.541731059551239, 0.5502318143844604, 0.5486862659454346, 0.557959794998169, 0.5401854515075684, 0.5641421675682068, 0.568006157875061, 0.5455950498580933, 0.557959794998169, 0.5780525207519531, 0.5819165110588074, 0.5672333836555481, 0.5633693933486938, 0.5803709626197815, 0.5703245997428894, 0.5911900997161865, 0.5548686385154724, 0.5656877756118774, 0.5803709626197815, 0.5819165110588074, 0.5780525207519531, 0.5857805013656616, 0.5656877756118774, 0.5649150013923645, 0.5795981287956238, 0.5819165110588074, 0.5788253545761108, 0.5826893448829651, 0.5795981287956238, 0.5819165110588074, 0.5819165110588074, 0.5811437368392944, 0.5795981287956238, 0.5811437368392944], "all_token_val_accuracy": [0.5, 0.5077279806137085, 0.5023183822631836, 0.5347759127616882, 0.5115919709205627, 0.5401854515075684, 0.541731059551239, 0.5502318143844604, 0.5486862659454346, 0.557959794998169, 0.5401854515075684, 0.5641421675682068, 0.568006157875061, 0.5455950498580933, 0.557959794998169, 0.5780525207519531, 0.5819165110588074, 0.5672333836555481, 0.5633693933486938, 0.5803709626197815, 0.5703245997428894, 0.5911900997161865, 0.5548686385154724, 0.5656877756118774, 0.5803709626197815, 0.5819165110588074, 0.5780525207519531, 0.5857805013656616, 0.5656877756118774, 0.5649150013923645, 0.5795981287956238, 0.5819165110588074, 0.5788253545761108, 0.5826893448829651, 0.5795981287956238, 0.5819165110588074, 0.5819165110588074, 0.5811437368392944, 0.5795981287956238, 0.5811437368392944]}}