{"scitail_b_train_3_4": {"num_of_epochs": 40, "learning_rate": 0.0005, "training_ds_fpath": "_train_3_4", "first_token_val_accuracy": [0.2666151523590088, 0.47295209765434265, 0.48840802907943726, 0.49072644114494324, 0.49845439195632935, 0.49304482340812683, 0.5007727742195129, 0.49845439195632935, 0.49304482340812683, 0.49381762742996216, 0.49613600969314575, 0.4822256565093994, 0.48068004846572876, 0.48068004846572876, 0.5015456080436707, 0.4992271959781647, 0.5085007548332214, 0.5069552063941956, 0.5054095983505249, 0.5085007548332214, 0.5046367645263672, 0.5, 0.5046367645263672, 0.5285934805870056, 0.5270479321479797, 0.5278207063674927, 0.526275098323822, 0.5278207063674927, 0.5316846966743469, 0.530911922454834, 0.5278207063674927, 0.5324574708938599, 0.5285934805870056, 0.5247295498847961, 0.5170015692710876, 0.5131375789642334, 0.5139103531837463, 0.515455961227417, 0.5224111080169678, 0.5316846966743469], "all_token_val_accuracy": [0.26584234833717346, 0.47295209765434265, 0.48840802907943726, 0.49072644114494324, 0.49845439195632935, 0.49304482340812683, 0.5007727742195129, 0.49845439195632935, 0.49304482340812683, 0.49381762742996216, 0.49613600969314575, 0.458268940448761, 0.48068004846572876, 0.48068004846572876, 0.5015456080436707, 0.4992271959781647, 0.5085007548332214, 0.5069552063941956, 0.5054095983505249, 0.5085007548332214, 0.5046367645263672, 0.5, 0.5046367645263672, 0.5285934805870056, 0.5270479321479797, 0.5278207063674927, 0.526275098323822, 0.5278207063674927, 0.5316846966743469, 0.530911922454834, 0.5278207063674927, 0.5324574708938599, 0.5285934805870056, 0.5247295498847961, 0.5170015692710876, 0.5131375789642334, 0.5139103531837463, 0.515455961227417, 0.5224111080169678, 0.5316846966743469]}}