{"scitail_b_train_0_16": {"num_of_epochs": 5, "learning_rate": 0.0001, "training_ds_fpath": "_train_0_16", "first_token_val_accuracy": [0.0007727975025773048, 0.12210200726985931, 0.458268940448761, 0.49845439195632935, 0.4613601267337799], "all_token_val_accuracy": [0.0007727975025773048, 0.12210200726985931, 0.458268940448761, 0.49845439195632935, 0.4613601267337799]}}