{"scitail_b_train_4_8": {"num_of_epochs": 50, "learning_rate": 0.0001, "training_ds_fpath": "_train_4_8", "first_token_val_accuracy": [0.0, 0.0, 0.1112828403711319, 0.23956723511219025, 0.3493044674396515, 0.4760432839393616, 0.4992271959781647, 0.47836166620254517, 0.4528593420982361, 0.48299846053123474, 0.4953632056713104, 0.5, 0.4969088137149811, 0.46986088156700134, 0.4513137638568878, 0.46445131301879883, 0.486862450838089, 0.5139103531837463, 0.49613600969314575, 0.5100463628768921, 0.49381762742996216, 0.5100463628768921, 0.5216383337974548, 0.5170015692710876, 0.5224111080169678, 0.5231839418411255, 0.5162287354469299, 0.5123647451400757, 0.5085007548332214, 0.515455961227417, 0.5131375789642334, 0.515455961227417, 0.5200927257537842, 0.5170015692710876, 0.5200927257537842, 0.5216383337974548, 0.5239567160606384, 0.5270479321479797, 0.5255023241043091, 0.5193199515342712, 0.5208655595779419, 0.5316846966743469, 0.5425038933753967, 0.5440494418144226, 0.5425038933753967, 0.5401854515075684, 0.5293663144111633, 0.5193199515342712, 0.5208655595779419, 0.5363214612007141], "all_token_val_accuracy": [0.0, 0.0, 0.1112828403711319, 0.23956723511219025, 0.3493044674396515, 0.4760432839393616, 0.4992271959781647, 0.47836166620254517, 0.4528593420982361, 0.48299846053123474, 0.4953632056713104, 0.5, 0.4969088137149811, 0.46986088156700134, 0.4513137638568878, 0.46445131301879883, 0.486862450838089, 0.5139103531837463, 0.49613600969314575, 0.5100463628768921, 0.49381762742996216, 0.5100463628768921, 0.5216383337974548, 0.5170015692710876, 0.5224111080169678, 0.5231839418411255, 0.5162287354469299, 0.5123647451400757, 0.5085007548332214, 0.515455961227417, 0.5131375789642334, 0.515455961227417, 0.5200927257537842, 0.5170015692710876, 0.5200927257537842, 0.5216383337974548, 0.5239567160606384, 0.5270479321479797, 0.5255023241043091, 0.5193199515342712, 0.5208655595779419, 0.5316846966743469, 0.5425038933753967, 0.5440494418144226, 0.5425038933753967, 0.5401854515075684, 0.5293663144111633, 0.5193199515342712, 0.5208655595779419, 0.5363214612007141]}}