{"scitail_b_train_9_8": {"num_of_epochs": 5, "learning_rate": 0.0001, "training_ds_fpath": "_train_9_8", "first_token_val_accuracy": [0.0015455950051546097, 0.09659969061613083, 0.2534776031970978, 0.4088099002838135, 0.4721792936325073], "all_token_val_accuracy": [0.0007727975025773048, 0.09659969061613083, 0.2534776031970978, 0.4088099002838135, 0.4721792936325073]}}