{
  "disaster_new_train_1_16": {
    "num_of_epochs": 40,
    "learning_rate": 0.0001,
    "training_ds_fpath": "_train_1_16",
    "first_token_val_accuracy": [
      0.0,
      0.0001841620687628165,
      0.3055248558521271,
      0.4329650104045868,
      0.6075506210327148,
      0.6211786270141602,
      0.6257826685905457,
      0.6165745854377747,
      0.6252301931381226,
      0.6456722021102905,
      0.6241252422332764,
      0.6545119881629944,
      0.6364640593528748,
      0.6558011174201965,
      0.6281768083572388,
      0.6545119881629944,
      0.6353591084480286,
      0.6640883684158325,
      0.670718252658844,
      0.6406998038291931,
      0.6130754947662354,
      0.660589337348938,
      0.6513811945915222,
      0.6388581991195679,
      0.6279926300048828,
      0.6373848915100098,
      0.6635358929634094,
      0.660589337348938,
      0.640331506729126,
      0.6388581991195679,
      0.6241252422332764,
      0.649539589881897,
      0.6500920653343201,
      0.6464088559150696,
      0.6443830728530884,
      0.6456722021102905,
      0.6333333253860474,
      0.6366482377052307,
      0.6419889330863953,
      0.6499079465866089
    ],
    "all_token_val_accuracy": [
      0.0,
      0.0001841620687628165,
      0.3055248558521271,
      0.4329650104045868,
      0.6075506210327148,
      0.6211786270141602,
      0.6257826685905457,
      0.6165745854377747,
      0.6252301931381226,
      0.6456722021102905,
      0.6241252422332764,
      0.6545119881629944,
      0.6364640593528748,
      0.6558011174201965,
      0.6281768083572388,
      0.6545119881629944,
      0.6353591084480286,
      0.6640883684158325,
      0.670718252658844,
      0.6406998038291931,
      0.6130754947662354,
      0.660589337348938,
      0.6513811945915222,
      0.6388581991195679,
      0.6279926300048828,
      0.6373848915100098,
      0.6635358929634094,
      0.660589337348938,
      0.640331506729126,
      0.6388581991195679,
      0.6241252422332764,
      0.649539589881897,
      0.6500920653343201,
      0.6464088559150696,
      0.6443830728530884,
      0.6456722021102905,
      0.6333333253860474,
      0.6366482377052307,
      0.6419889330863953,
      0.6499079465866089
    ]
  }
}