{"disaster_new_train_9_4": {"num_of_epochs": 20, "learning_rate": 0.0005, "training_ds_fpath": "_train_9_4", "first_token_val_accuracy": [0.0, 0.06261510401964188, 0.42615100741386414, 0.5639042258262634, 0.5880294442176819, 0.6086556315422058, 0.6114180684089661, 0.5817679762840271, 0.5762431025505066, 0.6405156254768372, 0.6359115839004517, 0.6430939435958862, 0.6506445407867432, 0.6476979851722717, 0.6372007131576538, 0.6313075423240662, 0.6303867697715759, 0.6462246775627136, 0.6515653729438782, 0.6545119881629944], "all_token_val_accuracy": [0.0, 0.06261510401964188, 0.42615100741386414, 0.5639042258262634, 0.5878453254699707, 0.6086556315422058, 0.6114180684089661, 0.5817679762840271, 0.5762431025505066, 0.6405156254768372, 0.6359115839004517, 0.6430939435958862, 0.6506445407867432, 0.6476979851722717, 0.6372007131576538, 0.6313075423240662, 0.6303867697715759, 0.6462246775627136, 0.6515653729438782, 0.6545119881629944]}}