{"disaster_new_train_1_8": {"num_of_epochs": 30, "learning_rate": 0.0005, "training_ds_fpath": "_train_1_8", "first_token_val_accuracy": [0.0, 0.42651933431625366, 0.5523020029067993, 0.4832412600517273, 0.49926334619522095, 0.6042357087135315, 0.6377532482147217, 0.6134438514709473, 0.5985267162322998, 0.6232044100761414, 0.5554327964782715, 0.6397790312767029, 0.6469613313674927, 0.6475138068199158, 0.6458563804626465, 0.6022099256515503, 0.6377532482147217, 0.6513811945915222, 0.6303867697715759, 0.6456722021102905, 0.6548802852630615, 0.6535911560058594, 0.6462246775627136, 0.6692449450492859, 0.6675874590873718, 0.6699815988540649, 0.6771638989448547, 0.6716390252113342, 0.6583793759346008, 0.6631675958633423], "all_token_val_accuracy": [0.0, 0.42651933431625366, 0.5523020029067993, 0.4832412600517273, 0.49926334619522095, 0.6042357087135315, 0.6377532482147217, 0.6134438514709473, 0.5985267162322998, 0.6232044100761414, 0.5554327964782715, 0.6397790312767029, 0.6469613313674927, 0.6475138068199158, 0.6458563804626465, 0.6022099256515503, 0.6377532482147217, 0.6513811945915222, 0.6303867697715759, 0.6456722021102905, 0.6548802852630615, 0.6535911560058594, 0.6462246775627136, 0.6692449450492859, 0.6675874590873718, 0.6699815988540649, 0.6771638989448547, 0.6716390252113342, 0.6583793759346008, 0.6631675958633423]}}