{"disaster_new_train_2_4": {"num_of_epochs": 20, "learning_rate": 0.0005, "training_ds_fpath": "_train_2_4", "first_token_val_accuracy": [0.0, 0.000736648275051266, 0.4132596552371979, 0.4145488142967224, 0.44033148884773254, 0.5502762198448181, 0.5082873106002808, 0.4283609688282013, 0.42707180976867676, 0.4918968677520752, 0.4528545141220093, 0.4414364695549011, 0.43922650814056396, 0.4364641010761261, 0.43425413966178894, 0.4335174858570099, 0.4364641010761261, 0.4375690519809723, 0.43020257353782654, 0.42854511737823486], "all_token_val_accuracy": [0.0, 0.0005524861626327038, 0.4132596552371979, 0.4145488142967224, 0.44033148884773254, 0.5502762198448181, 0.5082873106002808, 0.4283609688282013, 0.42707180976867676, 0.4918968677520752, 0.4528545141220093, 0.4414364695549011, 0.43922650814056396, 0.4364641010761261, 0.43425413966178894, 0.4335174858570099, 0.4364641010761261, 0.4375690519809723, 0.43020257353782654, 0.42854511737823486]}}