{"disaster_new_train_2_32": {"num_of_epochs": 40, "learning_rate": 0.0001, "training_ds_fpath": "_train_2_32", "first_token_val_accuracy": [0.0, 0.4292817711830139, 0.44696131348609924, 0.5465930104255676, 0.5267034769058228, 0.519336998462677, 0.5631675720214844, 0.5992633700370789, 0.5068140029907227, 0.6377532482147217, 0.6727440357208252, 0.6456722021102905, 0.5777164101600647, 0.6727440357208252, 0.6642725467681885, 0.6635358929634094, 0.6738489866256714, 0.6585635542869568, 0.6653775572776794, 0.6460404992103577, 0.6841620802879333, 0.6510128974914551, 0.6583793759346008, 0.6548802852630615, 0.6569060683250427, 0.6716390252113342, 0.6756905913352966, 0.6598526835441589, 0.6337016820907593, 0.591160237789154, 0.6911602020263672, 0.6850828528404236, 0.6911602020263672, 0.6850828528404236, 0.6653775572776794, 0.6515653729438782, 0.661325991153717, 0.668876588344574, 0.6896869540214539, 0.6823204159736633], "all_token_val_accuracy": [0.0, 0.4292817711830139, 0.44696131348609924, 0.5465930104255676, 0.5267034769058228, 0.519336998462677, 0.5631675720214844, 0.5992633700370789, 0.5068140029907227, 0.6377532482147217, 0.6727440357208252, 0.6456722021102905, 0.5777164101600647, 0.6727440357208252, 0.6642725467681885, 0.6635358929634094, 0.6736648082733154, 0.6583793759346008, 0.6653775572776794, 0.6460404992103577, 0.6841620802879333, 0.6510128974914551, 0.6583793759346008, 0.6548802852630615, 0.6569060683250427, 0.6716390252113342, 0.6756905913352966, 0.6598526835441589, 0.6337016820907593, 0.591160237789154, 0.6911602020263672, 0.6850828528404236, 0.6911602020263672, 0.6850828528404236, 0.6653775572776794, 0.6515653729438782, 0.661325991153717, 0.668876588344574, 0.6896869540214539, 0.6823204159736633]}}