{"disaster_new_train_4_4": {"num_of_epochs": 20, "learning_rate": 0.0005, "training_ds_fpath": "_train_4_4", "first_token_val_accuracy": [0.0, 0.003683241317048669, 0.4267035126686096, 0.4127071797847748, 0.5539594888687134, 0.5731123685836792, 0.48913443088531494, 0.4232044219970703, 0.4292817711830139, 0.4272559881210327, 0.4465930163860321, 0.46519336104393005, 0.4896869361400604, 0.5082873106002808, 0.5095764398574829, 0.5027624368667603, 0.49152854084968567, 0.47624310851097107, 0.4650092124938965, 0.4574585556983948], "all_token_val_accuracy": [0.0, 0.003683241317048669, 0.4267035126686096, 0.4127071797847748, 0.5539594888687134, 0.5731123685836792, 0.48913443088531494, 0.4232044219970703, 0.4292817711830139, 0.4272559881210327, 0.4465930163860321, 0.46519336104393005, 0.4896869361400604, 0.5082873106002808, 0.5095764398574829, 0.5027624368667603, 0.49152854084968567, 0.47624310851097107, 0.4650092124938965, 0.4574585556983948]}}