{"disaster_new_train_4_8": {"num_of_epochs": 30, "learning_rate": 0.0005, "training_ds_fpath": "_train_4_8", "first_token_val_accuracy": [0.0, 0.42357274889945984, 0.580294668674469, 0.434990793466568, 0.5412523150444031, 0.5333333611488342, 0.570349931716919, 0.5222836136817932, 0.5766113996505737, 0.571086585521698, 0.510313093662262, 0.5364640951156616, 0.5732964873313904, 0.590423583984375, 0.5819520950317383, 0.5685082674026489, 0.5510128736495972, 0.5475137829780579, 0.5465930104255676, 0.5123388767242432, 0.5082873106002808, 0.5252302289009094, 0.5438305735588074, 0.549907922744751, 0.5488029718399048, 0.5458563566207886, 0.5478821396827698, 0.5418047904968262, 0.5381215214729309, 0.5366482734680176], "all_token_val_accuracy": [0.0, 0.42357274889945984, 0.580294668674469, 0.434990793466568, 0.5412523150444031, 0.5333333611488342, 0.570349931716919, 0.5222836136817932, 0.5766113996505737, 0.571086585521698, 0.510313093662262, 0.5364640951156616, 0.5732964873313904, 0.590423583984375, 0.5819520950317383, 0.5685082674026489, 0.5510128736495972, 0.5475137829780579, 0.5465930104255676, 0.5123388767242432, 0.5082873106002808, 0.5252302289009094, 0.5438305735588074, 0.549907922744751, 0.5488029718399048, 0.5458563566207886, 0.5478821396827698, 0.5418047904968262, 0.5381215214729309, 0.5366482734680176]}}