{"disaster_new_train_5_32": {"num_of_epochs": 40, "learning_rate": 0.0001, "training_ds_fpath": "_train_5_32", "first_token_val_accuracy": [0.0, 0.44272559881210327, 0.5836095809936523, 0.5694290995597839, 0.5762431025505066, 0.6233885884284973, 0.609944760799408, 0.620810329914093, 0.5847145318984985, 0.6388581991195679, 0.6362799406051636, 0.5882136225700378, 0.6580110788345337, 0.6581951975822449, 0.5727440118789673, 0.6622467637062073, 0.6679558157920837, 0.6810312867164612, 0.6598526835441589, 0.6679558157920837, 0.6591160297393799, 0.651197075843811, 0.649539589881897, 0.5863720178604126, 0.5965009331703186, 0.6600368618965149, 0.6727440357208252, 0.6348066329956055, 0.648618757724762, 0.6664825081825256, 0.6753222942352295, 0.6550644636154175, 0.6779005527496338, 0.6419889330863953, 0.6749539375305176, 0.6651933789253235, 0.6609576344490051, 0.6854512095451355, 0.6173112392425537, 0.6515653729438782], "all_token_val_accuracy": [0.0, 0.44272559881210327, 0.5836095809936523, 0.5694290995597839, 0.5762431025505066, 0.6233885884284973, 0.609944760799408, 0.620810329914093, 0.5847145318984985, 0.6388581991195679, 0.6362799406051636, 0.5882136225700378, 0.6580110788345337, 0.6581951975822449, 0.5727440118789673, 0.6622467637062073, 0.6679558157920837, 0.6810312867164612, 0.6598526835441589, 0.6679558157920837, 0.6591160297393799, 0.651197075843811, 0.649539589881897, 0.5863720178604126, 0.5965009331703186, 0.6600368618965149, 0.6727440357208252, 0.6348066329956055, 0.648618757724762, 0.6664825081825256, 0.6753222942352295, 0.6550644636154175, 0.6779005527496338, 0.6419889330863953, 0.6749539375305176, 0.6651933789253235, 0.6609576344490051, 0.6854512095451355, 0.6173112392425537, 0.6515653729438782]}}