{"disaster_new_train_8_8": {"num_of_epochs": 30, "learning_rate": 0.0005, "training_ds_fpath": "_train_8_8", "first_token_val_accuracy": [0.008655617013573647, 0.47882136702537537, 0.5721915364265442, 0.4843462109565735, 0.6058931946754456, 0.6132596731185913, 0.5513812303543091, 0.5955801010131836, 0.6158379316329956, 0.6169428825378418, 0.5357274413108826, 0.5316758751869202, 0.5416206121444702, 0.5532228350639343, 0.5644567012786865, 0.5731123685836792, 0.5874769687652588, 0.5963167548179626, 0.6086556315422058, 0.6119705438613892, 0.610497236251831, 0.6171270608901978, 0.6027624607086182, 0.6079189777374268, 0.6064456701278687, 0.619889497756958, 0.6337016820907593, 0.6337016820907593, 0.6316758990287781, 0.6276243329048157], "all_token_val_accuracy": [0.008655617013573647, 0.47882136702537537, 0.5721915364265442, 0.4843462109565735, 0.6058931946754456, 0.6132596731185913, 0.5513812303543091, 0.5955801010131836, 0.6158379316329956, 0.6169428825378418, 0.5357274413108826, 0.5316758751869202, 0.5416206121444702, 0.5532228350639343, 0.5644567012786865, 0.5731123685836792, 0.5874769687652588, 0.5963167548179626, 0.6086556315422058, 0.6119705438613892, 0.610497236251831, 0.6171270608901978, 0.6027624607086182, 0.6079189777374268, 0.6064456701278687, 0.619889497756958, 0.6337016820907593, 0.6337016820907593, 0.6316758990287781, 0.6276243329048157]}}